  0
SECTION
  2
HEADER
  9
$ACADVER
  1
AC1024
  9
$ACADMAINTVER
 70
6
  9
$DWGCODEPAGE
  3
ANSI_1252
  9
$LASTSAVEDBY
  1
ezdxf
  9
$INSBASE
 10
0.0
 20
0.0
 30
0.0
  9
$EXTMIN
 10
1e+20
 20
1e+20
 30
1e+20
  9
$EXTMAX
 10
-1e+20
 20
-1e+20
 30
-1e+20
  9
$LIMMIN
 10
0.0
 20
0.0
  9
$LIMMAX
 10
420.0
 20
297.0
  9
$ORTHOMODE
 70
0
  9
$REGENMODE
 70
1
  9
$FILLMODE
 70
1
  9
$QTEXTMODE
 70
0
  9
$MIRRTEXT
 70
1
  9
$LTSCALE
 40
1.0
  9
$ATTMODE
 70
1
  9
$TEXTSIZE
 40
2.5
  9
$TRACEWID
 40
1.0
  9
$TEXTSTYLE
  7
Standard
  9
$CLAYER
  8
0
  9
$CELTYPE
  6
ByLayer
  9
$CECOLOR
 62
256
  9
$CELTSCALE
 40
1.0
  9
$DISPSILH
 70
0
  9
$DIMSCALE
 40
1.0
  9
$DIMASZ
 40
2.5
  9
$DIMEXO
 40
0.625
  9
$DIMDLI
 40
3.75
  9
$DIMRND
 40
0.0
  9
$DIMDLE
 40
0.0
  9
$DIMEXE
 40
1.25
  9
$DIMTP
 40
0.0
  9
$DIMTM
 40
0.0
  9
$DIMTXT
 40
2.5
  9
$DIMCEN
 40
2.5
  9
$DIMTSZ
 40
0.0
  9
$DIMTOL
 70
0
  9
$DIMLIM
 70
0
  9
$DIMTIH
 70
0
  9
$DIMTOH
 70
0
  9
$DIMSE1
 70
0
  9
$DIMSE2
 70
0
  9
$DIMTAD
 70
1
  9
$DIMZIN
 70
8
  9
$DIMBLK
  1

  9
$DIMASO
 70
1
  9
$DIMSHO
 70
1
  9
$DIMPOST
  1

  9
$DIMAPOST
  1

  9
$DIMALT
 70
0
  9
$DIMALTD
 70
3
  9
$DIMALTF
 40
0.03937007874
  9
$DIMLFAC
 40
1.0
  9
$DIMTOFL
 70
1
  9
$DIMTVP
 40
0.0
  9
$DIMTIX
 70
0
  9
$DIMSOXD
 70
0
  9
$DIMSAH
 70
0
  9
$DIMBLK1
  1

  9
$DIMBLK2
  1

  9
$DIMSTYLE
  2
ISO-25
  9
$DIMCLRD
 70
0
  9
$DIMCLRE
 70
0
  9
$DIMCLRT
 70
0
  9
$DIMTFAC
 40
1.0
  9
$DIMGAP
 40
0.625
  9
$DIMJUST
 70
0
  9
$DIMSD1
 70
0
  9
$DIMSD2
 70
0
  9
$DIMTOLJ
 70
0
  9
$DIMTZIN
 70
8
  9
$DIMALTZ
 70
0
  9
$DIMALTTZ
 70
0
  9
$DIMUPT
 70
0
  9
$DIMDEC
 70
2
  9
$DIMTDEC
 70
2
  9
$DIMALTU
 70
2
  9
$DIMALTTD
 70
3
  9
$DIMTXSTY
  7
Standard
  9
$DIMAUNIT
 70
0
  9
$DIMADEC
 70
0
  9
$DIMALTRND
 40
0.0
  9
$DIMAZIN
 70
0
  9
$DIMDSEP
 70
44
  9
$DIMATFIT
 70
3
  9
$DIMFRAC
 70
0
  9
$DIMLDRBLK
  1

  9
$DIMLUNIT
 70
2
  9
$DIMLWD
 70
-2
  9
$DIMLWE
 70
-2
  9
$DIMTMOVE
 70
0
  9
$DIMFXL
 40
1.0
  9
$DIMFXLON
 70
0
  9
$DIMJOGANG
 40
0.785398163397
  9
$DIMTFILL
 70
0
  9
$DIMTFILLCLR
 70
0
  9
$DIMARCSYM
 70
0
  9
$DIMLTYPE
  6

  9
$DIMLTEX1
  6

  9
$DIMLTEX2
  6

  9
$DIMTXTDIRECTION
 70
0
  9
$LUNITS
 70
2
  9
$LUPREC
 70
4
  9
$SKETCHINC
 40
1.0
  9
$FILLETRAD
 40
10.0
  9
$AUNITS
 70
0
  9
$AUPREC
 70
2
  9
$MENU
  1
.
  9
$ELEVATION
 40
0.0
  9
$PELEVATION
 40
0.0
  9
$THICKNESS
 40
0.0
  9
$LIMCHECK
 70
0
  9
$CHAMFERA
 40
0.0
  9
$CHAMFERB
 40
0.0
  9
$CHAMFERC
 40
0.0
  9
$CHAMFERD
 40
0.0
  9
$SKPOLY
 70
0
  9
$TDCREATE
 40
2461178.710798611
  9
$TDUCREATE
 40
2458532.153996898
  9
$TDUPDATE
 40
2461178.710798611
  9
$TDUUPDATE
 40
2458532.1544311
  9
$TDINDWG
 40
0.0
  9
$TDUSRTIMER
 40
0.0
  9
$USRTIMER
 70
1
  9
$ANGBASE
 50
0.0
  9
$ANGDIR
 70
0
  9
$PDMODE
 70
0
  9
$PDSIZE
 40
0.0
  9
$PLINEWID
 40
0.0
  9
$SPLFRAME
 70
0
  9
$SPLINETYPE
 70
6
  9
$SPLINESEGS
 70
8
  9
$HANDSEED
  5
62A
  9
$SURFTAB1
 70
6
  9
$SURFTAB2
 70
6
  9
$SURFTYPE
 70
6
  9
$SURFU
 70
6
  9
$SURFV
 70
6
  9
$UCSBASE
  2

  9
$UCSNAME
  2

  9
$UCSORG
 10
0.0
 20
0.0
 30
0.0
  9
$UCSXDIR
 10
1.0
 20
0.0
 30
0.0
  9
$UCSYDIR
 10
0.0
 20
1.0
 30
0.0
  9
$UCSORTHOREF
  2

  9
$UCSORTHOVIEW
 70
0
  9
$UCSORGTOP
 10
0.0
 20
0.0
 30
0.0
  9
$UCSORGBOTTOM
 10
0.0
 20
0.0
 30
0.0
  9
$UCSORGLEFT
 10
0.0
 20
0.0
 30
0.0
  9
$UCSORGRIGHT
 10
0.0
 20
0.0
 30
0.0
  9
$UCSORGFRONT
 10
0.0
 20
0.0
 30
0.0
  9
$UCSORGBACK
 10
0.0
 20
0.0
 30
0.0
  9
$PUCSBASE
  2

  9
$PUCSNAME
  2

  9
$PUCSORG
 10
0.0
 20
0.0
 30
0.0
  9
$PUCSXDIR
 10
1.0
 20
0.0
 30
0.0
  9
$PUCSYDIR
 10
0.0
 20
1.0
 30
0.0
  9
$PUCSORTHOREF
  2

  9
$PUCSORTHOVIEW
 70
0
  9
$PUCSORGTOP
 10
0.0
 20
0.0
 30
0.0
  9
$PUCSORGBOTTOM
 10
0.0
 20
0.0
 30
0.0
  9
$PUCSORGLEFT
 10
0.0
 20
0.0
 30
0.0
  9
$PUCSORGRIGHT
 10
0.0
 20
0.0
 30
0.0
  9
$PUCSORGFRONT
 10
0.0
 20
0.0
 30
0.0
  9
$PUCSORGBACK
 10
0.0
 20
0.0
 30
0.0
  9
$USERI1
 70
0
  9
$USERI2
 70
0
  9
$USERI3
 70
0
  9
$USERI4
 70
0
  9
$USERI5
 70
0
  9
$USERR1
 40
0.0
  9
$USERR2
 40
0.0
  9
$USERR3
 40
0.0
  9
$USERR4
 40
0.0
  9
$USERR5
 40
0.0
  9
$WORLDVIEW
 70
1
  9
$SHADEDGE
 70
3
  9
$SHADEDIF
 70
70
  9
$TILEMODE
 70
1
  9
$MAXACTVP
 70
64
  9
$PINSBASE
 10
0.0
 20
0.0
 30
0.0
  9
$PLIMCHECK
 70
0
  9
$PEXTMIN
 10
1e+20
 20
1e+20
 30
1e+20
  9
$PEXTMAX
 10
-1e+20
 20
-1e+20
 30
-1e+20
  9
$PLIMMIN
 10
0.0
 20
0.0
  9
$PLIMMAX
 10
420.0
 20
297.0
  9
$UNITMODE
 70
0
  9
$VISRETAIN
 70
1
  9
$PLINEGEN
 70
0
  9
$PSLTSCALE
 70
1
  9
$TREEDEPTH
 70
3020
  9
$CMLSTYLE
  2
Standard
  9
$CMLJUST
 70
0
  9
$CMLSCALE
 40
20.0
  9
$PROXYGRAPHICS
 70
1
  9
$MEASUREMENT
 70
1
  9
$CELWEIGHT
370
-1
  9
$ENDCAPS
280
0
  9
$JOINSTYLE
280
0
  9
$LWDISPLAY
290
0
  9
$INSUNITS
 70
6
  9
$HYPERLINKBASE
  1

  9
$STYLESHEET
  1

  9
$XEDIT
290
1
  9
$CEPSNTYPE
380
0
  9
$PSTYLEMODE
290
1
  9
$FINGERPRINTGUID
  2
{B3077C8C-F53B-4B62-900A-30C2A2552CB3}
  9
$VERSIONGUID
  2
{832C9B51-93A7-4EEC-983F-F2691676C6FF}
  9
$EXTNAMES
290
1
  9
$PSVPSCALE
 40
0.0
  9
$OLESTARTUP
290
0
  9
$SORTENTS
280
127
  9
$INDEXCTL
280
0
  9
$HIDETEXT
280
1
  9
$XCLIPFRAME
280
1
  9
$HALOGAP
280
0
  9
$OBSCOLOR
 70
257
  9
$OBSLTYPE
280
0
  9
$INTERSECTIONDISPLAY
280
0
  9
$INTERSECTIONCOLOR
 70
257
  9
$DIMASSOC
280
2
  9
$PROJECTNAME
  1

  9
$CAMERADISPLAY
290
0
  9
$LENSLENGTH
 40
50.0
  9
$CAMERAHEIGHT
 40
0.0
  9
$STEPSPERSEC
 40
24.0
  9
$STEPSIZE
 40
100.0
  9
$3DDWFPREC
 40
2.0
  9
$PSOLWIDTH
 40
0.005
  9
$PSOLHEIGHT
 40
0.08
  9
$LOFTANG1
 40
1.570796326795
  9
$LOFTANG2
 40
1.570796326795
  9
$LOFTMAG1
 40
0.0
  9
$LOFTMAG2
 40
0.0
  9
$LOFTPARAM
 70
7
  9
$LOFTNORMALS
280
1
  9
$LATITUDE
 40
37.795
  9
$LONGITUDE
 40
-122.394
  9
$NORTHDIRECTION
 40
0.0
  9
$TIMEZONE
 70
-8000
  9
$LIGHTGLYPHDISPLAY
280
1
  9
$TILEMODELIGHTSYNCH
280
1
  9
$CMATERIAL
347
20
  9
$SOLIDHIST
280
0
  9
$SHOWHIST
280
1
  9
$DWFFRAME
280
2
  9
$DGNFRAME
280
2
  9
$REALWORLDSCALE
290
1
  9
$INTERFERECOLOR
 62
256
  9
$CSHADOW
280
0
  9
$SHADOWPLANELOCATION
 40
0.0
  0
ENDSEC
  0
SECTION
  2
CLASSES
  0
CLASS
  1
ACDBDICTIONARYWDFLT
  2
AcDbDictionaryWithDefault
  3
ObjectDBX Classes
 90
0
 91
0
280
0
281
0
  0
CLASS
  1
SUN
  2
AcDbSun
  3
SCENEOE
 90
1153
 91
0
280
0
281
0
  0
CLASS
  1
VISUALSTYLE
  2
AcDbVisualStyle
  3
ObjectDBX Classes
 90
4095
 91
0
280
0
281
0
  0
CLASS
  1
MATERIAL
  2
AcDbMaterial
  3
ObjectDBX Classes
 90
1153
 91
0
280
0
281
0
  0
CLASS
  1
SCALE
  2
AcDbScale
  3
ObjectDBX Classes
 90
1153
 91
0
280
0
281
0
  0
CLASS
  1
TABLESTYLE
  2
AcDbTableStyle
  3
ObjectDBX Classes
 90
4095
 91
0
280
0
281
0
  0
CLASS
  1
MLEADERSTYLE
  2
AcDbMLeaderStyle
  3
ACDB_MLEADERSTYLE_CLASS
 90
4095
 91
0
280
0
281
0
  0
CLASS
  1
DICTIONARYVAR
  2
AcDbDictionaryVar
  3
ObjectDBX Classes
 90
0
 91
0
280
0
281
0
  0
CLASS
  1
CELLSTYLEMAP
  2
AcDbCellStyleMap
  3
ObjectDBX Classes
 90
1152
 91
0
280
0
281
0
  0
CLASS
  1
MENTALRAYRENDERSETTINGS
  2
AcDbMentalRayRenderSettings
  3
SCENEOE
 90
1024
 91
0
280
0
281
0
  0
CLASS
  1
ACDBDETAILVIEWSTYLE
  2
AcDbDetailViewStyle
  3
ObjectDBX Classes
 90
1025
 91
0
280
0
281
0
  0
CLASS
  1
ACDBSECTIONVIEWSTYLE
  2
AcDbSectionViewStyle
  3
ObjectDBX Classes
 90
1025
 91
0
280
0
281
0
  0
CLASS
  1
RASTERVARIABLES
  2
AcDbRasterVariables
  3
ISM
 90
0
 91
0
280
0
281
0
  0
CLASS
  1
ACDBPLACEHOLDER
  2
AcDbPlaceHolder
  3
ObjectDBX Classes
 90
0
 91
0
280
0
281
0
  0
CLASS
  1
LAYOUT
  2
AcDbLayout
  3
ObjectDBX Classes
 90
0
 91
0
280
0
281
0
  0
ENDSEC
  0
SECTION
  2
TABLES
  0
TABLE
  2
VPORT
  5
8
330
0
100
AcDbSymbolTable
 70
1
  0
VPORT
  5
23
330
8
100
AcDbSymbolTableRecord
100
AcDbViewportTableRecord
  2
*Active
 70
0
 10
0.0
 20
0.0
 11
1.0
 21
1.0
 12
0.0
 22
0.0
 13
0.0
 23
0.0
 14
0.5
 24
0.5
 15
0.5
 25
0.5
 16
0.0
 26
0.0
 36
1.0
 17
0.0
 27
0.0
 37
0.0
 40
1000.0
 41
1.34
 42
50.0
 43
0.0
 44
0.0
 50
0.0
 51
0.0
 71
0
 72
1000
 73
1
 74
3
 75
0
 76
0
 77
0
 78
0
281
0
 65
0
146
0.0
  0
ENDTAB
  0
TABLE
  2
LTYPE
  5
2
330
0
100
AcDbSymbolTable
 70
3
  0
LTYPE
  5
24
330
2
100
AcDbSymbolTableRecord
100
AcDbLinetypeTableRecord
  2
ByBlock
 70
0
  3

 72
65
 73
0
 40
0.0
  0
LTYPE
  5
25
330
2
100
AcDbSymbolTableRecord
100
AcDbLinetypeTableRecord
  2
ByLayer
 70
0
  3

 72
65
 73
0
 40
0.0
  0
LTYPE
  5
26
330
2
100
AcDbSymbolTableRecord
100
AcDbLinetypeTableRecord
  2
Continuous
 70
0
  3

 72
65
 73
0
 40
0.0
  0
ENDTAB
  0
TABLE
  2
LAYER
  5
1
330
0
100
AcDbSymbolTable
 70
7
  0
LAYER
  5
27
330
1
100
AcDbSymbolTableRecord
100
AcDbLayerTableRecord
  2
0
 70
0
 62
7
  6
Continuous
370
-3
390
13
347
21
  0
LAYER
  5
28
330
1
100
AcDbSymbolTableRecord
100
AcDbLayerTableRecord
  2
Defpoints
 70
0
 62
7
  6
Continuous
290
0
370
-3
390
13
347
21
  0
LAYER
  5
2F
330
1
100
AcDbSymbolTableRecord
100
AcDbLayerTableRecord
  2
BORDER
 70
0
 62
7
  6
Continuous
370
-3
390
13
347
21
  0
LAYER
  5
30
330
1
100
AcDbSymbolTableRecord
100
AcDbLayerTableRecord
  2
GEOMETRY
 70
0
 62
7
  6
Continuous
370
-3
390
13
347
21
  0
LAYER
  5
31
330
1
100
AcDbSymbolTableRecord
100
AcDbLayerTableRecord
  2
CENTER_LINES
 70
0
 62
1
  6
Continuous
370
-3
390
13
347
21
  0
LAYER
  5
32
330
1
100
AcDbSymbolTableRecord
100
AcDbLayerTableRecord
  2
DIMENSIONS
 70
0
 62
2
  6
Continuous
370
-3
390
13
347
21
  0
LAYER
  5
33
330
1
100
AcDbSymbolTableRecord
100
AcDbLayerTableRecord
  2
NOTES
 70
0
 62
3
  6
Continuous
370
-3
390
13
347
21
  0
ENDTAB
  0
TABLE
  2
STYLE
  5
5
330
0
100
AcDbSymbolTable
 70
1
  0
STYLE
  5
29
330
5
100
AcDbSymbolTableRecord
100
AcDbTextStyleTableRecord
  2
Standard
 70
0
 40
0.0
 41
1.0
 50
0.0
 71
0
 42
2.5
  3
txt
  4

  0
ENDTAB
  0
TABLE
  2
VIEW
  5
7
330
0
100
AcDbSymbolTable
 70
0
  0
ENDTAB
  0
TABLE
  2
UCS
  5
6
330
0
100
AcDbSymbolTable
 70
0
  0
ENDTAB
  0
TABLE
  2
APPID
  5
3
330
0
100
AcDbSymbolTable
 70
3
  0
APPID
  5
2A
330
3
100
AcDbSymbolTableRecord
100
AcDbRegAppTableRecord
  2
ACAD
 70
0
  0
APPID
  5
627
330
3
100
AcDbSymbolTableRecord
100
AcDbRegAppTableRecord
  2
HATCHBACKGROUNDCOLOR
 70
0
  0
APPID
  5
628
330
3
100
AcDbSymbolTableRecord
100
AcDbRegAppTableRecord
  2
EZDXF
 70
0
  0
ENDTAB
  0
TABLE
  2
DIMSTYLE
  5
4
330
0
100
AcDbSymbolTable
 70
1
100
AcDbDimStyleTable
  0
DIMSTYLE
105
2B
330
4
100
AcDbSymbolTableRecord
100
AcDbDimStyleTableRecord
  2
Standard
 70
0
 40
1.0
 41
2.5
 42
0.625
 43
3.75
 44
1.25
 45
0.0
 46
0.0
 47
0.0
 48
0.0
 49
2.5
140
2.5
141
2.5
142
0.0
143
0.03937007874
144
1.0
145
0.0
146
1.0
147
0.625
148
0.0
 69
0
 70
0
 71
0
 72
0
 73
0
 74
0
 75
0
 76
0
 77
1
 78
8
 79
3
170
0
171
3
172
1
173
0
174
0
175
0
176
0
177
0
178
0
179
2
271
2
272
2
273
2
274
3
275
0
276
0
277
2
278
44
279
0
280
0
281
0
282
0
283
0
284
8
285
0
286
0
288
0
289
3
290
0
371
-2
372
-2
  0
ENDTAB
  0
TABLE
  2
BLOCK_RECORD
  5
9
330
0
100
AcDbSymbolTable
 70
2
  0
BLOCK_RECORD
  5
17
330
9
100
AcDbSymbolTableRecord
100
AcDbBlockTableRecord
  2
*Model_Space
340
1A
 70
0
280
1
281
0
  0
BLOCK_RECORD
  5
1B
330
9
100
AcDbSymbolTableRecord
100
AcDbBlockTableRecord
  2
*Paper_Space
340
1E
 70
0
280
1
281
0
  0
ENDTAB
  0
ENDSEC
  0
SECTION
  2
BLOCKS
  0
BLOCK
  5
18
330
17
100
AcDbEntity
  8
0
100
AcDbBlockBegin
  2
*Model_Space
 70
0
 10
0.0
 20
0.0
 30
0.0
  3
*Model_Space
  1

  0
ENDBLK
  5
19
330
17
100
AcDbEntity
  8
0
100
AcDbBlockEnd
  0
BLOCK
  5
1C
330
1B
100
AcDbEntity
  8
0
100
AcDbBlockBegin
  2
*Paper_Space
 70
0
 10
0.0
 20
0.0
 30
0.0
  3
*Paper_Space
  1

  0
ENDBLK
  5
1D
330
1B
100
AcDbEntity
  8
0
100
AcDbBlockEnd
  0
ENDSEC
  0
SECTION
  2
ENTITIES
  0
LWPOLYLINE
  5
34
330
17
100
AcDbEntity
  8
BORDER
100
AcDbPolyline
 90
4
 70
1
 10
0.0
 20
0.0
 10
420.0
 20
0.0
 10
420.0
 20
297.0
 10
0.0
 20
297.0
  0
LWPOLYLINE
  5
35
330
17
100
AcDbEntity
  8
BORDER
100
AcDbPolyline
 90
4
 70
1
 10
10.0
 20
10.0
 10
410.0
 20
10.0
 10
410.0
 20
287.0
 10
10.0
 20
287.0
  0
LWPOLYLINE
  5
36
330
17
100
AcDbEntity
  8
BORDER
100
AcDbPolyline
 90
4
 70
1
 10
260.0
 20
10.0
 10
410.0
 20
10.0
 10
410.0
 20
55.0
 10
260.0
 20
55.0
  0
LINE
  5
37
330
17
100
AcDbEntity
  8
BORDER
100
AcDbLine
 10
260.0
 20
23.0
 30
0.0
 11
410.0
 21
23.0
 31
0.0
  0
LINE
  5
38
330
17
100
AcDbEntity
  8
BORDER
100
AcDbLine
 10
260.0
 20
36.0
 30
0.0
 11
410.0
 21
36.0
 31
0.0
  0
LINE
  5
39
330
17
100
AcDbEntity
  8
GEOMETRY
100
AcDbLine
 10
197.50588235294117
 20
172.4470588235294
 30
0.0
 11
197.50588235294117
 21
180.77647058823527
 31
0.0
  0
LINE
  5
3A
330
17
100
AcDbEntity
  8
GEOMETRY
100
AcDbLine
 10
189.87058823529412
 20
172.4470588235294
 30
0.0
 11
189.87058823529412
 21
180.77647058823527
 31
0.0
  0
LINE
  5
3B
330
17
100
AcDbEntity
  8
GEOMETRY
100
AcDbLine
 10
185.35882352941175
 20
180.77647058823527
 30
0.0
 11
185.35882352941175
 21
232.83529411764704
 31
0.0
  0
LINE
  5
3C
330
17
100
AcDbEntity
  8
GEOMETRY
100
AcDbLine
 10
149.61176470588234
 20
172.4470588235294
 30
0.0
 11
149.61176470588234
 21
180.77647058823527
 31
0.0
  0
LINE
  5
3D
330
17
100
AcDbEntity
  8
GEOMETRY
100
AcDbLine
 10
161.06470588235294
 20
172.4470588235294
 30
0.0
 11
161.06470588235294
 21
232.83529411764704
 31
0.0
  0
LINE
  5
3E
330
17
100
AcDbEntity
  8
GEOMETRY
100
AcDbLine
 10
141.9764705882353
 20
172.4470588235294
 30
0.0
 11
141.9764705882353
 21
180.77647058823527
 31
0.0
  0
LINE
  5
3F
330
17
100
AcDbEntity
  8
GEOMETRY
100
AcDbLine
 10
171.8235294117647
 20
172.4470588235294
 30
0.0
 11
171.8235294117647
 21
180.77647058823527
 31
0.0
  0
LINE
  5
40
330
17
100
AcDbEntity
  8
GEOMETRY
100
AcDbLine
 10
167.65882352941176
 20
172.4470588235294
 30
0.0
 11
167.65882352941176
 21
180.77647058823527
 31
0.0
  0
LINE
  5
41
330
17
100
AcDbEntity
  8
GEOMETRY
100
AcDbLine
 10
194.03529411764706
 20
172.4470588235294
 30
0.0
 11
194.03529411764706
 21
180.77647058823527
 31
0.0
  0
LINE
  5
42
330
17
100
AcDbEntity
  8
GEOMETRY
100
AcDbLine
 10
154.1235294117647
 20
180.77647058823527
 30
0.0
 11
154.1235294117647
 21
232.83529411764704
 31
0.0
  0
LINE
  5
43
330
17
100
AcDbEntity
  8
GEOMETRY
100
AcDbLine
 10
145.4470588235294
 20
172.4470588235294
 30
0.0
 11
145.4470588235294
 21
180.77647058823527
 31
0.0
  0
LINE
  5
44
330
17
100
AcDbEntity
  8
GEOMETRY
100
AcDbLine
 10
178.41764705882352
 20
172.4470588235294
 30
0.0
 11
178.41764705882352
 21
232.83529411764704
 31
0.0
  0
LINE
  5
45
330
17
100
AcDbEntity
  8
GEOMETRY
100
AcDbLine
 10
169.74117647058824
 20
172.4470588235294
 30
0.0
 11
169.74117647058824
 21
180.77647058823527
 31
0.0
  0
LINE
  5
46
330
17
100
AcDbEntity
  8
GEOMETRY
100
AcDbLine
 10
142.58557483934746
 20
180.77647058823527
 30
0.0
 11
196.896778101829
 21
180.77647058823527
 31
0.0
  0
LINE
  5
47
330
17
100
AcDbEntity
  8
GEOMETRY
100
AcDbLine
 10
142.58557483934746
 20
172.4470588235294
 30
0.0
 11
196.896778101829
 21
172.4470588235294
 31
0.0
  0
LINE
  5
48
330
17
100
AcDbEntity
  8
GEOMETRY
100
AcDbLine
 10
154.6233838913084
 20
232.83529411764704
 30
0.0
 11
184.85896904986805
 21
232.83529411764704
 31
0.0
  0
LINE
  5
49
330
17
100
AcDbEntity
  8
GEOMETRY
100
AcDbLine
 10
197.50588235294117
 20
180.77647058823527
 30
0.0
 11
197.35360629016313
 21
180.77647058823527
 31
0.0
  0
LINE
  5
4A
330
17
100
AcDbEntity
  8
GEOMETRY
100
AcDbLine
 10
197.35360629016313
 20
180.77647058823527
 30
0.0
 11
197.20133022738509
 21
180.77647058823527
 31
0.0
  0
LINE
  5
4B
330
17
100
AcDbEntity
  8
GEOMETRY
100
AcDbLine
 10
197.20133022738509
 20
180.77647058823527
 30
0.0
 11
197.04905416460704
 21
180.77647058823527
 31
0.0
  0
LINE
  5
4C
330
17
100
AcDbEntity
  8
GEOMETRY
100
AcDbLine
 10
197.04905416460704
 20
180.77647058823527
 30
0.0
 11
196.896778101829
 21
180.77647058823527
 31
0.0
  0
LINE
  5
4D
330
17
100
AcDbEntity
  8
GEOMETRY
100
AcDbLine
 10
142.58557483934746
 20
180.77647058823527
 30
0.0
 11
142.43329877656942
 21
180.77647058823527
 31
0.0
  0
LINE
  5
4E
330
17
100
AcDbEntity
  8
GEOMETRY
100
AcDbLine
 10
142.43329877656942
 20
180.77647058823527
 30
0.0
 11
142.28102271379137
 21
180.77647058823527
 31
0.0
  0
LINE
  5
4F
330
17
100
AcDbEntity
  8
GEOMETRY
100
AcDbLine
 10
142.28102271379137
 20
180.77647058823527
 30
0.0
 11
142.12874665101333
 21
180.77647058823527
 31
0.0
  0
LINE
  5
50
330
17
100
AcDbEntity
  8
GEOMETRY
100
AcDbLine
 10
142.12874665101333
 20
180.77647058823527
 30
0.0
 11
141.9764705882353
 21
180.77647058823527
 31
0.0
  0
LINE
  5
51
330
17
100
AcDbEntity
  8
GEOMETRY
100
AcDbLine
 10
197.50588235294117
 20
172.4470588235294
 30
0.0
 11
197.35360629016313
 21
172.4470588235294
 31
0.0
  0
LINE
  5
52
330
17
100
AcDbEntity
  8
GEOMETRY
100
AcDbLine
 10
197.35360629016313
 20
172.4470588235294
 30
0.0
 11
197.20133022738509
 21
172.4470588235294
 31
0.0
  0
LINE
  5
53
330
17
100
AcDbEntity
  8
GEOMETRY
100
AcDbLine
 10
197.20133022738509
 20
172.4470588235294
 30
0.0
 11
197.04905416460704
 21
172.4470588235294
 31
0.0
  0
LINE
  5
54
330
17
100
AcDbEntity
  8
GEOMETRY
100
AcDbLine
 10
197.04905416460704
 20
172.4470588235294
 30
0.0
 11
196.896778101829
 21
172.4470588235294
 31
0.0
  0
LINE
  5
55
330
17
100
AcDbEntity
  8
GEOMETRY
100
AcDbLine
 10
142.58557483934746
 20
172.4470588235294
 30
0.0
 11
142.43329877656942
 21
172.4470588235294
 31
0.0
  0
LINE
  5
56
330
17
100
AcDbEntity
  8
GEOMETRY
100
AcDbLine
 10
142.43329877656942
 20
172.4470588235294
 30
0.0
 11
142.28102271379137
 21
172.4470588235294
 31
0.0
  0
LINE
  5
57
330
17
100
AcDbEntity
  8
GEOMETRY
100
AcDbLine
 10
142.28102271379137
 20
172.4470588235294
 30
0.0
 11
142.12874665101333
 21
172.4470588235294
 31
0.0
  0
LINE
  5
58
330
17
100
AcDbEntity
  8
GEOMETRY
100
AcDbLine
 10
142.12874665101333
 20
172.4470588235294
 30
0.0
 11
141.9764705882353
 21
172.4470588235294
 31
0.0
  0
LINE
  5
59
330
17
100
AcDbEntity
  8
GEOMETRY
100
AcDbLine
 10
169.74117647058824
 20
180.77647058823527
 30
0.0
 11
169.69017500518675
 21
180.77647058823527
 31
0.0
  0
LINE
  5
5A
330
17
100
AcDbEntity
  8
GEOMETRY
100
AcDbLine
 10
169.69017500518675
 20
180.77647058823527
 30
0.0
 11
169.63917353978528
 21
180.77647058823527
 31
0.0
  0
LINE
  5
5B
330
17
100
AcDbEntity
  8
GEOMETRY
100
AcDbLine
 10
169.63917353978528
 20
180.77647058823527
 30
0.0
 11
169.5881720743838
 21
180.77647058823527
 31
0.0
  0
LINE
  5
5C
330
17
100
AcDbEntity
  8
GEOMETRY
100
AcDbLine
 10
169.5881720743838
 20
180.77647058823527
 30
0.0
 11
169.53717060898234
 21
180.77647058823527
 31
0.0
  0
LINE
  5
5D
330
17
100
AcDbEntity
  8
GEOMETRY
100
AcDbLine
 10
169.53717060898234
 20
180.77647058823527
 30
0.0
 11
169.48644401773194
 21
180.77647058823527
 31
0.0
  0
LINE
  5
5E
330
17
100
AcDbEntity
  8
GEOMETRY
100
AcDbLine
 10
169.48644401773194
 20
180.77647058823527
 30
0.0
 11
169.43608392534964
 21
180.77647058823527
 31
0.0
  0
LINE
  5
5F
330
17
100
AcDbEntity
  8
GEOMETRY
100
AcDbLine
 10
169.43608392534964
 20
180.77647058823527
 30
0.0
 11
169.38572383296733
 21
180.77647058823527
 31
0.0
  0
LINE
  5
60
330
17
100
AcDbEntity
  8
GEOMETRY
100
AcDbLine
 10
169.38572383296733
 20
180.77647058823527
 30
0.0
 11
169.33536374058502
 21
180.77647058823527
 31
0.0
  0
LINE
  5
61
330
17
100
AcDbEntity
  8
GEOMETRY
100
AcDbLine
 10
169.33536374058502
 20
180.77647058823527
 30
0.0
 11
169.28500364820272
 21
180.77647058823527
 31
0.0
  0
LINE
  5
62
330
17
100
AcDbEntity
  8
GEOMETRY
100
AcDbLine
 10
169.28500364820272
 20
180.77647058823527
 30
0.0
 11
169.23573613902082
 21
180.77647058823527
 31
0.0
  0
LINE
  5
63
330
17
100
AcDbEntity
  8
GEOMETRY
100
AcDbLine
 10
169.23573613902082
 20
180.77647058823527
 30
0.0
 11
169.186650727039
 21
180.77647058823527
 31
0.0
  0
LINE
  5
64
330
17
100
AcDbEntity
  8
GEOMETRY
100
AcDbLine
 10
169.186650727039
 20
180.77647058823527
 30
0.0
 11
169.13756531505717
 21
180.77647058823527
 31
0.0
  0
LINE
  5
65
330
17
100
AcDbEntity
  8
GEOMETRY
100
AcDbLine
 10
169.13756531505717
 20
180.77647058823527
 30
0.0
 11
169.08847990307532
 21
180.77647058823527
 31
0.0
  0
LINE
  5
66
330
17
100
AcDbEntity
  8
GEOMETRY
100
AcDbLine
 10
169.08847990307532
 20
180.77647058823527
 30
0.0
 11
169.03993505050383
 21
180.77647058823527
 31
0.0
  0
LINE
  5
67
330
17
100
AcDbEntity
  8
GEOMETRY
100
AcDbLine
 10
169.03993505050383
 20
180.77647058823527
 30
0.0
 11
168.99274159645816
 21
180.77647058823527
 31
0.0
  0
LINE
  5
68
330
17
100
AcDbEntity
  8
GEOMETRY
100
AcDbLine
 10
168.99274159645816
 20
180.77647058823527
 30
0.0
 11
168.94554814241252
 21
180.77647058823527
 31
0.0
  0
LINE
  5
69
330
17
100
AcDbEntity
  8
GEOMETRY
100
AcDbLine
 10
168.94554814241252
 20
180.77647058823527
 30
0.0
 11
168.89835468836685
 21
180.77647058823527
 31
0.0
  0
LINE
  5
6A
330
17
100
AcDbEntity
  8
GEOMETRY
100
AcDbLine
 10
168.89835468836685
 20
180.77647058823527
 30
0.0
 11
168.85116123432118
 21
180.77647058823527
 31
0.0
  0
LINE
  5
6B
330
17
100
AcDbEntity
  8
GEOMETRY
100
AcDbLine
 10
168.85116123432118
 20
180.77647058823527
 30
0.0
 11
168.8057430967063
 21
180.77647058823527
 31
0.0
  0
LINE
  5
6C
330
17
100
AcDbEntity
  8
GEOMETRY
100
AcDbLine
 10
168.8057430967063
 20
180.77647058823527
 30
0.0
 11
168.7610350856637
 21
180.77647058823527
 31
0.0
  0
LINE
  5
6D
330
17
100
AcDbEntity
  8
GEOMETRY
100
AcDbLine
 10
168.7610350856637
 20
180.77647058823527
 30
0.0
 11
168.7163270746211
 21
180.77647058823527
 31
0.0
  0
LINE
  5
6E
330
17
100
AcDbEntity
  8
GEOMETRY
100
AcDbLine
 10
168.7163270746211
 20
180.77647058823527
 30
0.0
 11
168.6716190635785
 21
180.77647058823527
 31
0.0
  0
LINE
  5
6F
330
17
100
AcDbEntity
  8
GEOMETRY
100
AcDbLine
 10
168.6716190635785
 20
180.77647058823527
 30
0.0
 11
168.62734643427623
 21
180.77647058823527
 31
0.0
  0
LINE
  5
70
330
17
100
AcDbEntity
  8
GEOMETRY
100
AcDbLine
 10
168.62734643427623
 20
180.77647058823527
 30
0.0
 11
168.58568609541575
 21
180.77647058823527
 31
0.0
  0
LINE
  5
71
330
17
100
AcDbEntity
  8
GEOMETRY
100
AcDbLine
 10
168.58568609541575
 20
180.77647058823527
 30
0.0
 11
168.5440257565553
 21
180.77647058823527
 31
0.0
  0
LINE
  5
72
330
17
100
AcDbEntity
  8
GEOMETRY
100
AcDbLine
 10
168.5440257565553
 20
180.77647058823527
 30
0.0
 11
168.50236541769482
 21
180.77647058823527
 31
0.0
  0
LINE
  5
73
330
17
100
AcDbEntity
  8
GEOMETRY
100
AcDbLine
 10
168.50236541769482
 20
180.77647058823527
 30
0.0
 11
168.46070507883437
 21
180.77647058823527
 31
0.0
  0
LINE
  5
74
330
17
100
AcDbEntity
  8
GEOMETRY
100
AcDbLine
 10
168.46070507883437
 20
180.77647058823527
 30
0.0
 11
168.4210856400397
 21
180.77647058823527
 31
0.0
  0
LINE
  5
75
330
17
100
AcDbEntity
  8
GEOMETRY
100
AcDbLine
 10
168.4210856400397
 20
180.77647058823527
 30
0.0
 11
168.38299687629444
 21
180.77647058823527
 31
0.0
  0
LINE
  5
76
330
17
100
AcDbEntity
  8
GEOMETRY
100
AcDbLine
 10
168.38299687629444
 20
180.77647058823527
 30
0.0
 11
168.34490811254915
 21
180.77647058823527
 31
0.0
  0
LINE
  5
77
330
17
100
AcDbEntity
  8
GEOMETRY
100
AcDbLine
 10
168.34490811254915
 20
180.77647058823527
 30
0.0
 11
168.30681934880388
 21
180.77647058823527
 31
0.0
  0
LINE
  5
78
330
17
100
AcDbEntity
  8
GEOMETRY
100
AcDbLine
 10
168.30681934880388
 20
180.77647058823527
 30
0.0
 11
168.2687305850586
 21
180.77647058823527
 31
0.0
  0
LINE
  5
79
330
17
100
AcDbEntity
  8
GEOMETRY
100
AcDbLine
 10
168.2687305850586
 20
180.77647058823527
 30
0.0
 11
168.23469238473223
 21
180.77647058823527
 31
0.0
  0
LINE
  5
7A
330
17
100
AcDbEntity
  8
GEOMETRY
100
AcDbLine
 10
168.23469238473223
 20
180.77647058823527
 30
0.0
 11
168.20065418440583
 21
180.77647058823527
 31
0.0
  0
LINE
  5
7B
330
17
100
AcDbEntity
  8
GEOMETRY
100
AcDbLine
 10
168.20065418440583
 20
180.77647058823527
 30
0.0
 11
168.16661598407944
 21
180.77647058823527
 31
0.0
  0
LINE
  5
7C
330
17
100
AcDbEntity
  8
GEOMETRY
100
AcDbLine
 10
168.16661598407944
 20
180.77647058823527
 30
0.0
 11
168.13257778375308
 21
180.77647058823527
 31
0.0
  0
LINE
  5
7D
330
17
100
AcDbEntity
  8
GEOMETRY
100
AcDbLine
 10
168.13257778375308
 20
180.77647058823527
 30
0.0
 11
168.10045898922846
 21
180.77647058823527
 31
0.0
  0
LINE
  5
7E
330
17
100
AcDbEntity
  8
GEOMETRY
100
AcDbLine
 10
168.10045898922846
 20
180.77647058823527
 30
0.0
 11
168.0708994024395
 21
180.77647058823527
 31
0.0
  0
LINE
  5
7F
330
17
100
AcDbEntity
  8
GEOMETRY
100
AcDbLine
 10
168.04133981565053
 20
180.77647058823527
 30
0.0
 11
168.0117802288616
 21
180.77647058823527
 31
0.0
  0
LINE
  5
80
330
17
100
AcDbEntity
  8
GEOMETRY
100
AcDbLine
 10
168.0117802288616
 20
180.77647058823527
 30
0.0
 11
167.98222064207263
 21
180.77647058823527
 31
0.0
  0
LINE
  5
81
330
17
100
AcDbEntity
  8
GEOMETRY
100
AcDbLine
 10
167.98222064207263
 20
180.77647058823527
 30
0.0
 11
167.95681849170552
 21
180.77647058823527
 31
0.0
  0
LINE
  5
82
330
17
100
AcDbEntity
  8
GEOMETRY
100
AcDbLine
 10
167.95681849170552
 20
180.77647058823527
 30
0.0
 11
167.93210924740873
 21
180.77647058823527
 31
0.0
  0
LINE
  5
83
330
17
100
AcDbEntity
  8
GEOMETRY
100
AcDbLine
 10
167.90740000311197
 20
180.77647058823527
 30
0.0
 11
167.8826907588152
 21
180.77647058823527
 31
0.0
  0
LINE
  5
84
330
17
100
AcDbEntity
  8
GEOMETRY
100
AcDbLine
 10
167.8826907588152
 20
180.77647058823527
 30
0.0
 11
167.85945610754007
 21
180.77647058823527
 31
0.0
  0
LINE
  5
85
330
17
100
AcDbEntity
  8
GEOMETRY
100
AcDbLine
 10
167.83990793881912
 20
180.77647058823527
 30
0.0
 11
167.82035977009818
 21
180.77647058823527
 31
0.0
  0
LINE
  5
86
330
17
100
AcDbEntity
  8
GEOMETRY
100
AcDbLine
 10
167.82035977009818
 20
180.77647058823527
 30
0.0
 11
167.80081160137723
 21
180.77647058823527
 31
0.0
  0
LINE
  5
87
330
17
100
AcDbEntity
  8
GEOMETRY
100
AcDbLine
 10
167.76557733903508
 20
180.77647058823527
 30
0.0
 11
167.75143607545374
 21
180.77647058823527
 31
0.0
  0
LINE
  5
88
330
17
100
AcDbEntity
  8
GEOMETRY
100
AcDbLine
 10
167.75143607545374
 20
180.77647058823527
 30
0.0
 11
167.7372948118724
 21
180.77647058823527
 31
0.0
  0
LINE
  5
89
330
17
100
AcDbEntity
  8
GEOMETRY
100
AcDbLine
 10
167.70125358082453
 20
180.77647058823527
 30
0.0
 11
167.69269705697732
 21
180.77647058823527
 31
0.0
  0
LINE
  5
8A
330
17
100
AcDbEntity
  8
GEOMETRY
100
AcDbLine
 10
167.69269705697732
 20
180.77647058823527
 30
0.0
 11
167.6841405331301
 21
180.77647058823527
 31
0.0
  0
LINE
  5
8B
330
17
100
AcDbEntity
  8
GEOMETRY
100
AcDbLine
 10
168.59091067629942
 20
180.77647058823527
 30
0.0
 11
168.67727902620246
 21
180.77647058823527
 31
0.0
  0
LINE
  5
8C
330
17
100
AcDbEntity
  8
GEOMETRY
100
AcDbLine
 10
168.85143151402636
 20
180.77647058823527
 30
0.0
 11
168.94771038005385
 21
180.77647058823527
 31
0.0
  0
LINE
  5
8D
330
17
100
AcDbEntity
  8
GEOMETRY
100
AcDbLine
 10
169.14026811210883
 20
180.77647058823527
 30
0.0
 11
169.23654697813632
 21
180.77647058823527
 31
0.0
  0
LINE
  5
8E
330
17
100
AcDbEntity
  8
GEOMETRY
100
AcDbLine
 10
169.3357302394531
 20
180.77647058823527
 30
0.0
 11
169.4370917972369
 21
180.77647058823527
 31
0.0
  0
LINE
  5
8F
330
17
100
AcDbEntity
  8
GEOMETRY
100
AcDbLine
 10
169.53845335502066
 20
180.77647058823527
 30
0.0
 11
169.63981491280447
 21
180.77647058823527
 31
0.0
  0
LINE
  5
90
330
17
100
AcDbEntity
  8
GEOMETRY
100
AcDbLine
 10
169.74117647058824
 20
180.77647058823527
 30
0.0
 11
169.84253802837202
 21
180.77647058823527
 31
0.0
  0
LINE
  5
91
330
17
100
AcDbEntity
  8
GEOMETRY
100
AcDbLine
 10
169.84253802837202
 20
180.77647058823527
 30
0.0
 11
169.9438995861558
 21
180.77647058823527
 31
0.0
  0
LINE
  5
92
330
17
100
AcDbEntity
  8
GEOMETRY
100
AcDbLine
 10
169.9438995861558
 20
180.77647058823527
 30
0.0
 11
170.04526114393957
 21
180.77647058823527
 31
0.0
  0
LINE
  5
93
330
17
100
AcDbEntity
  8
GEOMETRY
100
AcDbLine
 10
170.04526114393957
 20
180.77647058823527
 30
0.0
 11
170.14662270172335
 21
180.77647058823527
 31
0.0
  0
LINE
  5
94
330
17
100
AcDbEntity
  8
GEOMETRY
100
AcDbLine
 10
170.14662270172335
 20
180.77647058823527
 30
0.0
 11
170.24580596304014
 21
180.77647058823527
 31
0.0
  0
LINE
  5
95
330
17
100
AcDbEntity
  8
GEOMETRY
100
AcDbLine
 10
170.24580596304014
 20
180.77647058823527
 30
0.0
 11
170.34208482906763
 21
180.77647058823527
 31
0.0
  0
LINE
  5
96
330
17
100
AcDbEntity
  8
GEOMETRY
100
AcDbLine
 10
170.34208482906763
 20
180.77647058823527
 30
0.0
 11
170.43836369509512
 21
180.77647058823527
 31
0.0
  0
LINE
  5
97
330
17
100
AcDbEntity
  8
GEOMETRY
100
AcDbLine
 10
170.43836369509512
 20
180.77647058823527
 30
0.0
 11
170.5346425611226
 21
180.77647058823527
 31
0.0
  0
LINE
  5
98
330
17
100
AcDbEntity
  8
GEOMETRY
100
AcDbLine
 10
170.5346425611226
 20
180.77647058823527
 30
0.0
 11
170.6309214271501
 21
180.77647058823527
 31
0.0
  0
LINE
  5
99
330
17
100
AcDbEntity
  8
GEOMETRY
100
AcDbLine
 10
170.6309214271501
 20
180.77647058823527
 30
0.0
 11
170.71870556507093
 21
180.77647058823527
 31
0.0
  0
LINE
  5
9A
330
17
100
AcDbEntity
  8
GEOMETRY
100
AcDbLine
 10
170.71870556507093
 20
180.77647058823527
 30
0.0
 11
170.805073914974
 21
180.77647058823527
 31
0.0
  0
LINE
  5
9B
330
17
100
AcDbEntity
  8
GEOMETRY
100
AcDbLine
 10
170.805073914974
 20
180.77647058823527
 30
0.0
 11
170.89144226487704
 21
180.77647058823527
 31
0.0
  0
LINE
  5
9C
330
17
100
AcDbEntity
  8
GEOMETRY
100
AcDbLine
 10
170.89144226487704
 20
180.77647058823527
 30
0.0
 11
170.9778106147801
 21
180.77647058823527
 31
0.0
  0
LINE
  5
9D
330
17
100
AcDbEntity
  8
GEOMETRY
100
AcDbLine
 10
170.9778106147801
 20
180.77647058823527
 30
0.0
 11
171.06010999730276
 21
180.77647058823527
 31
0.0
  0
LINE
  5
9E
330
17
100
AcDbEntity
  8
GEOMETRY
100
AcDbLine
 10
171.06010999730276
 20
180.77647058823527
 30
0.0
 11
171.13223696137445
 21
180.77647058823527
 31
0.0
  0
LINE
  5
9F
330
17
100
AcDbEntity
  8
GEOMETRY
100
AcDbLine
 10
171.13223696137445
 20
180.77647058823527
 30
0.0
 11
171.2043639254461
 21
180.77647058823527
 31
0.0
  0
LINE
  5
A0
330
17
100
AcDbEntity
  8
GEOMETRY
100
AcDbLine
 10
171.2043639254461
 20
180.77647058823527
 30
0.0
 11
171.27649088951776
 21
180.77647058823527
 31
0.0
  0
LINE
  5
A1
330
17
100
AcDbEntity
  8
GEOMETRY
100
AcDbLine
 10
171.27649088951776
 20
180.77647058823527
 30
0.0
 11
171.34861785358942
 21
180.77647058823527
 31
0.0
  0
LINE
  5
A2
330
17
100
AcDbEntity
  8
GEOMETRY
100
AcDbLine
 10
171.34861785358942
 20
180.77647058823527
 30
0.0
 11
171.4079890083854
 21
180.77647058823527
 31
0.0
  0
LINE
  5
A3
330
17
100
AcDbEntity
  8
GEOMETRY
100
AcDbLine
 10
171.4079890083854
 20
180.77647058823527
 30
0.0
 11
171.46225783947116
 21
180.77647058823527
 31
0.0
  0
LINE
  5
A4
330
17
100
AcDbEntity
  8
GEOMETRY
100
AcDbLine
 10
171.46225783947116
 20
180.77647058823527
 30
0.0
 11
171.51652667055689
 21
180.77647058823527
 31
0.0
  0
LINE
  5
A5
330
17
100
AcDbEntity
  8
GEOMETRY
100
AcDbLine
 10
171.51652667055689
 20
180.77647058823527
 30
0.0
 11
171.57079550164264
 21
180.77647058823527
 31
0.0
  0
LINE
  5
A6
330
17
100
AcDbEntity
  8
GEOMETRY
100
AcDbLine
 10
171.57079550164264
 20
180.77647058823527
 30
0.0
 11
171.62212441861644
 21
180.77647058823527
 31
0.0
  0
LINE
  5
A7
330
17
100
AcDbEntity
  8
GEOMETRY
100
AcDbLine
 10
171.62212441861644
 20
180.77647058823527
 30
0.0
 11
171.65581385091872
 21
180.77647058823527
 31
0.0
  0
LINE
  5
A8
330
17
100
AcDbEntity
  8
GEOMETRY
100
AcDbLine
 10
171.65581385091872
 20
180.77647058823527
 30
0.0
 11
171.689503283221
 21
180.77647058823527
 31
0.0
  0
LINE
  5
A9
330
17
100
AcDbEntity
  8
GEOMETRY
100
AcDbLine
 10
171.689503283221
 20
180.77647058823527
 30
0.0
 11
171.72319271552328
 21
180.77647058823527
 31
0.0
  0
LINE
  5
AA
330
17
100
AcDbEntity
  8
GEOMETRY
100
AcDbLine
 10
171.72319271552328
 20
180.77647058823527
 30
0.0
 11
171.75688214782554
 21
180.77647058823527
 31
0.0
  0
LINE
  5
AB
330
17
100
AcDbEntity
  8
GEOMETRY
100
AcDbLine
 10
171.7778465929313
 20
180.77647058823527
 30
0.0
 11
171.78926729763964
 21
180.77647058823527
 31
0.0
  0
LINE
  5
AC
330
17
100
AcDbEntity
  8
GEOMETRY
100
AcDbLine
 10
171.78926729763964
 20
180.77647058823527
 30
0.0
 11
171.80068800234798
 21
180.77647058823527
 31
0.0
  0
LINE
  5
AD
330
17
100
AcDbEntity
  8
GEOMETRY
100
AcDbLine
 10
171.64244500235733
 20
180.77647058823527
 30
0.0
 11
171.6228968336364
 21
180.77647058823527
 31
0.0
  0
LINE
  5
AE
330
17
100
AcDbEntity
  8
GEOMETRY
100
AcDbLine
 10
171.50013229910383
 20
180.77647058823527
 30
0.0
 11
171.4705727123149
 21
180.77647058823527
 31
0.0
  0
LINE
  5
AF
330
17
100
AcDbEntity
  8
GEOMETRY
100
AcDbLine
 10
171.44101312552593
 20
180.77647058823527
 30
0.0
 11
171.41145353873696
 21
180.77647058823527
 31
0.0
  0
LINE
  5
B0
330
17
100
AcDbEntity
  8
GEOMETRY
100
AcDbLine
 10
171.34977515742338
 20
180.77647058823527
 30
0.0
 11
171.315736957097
 21
180.77647058823527
 31
0.0
  0
LINE
  5
B1
330
17
100
AcDbEntity
  8
GEOMETRY
100
AcDbLine
 10
171.28169875677062
 20
180.77647058823527
 30
0.0
 11
171.24766055644423
 21
180.77647058823527
 31
0.0
  0
LINE
  5
B2
330
17
100
AcDbEntity
  8
GEOMETRY
100
AcDbLine
 10
171.21362235611787
 20
180.77647058823527
 30
0.0
 11
171.17553359237257
 21
180.77647058823527
 31
0.0
  0
LINE
  5
B3
330
17
100
AcDbEntity
  8
GEOMETRY
100
AcDbLine
 10
171.1374448286273
 20
180.77647058823527
 30
0.0
 11
171.09935606488202
 21
180.77647058823527
 31
0.0
  0
LINE
  5
B4
330
17
100
AcDbEntity
  8
GEOMETRY
100
AcDbLine
 10
171.0216478623421
 20
180.77647058823527
 30
0.0
 11
170.97998752348164
 21
180.77647058823527
 31
0.0
  0
LINE
  5
B5
330
17
100
AcDbEntity
  8
GEOMETRY
100
AcDbLine
 10
170.93832718462116
 20
180.77647058823527
 30
0.0
 11
170.8966668457607
 21
180.77647058823527
 31
0.0
  0
LINE
  5
B6
330
17
100
AcDbEntity
  8
GEOMETRY
100
AcDbLine
 10
170.8966668457607
 20
180.77647058823527
 30
0.0
 11
170.85500650690022
 21
180.77647058823527
 31
0.0
  0
LINE
  5
B7
330
17
100
AcDbEntity
  8
GEOMETRY
100
AcDbLine
 10
170.85500650690022
 20
180.77647058823527
 30
0.0
 11
170.81073387759795
 21
180.77647058823527
 31
0.0
  0
LINE
  5
B8
330
17
100
AcDbEntity
  8
GEOMETRY
100
AcDbLine
 10
170.81073387759795
 20
180.77647058823527
 30
0.0
 11
170.76602586655537
 21
180.77647058823527
 31
0.0
  0
LINE
  5
B9
330
17
100
AcDbEntity
  8
GEOMETRY
100
AcDbLine
 10
170.67660984447016
 20
180.77647058823527
 30
0.0
 11
170.63119170685528
 21
180.77647058823527
 31
0.0
  0
LINE
  5
BA
330
17
100
AcDbEntity
  8
GEOMETRY
100
AcDbLine
 10
170.63119170685528
 20
180.77647058823527
 30
0.0
 11
170.5839982528096
 21
180.77647058823527
 31
0.0
  0
LINE
  5
BB
330
17
100
AcDbEntity
  8
GEOMETRY
100
AcDbLine
 10
170.5839982528096
 20
180.77647058823527
 30
0.0
 11
170.53680479876394
 21
180.77647058823527
 31
0.0
  0
LINE
  5
BC
330
17
100
AcDbEntity
  8
GEOMETRY
100
AcDbLine
 10
170.53680479876394
 20
180.77647058823527
 30
0.0
 11
170.4896113447183
 21
180.77647058823527
 31
0.0
  0
LINE
  5
BD
330
17
100
AcDbEntity
  8
GEOMETRY
100
AcDbLine
 10
170.39387303810113
 20
180.77647058823527
 30
0.0
 11
170.34478762611928
 21
180.77647058823527
 31
0.0
  0
LINE
  5
BE
330
17
100
AcDbEntity
  8
GEOMETRY
100
AcDbLine
 10
170.34478762611928
 20
180.77647058823527
 30
0.0
 11
170.29570221413746
 21
180.77647058823527
 31
0.0
  0
LINE
  5
BF
330
17
100
AcDbEntity
  8
GEOMETRY
100
AcDbLine
 10
170.29570221413746
 20
180.77647058823527
 30
0.0
 11
170.24661680215564
 21
180.77647058823527
 31
0.0
  0
LINE
  5
C0
330
17
100
AcDbEntity
  8
GEOMETRY
100
AcDbLine
 10
170.24661680215564
 20
180.77647058823527
 30
0.0
 11
170.19734929297374
 21
180.77647058823527
 31
0.0
  0
LINE
  5
C1
330
17
100
AcDbEntity
  8
GEOMETRY
100
AcDbLine
 10
170.14698920059143
 20
180.77647058823527
 30
0.0
 11
170.09662910820913
 21
180.77647058823527
 31
0.0
  0
LINE
  5
C2
330
17
100
AcDbEntity
  8
GEOMETRY
100
AcDbLine
 10
170.09662910820913
 20
180.77647058823527
 30
0.0
 11
170.04626901582682
 21
180.77647058823527
 31
0.0
  0
LINE
  5
C3
330
17
100
AcDbEntity
  8
GEOMETRY
100
AcDbLine
 10
170.04626901582682
 20
180.77647058823527
 30
0.0
 11
169.99590892344452
 21
180.77647058823527
 31
0.0
  0
LINE
  5
C4
330
17
100
AcDbEntity
  8
GEOMETRY
100
AcDbLine
 10
169.94518233219412
 20
180.77647058823527
 30
0.0
 11
169.89418086679262
 21
180.77647058823527
 31
0.0
  0
LINE
  5
C5
330
17
100
AcDbEntity
  8
GEOMETRY
100
AcDbLine
 10
169.89418086679262
 20
180.77647058823527
 30
0.0
 11
169.84317940139118
 21
180.77647058823527
 31
0.0
  0
LINE
  5
C6
330
17
100
AcDbEntity
  8
GEOMETRY
100
AcDbLine
 10
169.84317940139118
 20
180.77647058823527
 30
0.0
 11
169.79217793598968
 21
180.77647058823527
 31
0.0
  0
LINE
  5
C7
330
17
100
AcDbEntity
  8
GEOMETRY
100
AcDbLine
 10
189.87058823529412
 20
180.77647058823527
 30
0.0
 11
189.88200894000246
 21
180.77647058823527
 31
0.0
  0
LINE
  5
C8
330
17
100
AcDbEntity
  8
GEOMETRY
100
AcDbLine
 10
189.90485034941918
 20
180.77647058823527
 30
0.0
 11
189.91627105412752
 21
180.77647058823527
 31
0.0
  0
LINE
  5
C9
330
17
100
AcDbEntity
  8
GEOMETRY
100
AcDbLine
 10
189.91627105412752
 20
180.77647058823527
 30
0.0
 11
189.93723549923328
 21
180.77647058823527
 31
0.0
  0
LINE
  5
CA
330
17
100
AcDbEntity
  8
GEOMETRY
100
AcDbLine
 10
189.97092493153554
 20
180.77647058823527
 30
0.0
 11
190.00461436383782
 21
180.77647058823527
 31
0.0
  0
LINE
  5
CB
330
17
100
AcDbEntity
  8
GEOMETRY
100
AcDbLine
 10
190.00461436383782
 20
180.77647058823527
 30
0.0
 11
190.0383037961401
 21
180.77647058823527
 31
0.0
  0
LINE
  5
CC
330
17
100
AcDbEntity
  8
GEOMETRY
100
AcDbLine
 10
190.0383037961401
 20
180.77647058823527
 30
0.0
 11
190.07199322844235
 21
180.77647058823527
 31
0.0
  0
LINE
  5
CD
330
17
100
AcDbEntity
  8
GEOMETRY
100
AcDbLine
 10
190.07199322844235
 20
180.77647058823527
 30
0.0
 11
190.12332214541618
 21
180.77647058823527
 31
0.0
  0
LINE
  5
CE
330
17
100
AcDbEntity
  8
GEOMETRY
100
AcDbLine
 10
190.12332214541618
 20
180.77647058823527
 30
0.0
 11
190.1775909765019
 21
180.77647058823527
 31
0.0
  0
LINE
  5
CF
330
17
100
AcDbEntity
  8
GEOMETRY
100
AcDbLine
 10
190.1775909765019
 20
180.77647058823527
 30
0.0
 11
190.23185980758765
 21
180.77647058823527
 31
0.0
  0
LINE
  5
D0
330
17
100
AcDbEntity
  8
GEOMETRY
100
AcDbLine
 10
190.23185980758765
 20
180.77647058823527
 30
0.0
 11
190.2861286386734
 21
180.77647058823527
 31
0.0
  0
LINE
  5
D1
330
17
100
AcDbEntity
  8
GEOMETRY
100
AcDbLine
 10
190.2861286386734
 20
180.77647058823527
 30
0.0
 11
190.3454997934694
 21
180.77647058823527
 31
0.0
  0
LINE
  5
D2
330
17
100
AcDbEntity
  8
GEOMETRY
100
AcDbLine
 10
190.3454997934694
 20
180.77647058823527
 30
0.0
 11
190.41762675754106
 21
180.77647058823527
 31
0.0
  0
LINE
  5
D3
330
17
100
AcDbEntity
  8
GEOMETRY
100
AcDbLine
 10
190.41762675754106
 20
180.77647058823527
 30
0.0
 11
190.48975372161271
 21
180.77647058823527
 31
0.0
  0
LINE
  5
D4
330
17
100
AcDbEntity
  8
GEOMETRY
100
AcDbLine
 10
190.48975372161271
 20
180.77647058823527
 30
0.0
 11
190.56188068568437
 21
180.77647058823527
 31
0.0
  0
LINE
  5
D5
330
17
100
AcDbEntity
  8
GEOMETRY
100
AcDbLine
 10
190.56188068568437
 20
180.77647058823527
 30
0.0
 11
190.63400764975603
 21
180.77647058823527
 31
0.0
  0
LINE
  5
D6
330
17
100
AcDbEntity
  8
GEOMETRY
100
AcDbLine
 10
190.63400764975603
 20
180.77647058823527
 30
0.0
 11
190.7163070322787
 21
180.77647058823527
 31
0.0
  0
LINE
  5
D7
330
17
100
AcDbEntity
  8
GEOMETRY
100
AcDbLine
 10
190.7163070322787
 20
180.77647058823527
 30
0.0
 11
190.80267538218175
 21
180.77647058823527
 31
0.0
  0
LINE
  5
D8
330
17
100
AcDbEntity
  8
GEOMETRY
100
AcDbLine
 10
190.80267538218175
 20
180.77647058823527
 30
0.0
 11
190.88904373208482
 21
180.77647058823527
 31
0.0
  0
LINE
  5
D9
330
17
100
AcDbEntity
  8
GEOMETRY
100
AcDbLine
 10
190.88904373208482
 20
180.77647058823527
 30
0.0
 11
190.97541208198788
 21
180.77647058823527
 31
0.0
  0
LINE
  5
DA
330
17
100
AcDbEntity
  8
GEOMETRY
100
AcDbLine
 10
190.97541208198788
 20
180.77647058823527
 30
0.0
 11
191.06319621990872
 21
180.77647058823527
 31
0.0
  0
LINE
  5
DB
330
17
100
AcDbEntity
  8
GEOMETRY
100
AcDbLine
 10
191.06319621990872
 20
180.77647058823527
 30
0.0
 11
191.1594750859362
 21
180.77647058823527
 31
0.0
  0
LINE
  5
DC
330
17
100
AcDbEntity
  8
GEOMETRY
100
AcDbLine
 10
191.1594750859362
 20
180.77647058823527
 30
0.0
 11
191.2557539519637
 21
180.77647058823527
 31
0.0
  0
LINE
  5
DD
330
17
100
AcDbEntity
  8
GEOMETRY
100
AcDbLine
 10
191.2557539519637
 20
180.77647058823527
 30
0.0
 11
191.3520328179912
 21
180.77647058823527
 31
0.0
  0
LINE
  5
DE
330
17
100
AcDbEntity
  8
GEOMETRY
100
AcDbLine
 10
191.3520328179912
 20
180.77647058823527
 30
0.0
 11
191.44831168401868
 21
180.77647058823527
 31
0.0
  0
LINE
  5
DF
330
17
100
AcDbEntity
  8
GEOMETRY
100
AcDbLine
 10
191.44831168401868
 20
180.77647058823527
 30
0.0
 11
191.54749494533547
 21
180.77647058823527
 31
0.0
  0
LINE
  5
E0
330
17
100
AcDbEntity
  8
GEOMETRY
100
AcDbLine
 10
191.54749494533547
 20
180.77647058823527
 30
0.0
 11
191.64885650311925
 21
180.77647058823527
 31
0.0
  0
LINE
  5
E1
330
17
100
AcDbEntity
  8
GEOMETRY
100
AcDbLine
 10
191.64885650311925
 20
180.77647058823527
 30
0.0
 11
191.75021806090302
 21
180.77647058823527
 31
0.0
  0
LINE
  5
E2
330
17
100
AcDbEntity
  8
GEOMETRY
100
AcDbLine
 10
191.75021806090302
 20
180.77647058823527
 30
0.0
 11
191.8515796186868
 21
180.77647058823527
 31
0.0
  0
LINE
  5
E3
330
17
100
AcDbEntity
  8
GEOMETRY
100
AcDbLine
 10
191.8515796186868
 20
180.77647058823527
 30
0.0
 11
191.95294117647057
 21
180.77647058823527
 31
0.0
  0
LINE
  5
E4
330
17
100
AcDbEntity
  8
GEOMETRY
100
AcDbLine
 10
191.95294117647057
 20
180.77647058823527
 30
0.0
 11
192.05430273425435
 21
180.77647058823527
 31
0.0
  0
LINE
  5
E5
330
17
100
AcDbEntity
  8
GEOMETRY
100
AcDbLine
 10
192.05430273425435
 20
180.77647058823527
 30
0.0
 11
192.15566429203813
 21
180.77647058823527
 31
0.0
  0
LINE
  5
E6
330
17
100
AcDbEntity
  8
GEOMETRY
100
AcDbLine
 10
192.15566429203813
 20
180.77647058823527
 30
0.0
 11
192.2570258498219
 21
180.77647058823527
 31
0.0
  0
LINE
  5
E7
330
17
100
AcDbEntity
  8
GEOMETRY
100
AcDbLine
 10
192.2570258498219
 20
180.77647058823527
 30
0.0
 11
192.35838740760568
 21
180.77647058823527
 31
0.0
  0
LINE
  5
E8
330
17
100
AcDbEntity
  8
GEOMETRY
100
AcDbLine
 10
192.35838740760568
 20
180.77647058823527
 30
0.0
 11
192.45757066892247
 21
180.77647058823527
 31
0.0
  0
LINE
  5
E9
330
17
100
AcDbEntity
  8
GEOMETRY
100
AcDbLine
 10
192.45757066892247
 20
180.77647058823527
 30
0.0
 11
192.55384953494996
 21
180.77647058823527
 31
0.0
  0
LINE
  5
EA
330
17
100
AcDbEntity
  8
GEOMETRY
100
AcDbLine
 10
192.55384953494996
 20
180.77647058823527
 30
0.0
 11
192.65012840097745
 21
180.77647058823527
 31
0.0
  0
LINE
  5
EB
330
17
100
AcDbEntity
  8
GEOMETRY
100
AcDbLine
 10
192.65012840097745
 20
180.77647058823527
 30
0.0
 11
192.74640726700497
 21
180.77647058823527
 31
0.0
  0
LINE
  5
EC
330
17
100
AcDbEntity
  8
GEOMETRY
100
AcDbLine
 10
192.74640726700497
 20
180.77647058823527
 30
0.0
 11
192.84268613303246
 21
180.77647058823527
 31
0.0
  0
LINE
  5
ED
330
17
100
AcDbEntity
  8
GEOMETRY
100
AcDbLine
 10
192.84268613303246
 20
180.77647058823527
 30
0.0
 11
192.9304702709533
 21
180.77647058823527
 31
0.0
  0
LINE
  5
EE
330
17
100
AcDbEntity
  8
GEOMETRY
100
AcDbLine
 10
192.9304702709533
 20
180.77647058823527
 30
0.0
 11
193.01683862085636
 21
180.77647058823527
 31
0.0
  0
LINE
  5
EF
330
17
100
AcDbEntity
  8
GEOMETRY
100
AcDbLine
 10
193.01683862085636
 20
180.77647058823527
 30
0.0
 11
193.1032069707594
 21
180.77647058823527
 31
0.0
  0
LINE
  5
F0
330
17
100
AcDbEntity
  8
GEOMETRY
100
AcDbLine
 10
193.1032069707594
 20
180.77647058823527
 30
0.0
 11
193.18957532066247
 21
180.77647058823527
 31
0.0
  0
LINE
  5
F1
330
17
100
AcDbEntity
  8
GEOMETRY
100
AcDbLine
 10
193.18957532066247
 20
180.77647058823527
 30
0.0
 11
193.27187470318512
 21
180.77647058823527
 31
0.0
  0
LINE
  5
F2
330
17
100
AcDbEntity
  8
GEOMETRY
100
AcDbLine
 10
193.27187470318512
 20
180.77647058823527
 30
0.0
 11
193.34400166725678
 21
180.77647058823527
 31
0.0
  0
LINE
  5
F3
330
17
100
AcDbEntity
  8
GEOMETRY
100
AcDbLine
 10
193.34400166725678
 20
180.77647058823527
 30
0.0
 11
193.41612863132843
 21
180.77647058823527
 31
0.0
  0
LINE
  5
F4
330
17
100
AcDbEntity
  8
GEOMETRY
100
AcDbLine
 10
193.41612863132843
 20
180.77647058823527
 30
0.0
 11
193.48825559540012
 21
180.77647058823527
 31
0.0
  0
LINE
  5
F5
330
17
100
AcDbEntity
  8
GEOMETRY
100
AcDbLine
 10
193.48825559540012
 20
180.77647058823527
 30
0.0
 11
193.56038255947178
 21
180.77647058823527
 31
0.0
  0
LINE
  5
F6
330
17
100
AcDbEntity
  8
GEOMETRY
100
AcDbLine
 10
193.56038255947178
 20
180.77647058823527
 30
0.0
 11
193.61975371426777
 21
180.77647058823527
 31
0.0
  0
LINE
  5
F7
330
17
100
AcDbEntity
  8
GEOMETRY
100
AcDbLine
 10
193.61975371426777
 20
180.77647058823527
 30
0.0
 11
193.67402254535352
 21
180.77647058823527
 31
0.0
  0
LINE
  5
F8
330
17
100
AcDbEntity
  8
GEOMETRY
100
AcDbLine
 10
193.67402254535352
 20
180.77647058823527
 30
0.0
 11
193.72829137643924
 21
180.77647058823527
 31
0.0
  0
LINE
  5
F9
330
17
100
AcDbEntity
  8
GEOMETRY
100
AcDbLine
 10
193.72829137643924
 20
180.77647058823527
 30
0.0
 11
193.78256020752497
 21
180.77647058823527
 31
0.0
  0
LINE
  5
FA
330
17
100
AcDbEntity
  8
GEOMETRY
100
AcDbLine
 10
193.78256020752497
 20
180.77647058823527
 30
0.0
 11
193.8338891244988
 21
180.77647058823527
 31
0.0
  0
LINE
  5
FB
330
17
100
AcDbEntity
  8
GEOMETRY
100
AcDbLine
 10
193.8338891244988
 20
180.77647058823527
 30
0.0
 11
193.86757855680108
 21
180.77647058823527
 31
0.0
  0
LINE
  5
FC
330
17
100
AcDbEntity
  8
GEOMETRY
100
AcDbLine
 10
193.86757855680108
 20
180.77647058823527
 30
0.0
 11
193.90126798910336
 21
180.77647058823527
 31
0.0
  0
LINE
  5
FD
330
17
100
AcDbEntity
  8
GEOMETRY
100
AcDbLine
 10
193.90126798910336
 20
180.77647058823527
 30
0.0
 11
193.9349574214056
 21
180.77647058823527
 31
0.0
  0
LINE
  5
FE
330
17
100
AcDbEntity
  8
GEOMETRY
100
AcDbLine
 10
193.9349574214056
 20
180.77647058823527
 30
0.0
 11
193.9686468537079
 21
180.77647058823527
 31
0.0
  0
LINE
  5
FF
330
17
100
AcDbEntity
  8
GEOMETRY
100
AcDbLine
 10
193.98961129881366
 20
180.77647058823527
 30
0.0
 11
194.001032003522
 21
180.77647058823527
 31
0.0
  0
LINE
  5
100
330
17
100
AcDbEntity
  8
GEOMETRY
100
AcDbLine
 10
194.001032003522
 20
180.77647058823527
 30
0.0
 11
194.01245270823034
 21
180.77647058823527
 31
0.0
  0
LINE
  5
101
330
17
100
AcDbEntity
  8
GEOMETRY
100
AcDbLine
 10
185.35882352941175
 20
180.77647058823527
 30
0.0
 11
185.2731682440991
 21
180.77647058823527
 31
0.0
  0
LINE
  5
102
330
17
100
AcDbEntity
  8
GEOMETRY
100
AcDbLine
 10
185.2731682440991
 20
180.77647058823527
 30
0.0
 11
185.18751295878644
 21
180.77647058823527
 31
0.0
  0
LINE
  5
103
330
17
100
AcDbEntity
  8
GEOMETRY
100
AcDbLine
 10
185.18751295878644
 20
180.77647058823527
 30
0.0
 11
185.1018576734738
 21
180.77647058823527
 31
0.0
  0
LINE
  5
104
330
17
100
AcDbEntity
  8
GEOMETRY
100
AcDbLine
 10
185.1018576734738
 20
180.77647058823527
 30
0.0
 11
185.01620238816116
 21
180.77647058823527
 31
0.0
  0
LINE
  5
105
330
17
100
AcDbEntity
  8
GEOMETRY
100
AcDbLine
 10
185.01620238816116
 20
180.77647058823527
 30
0.0
 11
184.85896904986805
 21
180.77647058823527
 31
0.0
  0
LINE
  5
106
330
17
100
AcDbEntity
  8
GEOMETRY
100
AcDbLine
 10
154.6233838913084
 20
180.77647058823527
 30
0.0
 11
154.4661505530153
 21
180.77647058823527
 31
0.0
  0
LINE
  5
107
330
17
100
AcDbEntity
  8
GEOMETRY
100
AcDbLine
 10
154.4661505530153
 20
180.77647058823527
 30
0.0
 11
154.38049526770266
 21
180.77647058823527
 31
0.0
  0
LINE
  5
108
330
17
100
AcDbEntity
  8
GEOMETRY
100
AcDbLine
 10
154.38049526770266
 20
180.77647058823527
 30
0.0
 11
154.29483998239
 21
180.77647058823527
 31
0.0
  0
LINE
  5
109
330
17
100
AcDbEntity
  8
GEOMETRY
100
AcDbLine
 10
154.29483998239
 20
180.77647058823527
 30
0.0
 11
154.20918469707735
 21
180.77647058823527
 31
0.0
  0
LINE
  5
10A
330
17
100
AcDbEntity
  8
GEOMETRY
100
AcDbLine
 10
154.20918469707735
 20
180.77647058823527
 30
0.0
 11
154.1235294117647
 21
180.77647058823527
 31
0.0
  0
LINE
  5
10B
330
17
100
AcDbEntity
  8
GEOMETRY
100
AcDbLine
 10
149.61176470588234
 20
180.77647058823527
 30
0.0
 11
149.600344001174
 21
180.77647058823527
 31
0.0
  0
LINE
  5
10C
330
17
100
AcDbEntity
  8
GEOMETRY
100
AcDbLine
 10
149.57750259175728
 20
180.77647058823527
 30
0.0
 11
149.56608188704894
 21
180.77647058823527
 31
0.0
  0
LINE
  5
10D
330
17
100
AcDbEntity
  8
GEOMETRY
100
AcDbLine
 10
149.56608188704894
 20
180.77647058823527
 30
0.0
 11
149.54511744194318
 21
180.77647058823527
 31
0.0
  0
LINE
  5
10E
330
17
100
AcDbEntity
  8
GEOMETRY
100
AcDbLine
 10
149.51142800964092
 20
180.77647058823527
 30
0.0
 11
149.47773857733864
 21
180.77647058823527
 31
0.0
  0
LINE
  5
10F
330
17
100
AcDbEntity
  8
GEOMETRY
100
AcDbLine
 10
149.47773857733864
 20
180.77647058823527
 30
0.0
 11
149.44404914503636
 21
180.77647058823527
 31
0.0
  0
LINE
  5
110
330
17
100
AcDbEntity
  8
GEOMETRY
100
AcDbLine
 10
149.44404914503636
 20
180.77647058823527
 30
0.0
 11
149.4103597127341
 21
180.77647058823527
 31
0.0
  0
LINE
  5
111
330
17
100
AcDbEntity
  8
GEOMETRY
100
AcDbLine
 10
149.4103597127341
 20
180.77647058823527
 30
0.0
 11
149.35903079576028
 21
180.77647058823527
 31
0.0
  0
LINE
  5
112
330
17
100
AcDbEntity
  8
GEOMETRY
100
AcDbLine
 10
149.35903079576028
 20
180.77647058823527
 30
0.0
 11
149.30476196467455
 21
180.77647058823527
 31
0.0
  0
LINE
  5
113
330
17
100
AcDbEntity
  8
GEOMETRY
100
AcDbLine
 10
149.30476196467455
 20
180.77647058823527
 30
0.0
 11
149.2504931335888
 21
180.77647058823527
 31
0.0
  0
LINE
  5
114
330
17
100
AcDbEntity
  8
GEOMETRY
100
AcDbLine
 10
149.2504931335888
 20
180.77647058823527
 30
0.0
 11
149.19622430250305
 21
180.77647058823527
 31
0.0
  0
LINE
  5
115
330
17
100
AcDbEntity
  8
GEOMETRY
100
AcDbLine
 10
149.19622430250305
 20
180.77647058823527
 30
0.0
 11
149.13685314770706
 21
180.77647058823527
 31
0.0
  0
LINE
  5
116
330
17
100
AcDbEntity
  8
GEOMETRY
100
AcDbLine
 10
149.13685314770706
 20
180.77647058823527
 30
0.0
 11
149.0647261836354
 21
180.77647058823527
 31
0.0
  0
LINE
  5
117
330
17
100
AcDbEntity
  8
GEOMETRY
100
AcDbLine
 10
149.0647261836354
 20
180.77647058823527
 30
0.0
 11
148.99259921956374
 21
180.77647058823527
 31
0.0
  0
LINE
  5
118
330
17
100
AcDbEntity
  8
GEOMETRY
100
AcDbLine
 10
148.99259921956374
 20
180.77647058823527
 30
0.0
 11
148.9204722554921
 21
180.77647058823527
 31
0.0
  0
LINE
  5
119
330
17
100
AcDbEntity
  8
GEOMETRY
100
AcDbLine
 10
148.9204722554921
 20
180.77647058823527
 30
0.0
 11
148.84834529142043
 21
180.77647058823527
 31
0.0
  0
LINE
  5
11A
330
17
100
AcDbEntity
  8
GEOMETRY
100
AcDbLine
 10
148.84834529142043
 20
180.77647058823527
 30
0.0
 11
148.76604590889775
 21
180.77647058823527
 31
0.0
  0
LINE
  5
11B
330
17
100
AcDbEntity
  8
GEOMETRY
100
AcDbLine
 10
148.76604590889775
 20
180.77647058823527
 30
0.0
 11
148.6796775589947
 21
180.77647058823527
 31
0.0
  0
LINE
  5
11C
330
17
100
AcDbEntity
  8
GEOMETRY
100
AcDbLine
 10
148.6796775589947
 20
180.77647058823527
 30
0.0
 11
148.59330920909164
 21
180.77647058823527
 31
0.0
  0
LINE
  5
11D
330
17
100
AcDbEntity
  8
GEOMETRY
100
AcDbLine
 10
148.59330920909164
 20
180.77647058823527
 30
0.0
 11
148.50694085918857
 21
180.77647058823527
 31
0.0
  0
LINE
  5
11E
330
17
100
AcDbEntity
  8
GEOMETRY
100
AcDbLine
 10
148.50694085918857
 20
180.77647058823527
 30
0.0
 11
148.41915672126777
 21
180.77647058823527
 31
0.0
  0
LINE
  5
11F
330
17
100
AcDbEntity
  8
GEOMETRY
100
AcDbLine
 10
148.41915672126777
 20
180.77647058823527
 30
0.0
 11
148.32287785524025
 21
180.77647058823527
 31
0.0
  0
LINE
  5
120
330
17
100
AcDbEntity
  8
GEOMETRY
100
AcDbLine
 10
148.32287785524025
 20
180.77647058823527
 30
0.0
 11
148.22659898921276
 21
180.77647058823527
 31
0.0
  0
LINE
  5
121
330
17
100
AcDbEntity
  8
GEOMETRY
100
AcDbLine
 10
148.22659898921276
 20
180.77647058823527
 30
0.0
 11
148.13032012318527
 21
180.77647058823527
 31
0.0
  0
LINE
  5
122
330
17
100
AcDbEntity
  8
GEOMETRY
100
AcDbLine
 10
148.13032012318527
 20
180.77647058823527
 30
0.0
 11
148.03404125715778
 21
180.77647058823527
 31
0.0
  0
LINE
  5
123
330
17
100
AcDbEntity
  8
GEOMETRY
100
AcDbLine
 10
148.03404125715778
 20
180.77647058823527
 30
0.0
 11
147.93485799584099
 21
180.77647058823527
 31
0.0
  0
LINE
  5
124
330
17
100
AcDbEntity
  8
GEOMETRY
100
AcDbLine
 10
147.93485799584099
 20
180.77647058823527
 30
0.0
 11
147.8334964380572
 21
180.77647058823527
 31
0.0
  0
LINE
  5
125
330
17
100
AcDbEntity
  8
GEOMETRY
100
AcDbLine
 10
147.8334964380572
 20
180.77647058823527
 30
0.0
 11
147.73213488027343
 21
180.77647058823527
 31
0.0
  0
LINE
  5
126
330
17
100
AcDbEntity
  8
GEOMETRY
100
AcDbLine
 10
147.73213488027343
 20
180.77647058823527
 30
0.0
 11
147.63077332248966
 21
180.77647058823527
 31
0.0
  0
LINE
  5
127
330
17
100
AcDbEntity
  8
GEOMETRY
100
AcDbLine
 10
147.63077332248966
 20
180.77647058823527
 30
0.0
 11
147.52941176470588
 21
180.77647058823527
 31
0.0
  0
LINE
  5
128
330
17
100
AcDbEntity
  8
GEOMETRY
100
AcDbLine
 10
147.52941176470588
 20
180.77647058823527
 30
0.0
 11
147.4280502069221
 21
180.77647058823527
 31
0.0
  0
LINE
  5
129
330
17
100
AcDbEntity
  8
GEOMETRY
100
AcDbLine
 10
147.4280502069221
 20
180.77647058823527
 30
0.0
 11
147.32668864913833
 21
180.77647058823527
 31
0.0
  0
LINE
  5
12A
330
17
100
AcDbEntity
  8
GEOMETRY
100
AcDbLine
 10
147.32668864913833
 20
180.77647058823527
 30
0.0
 11
147.22532709135453
 21
180.77647058823527
 31
0.0
  0
LINE
  5
12B
330
17
100
AcDbEntity
  8
GEOMETRY
100
AcDbLine
 10
147.22532709135453
 20
180.77647058823527
 30
0.0
 11
147.12396553357075
 21
180.77647058823527
 31
0.0
  0
LINE
  5
12C
330
17
100
AcDbEntity
  8
GEOMETRY
100
AcDbLine
 10
147.12396553357075
 20
180.77647058823527
 30
0.0
 11
147.02478227225396
 21
180.77647058823527
 31
0.0
  0
LINE
  5
12D
330
17
100
AcDbEntity
  8
GEOMETRY
100
AcDbLine
 10
147.02478227225396
 20
180.77647058823527
 30
0.0
 11
146.92850340622647
 21
180.77647058823527
 31
0.0
  0
LINE
  5
12E
330
17
100
AcDbEntity
  8
GEOMETRY
100
AcDbLine
 10
146.92850340622647
 20
180.77647058823527
 30
0.0
 11
146.83222454019898
 21
180.77647058823527
 31
0.0
  0
LINE
  5
12F
330
17
100
AcDbEntity
  8
GEOMETRY
100
AcDbLine
 10
146.83222454019898
 20
180.77647058823527
 30
0.0
 11
146.7359456741715
 21
180.77647058823527
 31
0.0
  0
LINE
  5
130
330
17
100
AcDbEntity
  8
GEOMETRY
100
AcDbLine
 10
146.7359456741715
 20
180.77647058823527
 30
0.0
 11
146.639666808144
 21
180.77647058823527
 31
0.0
  0
LINE
  5
131
330
17
100
AcDbEntity
  8
GEOMETRY
100
AcDbLine
 10
146.639666808144
 20
180.77647058823527
 30
0.0
 11
146.55188267022316
 21
180.77647058823527
 31
0.0
  0
LINE
  5
132
330
17
100
AcDbEntity
  8
GEOMETRY
100
AcDbLine
 10
146.55188267022316
 20
180.77647058823527
 30
0.0
 11
146.4655143203201
 21
180.77647058823527
 31
0.0
  0
LINE
  5
133
330
17
100
AcDbEntity
  8
GEOMETRY
100
AcDbLine
 10
146.4655143203201
 20
180.77647058823527
 30
0.0
 11
146.37914597041706
 21
180.77647058823527
 31
0.0
  0
LINE
  5
134
330
17
100
AcDbEntity
  8
GEOMETRY
100
AcDbLine
 10
146.37914597041706
 20
180.77647058823527
 30
0.0
 11
146.292777620514
 21
180.77647058823527
 31
0.0
  0
LINE
  5
135
330
17
100
AcDbEntity
  8
GEOMETRY
100
AcDbLine
 10
146.292777620514
 20
180.77647058823527
 30
0.0
 11
146.21047823799134
 21
180.77647058823527
 31
0.0
  0
LINE
  5
136
330
17
100
AcDbEntity
  8
GEOMETRY
100
AcDbLine
 10
146.21047823799134
 20
180.77647058823527
 30
0.0
 11
146.13835127391968
 21
180.77647058823527
 31
0.0
  0
LINE
  5
137
330
17
100
AcDbEntity
  8
GEOMETRY
100
AcDbLine
 10
146.13835127391968
 20
180.77647058823527
 30
0.0
 11
146.066224309848
 21
180.77647058823527
 31
0.0
  0
LINE
  5
138
330
17
100
AcDbEntity
  8
GEOMETRY
100
AcDbLine
 10
146.066224309848
 20
180.77647058823527
 30
0.0
 11
145.99409734577634
 21
180.77647058823527
 31
0.0
  0
LINE
  5
139
330
17
100
AcDbEntity
  8
GEOMETRY
100
AcDbLine
 10
145.99409734577634
 20
180.77647058823527
 30
0.0
 11
145.92197038170468
 21
180.77647058823527
 31
0.0
  0
LINE
  5
13A
330
17
100
AcDbEntity
  8
GEOMETRY
100
AcDbLine
 10
145.92197038170468
 20
180.77647058823527
 30
0.0
 11
145.86259922690869
 21
180.77647058823527
 31
0.0
  0
LINE
  5
13B
330
17
100
AcDbEntity
  8
GEOMETRY
100
AcDbLine
 10
145.86259922690869
 20
180.77647058823527
 30
0.0
 11
145.80833039582294
 21
180.77647058823527
 31
0.0
  0
LINE
  5
13C
330
17
100
AcDbEntity
  8
GEOMETRY
100
AcDbLine
 10
145.80833039582294
 20
180.77647058823527
 30
0.0
 11
145.7540615647372
 21
180.77647058823527
 31
0.0
  0
LINE
  5
13D
330
17
100
AcDbEntity
  8
GEOMETRY
100
AcDbLine
 10
145.7540615647372
 20
180.77647058823527
 30
0.0
 11
145.69979273365146
 21
180.77647058823527
 31
0.0
  0
LINE
  5
13E
330
17
100
AcDbEntity
  8
GEOMETRY
100
AcDbLine
 10
145.69979273365146
 20
180.77647058823527
 30
0.0
 11
145.64846381667766
 21
180.77647058823527
 31
0.0
  0
LINE
  5
13F
330
17
100
AcDbEntity
  8
GEOMETRY
100
AcDbLine
 10
145.64846381667766
 20
180.77647058823527
 30
0.0
 11
145.61477438437538
 21
180.77647058823527
 31
0.0
  0
LINE
  5
140
330
17
100
AcDbEntity
  8
GEOMETRY
100
AcDbLine
 10
145.61477438437538
 20
180.77647058823527
 30
0.0
 11
145.5810849520731
 21
180.77647058823527
 31
0.0
  0
LINE
  5
141
330
17
100
AcDbEntity
  8
GEOMETRY
100
AcDbLine
 10
145.5810849520731
 20
180.77647058823527
 30
0.0
 11
145.54739551977084
 21
180.77647058823527
 31
0.0
  0
LINE
  5
142
330
17
100
AcDbEntity
  8
GEOMETRY
100
AcDbLine
 10
145.54739551977084
 20
180.77647058823527
 30
0.0
 11
145.51370608746856
 21
180.77647058823527
 31
0.0
  0
LINE
  5
143
330
17
100
AcDbEntity
  8
GEOMETRY
100
AcDbLine
 10
145.49274164236283
 20
180.77647058823527
 30
0.0
 11
145.48132093765446
 21
180.77647058823527
 31
0.0
  0
LINE
  5
144
330
17
100
AcDbEntity
  8
GEOMETRY
100
AcDbLine
 10
145.48132093765446
 20
180.77647058823527
 30
0.0
 11
145.46990023294612
 21
180.77647058823527
 31
0.0
  0
LINE
  5
145
330
17
100
AcDbEntity
  8
GEOMETRY
100
AcDbLine
 10
169.74117647058824
 20
172.4470588235294
 30
0.0
 11
169.69017500518675
 21
172.4470588235294
 31
0.0
  0
LINE
  5
146
330
17
100
AcDbEntity
  8
GEOMETRY
100
AcDbLine
 10
169.69017500518675
 20
172.4470588235294
 30
0.0
 11
169.63917353978528
 21
172.4470588235294
 31
0.0
  0
LINE
  5
147
330
17
100
AcDbEntity
  8
GEOMETRY
100
AcDbLine
 10
169.63917353978528
 20
172.4470588235294
 30
0.0
 11
169.5881720743838
 21
172.4470588235294
 31
0.0
  0
LINE
  5
148
330
17
100
AcDbEntity
  8
GEOMETRY
100
AcDbLine
 10
169.5881720743838
 20
172.4470588235294
 30
0.0
 11
169.53717060898234
 21
172.4470588235294
 31
0.0
  0
LINE
  5
149
330
17
100
AcDbEntity
  8
GEOMETRY
100
AcDbLine
 10
169.53717060898234
 20
172.4470588235294
 30
0.0
 11
169.48644401773194
 21
172.4470588235294
 31
0.0
  0
LINE
  5
14A
330
17
100
AcDbEntity
  8
GEOMETRY
100
AcDbLine
 10
169.48644401773194
 20
172.4470588235294
 30
0.0
 11
169.43608392534964
 21
172.4470588235294
 31
0.0
  0
LINE
  5
14B
330
17
100
AcDbEntity
  8
GEOMETRY
100
AcDbLine
 10
169.43608392534964
 20
172.4470588235294
 30
0.0
 11
169.38572383296733
 21
172.4470588235294
 31
0.0
  0
LINE
  5
14C
330
17
100
AcDbEntity
  8
GEOMETRY
100
AcDbLine
 10
169.38572383296733
 20
172.4470588235294
 30
0.0
 11
169.33536374058502
 21
172.4470588235294
 31
0.0
  0
LINE
  5
14D
330
17
100
AcDbEntity
  8
GEOMETRY
100
AcDbLine
 10
169.33536374058502
 20
172.4470588235294
 30
0.0
 11
169.28500364820272
 21
172.4470588235294
 31
0.0
  0
LINE
  5
14E
330
17
100
AcDbEntity
  8
GEOMETRY
100
AcDbLine
 10
169.28500364820272
 20
172.4470588235294
 30
0.0
 11
169.23573613902082
 21
172.4470588235294
 31
0.0
  0
LINE
  5
14F
330
17
100
AcDbEntity
  8
GEOMETRY
100
AcDbLine
 10
169.23573613902082
 20
172.4470588235294
 30
0.0
 11
169.186650727039
 21
172.4470588235294
 31
0.0
  0
LINE
  5
150
330
17
100
AcDbEntity
  8
GEOMETRY
100
AcDbLine
 10
169.186650727039
 20
172.4470588235294
 30
0.0
 11
169.13756531505717
 21
172.4470588235294
 31
0.0
  0
LINE
  5
151
330
17
100
AcDbEntity
  8
GEOMETRY
100
AcDbLine
 10
169.13756531505717
 20
172.4470588235294
 30
0.0
 11
169.08847990307532
 21
172.4470588235294
 31
0.0
  0
LINE
  5
152
330
17
100
AcDbEntity
  8
GEOMETRY
100
AcDbLine
 10
169.08847990307532
 20
172.4470588235294
 30
0.0
 11
169.03993505050383
 21
172.4470588235294
 31
0.0
  0
LINE
  5
153
330
17
100
AcDbEntity
  8
GEOMETRY
100
AcDbLine
 10
169.03993505050383
 20
172.4470588235294
 30
0.0
 11
168.99274159645816
 21
172.4470588235294
 31
0.0
  0
LINE
  5
154
330
17
100
AcDbEntity
  8
GEOMETRY
100
AcDbLine
 10
168.99274159645816
 20
172.4470588235294
 30
0.0
 11
168.94554814241252
 21
172.4470588235294
 31
0.0
  0
LINE
  5
155
330
17
100
AcDbEntity
  8
GEOMETRY
100
AcDbLine
 10
168.94554814241252
 20
172.4470588235294
 30
0.0
 11
168.89835468836685
 21
172.4470588235294
 31
0.0
  0
LINE
  5
156
330
17
100
AcDbEntity
  8
GEOMETRY
100
AcDbLine
 10
168.89835468836685
 20
172.4470588235294
 30
0.0
 11
168.85116123432118
 21
172.4470588235294
 31
0.0
  0
LINE
  5
157
330
17
100
AcDbEntity
  8
GEOMETRY
100
AcDbLine
 10
168.85116123432118
 20
172.4470588235294
 30
0.0
 11
168.8057430967063
 21
172.4470588235294
 31
0.0
  0
LINE
  5
158
330
17
100
AcDbEntity
  8
GEOMETRY
100
AcDbLine
 10
168.8057430967063
 20
172.4470588235294
 30
0.0
 11
168.7610350856637
 21
172.4470588235294
 31
0.0
  0
LINE
  5
159
330
17
100
AcDbEntity
  8
GEOMETRY
100
AcDbLine
 10
168.7610350856637
 20
172.4470588235294
 30
0.0
 11
168.7163270746211
 21
172.4470588235294
 31
0.0
  0
LINE
  5
15A
330
17
100
AcDbEntity
  8
GEOMETRY
100
AcDbLine
 10
168.7163270746211
 20
172.4470588235294
 30
0.0
 11
168.6716190635785
 21
172.4470588235294
 31
0.0
  0
LINE
  5
15B
330
17
100
AcDbEntity
  8
GEOMETRY
100
AcDbLine
 10
168.6716190635785
 20
172.4470588235294
 30
0.0
 11
168.62734643427623
 21
172.4470588235294
 31
0.0
  0
LINE
  5
15C
330
17
100
AcDbEntity
  8
GEOMETRY
100
AcDbLine
 10
168.62734643427623
 20
172.4470588235294
 30
0.0
 11
168.58568609541575
 21
172.4470588235294
 31
0.0
  0
LINE
  5
15D
330
17
100
AcDbEntity
  8
GEOMETRY
100
AcDbLine
 10
168.58568609541575
 20
172.4470588235294
 30
0.0
 11
168.5440257565553
 21
172.4470588235294
 31
0.0
  0
LINE
  5
15E
330
17
100
AcDbEntity
  8
GEOMETRY
100
AcDbLine
 10
168.5440257565553
 20
172.4470588235294
 30
0.0
 11
168.50236541769482
 21
172.4470588235294
 31
0.0
  0
LINE
  5
15F
330
17
100
AcDbEntity
  8
GEOMETRY
100
AcDbLine
 10
168.50236541769482
 20
172.4470588235294
 30
0.0
 11
168.46070507883437
 21
172.4470588235294
 31
0.0
  0
LINE
  5
160
330
17
100
AcDbEntity
  8
GEOMETRY
100
AcDbLine
 10
168.46070507883437
 20
172.4470588235294
 30
0.0
 11
168.4210856400397
 21
172.4470588235294
 31
0.0
  0
LINE
  5
161
330
17
100
AcDbEntity
  8
GEOMETRY
100
AcDbLine
 10
168.4210856400397
 20
172.4470588235294
 30
0.0
 11
168.38299687629444
 21
172.4470588235294
 31
0.0
  0
LINE
  5
162
330
17
100
AcDbEntity
  8
GEOMETRY
100
AcDbLine
 10
168.38299687629444
 20
172.4470588235294
 30
0.0
 11
168.34490811254915
 21
172.4470588235294
 31
0.0
  0
LINE
  5
163
330
17
100
AcDbEntity
  8
GEOMETRY
100
AcDbLine
 10
168.34490811254915
 20
172.4470588235294
 30
0.0
 11
168.30681934880388
 21
172.4470588235294
 31
0.0
  0
LINE
  5
164
330
17
100
AcDbEntity
  8
GEOMETRY
100
AcDbLine
 10
168.30681934880388
 20
172.4470588235294
 30
0.0
 11
168.2687305850586
 21
172.4470588235294
 31
0.0
  0
LINE
  5
165
330
17
100
AcDbEntity
  8
GEOMETRY
100
AcDbLine
 10
168.2687305850586
 20
172.4470588235294
 30
0.0
 11
168.23469238473223
 21
172.4470588235294
 31
0.0
  0
LINE
  5
166
330
17
100
AcDbEntity
  8
GEOMETRY
100
AcDbLine
 10
168.23469238473223
 20
172.4470588235294
 30
0.0
 11
168.20065418440583
 21
172.4470588235294
 31
0.0
  0
LINE
  5
167
330
17
100
AcDbEntity
  8
GEOMETRY
100
AcDbLine
 10
168.20065418440583
 20
172.4470588235294
 30
0.0
 11
168.16661598407944
 21
172.4470588235294
 31
0.0
  0
LINE
  5
168
330
17
100
AcDbEntity
  8
GEOMETRY
100
AcDbLine
 10
168.16661598407944
 20
172.4470588235294
 30
0.0
 11
168.13257778375308
 21
172.4470588235294
 31
0.0
  0
LINE
  5
169
330
17
100
AcDbEntity
  8
GEOMETRY
100
AcDbLine
 10
168.13257778375308
 20
172.4470588235294
 30
0.0
 11
168.10045898922846
 21
172.4470588235294
 31
0.0
  0
LINE
  5
16A
330
17
100
AcDbEntity
  8
GEOMETRY
100
AcDbLine
 10
168.10045898922846
 20
172.4470588235294
 30
0.0
 11
168.0708994024395
 21
172.4470588235294
 31
0.0
  0
LINE
  5
16B
330
17
100
AcDbEntity
  8
GEOMETRY
100
AcDbLine
 10
168.04133981565053
 20
172.4470588235294
 30
0.0
 11
168.0117802288616
 21
172.4470588235294
 31
0.0
  0
LINE
  5
16C
330
17
100
AcDbEntity
  8
GEOMETRY
100
AcDbLine
 10
168.0117802288616
 20
172.4470588235294
 30
0.0
 11
167.98222064207263
 21
172.4470588235294
 31
0.0
  0
LINE
  5
16D
330
17
100
AcDbEntity
  8
GEOMETRY
100
AcDbLine
 10
167.98222064207263
 20
172.4470588235294
 30
0.0
 11
167.95681849170552
 21
172.4470588235294
 31
0.0
  0
LINE
  5
16E
330
17
100
AcDbEntity
  8
GEOMETRY
100
AcDbLine
 10
167.95681849170552
 20
172.4470588235294
 30
0.0
 11
167.93210924740873
 21
172.4470588235294
 31
0.0
  0
LINE
  5
16F
330
17
100
AcDbEntity
  8
GEOMETRY
100
AcDbLine
 10
167.90740000311197
 20
172.4470588235294
 30
0.0
 11
167.8826907588152
 21
172.4470588235294
 31
0.0
  0
LINE
  5
170
330
17
100
AcDbEntity
  8
GEOMETRY
100
AcDbLine
 10
167.8826907588152
 20
172.4470588235294
 30
0.0
 11
167.85945610754007
 21
172.4470588235294
 31
0.0
  0
LINE
  5
171
330
17
100
AcDbEntity
  8
GEOMETRY
100
AcDbLine
 10
167.83990793881912
 20
172.4470588235294
 30
0.0
 11
167.82035977009818
 21
172.4470588235294
 31
0.0
  0
LINE
  5
172
330
17
100
AcDbEntity
  8
GEOMETRY
100
AcDbLine
 10
167.82035977009818
 20
172.4470588235294
 30
0.0
 11
167.80081160137723
 21
172.4470588235294
 31
0.0
  0
LINE
  5
173
330
17
100
AcDbEntity
  8
GEOMETRY
100
AcDbLine
 10
167.76557733903508
 20
172.4470588235294
 30
0.0
 11
167.75143607545374
 21
172.4470588235294
 31
0.0
  0
LINE
  5
174
330
17
100
AcDbEntity
  8
GEOMETRY
100
AcDbLine
 10
167.75143607545374
 20
172.4470588235294
 30
0.0
 11
167.7372948118724
 21
172.4470588235294
 31
0.0
  0
LINE
  5
175
330
17
100
AcDbEntity
  8
GEOMETRY
100
AcDbLine
 10
167.70125358082453
 20
172.4470588235294
 30
0.0
 11
167.69269705697732
 21
172.4470588235294
 31
0.0
  0
LINE
  5
176
330
17
100
AcDbEntity
  8
GEOMETRY
100
AcDbLine
 10
167.69269705697732
 20
172.4470588235294
 30
0.0
 11
167.6841405331301
 21
172.4470588235294
 31
0.0
  0
LINE
  5
177
330
17
100
AcDbEntity
  8
GEOMETRY
100
AcDbLine
 10
168.59091067629942
 20
172.4470588235294
 30
0.0
 11
168.67727902620246
 21
172.4470588235294
 31
0.0
  0
LINE
  5
178
330
17
100
AcDbEntity
  8
GEOMETRY
100
AcDbLine
 10
168.85143151402636
 20
172.4470588235294
 30
0.0
 11
168.94771038005385
 21
172.4470588235294
 31
0.0
  0
LINE
  5
179
330
17
100
AcDbEntity
  8
GEOMETRY
100
AcDbLine
 10
169.14026811210883
 20
172.4470588235294
 30
0.0
 11
169.23654697813632
 21
172.4470588235294
 31
0.0
  0
LINE
  5
17A
330
17
100
AcDbEntity
  8
GEOMETRY
100
AcDbLine
 10
169.3357302394531
 20
172.4470588235294
 30
0.0
 11
169.4370917972369
 21
172.4470588235294
 31
0.0
  0
LINE
  5
17B
330
17
100
AcDbEntity
  8
GEOMETRY
100
AcDbLine
 10
169.53845335502066
 20
172.4470588235294
 30
0.0
 11
169.63981491280447
 21
172.4470588235294
 31
0.0
  0
LINE
  5
17C
330
17
100
AcDbEntity
  8
GEOMETRY
100
AcDbLine
 10
169.74117647058824
 20
172.4470588235294
 30
0.0
 11
169.84253802837202
 21
172.4470588235294
 31
0.0
  0
LINE
  5
17D
330
17
100
AcDbEntity
  8
GEOMETRY
100
AcDbLine
 10
169.84253802837202
 20
172.4470588235294
 30
0.0
 11
169.9438995861558
 21
172.4470588235294
 31
0.0
  0
LINE
  5
17E
330
17
100
AcDbEntity
  8
GEOMETRY
100
AcDbLine
 10
169.9438995861558
 20
172.4470588235294
 30
0.0
 11
170.04526114393957
 21
172.4470588235294
 31
0.0
  0
LINE
  5
17F
330
17
100
AcDbEntity
  8
GEOMETRY
100
AcDbLine
 10
170.04526114393957
 20
172.4470588235294
 30
0.0
 11
170.14662270172335
 21
172.4470588235294
 31
0.0
  0
LINE
  5
180
330
17
100
AcDbEntity
  8
GEOMETRY
100
AcDbLine
 10
170.14662270172335
 20
172.4470588235294
 30
0.0
 11
170.24580596304014
 21
172.4470588235294
 31
0.0
  0
LINE
  5
181
330
17
100
AcDbEntity
  8
GEOMETRY
100
AcDbLine
 10
170.24580596304014
 20
172.4470588235294
 30
0.0
 11
170.34208482906763
 21
172.4470588235294
 31
0.0
  0
LINE
  5
182
330
17
100
AcDbEntity
  8
GEOMETRY
100
AcDbLine
 10
170.34208482906763
 20
172.4470588235294
 30
0.0
 11
170.43836369509512
 21
172.4470588235294
 31
0.0
  0
LINE
  5
183
330
17
100
AcDbEntity
  8
GEOMETRY
100
AcDbLine
 10
170.43836369509512
 20
172.4470588235294
 30
0.0
 11
170.5346425611226
 21
172.4470588235294
 31
0.0
  0
LINE
  5
184
330
17
100
AcDbEntity
  8
GEOMETRY
100
AcDbLine
 10
170.5346425611226
 20
172.4470588235294
 30
0.0
 11
170.6309214271501
 21
172.4470588235294
 31
0.0
  0
LINE
  5
185
330
17
100
AcDbEntity
  8
GEOMETRY
100
AcDbLine
 10
170.6309214271501
 20
172.4470588235294
 30
0.0
 11
170.71870556507093
 21
172.4470588235294
 31
0.0
  0
LINE
  5
186
330
17
100
AcDbEntity
  8
GEOMETRY
100
AcDbLine
 10
170.71870556507093
 20
172.4470588235294
 30
0.0
 11
170.805073914974
 21
172.4470588235294
 31
0.0
  0
LINE
  5
187
330
17
100
AcDbEntity
  8
GEOMETRY
100
AcDbLine
 10
170.805073914974
 20
172.4470588235294
 30
0.0
 11
170.89144226487704
 21
172.4470588235294
 31
0.0
  0
LINE
  5
188
330
17
100
AcDbEntity
  8
GEOMETRY
100
AcDbLine
 10
170.89144226487704
 20
172.4470588235294
 30
0.0
 11
170.9778106147801
 21
172.4470588235294
 31
0.0
  0
LINE
  5
189
330
17
100
AcDbEntity
  8
GEOMETRY
100
AcDbLine
 10
170.9778106147801
 20
172.4470588235294
 30
0.0
 11
171.06010999730276
 21
172.4470588235294
 31
0.0
  0
LINE
  5
18A
330
17
100
AcDbEntity
  8
GEOMETRY
100
AcDbLine
 10
171.06010999730276
 20
172.4470588235294
 30
0.0
 11
171.13223696137445
 21
172.4470588235294
 31
0.0
  0
LINE
  5
18B
330
17
100
AcDbEntity
  8
GEOMETRY
100
AcDbLine
 10
171.13223696137445
 20
172.4470588235294
 30
0.0
 11
171.2043639254461
 21
172.4470588235294
 31
0.0
  0
LINE
  5
18C
330
17
100
AcDbEntity
  8
GEOMETRY
100
AcDbLine
 10
171.2043639254461
 20
172.4470588235294
 30
0.0
 11
171.27649088951776
 21
172.4470588235294
 31
0.0
  0
LINE
  5
18D
330
17
100
AcDbEntity
  8
GEOMETRY
100
AcDbLine
 10
171.27649088951776
 20
172.4470588235294
 30
0.0
 11
171.34861785358942
 21
172.4470588235294
 31
0.0
  0
LINE
  5
18E
330
17
100
AcDbEntity
  8
GEOMETRY
100
AcDbLine
 10
171.34861785358942
 20
172.4470588235294
 30
0.0
 11
171.4079890083854
 21
172.4470588235294
 31
0.0
  0
LINE
  5
18F
330
17
100
AcDbEntity
  8
GEOMETRY
100
AcDbLine
 10
171.4079890083854
 20
172.4470588235294
 30
0.0
 11
171.46225783947116
 21
172.4470588235294
 31
0.0
  0
LINE
  5
190
330
17
100
AcDbEntity
  8
GEOMETRY
100
AcDbLine
 10
171.46225783947116
 20
172.4470588235294
 30
0.0
 11
171.51652667055689
 21
172.4470588235294
 31
0.0
  0
LINE
  5
191
330
17
100
AcDbEntity
  8
GEOMETRY
100
AcDbLine
 10
171.51652667055689
 20
172.4470588235294
 30
0.0
 11
171.57079550164264
 21
172.4470588235294
 31
0.0
  0
LINE
  5
192
330
17
100
AcDbEntity
  8
GEOMETRY
100
AcDbLine
 10
171.57079550164264
 20
172.4470588235294
 30
0.0
 11
171.62212441861644
 21
172.4470588235294
 31
0.0
  0
LINE
  5
193
330
17
100
AcDbEntity
  8
GEOMETRY
100
AcDbLine
 10
171.62212441861644
 20
172.4470588235294
 30
0.0
 11
171.65581385091872
 21
172.4470588235294
 31
0.0
  0
LINE
  5
194
330
17
100
AcDbEntity
  8
GEOMETRY
100
AcDbLine
 10
171.65581385091872
 20
172.4470588235294
 30
0.0
 11
171.689503283221
 21
172.4470588235294
 31
0.0
  0
LINE
  5
195
330
17
100
AcDbEntity
  8
GEOMETRY
100
AcDbLine
 10
171.689503283221
 20
172.4470588235294
 30
0.0
 11
171.72319271552328
 21
172.4470588235294
 31
0.0
  0
LINE
  5
196
330
17
100
AcDbEntity
  8
GEOMETRY
100
AcDbLine
 10
171.72319271552328
 20
172.4470588235294
 30
0.0
 11
171.75688214782554
 21
172.4470588235294
 31
0.0
  0
LINE
  5
197
330
17
100
AcDbEntity
  8
GEOMETRY
100
AcDbLine
 10
171.7778465929313
 20
172.4470588235294
 30
0.0
 11
171.78926729763964
 21
172.4470588235294
 31
0.0
  0
LINE
  5
198
330
17
100
AcDbEntity
  8
GEOMETRY
100
AcDbLine
 10
171.78926729763964
 20
172.4470588235294
 30
0.0
 11
171.80068800234798
 21
172.4470588235294
 31
0.0
  0
LINE
  5
199
330
17
100
AcDbEntity
  8
GEOMETRY
100
AcDbLine
 10
171.64244500235733
 20
172.4470588235294
 30
0.0
 11
171.6228968336364
 21
172.4470588235294
 31
0.0
  0
LINE
  5
19A
330
17
100
AcDbEntity
  8
GEOMETRY
100
AcDbLine
 10
171.50013229910383
 20
172.4470588235294
 30
0.0
 11
171.4705727123149
 21
172.4470588235294
 31
0.0
  0
LINE
  5
19B
330
17
100
AcDbEntity
  8
GEOMETRY
100
AcDbLine
 10
171.44101312552593
 20
172.4470588235294
 30
0.0
 11
171.41145353873696
 21
172.4470588235294
 31
0.0
  0
LINE
  5
19C
330
17
100
AcDbEntity
  8
GEOMETRY
100
AcDbLine
 10
171.34977515742338
 20
172.4470588235294
 30
0.0
 11
171.315736957097
 21
172.4470588235294
 31
0.0
  0
LINE
  5
19D
330
17
100
AcDbEntity
  8
GEOMETRY
100
AcDbLine
 10
171.28169875677062
 20
172.4470588235294
 30
0.0
 11
171.24766055644423
 21
172.4470588235294
 31
0.0
  0
LINE
  5
19E
330
17
100
AcDbEntity
  8
GEOMETRY
100
AcDbLine
 10
171.21362235611787
 20
172.4470588235294
 30
0.0
 11
171.17553359237257
 21
172.4470588235294
 31
0.0
  0
LINE
  5
19F
330
17
100
AcDbEntity
  8
GEOMETRY
100
AcDbLine
 10
171.1374448286273
 20
172.4470588235294
 30
0.0
 11
171.09935606488202
 21
172.4470588235294
 31
0.0
  0
LINE
  5
1A0
330
17
100
AcDbEntity
  8
GEOMETRY
100
AcDbLine
 10
171.0216478623421
 20
172.4470588235294
 30
0.0
 11
170.97998752348164
 21
172.4470588235294
 31
0.0
  0
LINE
  5
1A1
330
17
100
AcDbEntity
  8
GEOMETRY
100
AcDbLine
 10
170.93832718462116
 20
172.4470588235294
 30
0.0
 11
170.8966668457607
 21
172.4470588235294
 31
0.0
  0
LINE
  5
1A2
330
17
100
AcDbEntity
  8
GEOMETRY
100
AcDbLine
 10
170.8966668457607
 20
172.4470588235294
 30
0.0
 11
170.85500650690022
 21
172.4470588235294
 31
0.0
  0
LINE
  5
1A3
330
17
100
AcDbEntity
  8
GEOMETRY
100
AcDbLine
 10
170.85500650690022
 20
172.4470588235294
 30
0.0
 11
170.81073387759795
 21
172.4470588235294
 31
0.0
  0
LINE
  5
1A4
330
17
100
AcDbEntity
  8
GEOMETRY
100
AcDbLine
 10
170.81073387759795
 20
172.4470588235294
 30
0.0
 11
170.76602586655537
 21
172.4470588235294
 31
0.0
  0
LINE
  5
1A5
330
17
100
AcDbEntity
  8
GEOMETRY
100
AcDbLine
 10
170.67660984447016
 20
172.4470588235294
 30
0.0
 11
170.63119170685528
 21
172.4470588235294
 31
0.0
  0
LINE
  5
1A6
330
17
100
AcDbEntity
  8
GEOMETRY
100
AcDbLine
 10
170.63119170685528
 20
172.4470588235294
 30
0.0
 11
170.5839982528096
 21
172.4470588235294
 31
0.0
  0
LINE
  5
1A7
330
17
100
AcDbEntity
  8
GEOMETRY
100
AcDbLine
 10
170.5839982528096
 20
172.4470588235294
 30
0.0
 11
170.53680479876394
 21
172.4470588235294
 31
0.0
  0
LINE
  5
1A8
330
17
100
AcDbEntity
  8
GEOMETRY
100
AcDbLine
 10
170.53680479876394
 20
172.4470588235294
 30
0.0
 11
170.4896113447183
 21
172.4470588235294
 31
0.0
  0
LINE
  5
1A9
330
17
100
AcDbEntity
  8
GEOMETRY
100
AcDbLine
 10
170.39387303810113
 20
172.4470588235294
 30
0.0
 11
170.34478762611928
 21
172.4470588235294
 31
0.0
  0
LINE
  5
1AA
330
17
100
AcDbEntity
  8
GEOMETRY
100
AcDbLine
 10
170.34478762611928
 20
172.4470588235294
 30
0.0
 11
170.29570221413746
 21
172.4470588235294
 31
0.0
  0
LINE
  5
1AB
330
17
100
AcDbEntity
  8
GEOMETRY
100
AcDbLine
 10
170.29570221413746
 20
172.4470588235294
 30
0.0
 11
170.24661680215564
 21
172.4470588235294
 31
0.0
  0
LINE
  5
1AC
330
17
100
AcDbEntity
  8
GEOMETRY
100
AcDbLine
 10
170.24661680215564
 20
172.4470588235294
 30
0.0
 11
170.19734929297374
 21
172.4470588235294
 31
0.0
  0
LINE
  5
1AD
330
17
100
AcDbEntity
  8
GEOMETRY
100
AcDbLine
 10
170.14698920059143
 20
172.4470588235294
 30
0.0
 11
170.09662910820913
 21
172.4470588235294
 31
0.0
  0
LINE
  5
1AE
330
17
100
AcDbEntity
  8
GEOMETRY
100
AcDbLine
 10
170.09662910820913
 20
172.4470588235294
 30
0.0
 11
170.04626901582682
 21
172.4470588235294
 31
0.0
  0
LINE
  5
1AF
330
17
100
AcDbEntity
  8
GEOMETRY
100
AcDbLine
 10
170.04626901582682
 20
172.4470588235294
 30
0.0
 11
169.99590892344452
 21
172.4470588235294
 31
0.0
  0
LINE
  5
1B0
330
17
100
AcDbEntity
  8
GEOMETRY
100
AcDbLine
 10
169.94518233219412
 20
172.4470588235294
 30
0.0
 11
169.89418086679262
 21
172.4470588235294
 31
0.0
  0
LINE
  5
1B1
330
17
100
AcDbEntity
  8
GEOMETRY
100
AcDbLine
 10
169.89418086679262
 20
172.4470588235294
 30
0.0
 11
169.84317940139118
 21
172.4470588235294
 31
0.0
  0
LINE
  5
1B2
330
17
100
AcDbEntity
  8
GEOMETRY
100
AcDbLine
 10
169.84317940139118
 20
172.4470588235294
 30
0.0
 11
169.79217793598968
 21
172.4470588235294
 31
0.0
  0
LINE
  5
1B3
330
17
100
AcDbEntity
  8
GEOMETRY
100
AcDbLine
 10
189.87058823529412
 20
172.4470588235294
 30
0.0
 11
189.88200894000246
 21
172.4470588235294
 31
0.0
  0
LINE
  5
1B4
330
17
100
AcDbEntity
  8
GEOMETRY
100
AcDbLine
 10
189.90485034941918
 20
172.4470588235294
 30
0.0
 11
189.91627105412752
 21
172.4470588235294
 31
0.0
  0
LINE
  5
1B5
330
17
100
AcDbEntity
  8
GEOMETRY
100
AcDbLine
 10
189.91627105412752
 20
172.4470588235294
 30
0.0
 11
189.93723549923328
 21
172.4470588235294
 31
0.0
  0
LINE
  5
1B6
330
17
100
AcDbEntity
  8
GEOMETRY
100
AcDbLine
 10
189.97092493153554
 20
172.4470588235294
 30
0.0
 11
190.00461436383782
 21
172.4470588235294
 31
0.0
  0
LINE
  5
1B7
330
17
100
AcDbEntity
  8
GEOMETRY
100
AcDbLine
 10
190.00461436383782
 20
172.4470588235294
 30
0.0
 11
190.0383037961401
 21
172.4470588235294
 31
0.0
  0
LINE
  5
1B8
330
17
100
AcDbEntity
  8
GEOMETRY
100
AcDbLine
 10
190.0383037961401
 20
172.4470588235294
 30
0.0
 11
190.07199322844235
 21
172.4470588235294
 31
0.0
  0
LINE
  5
1B9
330
17
100
AcDbEntity
  8
GEOMETRY
100
AcDbLine
 10
190.07199322844235
 20
172.4470588235294
 30
0.0
 11
190.12332214541618
 21
172.4470588235294
 31
0.0
  0
LINE
  5
1BA
330
17
100
AcDbEntity
  8
GEOMETRY
100
AcDbLine
 10
190.12332214541618
 20
172.4470588235294
 30
0.0
 11
190.1775909765019
 21
172.4470588235294
 31
0.0
  0
LINE
  5
1BB
330
17
100
AcDbEntity
  8
GEOMETRY
100
AcDbLine
 10
190.1775909765019
 20
172.4470588235294
 30
0.0
 11
190.23185980758765
 21
172.4470588235294
 31
0.0
  0
LINE
  5
1BC
330
17
100
AcDbEntity
  8
GEOMETRY
100
AcDbLine
 10
190.23185980758765
 20
172.4470588235294
 30
0.0
 11
190.2861286386734
 21
172.4470588235294
 31
0.0
  0
LINE
  5
1BD
330
17
100
AcDbEntity
  8
GEOMETRY
100
AcDbLine
 10
190.2861286386734
 20
172.4470588235294
 30
0.0
 11
190.3454997934694
 21
172.4470588235294
 31
0.0
  0
LINE
  5
1BE
330
17
100
AcDbEntity
  8
GEOMETRY
100
AcDbLine
 10
190.3454997934694
 20
172.4470588235294
 30
0.0
 11
190.41762675754106
 21
172.4470588235294
 31
0.0
  0
LINE
  5
1BF
330
17
100
AcDbEntity
  8
GEOMETRY
100
AcDbLine
 10
190.41762675754106
 20
172.4470588235294
 30
0.0
 11
190.48975372161271
 21
172.4470588235294
 31
0.0
  0
LINE
  5
1C0
330
17
100
AcDbEntity
  8
GEOMETRY
100
AcDbLine
 10
190.48975372161271
 20
172.4470588235294
 30
0.0
 11
190.56188068568437
 21
172.4470588235294
 31
0.0
  0
LINE
  5
1C1
330
17
100
AcDbEntity
  8
GEOMETRY
100
AcDbLine
 10
190.56188068568437
 20
172.4470588235294
 30
0.0
 11
190.63400764975603
 21
172.4470588235294
 31
0.0
  0
LINE
  5
1C2
330
17
100
AcDbEntity
  8
GEOMETRY
100
AcDbLine
 10
190.63400764975603
 20
172.4470588235294
 30
0.0
 11
190.7163070322787
 21
172.4470588235294
 31
0.0
  0
LINE
  5
1C3
330
17
100
AcDbEntity
  8
GEOMETRY
100
AcDbLine
 10
190.7163070322787
 20
172.4470588235294
 30
0.0
 11
190.80267538218175
 21
172.4470588235294
 31
0.0
  0
LINE
  5
1C4
330
17
100
AcDbEntity
  8
GEOMETRY
100
AcDbLine
 10
190.80267538218175
 20
172.4470588235294
 30
0.0
 11
190.88904373208482
 21
172.4470588235294
 31
0.0
  0
LINE
  5
1C5
330
17
100
AcDbEntity
  8
GEOMETRY
100
AcDbLine
 10
190.88904373208482
 20
172.4470588235294
 30
0.0
 11
190.97541208198788
 21
172.4470588235294
 31
0.0
  0
LINE
  5
1C6
330
17
100
AcDbEntity
  8
GEOMETRY
100
AcDbLine
 10
190.97541208198788
 20
172.4470588235294
 30
0.0
 11
191.06319621990872
 21
172.4470588235294
 31
0.0
  0
LINE
  5
1C7
330
17
100
AcDbEntity
  8
GEOMETRY
100
AcDbLine
 10
191.06319621990872
 20
172.4470588235294
 30
0.0
 11
191.1594750859362
 21
172.4470588235294
 31
0.0
  0
LINE
  5
1C8
330
17
100
AcDbEntity
  8
GEOMETRY
100
AcDbLine
 10
191.1594750859362
 20
172.4470588235294
 30
0.0
 11
191.2557539519637
 21
172.4470588235294
 31
0.0
  0
LINE
  5
1C9
330
17
100
AcDbEntity
  8
GEOMETRY
100
AcDbLine
 10
191.2557539519637
 20
172.4470588235294
 30
0.0
 11
191.3520328179912
 21
172.4470588235294
 31
0.0
  0
LINE
  5
1CA
330
17
100
AcDbEntity
  8
GEOMETRY
100
AcDbLine
 10
191.3520328179912
 20
172.4470588235294
 30
0.0
 11
191.44831168401868
 21
172.4470588235294
 31
0.0
  0
LINE
  5
1CB
330
17
100
AcDbEntity
  8
GEOMETRY
100
AcDbLine
 10
191.44831168401868
 20
172.4470588235294
 30
0.0
 11
191.54749494533547
 21
172.4470588235294
 31
0.0
  0
LINE
  5
1CC
330
17
100
AcDbEntity
  8
GEOMETRY
100
AcDbLine
 10
191.54749494533547
 20
172.4470588235294
 30
0.0
 11
191.64885650311925
 21
172.4470588235294
 31
0.0
  0
LINE
  5
1CD
330
17
100
AcDbEntity
  8
GEOMETRY
100
AcDbLine
 10
191.64885650311925
 20
172.4470588235294
 30
0.0
 11
191.75021806090302
 21
172.4470588235294
 31
0.0
  0
LINE
  5
1CE
330
17
100
AcDbEntity
  8
GEOMETRY
100
AcDbLine
 10
191.75021806090302
 20
172.4470588235294
 30
0.0
 11
191.8515796186868
 21
172.4470588235294
 31
0.0
  0
LINE
  5
1CF
330
17
100
AcDbEntity
  8
GEOMETRY
100
AcDbLine
 10
191.8515796186868
 20
172.4470588235294
 30
0.0
 11
191.95294117647057
 21
172.4470588235294
 31
0.0
  0
LINE
  5
1D0
330
17
100
AcDbEntity
  8
GEOMETRY
100
AcDbLine
 10
191.95294117647057
 20
172.4470588235294
 30
0.0
 11
192.05430273425435
 21
172.4470588235294
 31
0.0
  0
LINE
  5
1D1
330
17
100
AcDbEntity
  8
GEOMETRY
100
AcDbLine
 10
192.05430273425435
 20
172.4470588235294
 30
0.0
 11
192.15566429203813
 21
172.4470588235294
 31
0.0
  0
LINE
  5
1D2
330
17
100
AcDbEntity
  8
GEOMETRY
100
AcDbLine
 10
192.15566429203813
 20
172.4470588235294
 30
0.0
 11
192.2570258498219
 21
172.4470588235294
 31
0.0
  0
LINE
  5
1D3
330
17
100
AcDbEntity
  8
GEOMETRY
100
AcDbLine
 10
192.2570258498219
 20
172.4470588235294
 30
0.0
 11
192.35838740760568
 21
172.4470588235294
 31
0.0
  0
LINE
  5
1D4
330
17
100
AcDbEntity
  8
GEOMETRY
100
AcDbLine
 10
192.35838740760568
 20
172.4470588235294
 30
0.0
 11
192.45757066892247
 21
172.4470588235294
 31
0.0
  0
LINE
  5
1D5
330
17
100
AcDbEntity
  8
GEOMETRY
100
AcDbLine
 10
192.45757066892247
 20
172.4470588235294
 30
0.0
 11
192.55384953494996
 21
172.4470588235294
 31
0.0
  0
LINE
  5
1D6
330
17
100
AcDbEntity
  8
GEOMETRY
100
AcDbLine
 10
192.55384953494996
 20
172.4470588235294
 30
0.0
 11
192.65012840097745
 21
172.4470588235294
 31
0.0
  0
LINE
  5
1D7
330
17
100
AcDbEntity
  8
GEOMETRY
100
AcDbLine
 10
192.65012840097745
 20
172.4470588235294
 30
0.0
 11
192.74640726700497
 21
172.4470588235294
 31
0.0
  0
LINE
  5
1D8
330
17
100
AcDbEntity
  8
GEOMETRY
100
AcDbLine
 10
192.74640726700497
 20
172.4470588235294
 30
0.0
 11
192.84268613303246
 21
172.4470588235294
 31
0.0
  0
LINE
  5
1D9
330
17
100
AcDbEntity
  8
GEOMETRY
100
AcDbLine
 10
192.84268613303246
 20
172.4470588235294
 30
0.0
 11
192.9304702709533
 21
172.4470588235294
 31
0.0
  0
LINE
  5
1DA
330
17
100
AcDbEntity
  8
GEOMETRY
100
AcDbLine
 10
192.9304702709533
 20
172.4470588235294
 30
0.0
 11
193.01683862085636
 21
172.4470588235294
 31
0.0
  0
LINE
  5
1DB
330
17
100
AcDbEntity
  8
GEOMETRY
100
AcDbLine
 10
193.01683862085636
 20
172.4470588235294
 30
0.0
 11
193.1032069707594
 21
172.4470588235294
 31
0.0
  0
LINE
  5
1DC
330
17
100
AcDbEntity
  8
GEOMETRY
100
AcDbLine
 10
193.1032069707594
 20
172.4470588235294
 30
0.0
 11
193.18957532066247
 21
172.4470588235294
 31
0.0
  0
LINE
  5
1DD
330
17
100
AcDbEntity
  8
GEOMETRY
100
AcDbLine
 10
193.18957532066247
 20
172.4470588235294
 30
0.0
 11
193.27187470318512
 21
172.4470588235294
 31
0.0
  0
LINE
  5
1DE
330
17
100
AcDbEntity
  8
GEOMETRY
100
AcDbLine
 10
193.27187470318512
 20
172.4470588235294
 30
0.0
 11
193.34400166725678
 21
172.4470588235294
 31
0.0
  0
LINE
  5
1DF
330
17
100
AcDbEntity
  8
GEOMETRY
100
AcDbLine
 10
193.34400166725678
 20
172.4470588235294
 30
0.0
 11
193.41612863132843
 21
172.4470588235294
 31
0.0
  0
LINE
  5
1E0
330
17
100
AcDbEntity
  8
GEOMETRY
100
AcDbLine
 10
193.41612863132843
 20
172.4470588235294
 30
0.0
 11
193.48825559540012
 21
172.4470588235294
 31
0.0
  0
LINE
  5
1E1
330
17
100
AcDbEntity
  8
GEOMETRY
100
AcDbLine
 10
193.48825559540012
 20
172.4470588235294
 30
0.0
 11
193.56038255947178
 21
172.4470588235294
 31
0.0
  0
LINE
  5
1E2
330
17
100
AcDbEntity
  8
GEOMETRY
100
AcDbLine
 10
193.56038255947178
 20
172.4470588235294
 30
0.0
 11
193.61975371426777
 21
172.4470588235294
 31
0.0
  0
LINE
  5
1E3
330
17
100
AcDbEntity
  8
GEOMETRY
100
AcDbLine
 10
193.61975371426777
 20
172.4470588235294
 30
0.0
 11
193.67402254535352
 21
172.4470588235294
 31
0.0
  0
LINE
  5
1E4
330
17
100
AcDbEntity
  8
GEOMETRY
100
AcDbLine
 10
193.67402254535352
 20
172.4470588235294
 30
0.0
 11
193.72829137643924
 21
172.4470588235294
 31
0.0
  0
LINE
  5
1E5
330
17
100
AcDbEntity
  8
GEOMETRY
100
AcDbLine
 10
193.72829137643924
 20
172.4470588235294
 30
0.0
 11
193.78256020752497
 21
172.4470588235294
 31
0.0
  0
LINE
  5
1E6
330
17
100
AcDbEntity
  8
GEOMETRY
100
AcDbLine
 10
193.78256020752497
 20
172.4470588235294
 30
0.0
 11
193.8338891244988
 21
172.4470588235294
 31
0.0
  0
LINE
  5
1E7
330
17
100
AcDbEntity
  8
GEOMETRY
100
AcDbLine
 10
193.8338891244988
 20
172.4470588235294
 30
0.0
 11
193.86757855680108
 21
172.4470588235294
 31
0.0
  0
LINE
  5
1E8
330
17
100
AcDbEntity
  8
GEOMETRY
100
AcDbLine
 10
193.86757855680108
 20
172.4470588235294
 30
0.0
 11
193.90126798910336
 21
172.4470588235294
 31
0.0
  0
LINE
  5
1E9
330
17
100
AcDbEntity
  8
GEOMETRY
100
AcDbLine
 10
193.90126798910336
 20
172.4470588235294
 30
0.0
 11
193.9349574214056
 21
172.4470588235294
 31
0.0
  0
LINE
  5
1EA
330
17
100
AcDbEntity
  8
GEOMETRY
100
AcDbLine
 10
193.9349574214056
 20
172.4470588235294
 30
0.0
 11
193.9686468537079
 21
172.4470588235294
 31
0.0
  0
LINE
  5
1EB
330
17
100
AcDbEntity
  8
GEOMETRY
100
AcDbLine
 10
193.98961129881366
 20
172.4470588235294
 30
0.0
 11
194.001032003522
 21
172.4470588235294
 31
0.0
  0
LINE
  5
1EC
330
17
100
AcDbEntity
  8
GEOMETRY
100
AcDbLine
 10
194.001032003522
 20
172.4470588235294
 30
0.0
 11
194.01245270823034
 21
172.4470588235294
 31
0.0
  0
LINE
  5
1ED
330
17
100
AcDbEntity
  8
GEOMETRY
100
AcDbLine
 10
161.06470588235294
 20
172.4470588235294
 30
0.0
 11
161.11229215197108
 21
172.4470588235294
 31
0.0
  0
LINE
  5
1EE
330
17
100
AcDbEntity
  8
GEOMETRY
100
AcDbLine
 10
161.11229215197108
 20
172.4470588235294
 30
0.0
 11
161.1598784215892
 21
172.4470588235294
 31
0.0
  0
LINE
  5
1EF
330
17
100
AcDbEntity
  8
GEOMETRY
100
AcDbLine
 10
161.1598784215892
 20
172.4470588235294
 30
0.0
 11
161.20746469120735
 21
172.4470588235294
 31
0.0
  0
LINE
  5
1F0
330
17
100
AcDbEntity
  8
GEOMETRY
100
AcDbLine
 10
161.20746469120735
 20
172.4470588235294
 30
0.0
 11
161.25505096082549
 21
172.4470588235294
 31
0.0
  0
LINE
  5
1F1
330
17
100
AcDbEntity
  8
GEOMETRY
100
AcDbLine
 10
161.25505096082549
 20
172.4470588235294
 30
0.0
 11
161.34240281543276
 21
172.4470588235294
 31
0.0
  0
LINE
  5
1F2
330
17
100
AcDbEntity
  8
GEOMETRY
100
AcDbLine
 10
161.34240281543276
 20
172.4470588235294
 30
0.0
 11
161.48277545002557
 21
172.4470588235294
 31
0.0
  0
LINE
  5
1F3
330
17
100
AcDbEntity
  8
GEOMETRY
100
AcDbLine
 10
161.48277545002557
 20
172.4470588235294
 30
0.0
 11
161.62314808461838
 21
172.4470588235294
 31
0.0
  0
LINE
  5
1F4
330
17
100
AcDbEntity
  8
GEOMETRY
100
AcDbLine
 10
161.62314808461838
 20
172.4470588235294
 30
0.0
 11
161.7635207192112
 21
172.4470588235294
 31
0.0
  0
LINE
  5
1F5
330
17
100
AcDbEntity
  8
GEOMETRY
100
AcDbLine
 10
161.7635207192112
 20
172.4470588235294
 30
0.0
 11
161.903893353804
 21
172.4470588235294
 31
0.0
  0
LINE
  5
1F6
330
17
100
AcDbEntity
  8
GEOMETRY
100
AcDbLine
 10
177.57845958737246
 20
172.4470588235294
 30
0.0
 11
177.71883222196527
 21
172.4470588235294
 31
0.0
  0
LINE
  5
1F7
330
17
100
AcDbEntity
  8
GEOMETRY
100
AcDbLine
 10
177.71883222196527
 20
172.4470588235294
 30
0.0
 11
177.85920485655808
 21
172.4470588235294
 31
0.0
  0
LINE
  5
1F8
330
17
100
AcDbEntity
  8
GEOMETRY
100
AcDbLine
 10
177.85920485655808
 20
172.4470588235294
 30
0.0
 11
177.9995774911509
 21
172.4470588235294
 31
0.0
  0
LINE
  5
1F9
330
17
100
AcDbEntity
  8
GEOMETRY
100
AcDbLine
 10
177.9995774911509
 20
172.4470588235294
 30
0.0
 11
178.1399501257437
 21
172.4470588235294
 31
0.0
  0
LINE
  5
1FA
330
17
100
AcDbEntity
  8
GEOMETRY
100
AcDbLine
 10
178.1399501257437
 20
172.4470588235294
 30
0.0
 11
178.22730198035097
 21
172.4470588235294
 31
0.0
  0
LINE
  5
1FB
330
17
100
AcDbEntity
  8
GEOMETRY
100
AcDbLine
 10
178.22730198035097
 20
172.4470588235294
 30
0.0
 11
178.2748882499691
 21
172.4470588235294
 31
0.0
  0
LINE
  5
1FC
330
17
100
AcDbEntity
  8
GEOMETRY
100
AcDbLine
 10
178.2748882499691
 20
172.4470588235294
 30
0.0
 11
178.32247451958725
 21
172.4470588235294
 31
0.0
  0
LINE
  5
1FD
330
17
100
AcDbEntity
  8
GEOMETRY
100
AcDbLine
 10
178.32247451958725
 20
172.4470588235294
 30
0.0
 11
178.37006078920538
 21
172.4470588235294
 31
0.0
  0
LINE
  5
1FE
330
17
100
AcDbEntity
  8
GEOMETRY
100
AcDbLine
 10
178.37006078920538
 20
172.4470588235294
 30
0.0
 11
178.41764705882352
 21
172.4470588235294
 31
0.0
  0
LINE
  5
1FF
330
17
100
AcDbEntity
  8
GEOMETRY
100
AcDbLine
 10
149.61176470588234
 20
172.4470588235294
 30
0.0
 11
149.600344001174
 21
172.4470588235294
 31
0.0
  0
LINE
  5
200
330
17
100
AcDbEntity
  8
GEOMETRY
100
AcDbLine
 10
149.57750259175728
 20
172.4470588235294
 30
0.0
 11
149.56608188704894
 21
172.4470588235294
 31
0.0
  0
LINE
  5
201
330
17
100
AcDbEntity
  8
GEOMETRY
100
AcDbLine
 10
149.56608188704894
 20
172.4470588235294
 30
0.0
 11
149.54511744194318
 21
172.4470588235294
 31
0.0
  0
LINE
  5
202
330
17
100
AcDbEntity
  8
GEOMETRY
100
AcDbLine
 10
149.51142800964092
 20
172.4470588235294
 30
0.0
 11
149.47773857733864
 21
172.4470588235294
 31
0.0
  0
LINE
  5
203
330
17
100
AcDbEntity
  8
GEOMETRY
100
AcDbLine
 10
149.47773857733864
 20
172.4470588235294
 30
0.0
 11
149.44404914503636
 21
172.4470588235294
 31
0.0
  0
LINE
  5
204
330
17
100
AcDbEntity
  8
GEOMETRY
100
AcDbLine
 10
149.44404914503636
 20
172.4470588235294
 30
0.0
 11
149.4103597127341
 21
172.4470588235294
 31
0.0
  0
LINE
  5
205
330
17
100
AcDbEntity
  8
GEOMETRY
100
AcDbLine
 10
149.4103597127341
 20
172.4470588235294
 30
0.0
 11
149.35903079576028
 21
172.4470588235294
 31
0.0
  0
LINE
  5
206
330
17
100
AcDbEntity
  8
GEOMETRY
100
AcDbLine
 10
149.35903079576028
 20
172.4470588235294
 30
0.0
 11
149.30476196467455
 21
172.4470588235294
 31
0.0
  0
LINE
  5
207
330
17
100
AcDbEntity
  8
GEOMETRY
100
AcDbLine
 10
149.30476196467455
 20
172.4470588235294
 30
0.0
 11
149.2504931335888
 21
172.4470588235294
 31
0.0
  0
LINE
  5
208
330
17
100
AcDbEntity
  8
GEOMETRY
100
AcDbLine
 10
149.2504931335888
 20
172.4470588235294
 30
0.0
 11
149.19622430250305
 21
172.4470588235294
 31
0.0
  0
LINE
  5
209
330
17
100
AcDbEntity
  8
GEOMETRY
100
AcDbLine
 10
149.19622430250305
 20
172.4470588235294
 30
0.0
 11
149.13685314770706
 21
172.4470588235294
 31
0.0
  0
LINE
  5
20A
330
17
100
AcDbEntity
  8
GEOMETRY
100
AcDbLine
 10
149.13685314770706
 20
172.4470588235294
 30
0.0
 11
149.0647261836354
 21
172.4470588235294
 31
0.0
  0
LINE
  5
20B
330
17
100
AcDbEntity
  8
GEOMETRY
100
AcDbLine
 10
149.0647261836354
 20
172.4470588235294
 30
0.0
 11
148.99259921956374
 21
172.4470588235294
 31
0.0
  0
LINE
  5
20C
330
17
100
AcDbEntity
  8
GEOMETRY
100
AcDbLine
 10
148.99259921956374
 20
172.4470588235294
 30
0.0
 11
148.9204722554921
 21
172.4470588235294
 31
0.0
  0
LINE
  5
20D
330
17
100
AcDbEntity
  8
GEOMETRY
100
AcDbLine
 10
148.9204722554921
 20
172.4470588235294
 30
0.0
 11
148.84834529142043
 21
172.4470588235294
 31
0.0
  0
LINE
  5
20E
330
17
100
AcDbEntity
  8
GEOMETRY
100
AcDbLine
 10
148.84834529142043
 20
172.4470588235294
 30
0.0
 11
148.76604590889775
 21
172.4470588235294
 31
0.0
  0
LINE
  5
20F
330
17
100
AcDbEntity
  8
GEOMETRY
100
AcDbLine
 10
148.76604590889775
 20
172.4470588235294
 30
0.0
 11
148.6796775589947
 21
172.4470588235294
 31
0.0
  0
LINE
  5
210
330
17
100
AcDbEntity
  8
GEOMETRY
100
AcDbLine
 10
148.6796775589947
 20
172.4470588235294
 30
0.0
 11
148.59330920909164
 21
172.4470588235294
 31
0.0
  0
LINE
  5
211
330
17
100
AcDbEntity
  8
GEOMETRY
100
AcDbLine
 10
148.59330920909164
 20
172.4470588235294
 30
0.0
 11
148.50694085918857
 21
172.4470588235294
 31
0.0
  0
LINE
  5
212
330
17
100
AcDbEntity
  8
GEOMETRY
100
AcDbLine
 10
148.50694085918857
 20
172.4470588235294
 30
0.0
 11
148.41915672126777
 21
172.4470588235294
 31
0.0
  0
LINE
  5
213
330
17
100
AcDbEntity
  8
GEOMETRY
100
AcDbLine
 10
148.41915672126777
 20
172.4470588235294
 30
0.0
 11
148.32287785524025
 21
172.4470588235294
 31
0.0
  0
LINE
  5
214
330
17
100
AcDbEntity
  8
GEOMETRY
100
AcDbLine
 10
148.32287785524025
 20
172.4470588235294
 30
0.0
 11
148.22659898921276
 21
172.4470588235294
 31
0.0
  0
LINE
  5
215
330
17
100
AcDbEntity
  8
GEOMETRY
100
AcDbLine
 10
148.22659898921276
 20
172.4470588235294
 30
0.0
 11
148.13032012318527
 21
172.4470588235294
 31
0.0
  0
LINE
  5
216
330
17
100
AcDbEntity
  8
GEOMETRY
100
AcDbLine
 10
148.13032012318527
 20
172.4470588235294
 30
0.0
 11
148.03404125715778
 21
172.4470588235294
 31
0.0
  0
LINE
  5
217
330
17
100
AcDbEntity
  8
GEOMETRY
100
AcDbLine
 10
148.03404125715778
 20
172.4470588235294
 30
0.0
 11
147.93485799584099
 21
172.4470588235294
 31
0.0
  0
LINE
  5
218
330
17
100
AcDbEntity
  8
GEOMETRY
100
AcDbLine
 10
147.93485799584099
 20
172.4470588235294
 30
0.0
 11
147.8334964380572
 21
172.4470588235294
 31
0.0
  0
LINE
  5
219
330
17
100
AcDbEntity
  8
GEOMETRY
100
AcDbLine
 10
147.8334964380572
 20
172.4470588235294
 30
0.0
 11
147.73213488027343
 21
172.4470588235294
 31
0.0
  0
LINE
  5
21A
330
17
100
AcDbEntity
  8
GEOMETRY
100
AcDbLine
 10
147.73213488027343
 20
172.4470588235294
 30
0.0
 11
147.63077332248966
 21
172.4470588235294
 31
0.0
  0
LINE
  5
21B
330
17
100
AcDbEntity
  8
GEOMETRY
100
AcDbLine
 10
147.63077332248966
 20
172.4470588235294
 30
0.0
 11
147.52941176470588
 21
172.4470588235294
 31
0.0
  0
LINE
  5
21C
330
17
100
AcDbEntity
  8
GEOMETRY
100
AcDbLine
 10
147.52941176470588
 20
172.4470588235294
 30
0.0
 11
147.4280502069221
 21
172.4470588235294
 31
0.0
  0
LINE
  5
21D
330
17
100
AcDbEntity
  8
GEOMETRY
100
AcDbLine
 10
147.4280502069221
 20
172.4470588235294
 30
0.0
 11
147.32668864913833
 21
172.4470588235294
 31
0.0
  0
LINE
  5
21E
330
17
100
AcDbEntity
  8
GEOMETRY
100
AcDbLine
 10
147.32668864913833
 20
172.4470588235294
 30
0.0
 11
147.22532709135453
 21
172.4470588235294
 31
0.0
  0
LINE
  5
21F
330
17
100
AcDbEntity
  8
GEOMETRY
100
AcDbLine
 10
147.22532709135453
 20
172.4470588235294
 30
0.0
 11
147.12396553357075
 21
172.4470588235294
 31
0.0
  0
LINE
  5
220
330
17
100
AcDbEntity
  8
GEOMETRY
100
AcDbLine
 10
147.12396553357075
 20
172.4470588235294
 30
0.0
 11
147.02478227225396
 21
172.4470588235294
 31
0.0
  0
LINE
  5
221
330
17
100
AcDbEntity
  8
GEOMETRY
100
AcDbLine
 10
147.02478227225396
 20
172.4470588235294
 30
0.0
 11
146.92850340622647
 21
172.4470588235294
 31
0.0
  0
LINE
  5
222
330
17
100
AcDbEntity
  8
GEOMETRY
100
AcDbLine
 10
146.92850340622647
 20
172.4470588235294
 30
0.0
 11
146.83222454019898
 21
172.4470588235294
 31
0.0
  0
LINE
  5
223
330
17
100
AcDbEntity
  8
GEOMETRY
100
AcDbLine
 10
146.83222454019898
 20
172.4470588235294
 30
0.0
 11
146.7359456741715
 21
172.4470588235294
 31
0.0
  0
LINE
  5
224
330
17
100
AcDbEntity
  8
GEOMETRY
100
AcDbLine
 10
146.7359456741715
 20
172.4470588235294
 30
0.0
 11
146.639666808144
 21
172.4470588235294
 31
0.0
  0
LINE
  5
225
330
17
100
AcDbEntity
  8
GEOMETRY
100
AcDbLine
 10
146.639666808144
 20
172.4470588235294
 30
0.0
 11
146.55188267022316
 21
172.4470588235294
 31
0.0
  0
LINE
  5
226
330
17
100
AcDbEntity
  8
GEOMETRY
100
AcDbLine
 10
146.55188267022316
 20
172.4470588235294
 30
0.0
 11
146.4655143203201
 21
172.4470588235294
 31
0.0
  0
LINE
  5
227
330
17
100
AcDbEntity
  8
GEOMETRY
100
AcDbLine
 10
146.4655143203201
 20
172.4470588235294
 30
0.0
 11
146.37914597041706
 21
172.4470588235294
 31
0.0
  0
LINE
  5
228
330
17
100
AcDbEntity
  8
GEOMETRY
100
AcDbLine
 10
146.37914597041706
 20
172.4470588235294
 30
0.0
 11
146.292777620514
 21
172.4470588235294
 31
0.0
  0
LINE
  5
229
330
17
100
AcDbEntity
  8
GEOMETRY
100
AcDbLine
 10
146.292777620514
 20
172.4470588235294
 30
0.0
 11
146.21047823799134
 21
172.4470588235294
 31
0.0
  0
LINE
  5
22A
330
17
100
AcDbEntity
  8
GEOMETRY
100
AcDbLine
 10
146.21047823799134
 20
172.4470588235294
 30
0.0
 11
146.13835127391968
 21
172.4470588235294
 31
0.0
  0
LINE
  5
22B
330
17
100
AcDbEntity
  8
GEOMETRY
100
AcDbLine
 10
146.13835127391968
 20
172.4470588235294
 30
0.0
 11
146.066224309848
 21
172.4470588235294
 31
0.0
  0
LINE
  5
22C
330
17
100
AcDbEntity
  8
GEOMETRY
100
AcDbLine
 10
146.066224309848
 20
172.4470588235294
 30
0.0
 11
145.99409734577634
 21
172.4470588235294
 31
0.0
  0
LINE
  5
22D
330
17
100
AcDbEntity
  8
GEOMETRY
100
AcDbLine
 10
145.99409734577634
 20
172.4470588235294
 30
0.0
 11
145.92197038170468
 21
172.4470588235294
 31
0.0
  0
LINE
  5
22E
330
17
100
AcDbEntity
  8
GEOMETRY
100
AcDbLine
 10
145.92197038170468
 20
172.4470588235294
 30
0.0
 11
145.86259922690869
 21
172.4470588235294
 31
0.0
  0
LINE
  5
22F
330
17
100
AcDbEntity
  8
GEOMETRY
100
AcDbLine
 10
145.86259922690869
 20
172.4470588235294
 30
0.0
 11
145.80833039582294
 21
172.4470588235294
 31
0.0
  0
LINE
  5
230
330
17
100
AcDbEntity
  8
GEOMETRY
100
AcDbLine
 10
145.80833039582294
 20
172.4470588235294
 30
0.0
 11
145.7540615647372
 21
172.4470588235294
 31
0.0
  0
LINE
  5
231
330
17
100
AcDbEntity
  8
GEOMETRY
100
AcDbLine
 10
145.7540615647372
 20
172.4470588235294
 30
0.0
 11
145.69979273365146
 21
172.4470588235294
 31
0.0
  0
LINE
  5
232
330
17
100
AcDbEntity
  8
GEOMETRY
100
AcDbLine
 10
145.69979273365146
 20
172.4470588235294
 30
0.0
 11
145.64846381667766
 21
172.4470588235294
 31
0.0
  0
LINE
  5
233
330
17
100
AcDbEntity
  8
GEOMETRY
100
AcDbLine
 10
145.64846381667766
 20
172.4470588235294
 30
0.0
 11
145.61477438437538
 21
172.4470588235294
 31
0.0
  0
LINE
  5
234
330
17
100
AcDbEntity
  8
GEOMETRY
100
AcDbLine
 10
145.61477438437538
 20
172.4470588235294
 30
0.0
 11
145.5810849520731
 21
172.4470588235294
 31
0.0
  0
LINE
  5
235
330
17
100
AcDbEntity
  8
GEOMETRY
100
AcDbLine
 10
145.5810849520731
 20
172.4470588235294
 30
0.0
 11
145.54739551977084
 21
172.4470588235294
 31
0.0
  0
LINE
  5
236
330
17
100
AcDbEntity
  8
GEOMETRY
100
AcDbLine
 10
145.54739551977084
 20
172.4470588235294
 30
0.0
 11
145.51370608746856
 21
172.4470588235294
 31
0.0
  0
LINE
  5
237
330
17
100
AcDbEntity
  8
GEOMETRY
100
AcDbLine
 10
145.49274164236283
 20
172.4470588235294
 30
0.0
 11
145.48132093765446
 21
172.4470588235294
 31
0.0
  0
LINE
  5
238
330
17
100
AcDbEntity
  8
GEOMETRY
100
AcDbLine
 10
145.48132093765446
 20
172.4470588235294
 30
0.0
 11
145.46990023294612
 21
172.4470588235294
 31
0.0
  0
LINE
  5
239
330
17
100
AcDbEntity
  8
GEOMETRY
100
AcDbLine
 10
185.35882352941175
 20
232.83529411764704
 30
0.0
 11
185.2731682440991
 21
232.83529411764704
 31
0.0
  0
LINE
  5
23A
330
17
100
AcDbEntity
  8
GEOMETRY
100
AcDbLine
 10
185.2731682440991
 20
232.83529411764704
 30
0.0
 11
185.18751295878644
 21
232.83529411764704
 31
0.0
  0
LINE
  5
23B
330
17
100
AcDbEntity
  8
GEOMETRY
100
AcDbLine
 10
185.18751295878644
 20
232.83529411764704
 30
0.0
 11
185.1018576734738
 21
232.83529411764704
 31
0.0
  0
LINE
  5
23C
330
17
100
AcDbEntity
  8
GEOMETRY
100
AcDbLine
 10
185.1018576734738
 20
232.83529411764704
 30
0.0
 11
185.01620238816116
 21
232.83529411764704
 31
0.0
  0
LINE
  5
23D
330
17
100
AcDbEntity
  8
GEOMETRY
100
AcDbLine
 10
185.01620238816116
 20
232.83529411764704
 30
0.0
 11
184.85896904986805
 21
232.83529411764704
 31
0.0
  0
LINE
  5
23E
330
17
100
AcDbEntity
  8
GEOMETRY
100
AcDbLine
 10
154.6233838913084
 20
232.83529411764704
 30
0.0
 11
154.4661505530153
 21
232.83529411764704
 31
0.0
  0
LINE
  5
23F
330
17
100
AcDbEntity
  8
GEOMETRY
100
AcDbLine
 10
154.4661505530153
 20
232.83529411764704
 30
0.0
 11
154.38049526770266
 21
232.83529411764704
 31
0.0
  0
LINE
  5
240
330
17
100
AcDbEntity
  8
GEOMETRY
100
AcDbLine
 10
154.38049526770266
 20
232.83529411764704
 30
0.0
 11
154.29483998239
 21
232.83529411764704
 31
0.0
  0
LINE
  5
241
330
17
100
AcDbEntity
  8
GEOMETRY
100
AcDbLine
 10
154.29483998239
 20
232.83529411764704
 30
0.0
 11
154.20918469707735
 21
232.83529411764704
 31
0.0
  0
LINE
  5
242
330
17
100
AcDbEntity
  8
GEOMETRY
100
AcDbLine
 10
154.20918469707735
 20
232.83529411764704
 30
0.0
 11
154.1235294117647
 21
232.83529411764704
 31
0.0
  0
LINE
  5
243
330
17
100
AcDbEntity
  8
GEOMETRY
100
AcDbLine
 10
161.06470588235294
 20
232.83529411764704
 30
0.0
 11
161.11229215197108
 21
232.83529411764704
 31
0.0
  0
LINE
  5
244
330
17
100
AcDbEntity
  8
GEOMETRY
100
AcDbLine
 10
161.11229215197108
 20
232.83529411764704
 30
0.0
 11
161.1598784215892
 21
232.83529411764704
 31
0.0
  0
LINE
  5
245
330
17
100
AcDbEntity
  8
GEOMETRY
100
AcDbLine
 10
161.1598784215892
 20
232.83529411764704
 30
0.0
 11
161.20746469120735
 21
232.83529411764704
 31
0.0
  0
LINE
  5
246
330
17
100
AcDbEntity
  8
GEOMETRY
100
AcDbLine
 10
161.20746469120735
 20
232.83529411764704
 30
0.0
 11
161.25505096082549
 21
232.83529411764704
 31
0.0
  0
LINE
  5
247
330
17
100
AcDbEntity
  8
GEOMETRY
100
AcDbLine
 10
161.25505096082549
 20
232.83529411764704
 30
0.0
 11
161.34240281543276
 21
232.83529411764704
 31
0.0
  0
LINE
  5
248
330
17
100
AcDbEntity
  8
GEOMETRY
100
AcDbLine
 10
161.34240281543276
 20
232.83529411764704
 30
0.0
 11
161.48277545002557
 21
232.83529411764704
 31
0.0
  0
LINE
  5
249
330
17
100
AcDbEntity
  8
GEOMETRY
100
AcDbLine
 10
161.48277545002557
 20
232.83529411764704
 30
0.0
 11
161.62314808461838
 21
232.83529411764704
 31
0.0
  0
LINE
  5
24A
330
17
100
AcDbEntity
  8
GEOMETRY
100
AcDbLine
 10
161.62314808461838
 20
232.83529411764704
 30
0.0
 11
161.7635207192112
 21
232.83529411764704
 31
0.0
  0
LINE
  5
24B
330
17
100
AcDbEntity
  8
GEOMETRY
100
AcDbLine
 10
161.7635207192112
 20
232.83529411764704
 30
0.0
 11
161.903893353804
 21
232.83529411764704
 31
0.0
  0
LINE
  5
24C
330
17
100
AcDbEntity
  8
GEOMETRY
100
AcDbLine
 10
177.57845958737246
 20
232.83529411764704
 30
0.0
 11
177.71883222196527
 21
232.83529411764704
 31
0.0
  0
LINE
  5
24D
330
17
100
AcDbEntity
  8
GEOMETRY
100
AcDbLine
 10
177.71883222196527
 20
232.83529411764704
 30
0.0
 11
177.85920485655808
 21
232.83529411764704
 31
0.0
  0
LINE
  5
24E
330
17
100
AcDbEntity
  8
GEOMETRY
100
AcDbLine
 10
177.85920485655808
 20
232.83529411764704
 30
0.0
 11
177.9995774911509
 21
232.83529411764704
 31
0.0
  0
LINE
  5
24F
330
17
100
AcDbEntity
  8
GEOMETRY
100
AcDbLine
 10
177.9995774911509
 20
232.83529411764704
 30
0.0
 11
178.1399501257437
 21
232.83529411764704
 31
0.0
  0
LINE
  5
250
330
17
100
AcDbEntity
  8
GEOMETRY
100
AcDbLine
 10
178.1399501257437
 20
232.83529411764704
 30
0.0
 11
178.22730198035097
 21
232.83529411764704
 31
0.0
  0
LINE
  5
251
330
17
100
AcDbEntity
  8
GEOMETRY
100
AcDbLine
 10
178.22730198035097
 20
232.83529411764704
 30
0.0
 11
178.2748882499691
 21
232.83529411764704
 31
0.0
  0
LINE
  5
252
330
17
100
AcDbEntity
  8
GEOMETRY
100
AcDbLine
 10
178.2748882499691
 20
232.83529411764704
 30
0.0
 11
178.32247451958725
 21
232.83529411764704
 31
0.0
  0
LINE
  5
253
330
17
100
AcDbEntity
  8
GEOMETRY
100
AcDbLine
 10
178.32247451958725
 20
232.83529411764704
 30
0.0
 11
178.37006078920538
 21
232.83529411764704
 31
0.0
  0
LINE
  5
254
330
17
100
AcDbEntity
  8
GEOMETRY
100
AcDbLine
 10
178.37006078920538
 20
232.83529411764704
 30
0.0
 11
178.41764705882352
 21
232.83529411764704
 31
0.0
  0
CIRCLE
  5
255
330
17
100
AcDbEntity
  8
GEOMETRY
100
AcDbCircle
 10
169.74117647058824
 20
107.2
 30
0.0
 40
27.764705882352942
  0
LINE
  5
256
330
17
100
AcDbEntity
  8
CENTER_LINES
 62
1
100
AcDbLine
 10
140.47647058823532
 20
107.2
 30
0.0
 11
199.00588235294117
 21
107.2
 31
0.0
  0
LINE
  5
257
330
17
100
AcDbEntity
  8
CENTER_LINES
 62
1
100
AcDbLine
 10
169.74117647058824
 20
77.93529411764706
 30
0.0
 11
169.74117647058824
 21
136.46470588235294
 31
0.0
  0
CIRCLE
  5
258
330
17
100
AcDbEntity
  8
GEOMETRY
100
AcDbCircle
 10
169.74117647058824
 20
84.98823529411764
 30
0.0
 40
2.0823529411764703
  0
LINE
  5
259
330
17
100
AcDbEntity
  8
CENTER_LINES
 62
1
100
AcDbLine
 10
166.15882352941176
 20
84.98823529411764
 30
0.0
 11
173.32352941176472
 21
84.98823529411764
 31
0.0
  0
LINE
  5
25A
330
17
100
AcDbEntity
  8
CENTER_LINES
 62
1
100
AcDbLine
 10
169.74117647058824
 20
81.40588235294118
 30
0.0
 11
169.74117647058824
 21
88.57058823529411
 31
0.0
  0
CIRCLE
  5
25B
330
17
100
AcDbEntity
  8
GEOMETRY
100
AcDbCircle
 10
191.95294117647057
 20
107.2
 30
0.0
 40
2.0823529411764703
  0
LINE
  5
25C
330
17
100
AcDbEntity
  8
CENTER_LINES
 62
1
100
AcDbLine
 10
188.3705882352941
 20
107.2
 30
0.0
 11
195.53529411764706
 21
107.2
 31
0.0
  0
LINE
  5
25D
330
17
100
AcDbEntity
  8
CENTER_LINES
 62
1
100
AcDbLine
 10
191.95294117647057
 20
103.61764705882354
 30
0.0
 11
191.95294117647057
 21
110.78235294117647
 31
0.0
  0
CIRCLE
  5
25E
330
17
100
AcDbEntity
  8
GEOMETRY
100
AcDbCircle
 10
169.74117647058824
 20
107.2
 30
0.0
 40
15.617647058823529
  0
LINE
  5
25F
330
17
100
AcDbEntity
  8
CENTER_LINES
 62
1
100
AcDbLine
 10
152.6235294117647
 20
107.2
 30
0.0
 11
186.85882352941178
 21
107.2
 31
0.0
  0
LINE
  5
260
330
17
100
AcDbEntity
  8
CENTER_LINES
 62
1
100
AcDbLine
 10
169.74117647058824
 20
90.08235294117648
 30
0.0
 11
169.74117647058824
 21
124.31764705882352
 31
0.0
  0
CIRCLE
  5
261
330
17
100
AcDbEntity
  8
GEOMETRY
100
AcDbCircle
 10
147.52941176470588
 20
107.19999999999999
 30
0.0
 40
2.0823529411764703
  0
LINE
  5
262
330
17
100
AcDbEntity
  8
CENTER_LINES
 62
1
100
AcDbLine
 10
143.9470588235294
 20
107.19999999999999
 30
0.0
 11
151.11176470588236
 21
107.19999999999999
 31
0.0
  0
LINE
  5
263
330
17
100
AcDbEntity
  8
CENTER_LINES
 62
1
100
AcDbLine
 10
147.52941176470588
 20
103.61764705882352
 30
0.0
 11
147.52941176470588
 21
110.78235294117646
 31
0.0
  0
CIRCLE
  5
264
330
17
100
AcDbEntity
  8
GEOMETRY
100
AcDbCircle
 10
169.74117647058821
 20
129.41176470588235
 30
0.0
 40
2.0823529411764703
  0
LINE
  5
265
330
17
100
AcDbEntity
  8
CENTER_LINES
 62
1
100
AcDbLine
 10
166.15882352941173
 20
129.41176470588235
 30
0.0
 11
173.3235294117647
 21
129.41176470588235
 31
0.0
  0
LINE
  5
266
330
17
100
AcDbEntity
  8
CENTER_LINES
 62
1
100
AcDbLine
 10
169.74117647058821
 20
125.82941176470588
 30
0.0
 11
169.74117647058821
 21
132.99411764705883
 31
0.0
  0
CIRCLE
  5
267
330
17
100
AcDbEntity
  8
GEOMETRY
100
AcDbCircle
 10
169.74117647058824
 20
107.2
 30
0.0
 40
8.676470588235293
  0
LINE
  5
268
330
17
100
AcDbEntity
  8
CENTER_LINES
 62
1
100
AcDbLine
 10
159.56470588235294
 20
107.2
 30
0.0
 11
179.91764705882355
 21
107.2
 31
0.0
  0
LINE
  5
269
330
17
100
AcDbEntity
  8
CENTER_LINES
 62
1
100
AcDbLine
 10
169.74117647058824
 20
97.02352941176471
 30
0.0
 11
169.74117647058824
 21
117.37647058823529
 31
0.0
  0
LINE
  5
26A
330
17
100
AcDbEntity
  8
GEOMETRY
100
AcDbLine
 10
245.39999999999998
 20
172.4470588235294
 30
0.0
 11
245.39999999999998
 21
180.77647058823527
 31
0.0
  0
LINE
  5
26B
330
17
100
AcDbEntity
  8
GEOMETRY
100
AcDbLine
 10
285.65882352941173
 20
172.4470588235294
 30
0.0
 11
285.65882352941173
 21
180.77647058823527
 31
0.0
  0
LINE
  5
26C
330
17
100
AcDbEntity
  8
GEOMETRY
100
AcDbLine
 10
293.2941176470588
 20
172.4470588235294
 30
0.0
 11
293.2941176470588
 21
180.77647058823527
 31
0.0
  0
LINE
  5
26D
330
17
100
AcDbEntity
  8
GEOMETRY
100
AcDbLine
 10
237.76470588235293
 20
172.4470588235294
 30
0.0
 11
237.76470588235293
 21
180.77647058823527
 31
0.0
  0
LINE
  5
26E
330
17
100
AcDbEntity
  8
GEOMETRY
100
AcDbLine
 10
241.23529411764704
 20
172.4470588235294
 30
0.0
 11
241.23529411764704
 21
180.77647058823527
 31
0.0
  0
LINE
  5
26F
330
17
100
AcDbEntity
  8
GEOMETRY
100
AcDbLine
 10
267.61176470588236
 20
172.4470588235294
 30
0.0
 11
267.61176470588236
 21
180.77647058823527
 31
0.0
  0
LINE
  5
270
330
17
100
AcDbEntity
  8
GEOMETRY
100
AcDbLine
 10
263.4470588235294
 20
172.4470588235294
 30
0.0
 11
263.4470588235294
 21
180.77647058823527
 31
0.0
  0
LINE
  5
271
330
17
100
AcDbEntity
  8
GEOMETRY
100
AcDbLine
 10
249.91176470588235
 20
180.77647058823527
 30
0.0
 11
249.91176470588235
 21
232.83529411764704
 31
0.0
  0
LINE
  5
272
330
17
100
AcDbEntity
  8
GEOMETRY
100
AcDbLine
 10
281.1470588235294
 20
180.77647058823527
 30
0.0
 11
281.1470588235294
 21
232.83529411764704
 31
0.0
  0
LINE
  5
273
330
17
100
AcDbEntity
  8
GEOMETRY
100
AcDbLine
 10
289.8235294117647
 20
172.4470588235294
 30
0.0
 11
289.8235294117647
 21
180.77647058823527
 31
0.0
  0
LINE
  5
274
330
17
100
AcDbEntity
  8
GEOMETRY
100
AcDbLine
 10
256.85294117647055
 20
172.4470588235294
 30
0.0
 11
256.85294117647055
 21
232.83529411764704
 31
0.0
  0
LINE
  5
275
330
17
100
AcDbEntity
  8
GEOMETRY
100
AcDbLine
 10
274.20588235294116
 20
172.4470588235294
 30
0.0
 11
274.20588235294116
 21
232.83529411764704
 31
0.0
  0
LINE
  5
276
330
17
100
AcDbEntity
  8
GEOMETRY
100
AcDbLine
 10
265.52941176470586
 20
172.4470588235294
 30
0.0
 11
265.52941176470586
 21
232.83529411764704
 31
0.0
  0
LINE
  5
277
330
17
100
AcDbEntity
  8
GEOMETRY
100
AcDbLine
 10
238.3738101334651
 20
180.77647058823527
 30
0.0
 11
292.6850133959466
 21
180.77647058823527
 31
0.0
  0
LINE
  5
278
330
17
100
AcDbEntity
  8
GEOMETRY
100
AcDbLine
 10
238.3738101334651
 20
172.4470588235294
 30
0.0
 11
292.6850133959466
 21
172.4470588235294
 31
0.0
  0
LINE
  5
279
330
17
100
AcDbEntity
  8
GEOMETRY
100
AcDbLine
 10
250.41161918542605
 20
232.83529411764704
 30
0.0
 11
280.6472043439857
 21
232.83529411764704
 31
0.0
  0
LINE
  5
27A
330
17
100
AcDbEntity
  8
GEOMETRY
100
AcDbLine
 10
239.1880900106637
 20
180.77647058823527
 30
0.0
 11
238.99953982957933
 21
180.77647058823527
 31
0.0
  0
LINE
  5
27B
330
17
100
AcDbEntity
  8
GEOMETRY
100
AcDbLine
 10
238.99953982957933
 20
180.77647058823527
 30
0.0
 11
238.81098964849497
 21
180.77647058823527
 31
0.0
  0
LINE
  5
27C
330
17
100
AcDbEntity
  8
GEOMETRY
100
AcDbLine
 10
238.81098964849497
 20
180.77647058823527
 30
0.0
 11
238.62243946741057
 21
180.77647058823527
 31
0.0
  0
LINE
  5
27D
330
17
100
AcDbEntity
  8
GEOMETRY
100
AcDbLine
 10
238.62243946741057
 20
180.77647058823527
 30
0.0
 11
238.44452688581973
 21
180.77647058823527
 31
0.0
  0
LINE
  5
27E
330
17
100
AcDbEntity
  8
GEOMETRY
100
AcDbLine
 10
238.44452688581973
 20
180.77647058823527
 30
0.0
 11
238.3304399011901
 21
180.77647058823527
 31
0.0
  0
LINE
  5
27F
330
17
100
AcDbEntity
  8
GEOMETRY
100
AcDbLine
 10
238.3304399011901
 20
180.77647058823527
 30
0.0
 11
238.21635291656045
 21
180.77647058823527
 31
0.0
  0
LINE
  5
280
330
17
100
AcDbEntity
  8
GEOMETRY
100
AcDbLine
 10
238.21635291656045
 20
180.77647058823527
 30
0.0
 11
238.1022659319308
 21
180.77647058823527
 31
0.0
  0
LINE
  5
281
330
17
100
AcDbEntity
  8
GEOMETRY
100
AcDbLine
 10
238.1022659319308
 20
180.77647058823527
 30
0.0
 11
237.98817894730115
 21
180.77647058823527
 31
0.0
  0
LINE
  5
282
330
17
100
AcDbEntity
  8
GEOMETRY
100
AcDbLine
 10
237.98817894730115
 20
180.77647058823527
 30
0.0
 11
237.9174621949465
 21
180.77647058823527
 31
0.0
  0
LINE
  5
283
330
17
100
AcDbEntity
  8
GEOMETRY
100
AcDbLine
 10
237.9174621949465
 20
180.77647058823527
 30
0.0
 11
237.87927311679812
 21
180.77647058823527
 31
0.0
  0
LINE
  5
284
330
17
100
AcDbEntity
  8
GEOMETRY
100
AcDbLine
 10
237.87927311679812
 20
180.77647058823527
 30
0.0
 11
237.8410840386497
 21
180.77647058823527
 31
0.0
  0
LINE
  5
285
330
17
100
AcDbEntity
  8
GEOMETRY
100
AcDbLine
 10
237.8410840386497
 20
180.77647058823527
 30
0.0
 11
237.80289496050133
 21
180.77647058823527
 31
0.0
  0
LINE
  5
286
330
17
100
AcDbEntity
  8
GEOMETRY
100
AcDbLine
 10
237.80289496050133
 20
180.77647058823527
 30
0.0
 11
237.76470588235293
 21
180.77647058823527
 31
0.0
  0
LINE
  5
287
330
17
100
AcDbEntity
  8
GEOMETRY
100
AcDbLine
 10
237.76470588235293
 20
180.77647058823527
 30
0.0
 11
237.91698194513097
 21
180.77647058823527
 31
0.0
  0
LINE
  5
288
330
17
100
AcDbEntity
  8
GEOMETRY
100
AcDbLine
 10
237.91698194513097
 20
180.77647058823527
 30
0.0
 11
238.069258007909
 21
180.77647058823527
 31
0.0
  0
LINE
  5
289
330
17
100
AcDbEntity
  8
GEOMETRY
100
AcDbLine
 10
238.069258007909
 20
180.77647058823527
 30
0.0
 11
238.22153407068706
 21
180.77647058823527
 31
0.0
  0
LINE
  5
28A
330
17
100
AcDbEntity
  8
GEOMETRY
100
AcDbLine
 10
238.22153407068706
 20
180.77647058823527
 30
0.0
 11
238.3738101334651
 21
180.77647058823527
 31
0.0
  0
LINE
  5
28B
330
17
100
AcDbEntity
  8
GEOMETRY
100
AcDbLine
 10
292.6850133959466
 20
180.77647058823527
 30
0.0
 11
292.8372894587247
 21
180.77647058823527
 31
0.0
  0
LINE
  5
28C
330
17
100
AcDbEntity
  8
GEOMETRY
100
AcDbLine
 10
292.8372894587247
 20
180.77647058823527
 30
0.0
 11
292.98956552150275
 21
180.77647058823527
 31
0.0
  0
LINE
  5
28D
330
17
100
AcDbEntity
  8
GEOMETRY
100
AcDbLine
 10
292.98956552150275
 20
180.77647058823527
 30
0.0
 11
293.14184158428077
 21
180.77647058823527
 31
0.0
  0
LINE
  5
28E
330
17
100
AcDbEntity
  8
GEOMETRY
100
AcDbLine
 10
293.14184158428077
 20
180.77647058823527
 30
0.0
 11
293.2941176470588
 21
180.77647058823527
 31
0.0
  0
LINE
  5
28F
330
17
100
AcDbEntity
  8
GEOMETRY
100
AcDbLine
 10
293.2941176470588
 20
180.77647058823527
 30
0.0
 11
293.2559285689104
 21
180.77647058823527
 31
0.0
  0
LINE
  5
290
330
17
100
AcDbEntity
  8
GEOMETRY
100
AcDbLine
 10
293.2559285689104
 20
180.77647058823527
 30
0.0
 11
293.217739490762
 21
180.77647058823527
 31
0.0
  0
LINE
  5
291
330
17
100
AcDbEntity
  8
GEOMETRY
100
AcDbLine
 10
293.217739490762
 20
180.77647058823527
 30
0.0
 11
293.17955041261365
 21
180.77647058823527
 31
0.0
  0
LINE
  5
292
330
17
100
AcDbEntity
  8
GEOMETRY
100
AcDbLine
 10
293.17955041261365
 20
180.77647058823527
 30
0.0
 11
293.1413613344652
 21
180.77647058823527
 31
0.0
  0
LINE
  5
293
330
17
100
AcDbEntity
  8
GEOMETRY
100
AcDbLine
 10
293.1413613344652
 20
180.77647058823527
 30
0.0
 11
293.0706445821106
 21
180.77647058823527
 31
0.0
  0
LINE
  5
294
330
17
100
AcDbEntity
  8
GEOMETRY
100
AcDbLine
 10
293.0706445821106
 20
180.77647058823527
 30
0.0
 11
292.9565575974809
 21
180.77647058823527
 31
0.0
  0
LINE
  5
295
330
17
100
AcDbEntity
  8
GEOMETRY
100
AcDbLine
 10
292.9565575974809
 20
180.77647058823527
 30
0.0
 11
292.8424706128513
 21
180.77647058823527
 31
0.0
  0
LINE
  5
296
330
17
100
AcDbEntity
  8
GEOMETRY
100
AcDbLine
 10
292.8424706128513
 20
180.77647058823527
 30
0.0
 11
292.72838362822165
 21
180.77647058823527
 31
0.0
  0
LINE
  5
297
330
17
100
AcDbEntity
  8
GEOMETRY
100
AcDbLine
 10
292.72838362822165
 20
180.77647058823527
 30
0.0
 11
292.614296643592
 21
180.77647058823527
 31
0.0
  0
LINE
  5
298
330
17
100
AcDbEntity
  8
GEOMETRY
100
AcDbLine
 10
292.614296643592
 20
180.77647058823527
 30
0.0
 11
292.43638406200114
 21
180.77647058823527
 31
0.0
  0
LINE
  5
299
330
17
100
AcDbEntity
  8
GEOMETRY
100
AcDbLine
 10
292.43638406200114
 20
180.77647058823527
 30
0.0
 11
292.2478338809168
 21
180.77647058823527
 31
0.0
  0
LINE
  5
29A
330
17
100
AcDbEntity
  8
GEOMETRY
100
AcDbLine
 10
292.2478338809168
 20
180.77647058823527
 30
0.0
 11
292.0592836998324
 21
180.77647058823527
 31
0.0
  0
LINE
  5
29B
330
17
100
AcDbEntity
  8
GEOMETRY
100
AcDbLine
 10
292.0592836998324
 20
180.77647058823527
 30
0.0
 11
291.870733518748
 21
180.77647058823527
 31
0.0
  0
LINE
  5
29C
330
17
100
AcDbEntity
  8
GEOMETRY
100
AcDbLine
 10
239.1880900106637
 20
172.4470588235294
 30
0.0
 11
238.99953982957933
 21
172.4470588235294
 31
0.0
  0
LINE
  5
29D
330
17
100
AcDbEntity
  8
GEOMETRY
100
AcDbLine
 10
238.99953982957933
 20
172.4470588235294
 30
0.0
 11
238.81098964849497
 21
172.4470588235294
 31
0.0
  0
LINE
  5
29E
330
17
100
AcDbEntity
  8
GEOMETRY
100
AcDbLine
 10
238.81098964849497
 20
172.4470588235294
 30
0.0
 11
238.62243946741057
 21
172.4470588235294
 31
0.0
  0
LINE
  5
29F
330
17
100
AcDbEntity
  8
GEOMETRY
100
AcDbLine
 10
238.62243946741057
 20
172.4470588235294
 30
0.0
 11
238.44452688581973
 21
172.4470588235294
 31
0.0
  0
LINE
  5
2A0
330
17
100
AcDbEntity
  8
GEOMETRY
100
AcDbLine
 10
238.44452688581973
 20
172.4470588235294
 30
0.0
 11
238.3304399011901
 21
172.4470588235294
 31
0.0
  0
LINE
  5
2A1
330
17
100
AcDbEntity
  8
GEOMETRY
100
AcDbLine
 10
238.3304399011901
 20
172.4470588235294
 30
0.0
 11
238.21635291656045
 21
172.4470588235294
 31
0.0
  0
LINE
  5
2A2
330
17
100
AcDbEntity
  8
GEOMETRY
100
AcDbLine
 10
238.21635291656045
 20
172.4470588235294
 30
0.0
 11
238.1022659319308
 21
172.4470588235294
 31
0.0
  0
LINE
  5
2A3
330
17
100
AcDbEntity
  8
GEOMETRY
100
AcDbLine
 10
238.1022659319308
 20
172.4470588235294
 30
0.0
 11
237.98817894730115
 21
172.4470588235294
 31
0.0
  0
LINE
  5
2A4
330
17
100
AcDbEntity
  8
GEOMETRY
100
AcDbLine
 10
237.98817894730115
 20
172.4470588235294
 30
0.0
 11
237.9174621949465
 21
172.4470588235294
 31
0.0
  0
LINE
  5
2A5
330
17
100
AcDbEntity
  8
GEOMETRY
100
AcDbLine
 10
237.9174621949465
 20
172.4470588235294
 30
0.0
 11
237.87927311679812
 21
172.4470588235294
 31
0.0
  0
LINE
  5
2A6
330
17
100
AcDbEntity
  8
GEOMETRY
100
AcDbLine
 10
237.87927311679812
 20
172.4470588235294
 30
0.0
 11
237.8410840386497
 21
172.4470588235294
 31
0.0
  0
LINE
  5
2A7
330
17
100
AcDbEntity
  8
GEOMETRY
100
AcDbLine
 10
237.8410840386497
 20
172.4470588235294
 30
0.0
 11
237.80289496050133
 21
172.4470588235294
 31
0.0
  0
LINE
  5
2A8
330
17
100
AcDbEntity
  8
GEOMETRY
100
AcDbLine
 10
237.80289496050133
 20
172.4470588235294
 30
0.0
 11
237.76470588235293
 21
172.4470588235294
 31
0.0
  0
LINE
  5
2A9
330
17
100
AcDbEntity
  8
GEOMETRY
100
AcDbLine
 10
237.76470588235293
 20
172.4470588235294
 30
0.0
 11
237.91698194513097
 21
172.4470588235294
 31
0.0
  0
LINE
  5
2AA
330
17
100
AcDbEntity
  8
GEOMETRY
100
AcDbLine
 10
237.91698194513097
 20
172.4470588235294
 30
0.0
 11
238.069258007909
 21
172.4470588235294
 31
0.0
  0
LINE
  5
2AB
330
17
100
AcDbEntity
  8
GEOMETRY
100
AcDbLine
 10
238.069258007909
 20
172.4470588235294
 30
0.0
 11
238.22153407068706
 21
172.4470588235294
 31
0.0
  0
LINE
  5
2AC
330
17
100
AcDbEntity
  8
GEOMETRY
100
AcDbLine
 10
238.22153407068706
 20
172.4470588235294
 30
0.0
 11
238.3738101334651
 21
172.4470588235294
 31
0.0
  0
LINE
  5
2AD
330
17
100
AcDbEntity
  8
GEOMETRY
100
AcDbLine
 10
292.6850133959466
 20
172.4470588235294
 30
0.0
 11
292.8372894587247
 21
172.4470588235294
 31
0.0
  0
LINE
  5
2AE
330
17
100
AcDbEntity
  8
GEOMETRY
100
AcDbLine
 10
292.8372894587247
 20
172.4470588235294
 30
0.0
 11
292.98956552150275
 21
172.4470588235294
 31
0.0
  0
LINE
  5
2AF
330
17
100
AcDbEntity
  8
GEOMETRY
100
AcDbLine
 10
292.98956552150275
 20
172.4470588235294
 30
0.0
 11
293.14184158428077
 21
172.4470588235294
 31
0.0
  0
LINE
  5
2B0
330
17
100
AcDbEntity
  8
GEOMETRY
100
AcDbLine
 10
293.14184158428077
 20
172.4470588235294
 30
0.0
 11
293.2941176470588
 21
172.4470588235294
 31
0.0
  0
LINE
  5
2B1
330
17
100
AcDbEntity
  8
GEOMETRY
100
AcDbLine
 10
293.2941176470588
 20
172.4470588235294
 30
0.0
 11
293.2559285689104
 21
172.4470588235294
 31
0.0
  0
LINE
  5
2B2
330
17
100
AcDbEntity
  8
GEOMETRY
100
AcDbLine
 10
293.2559285689104
 20
172.4470588235294
 30
0.0
 11
293.217739490762
 21
172.4470588235294
 31
0.0
  0
LINE
  5
2B3
330
17
100
AcDbEntity
  8
GEOMETRY
100
AcDbLine
 10
293.217739490762
 20
172.4470588235294
 30
0.0
 11
293.17955041261365
 21
172.4470588235294
 31
0.0
  0
LINE
  5
2B4
330
17
100
AcDbEntity
  8
GEOMETRY
100
AcDbLine
 10
293.17955041261365
 20
172.4470588235294
 30
0.0
 11
293.1413613344652
 21
172.4470588235294
 31
0.0
  0
LINE
  5
2B5
330
17
100
AcDbEntity
  8
GEOMETRY
100
AcDbLine
 10
293.1413613344652
 20
172.4470588235294
 30
0.0
 11
293.0706445821106
 21
172.4470588235294
 31
0.0
  0
LINE
  5
2B6
330
17
100
AcDbEntity
  8
GEOMETRY
100
AcDbLine
 10
293.0706445821106
 20
172.4470588235294
 30
0.0
 11
292.9565575974809
 21
172.4470588235294
 31
0.0
  0
LINE
  5
2B7
330
17
100
AcDbEntity
  8
GEOMETRY
100
AcDbLine
 10
292.9565575974809
 20
172.4470588235294
 30
0.0
 11
292.8424706128513
 21
172.4470588235294
 31
0.0
  0
LINE
  5
2B8
330
17
100
AcDbEntity
  8
GEOMETRY
100
AcDbLine
 10
292.8424706128513
 20
172.4470588235294
 30
0.0
 11
292.72838362822165
 21
172.4470588235294
 31
0.0
  0
LINE
  5
2B9
330
17
100
AcDbEntity
  8
GEOMETRY
100
AcDbLine
 10
292.72838362822165
 20
172.4470588235294
 30
0.0
 11
292.614296643592
 21
172.4470588235294
 31
0.0
  0
LINE
  5
2BA
330
17
100
AcDbEntity
  8
GEOMETRY
100
AcDbLine
 10
292.614296643592
 20
172.4470588235294
 30
0.0
 11
292.43638406200114
 21
172.4470588235294
 31
0.0
  0
LINE
  5
2BB
330
17
100
AcDbEntity
  8
GEOMETRY
100
AcDbLine
 10
292.43638406200114
 20
172.4470588235294
 30
0.0
 11
292.2478338809168
 21
172.4470588235294
 31
0.0
  0
LINE
  5
2BC
330
17
100
AcDbEntity
  8
GEOMETRY
100
AcDbLine
 10
292.2478338809168
 20
172.4470588235294
 30
0.0
 11
292.0592836998324
 21
172.4470588235294
 31
0.0
  0
LINE
  5
2BD
330
17
100
AcDbEntity
  8
GEOMETRY
100
AcDbLine
 10
292.0592836998324
 20
172.4470588235294
 30
0.0
 11
291.870733518748
 21
172.4470588235294
 31
0.0
  0
LINE
  5
2BE
330
17
100
AcDbEntity
  8
GEOMETRY
100
AcDbLine
 10
245.39999999999998
 20
180.77647058823527
 30
0.0
 11
245.38857929529163
 21
180.77647058823527
 31
0.0
  0
LINE
  5
2BF
330
17
100
AcDbEntity
  8
GEOMETRY
100
AcDbLine
 10
245.36573788587492
 20
180.77647058823527
 30
0.0
 11
245.35431718116658
 21
180.77647058823527
 31
0.0
  0
LINE
  5
2C0
330
17
100
AcDbEntity
  8
GEOMETRY
100
AcDbLine
 10
245.35431718116658
 20
180.77647058823527
 30
0.0
 11
245.33335273606082
 21
180.77647058823527
 31
0.0
  0
LINE
  5
2C1
330
17
100
AcDbEntity
  8
GEOMETRY
100
AcDbLine
 10
245.29966330375856
 20
180.77647058823527
 30
0.0
 11
245.26597387145628
 21
180.77647058823527
 31
0.0
  0
LINE
  5
2C2
330
17
100
AcDbEntity
  8
GEOMETRY
100
AcDbLine
 10
245.26597387145628
 20
180.77647058823527
 30
0.0
 11
245.232284439154
 21
180.77647058823527
 31
0.0
  0
LINE
  5
2C3
330
17
100
AcDbEntity
  8
GEOMETRY
100
AcDbLine
 10
245.232284439154
 20
180.77647058823527
 30
0.0
 11
245.19859500685175
 21
180.77647058823527
 31
0.0
  0
LINE
  5
2C4
330
17
100
AcDbEntity
  8
GEOMETRY
100
AcDbLine
 10
245.19859500685175
 20
180.77647058823527
 30
0.0
 11
245.14726608987792
 21
180.77647058823527
 31
0.0
  0
LINE
  5
2C5
330
17
100
AcDbEntity
  8
GEOMETRY
100
AcDbLine
 10
245.14726608987792
 20
180.77647058823527
 30
0.0
 11
245.0929972587922
 21
180.77647058823527
 31
0.0
  0
LINE
  5
2C6
330
17
100
AcDbEntity
  8
GEOMETRY
100
AcDbLine
 10
245.0929972587922
 20
180.77647058823527
 30
0.0
 11
245.03872842770645
 21
180.77647058823527
 31
0.0
  0
LINE
  5
2C7
330
17
100
AcDbEntity
  8
GEOMETRY
100
AcDbLine
 10
245.03872842770645
 20
180.77647058823527
 30
0.0
 11
244.9844595966207
 21
180.77647058823527
 31
0.0
  0
LINE
  5
2C8
330
17
100
AcDbEntity
  8
GEOMETRY
100
AcDbLine
 10
244.9844595966207
 20
180.77647058823527
 30
0.0
 11
244.9250884418247
 21
180.77647058823527
 31
0.0
  0
LINE
  5
2C9
330
17
100
AcDbEntity
  8
GEOMETRY
100
AcDbLine
 10
244.9250884418247
 20
180.77647058823527
 30
0.0
 11
244.85296147775304
 21
180.77647058823527
 31
0.0
  0
LINE
  5
2CA
330
17
100
AcDbEntity
  8
GEOMETRY
100
AcDbLine
 10
244.85296147775304
 20
180.77647058823527
 30
0.0
 11
244.78083451368138
 21
180.77647058823527
 31
0.0
  0
LINE
  5
2CB
330
17
100
AcDbEntity
  8
GEOMETRY
100
AcDbLine
 10
244.78083451368138
 20
180.77647058823527
 30
0.0
 11
244.70870754960973
 21
180.77647058823527
 31
0.0
  0
LINE
  5
2CC
330
17
100
AcDbEntity
  8
GEOMETRY
100
AcDbLine
 10
244.70870754960973
 20
180.77647058823527
 30
0.0
 11
244.63658058553807
 21
180.77647058823527
 31
0.0
  0
LINE
  5
2CD
330
17
100
AcDbEntity
  8
GEOMETRY
100
AcDbLine
 10
244.63658058553807
 20
180.77647058823527
 30
0.0
 11
244.5542812030154
 21
180.77647058823527
 31
0.0
  0
LINE
  5
2CE
330
17
100
AcDbEntity
  8
GEOMETRY
100
AcDbLine
 10
244.5542812030154
 20
180.77647058823527
 30
0.0
 11
244.46791285311235
 21
180.77647058823527
 31
0.0
  0
LINE
  5
2CF
330
17
100
AcDbEntity
  8
GEOMETRY
100
AcDbLine
 10
244.46791285311235
 20
180.77647058823527
 30
0.0
 11
244.38154450320928
 21
180.77647058823527
 31
0.0
  0
LINE
  5
2D0
330
17
100
AcDbEntity
  8
GEOMETRY
100
AcDbLine
 10
244.38154450320928
 20
180.77647058823527
 30
0.0
 11
244.29517615330622
 21
180.77647058823527
 31
0.0
  0
LINE
  5
2D1
330
17
100
AcDbEntity
  8
GEOMETRY
100
AcDbLine
 10
244.29517615330622
 20
180.77647058823527
 30
0.0
 11
244.20739201538538
 21
180.77647058823527
 31
0.0
  0
LINE
  5
2D2
330
17
100
AcDbEntity
  8
GEOMETRY
100
AcDbLine
 10
244.20739201538538
 20
180.77647058823527
 30
0.0
 11
244.1111131493579
 21
180.77647058823527
 31
0.0
  0
LINE
  5
2D3
330
17
100
AcDbEntity
  8
GEOMETRY
100
AcDbLine
 10
244.1111131493579
 20
180.77647058823527
 30
0.0
 11
244.0148342833304
 21
180.77647058823527
 31
0.0
  0
LINE
  5
2D4
330
17
100
AcDbEntity
  8
GEOMETRY
100
AcDbLine
 10
244.0148342833304
 20
180.77647058823527
 30
0.0
 11
243.9185554173029
 21
180.77647058823527
 31
0.0
  0
LINE
  5
2D5
330
17
100
AcDbEntity
  8
GEOMETRY
100
AcDbLine
 10
243.9185554173029
 20
180.77647058823527
 30
0.0
 11
243.82227655127542
 21
180.77647058823527
 31
0.0
  0
LINE
  5
2D6
330
17
100
AcDbEntity
  8
GEOMETRY
100
AcDbLine
 10
243.82227655127542
 20
180.77647058823527
 30
0.0
 11
243.72309328995863
 21
180.77647058823527
 31
0.0
  0
LINE
  5
2D7
330
17
100
AcDbEntity
  8
GEOMETRY
100
AcDbLine
 10
243.72309328995863
 20
180.77647058823527
 30
0.0
 11
243.62173173217485
 21
180.77647058823527
 31
0.0
  0
LINE
  5
2D8
330
17
100
AcDbEntity
  8
GEOMETRY
100
AcDbLine
 10
243.62173173217485
 20
180.77647058823527
 30
0.0
 11
243.52037017439108
 21
180.77647058823527
 31
0.0
  0
LINE
  5
2D9
330
17
100
AcDbEntity
  8
GEOMETRY
100
AcDbLine
 10
243.52037017439108
 20
180.77647058823527
 30
0.0
 11
243.4190086166073
 21
180.77647058823527
 31
0.0
  0
LINE
  5
2DA
330
17
100
AcDbEntity
  8
GEOMETRY
100
AcDbLine
 10
243.4190086166073
 20
180.77647058823527
 30
0.0
 11
243.31764705882352
 21
180.77647058823527
 31
0.0
  0
LINE
  5
2DB
330
17
100
AcDbEntity
  8
GEOMETRY
100
AcDbLine
 10
243.31764705882352
 20
180.77647058823527
 30
0.0
 11
243.21628550103975
 21
180.77647058823527
 31
0.0
  0
LINE
  5
2DC
330
17
100
AcDbEntity
  8
GEOMETRY
100
AcDbLine
 10
243.21628550103975
 20
180.77647058823527
 30
0.0
 11
243.11492394325597
 21
180.77647058823527
 31
0.0
  0
LINE
  5
2DD
330
17
100
AcDbEntity
  8
GEOMETRY
100
AcDbLine
 10
243.11492394325597
 20
180.77647058823527
 30
0.0
 11
243.0135623854722
 21
180.77647058823527
 31
0.0
  0
LINE
  5
2DE
330
17
100
AcDbEntity
  8
GEOMETRY
100
AcDbLine
 10
243.0135623854722
 20
180.77647058823527
 30
0.0
 11
242.9122008276884
 21
180.77647058823527
 31
0.0
  0
LINE
  5
2DF
330
17
100
AcDbEntity
  8
GEOMETRY
100
AcDbLine
 10
242.9122008276884
 20
180.77647058823527
 30
0.0
 11
242.8130175663716
 21
180.77647058823527
 31
0.0
  0
LINE
  5
2E0
330
17
100
AcDbEntity
  8
GEOMETRY
100
AcDbLine
 10
242.8130175663716
 20
180.77647058823527
 30
0.0
 11
242.7167387003441
 21
180.77647058823527
 31
0.0
  0
LINE
  5
2E1
330
17
100
AcDbEntity
  8
GEOMETRY
100
AcDbLine
 10
242.7167387003441
 20
180.77647058823527
 30
0.0
 11
242.62045983431662
 21
180.77647058823527
 31
0.0
  0
LINE
  5
2E2
330
17
100
AcDbEntity
  8
GEOMETRY
100
AcDbLine
 10
242.62045983431662
 20
180.77647058823527
 30
0.0
 11
242.52418096828913
 21
180.77647058823527
 31
0.0
  0
LINE
  5
2E3
330
17
100
AcDbEntity
  8
GEOMETRY
100
AcDbLine
 10
242.52418096828913
 20
180.77647058823527
 30
0.0
 11
242.42790210226164
 21
180.77647058823527
 31
0.0
  0
LINE
  5
2E4
330
17
100
AcDbEntity
  8
GEOMETRY
100
AcDbLine
 10
242.42790210226164
 20
180.77647058823527
 30
0.0
 11
242.3401179643408
 21
180.77647058823527
 31
0.0
  0
LINE
  5
2E5
330
17
100
AcDbEntity
  8
GEOMETRY
100
AcDbLine
 10
242.3401179643408
 20
180.77647058823527
 30
0.0
 11
242.25374961443774
 21
180.77647058823527
 31
0.0
  0
LINE
  5
2E6
330
17
100
AcDbEntity
  8
GEOMETRY
100
AcDbLine
 10
242.25374961443774
 20
180.77647058823527
 30
0.0
 11
242.1673812645347
 21
180.77647058823527
 31
0.0
  0
LINE
  5
2E7
330
17
100
AcDbEntity
  8
GEOMETRY
100
AcDbLine
 10
242.1673812645347
 20
180.77647058823527
 30
0.0
 11
242.08101291463163
 21
180.77647058823527
 31
0.0
  0
LINE
  5
2E8
330
17
100
AcDbEntity
  8
GEOMETRY
100
AcDbLine
 10
242.08101291463163
 20
180.77647058823527
 30
0.0
 11
241.99871353210898
 21
180.77647058823527
 31
0.0
  0
LINE
  5
2E9
330
17
100
AcDbEntity
  8
GEOMETRY
100
AcDbLine
 10
241.99871353210898
 20
180.77647058823527
 30
0.0
 11
241.92658656803732
 21
180.77647058823527
 31
0.0
  0
LINE
  5
2EA
330
17
100
AcDbEntity
  8
GEOMETRY
100
AcDbLine
 10
241.92658656803732
 20
180.77647058823527
 30
0.0
 11
241.85445960396564
 21
180.77647058823527
 31
0.0
  0
LINE
  5
2EB
330
17
100
AcDbEntity
  8
GEOMETRY
100
AcDbLine
 10
241.85445960396564
 20
180.77647058823527
 30
0.0
 11
241.78233263989398
 21
180.77647058823527
 31
0.0
  0
LINE
  5
2EC
330
17
100
AcDbEntity
  8
GEOMETRY
100
AcDbLine
 10
241.78233263989398
 20
180.77647058823527
 30
0.0
 11
241.71020567582232
 21
180.77647058823527
 31
0.0
  0
LINE
  5
2ED
330
17
100
AcDbEntity
  8
GEOMETRY
100
AcDbLine
 10
241.71020567582232
 20
180.77647058823527
 30
0.0
 11
241.65083452102633
 21
180.77647058823527
 31
0.0
  0
LINE
  5
2EE
330
17
100
AcDbEntity
  8
GEOMETRY
100
AcDbLine
 10
241.65083452102633
 20
180.77647058823527
 30
0.0
 11
241.59656568994058
 21
180.77647058823527
 31
0.0
  0
LINE
  5
2EF
330
17
100
AcDbEntity
  8
GEOMETRY
100
AcDbLine
 10
241.59656568994058
 20
180.77647058823527
 30
0.0
 11
241.54229685885485
 21
180.77647058823527
 31
0.0
  0
LINE
  5
2F0
330
17
100
AcDbEntity
  8
GEOMETRY
100
AcDbLine
 10
241.54229685885485
 20
180.77647058823527
 30
0.0
 11
241.4880280277691
 21
180.77647058823527
 31
0.0
  0
LINE
  5
2F1
330
17
100
AcDbEntity
  8
GEOMETRY
100
AcDbLine
 10
241.4880280277691
 20
180.77647058823527
 30
0.0
 11
241.4366991107953
 21
180.77647058823527
 31
0.0
  0
LINE
  5
2F2
330
17
100
AcDbEntity
  8
GEOMETRY
100
AcDbLine
 10
241.4366991107953
 20
180.77647058823527
 30
0.0
 11
241.40300967849302
 21
180.77647058823527
 31
0.0
  0
LINE
  5
2F3
330
17
100
AcDbEntity
  8
GEOMETRY
100
AcDbLine
 10
241.40300967849302
 20
180.77647058823527
 30
0.0
 11
241.36932024619074
 21
180.77647058823527
 31
0.0
  0
LINE
  5
2F4
330
17
100
AcDbEntity
  8
GEOMETRY
100
AcDbLine
 10
241.36932024619074
 20
180.77647058823527
 30
0.0
 11
241.33563081388849
 21
180.77647058823527
 31
0.0
  0
LINE
  5
2F5
330
17
100
AcDbEntity
  8
GEOMETRY
100
AcDbLine
 10
241.33563081388849
 20
180.77647058823527
 30
0.0
 11
241.3019413815862
 21
180.77647058823527
 31
0.0
  0
LINE
  5
2F6
330
17
100
AcDbEntity
  8
GEOMETRY
100
AcDbLine
 10
241.28097693648047
 20
180.77647058823527
 30
0.0
 11
241.2695562317721
 21
180.77647058823527
 31
0.0
  0
LINE
  5
2F7
330
17
100
AcDbEntity
  8
GEOMETRY
100
AcDbLine
 10
241.2695562317721
 20
180.77647058823527
 30
0.0
 11
241.25813552706376
 21
180.77647058823527
 31
0.0
  0
LINE
  5
2F8
330
17
100
AcDbEntity
  8
GEOMETRY
100
AcDbLine
 10
265.52941176470586
 20
180.77647058823527
 30
0.0
 11
265.4784102993044
 21
180.77647058823527
 31
0.0
  0
LINE
  5
2F9
330
17
100
AcDbEntity
  8
GEOMETRY
100
AcDbLine
 10
265.4784102993044
 20
180.77647058823527
 30
0.0
 11
265.4274088339029
 21
180.77647058823527
 31
0.0
  0
LINE
  5
2FA
330
17
100
AcDbEntity
  8
GEOMETRY
100
AcDbLine
 10
265.4274088339029
 20
180.77647058823527
 30
0.0
 11
265.3764073685015
 21
180.77647058823527
 31
0.0
  0
LINE
  5
2FB
330
17
100
AcDbEntity
  8
GEOMETRY
100
AcDbLine
 10
265.3764073685015
 20
180.77647058823527
 30
0.0
 11
265.3254059031
 21
180.77647058823527
 31
0.0
  0
LINE
  5
2FC
330
17
100
AcDbEntity
  8
GEOMETRY
100
AcDbLine
 10
265.3254059031
 20
180.77647058823527
 30
0.0
 11
265.2746793118496
 21
180.77647058823527
 31
0.0
  0
LINE
  5
2FD
330
17
100
AcDbEntity
  8
GEOMETRY
100
AcDbLine
 10
265.2746793118496
 20
180.77647058823527
 30
0.0
 11
265.2243192194673
 21
180.77647058823527
 31
0.0
  0
LINE
  5
2FE
330
17
100
AcDbEntity
  8
GEOMETRY
100
AcDbLine
 10
265.2243192194673
 20
180.77647058823527
 30
0.0
 11
265.17395912708497
 21
180.77647058823527
 31
0.0
  0
LINE
  5
2FF
330
17
100
AcDbEntity
  8
GEOMETRY
100
AcDbLine
 10
265.17395912708497
 20
180.77647058823527
 30
0.0
 11
265.1235990347027
 21
180.77647058823527
 31
0.0
  0
LINE
  5
300
330
17
100
AcDbEntity
  8
GEOMETRY
100
AcDbLine
 10
265.1235990347027
 20
180.77647058823527
 30
0.0
 11
265.07323894232036
 21
180.77647058823527
 31
0.0
  0
LINE
  5
301
330
17
100
AcDbEntity
  8
GEOMETRY
100
AcDbLine
 10
265.07323894232036
 20
180.77647058823527
 30
0.0
 11
265.02397143313846
 21
180.77647058823527
 31
0.0
  0
LINE
  5
302
330
17
100
AcDbEntity
  8
GEOMETRY
100
AcDbLine
 10
265.02397143313846
 20
180.77647058823527
 30
0.0
 11
264.97488602115664
 21
180.77647058823527
 31
0.0
  0
LINE
  5
303
330
17
100
AcDbEntity
  8
GEOMETRY
100
AcDbLine
 10
264.97488602115664
 20
180.77647058823527
 30
0.0
 11
264.9258006091748
 21
180.77647058823527
 31
0.0
  0
LINE
  5
304
330
17
100
AcDbEntity
  8
GEOMETRY
100
AcDbLine
 10
264.9258006091748
 20
180.77647058823527
 30
0.0
 11
264.876715197193
 21
180.77647058823527
 31
0.0
  0
LINE
  5
305
330
17
100
AcDbEntity
  8
GEOMETRY
100
AcDbLine
 10
264.876715197193
 20
180.77647058823527
 30
0.0
 11
264.82817034462147
 21
180.77647058823527
 31
0.0
  0
LINE
  5
306
330
17
100
AcDbEntity
  8
GEOMETRY
100
AcDbLine
 10
264.82817034462147
 20
180.77647058823527
 30
0.0
 11
264.7809768905758
 21
180.77647058823527
 31
0.0
  0
LINE
  5
307
330
17
100
AcDbEntity
  8
GEOMETRY
100
AcDbLine
 10
264.7809768905758
 20
180.77647058823527
 30
0.0
 11
264.73378343653013
 21
180.77647058823527
 31
0.0
  0
LINE
  5
308
330
17
100
AcDbEntity
  8
GEOMETRY
100
AcDbLine
 10
264.73378343653013
 20
180.77647058823527
 30
0.0
 11
264.68658998248446
 21
180.77647058823527
 31
0.0
  0
LINE
  5
309
330
17
100
AcDbEntity
  8
GEOMETRY
100
AcDbLine
 10
264.68658998248446
 20
180.77647058823527
 30
0.0
 11
264.63939652843885
 21
180.77647058823527
 31
0.0
  0
LINE
  5
30A
330
17
100
AcDbEntity
  8
GEOMETRY
100
AcDbLine
 10
264.63939652843885
 20
180.77647058823527
 30
0.0
 11
264.5939783908239
 21
180.77647058823527
 31
0.0
  0
LINE
  5
30B
330
17
100
AcDbEntity
  8
GEOMETRY
100
AcDbLine
 10
264.5939783908239
 20
180.77647058823527
 30
0.0
 11
264.5492703797813
 21
180.77647058823527
 31
0.0
  0
LINE
  5
30C
330
17
100
AcDbEntity
  8
GEOMETRY
100
AcDbLine
 10
264.5492703797813
 20
180.77647058823527
 30
0.0
 11
264.50456236873873
 21
180.77647058823527
 31
0.0
  0
LINE
  5
30D
330
17
100
AcDbEntity
  8
GEOMETRY
100
AcDbLine
 10
264.50456236873873
 20
180.77647058823527
 30
0.0
 11
264.45985435769614
 21
180.77647058823527
 31
0.0
  0
LINE
  5
30E
330
17
100
AcDbEntity
  8
GEOMETRY
100
AcDbLine
 10
264.45985435769614
 20
180.77647058823527
 30
0.0
 11
264.4155817283939
 21
180.77647058823527
 31
0.0
  0
LINE
  5
30F
330
17
100
AcDbEntity
  8
GEOMETRY
100
AcDbLine
 10
264.4155817283939
 20
180.77647058823527
 30
0.0
 11
264.3739213895334
 21
180.77647058823527
 31
0.0
  0
LINE
  5
310
330
17
100
AcDbEntity
  8
GEOMETRY
100
AcDbLine
 10
264.3739213895334
 20
180.77647058823527
 30
0.0
 11
264.3322610506729
 21
180.77647058823527
 31
0.0
  0
LINE
  5
311
330
17
100
AcDbEntity
  8
GEOMETRY
100
AcDbLine
 10
264.3322610506729
 20
180.77647058823527
 30
0.0
 11
264.2906007118125
 21
180.77647058823527
 31
0.0
  0
LINE
  5
312
330
17
100
AcDbEntity
  8
GEOMETRY
100
AcDbLine
 10
264.2906007118125
 20
180.77647058823527
 30
0.0
 11
264.248940372952
 21
180.77647058823527
 31
0.0
  0
LINE
  5
313
330
17
100
AcDbEntity
  8
GEOMETRY
100
AcDbLine
 10
264.248940372952
 20
180.77647058823527
 30
0.0
 11
264.20932093415735
 21
180.77647058823527
 31
0.0
  0
LINE
  5
314
330
17
100
AcDbEntity
  8
GEOMETRY
100
AcDbLine
 10
264.20932093415735
 20
180.77647058823527
 30
0.0
 11
264.17123217041205
 21
180.77647058823527
 31
0.0
  0
LINE
  5
315
330
17
100
AcDbEntity
  8
GEOMETRY
100
AcDbLine
 10
264.17123217041205
 20
180.77647058823527
 30
0.0
 11
264.1331434066668
 21
180.77647058823527
 31
0.0
  0
LINE
  5
316
330
17
100
AcDbEntity
  8
GEOMETRY
100
AcDbLine
 10
264.1331434066668
 20
180.77647058823527
 30
0.0
 11
264.0950546429215
 21
180.77647058823527
 31
0.0
  0
LINE
  5
317
330
17
100
AcDbEntity
  8
GEOMETRY
100
AcDbLine
 10
264.0950546429215
 20
180.77647058823527
 30
0.0
 11
264.05696587917623
 21
180.77647058823527
 31
0.0
  0
LINE
  5
318
330
17
100
AcDbEntity
  8
GEOMETRY
100
AcDbLine
 10
264.05696587917623
 20
180.77647058823527
 30
0.0
 11
264.02292767884984
 21
180.77647058823527
 31
0.0
  0
LINE
  5
319
330
17
100
AcDbEntity
  8
GEOMETRY
100
AcDbLine
 10
264.02292767884984
 20
180.77647058823527
 30
0.0
 11
263.98888947852345
 21
180.77647058823527
 31
0.0
  0
LINE
  5
31A
330
17
100
AcDbEntity
  8
GEOMETRY
100
AcDbLine
 10
263.98888947852345
 20
180.77647058823527
 30
0.0
 11
263.9548512781971
 21
180.77647058823527
 31
0.0
  0
LINE
  5
31B
330
17
100
AcDbEntity
  8
GEOMETRY
100
AcDbLine
 10
263.9548512781971
 20
180.77647058823527
 30
0.0
 11
263.9208130778707
 21
180.77647058823527
 31
0.0
  0
LINE
  5
31C
330
17
100
AcDbEntity
  8
GEOMETRY
100
AcDbLine
 10
263.9208130778707
 20
180.77647058823527
 30
0.0
 11
263.88869428334607
 21
180.77647058823527
 31
0.0
  0
LINE
  5
31D
330
17
100
AcDbEntity
  8
GEOMETRY
100
AcDbLine
 10
263.88869428334607
 20
180.77647058823527
 30
0.0
 11
263.85913469655713
 21
180.77647058823527
 31
0.0
  0
LINE
  5
31E
330
17
100
AcDbEntity
  8
GEOMETRY
100
AcDbLine
 10
263.8295751097682
 20
180.77647058823527
 30
0.0
 11
263.8000155229792
 21
180.77647058823527
 31
0.0
  0
LINE
  5
31F
330
17
100
AcDbEntity
  8
GEOMETRY
100
AcDbLine
 10
263.8000155229792
 20
180.77647058823527
 30
0.0
 11
263.7704559361903
 21
180.77647058823527
 31
0.0
  0
LINE
  5
320
330
17
100
AcDbEntity
  8
GEOMETRY
100
AcDbLine
 10
263.7704559361903
 20
180.77647058823527
 30
0.0
 11
263.7450537858232
 21
180.77647058823527
 31
0.0
  0
LINE
  5
321
330
17
100
AcDbEntity
  8
GEOMETRY
100
AcDbLine
 10
263.7450537858232
 20
180.77647058823527
 30
0.0
 11
263.7203445415264
 21
180.77647058823527
 31
0.0
  0
LINE
  5
322
330
17
100
AcDbEntity
  8
GEOMETRY
100
AcDbLine
 10
263.6956352972296
 20
180.77647058823527
 30
0.0
 11
263.6709260529328
 21
180.77647058823527
 31
0.0
  0
LINE
  5
323
330
17
100
AcDbEntity
  8
GEOMETRY
100
AcDbLine
 10
263.6709260529328
 20
180.77647058823527
 30
0.0
 11
263.6476914016577
 21
180.77647058823527
 31
0.0
  0
LINE
  5
324
330
17
100
AcDbEntity
  8
GEOMETRY
100
AcDbLine
 10
263.62814323293674
 20
180.77647058823527
 30
0.0
 11
263.6085950642158
 21
180.77647058823527
 31
0.0
  0
LINE
  5
325
330
17
100
AcDbEntity
  8
GEOMETRY
100
AcDbLine
 10
263.6085950642158
 20
180.77647058823527
 30
0.0
 11
263.58904689549485
 21
180.77647058823527
 31
0.0
  0
LINE
  5
326
330
17
100
AcDbEntity
  8
GEOMETRY
100
AcDbLine
 10
263.5538126331527
 20
180.77647058823527
 30
0.0
 11
263.53967136957135
 21
180.77647058823527
 31
0.0
  0
LINE
  5
327
330
17
100
AcDbEntity
  8
GEOMETRY
100
AcDbLine
 10
263.53967136957135
 20
180.77647058823527
 30
0.0
 11
263.5255301059901
 21
180.77647058823527
 31
0.0
  0
LINE
  5
328
330
17
100
AcDbEntity
  8
GEOMETRY
100
AcDbLine
 10
263.4894888749422
 20
180.77647058823527
 30
0.0
 11
263.48093235109496
 21
180.77647058823527
 31
0.0
  0
LINE
  5
329
330
17
100
AcDbEntity
  8
GEOMETRY
100
AcDbLine
 10
263.48093235109496
 20
180.77647058823527
 30
0.0
 11
263.47237582724773
 21
180.77647058823527
 31
0.0
  0
LINE
  5
32A
330
17
100
AcDbEntity
  8
GEOMETRY
100
AcDbLine
 10
264.379145970417
 20
180.77647058823527
 30
0.0
 11
264.4655143203201
 21
180.77647058823527
 31
0.0
  0
LINE
  5
32B
330
17
100
AcDbEntity
  8
GEOMETRY
100
AcDbLine
 10
264.639666808144
 20
180.77647058823527
 30
0.0
 11
264.7359456741715
 21
180.77647058823527
 31
0.0
  0
LINE
  5
32C
330
17
100
AcDbEntity
  8
GEOMETRY
100
AcDbLine
 10
264.92850340622647
 20
180.77647058823527
 30
0.0
 11
265.02478227225396
 21
180.77647058823527
 31
0.0
  0
LINE
  5
32D
330
17
100
AcDbEntity
  8
GEOMETRY
100
AcDbLine
 10
265.12396553357075
 20
180.77647058823527
 30
0.0
 11
265.22532709135453
 21
180.77647058823527
 31
0.0
  0
LINE
  5
32E
330
17
100
AcDbEntity
  8
GEOMETRY
100
AcDbLine
 10
265.3266886491383
 20
180.77647058823527
 30
0.0
 11
265.4280502069221
 21
180.77647058823527
 31
0.0
  0
LINE
  5
32F
330
17
100
AcDbEntity
  8
GEOMETRY
100
AcDbLine
 10
265.52941176470586
 20
180.77647058823527
 30
0.0
 11
265.63077332248963
 21
180.77647058823527
 31
0.0
  0
LINE
  5
330
330
17
100
AcDbEntity
  8
GEOMETRY
100
AcDbLine
 10
265.63077332248963
 20
180.77647058823527
 30
0.0
 11
265.7321348802734
 21
180.77647058823527
 31
0.0
  0
LINE
  5
331
330
17
100
AcDbEntity
  8
GEOMETRY
100
AcDbLine
 10
265.7321348802734
 20
180.77647058823527
 30
0.0
 11
265.8334964380572
 21
180.77647058823527
 31
0.0
  0
LINE
  5
332
330
17
100
AcDbEntity
  8
GEOMETRY
100
AcDbLine
 10
265.8334964380572
 20
180.77647058823527
 30
0.0
 11
265.93485799584096
 21
180.77647058823527
 31
0.0
  0
LINE
  5
333
330
17
100
AcDbEntity
  8
GEOMETRY
100
AcDbLine
 10
265.93485799584096
 20
180.77647058823527
 30
0.0
 11
266.03404125715775
 21
180.77647058823527
 31
0.0
  0
LINE
  5
334
330
17
100
AcDbEntity
  8
GEOMETRY
100
AcDbLine
 10
266.03404125715775
 20
180.77647058823527
 30
0.0
 11
266.13032012318524
 21
180.77647058823527
 31
0.0
  0
LINE
  5
335
330
17
100
AcDbEntity
  8
GEOMETRY
100
AcDbLine
 10
266.13032012318524
 20
180.77647058823527
 30
0.0
 11
266.2265989892128
 21
180.77647058823527
 31
0.0
  0
LINE
  5
336
330
17
100
AcDbEntity
  8
GEOMETRY
100
AcDbLine
 10
266.2265989892128
 20
180.77647058823527
 30
0.0
 11
266.3228778552403
 21
180.77647058823527
 31
0.0
  0
LINE
  5
337
330
17
100
AcDbEntity
  8
GEOMETRY
100
AcDbLine
 10
266.3228778552403
 20
180.77647058823527
 30
0.0
 11
266.41915672126777
 21
180.77647058823527
 31
0.0
  0
LINE
  5
338
330
17
100
AcDbEntity
  8
GEOMETRY
100
AcDbLine
 10
266.41915672126777
 20
180.77647058823527
 30
0.0
 11
266.5069408591886
 21
180.77647058823527
 31
0.0
  0
LINE
  5
339
330
17
100
AcDbEntity
  8
GEOMETRY
100
AcDbLine
 10
266.5069408591886
 20
180.77647058823527
 30
0.0
 11
266.5933092090916
 21
180.77647058823527
 31
0.0
  0
LINE
  5
33A
330
17
100
AcDbEntity
  8
GEOMETRY
100
AcDbLine
 10
266.5933092090916
 20
180.77647058823527
 30
0.0
 11
266.6796775589947
 21
180.77647058823527
 31
0.0
  0
LINE
  5
33B
330
17
100
AcDbEntity
  8
GEOMETRY
100
AcDbLine
 10
266.6796775589947
 20
180.77647058823527
 30
0.0
 11
266.76604590889775
 21
180.77647058823527
 31
0.0
  0
LINE
  5
33C
330
17
100
AcDbEntity
  8
GEOMETRY
100
AcDbLine
 10
266.76604590889775
 20
180.77647058823527
 30
0.0
 11
266.8483452914204
 21
180.77647058823527
 31
0.0
  0
LINE
  5
33D
330
17
100
AcDbEntity
  8
GEOMETRY
100
AcDbLine
 10
266.8483452914204
 20
180.77647058823527
 30
0.0
 11
266.9204722554921
 21
180.77647058823527
 31
0.0
  0
LINE
  5
33E
330
17
100
AcDbEntity
  8
GEOMETRY
100
AcDbLine
 10
266.9204722554921
 20
180.77647058823527
 30
0.0
 11
266.9925992195637
 21
180.77647058823527
 31
0.0
  0
LINE
  5
33F
330
17
100
AcDbEntity
  8
GEOMETRY
100
AcDbLine
 10
266.9925992195637
 20
180.77647058823527
 30
0.0
 11
267.0647261836354
 21
180.77647058823527
 31
0.0
  0
LINE
  5
340
330
17
100
AcDbEntity
  8
GEOMETRY
100
AcDbLine
 10
267.0647261836354
 20
180.77647058823527
 30
0.0
 11
267.13685314770703
 21
180.77647058823527
 31
0.0
  0
LINE
  5
341
330
17
100
AcDbEntity
  8
GEOMETRY
100
AcDbLine
 10
267.13685314770703
 20
180.77647058823527
 30
0.0
 11
267.1962243025031
 21
180.77647058823527
 31
0.0
  0
LINE
  5
342
330
17
100
AcDbEntity
  8
GEOMETRY
100
AcDbLine
 10
267.1962243025031
 20
180.77647058823527
 30
0.0
 11
267.2504931335888
 21
180.77647058823527
 31
0.0
  0
LINE
  5
343
330
17
100
AcDbEntity
  8
GEOMETRY
100
AcDbLine
 10
267.2504931335888
 20
180.77647058823527
 30
0.0
 11
267.3047619646745
 21
180.77647058823527
 31
0.0
  0
LINE
  5
344
330
17
100
AcDbEntity
  8
GEOMETRY
100
AcDbLine
 10
267.3047619646745
 20
180.77647058823527
 30
0.0
 11
267.35903079576025
 21
180.77647058823527
 31
0.0
  0
LINE
  5
345
330
17
100
AcDbEntity
  8
GEOMETRY
100
AcDbLine
 10
267.35903079576025
 20
180.77647058823527
 30
0.0
 11
267.4103597127341
 21
180.77647058823527
 31
0.0
  0
LINE
  5
346
330
17
100
AcDbEntity
  8
GEOMETRY
100
AcDbLine
 10
267.4103597127341
 20
180.77647058823527
 30
0.0
 11
267.4440491450364
 21
180.77647058823527
 31
0.0
  0
LINE
  5
347
330
17
100
AcDbEntity
  8
GEOMETRY
100
AcDbLine
 10
267.4440491450364
 20
180.77647058823527
 30
0.0
 11
267.47773857733864
 21
180.77647058823527
 31
0.0
  0
LINE
  5
348
330
17
100
AcDbEntity
  8
GEOMETRY
100
AcDbLine
 10
267.47773857733864
 20
180.77647058823527
 30
0.0
 11
267.5114280096409
 21
180.77647058823527
 31
0.0
  0
LINE
  5
349
330
17
100
AcDbEntity
  8
GEOMETRY
100
AcDbLine
 10
267.5114280096409
 20
180.77647058823527
 30
0.0
 11
267.54511744194315
 21
180.77647058823527
 31
0.0
  0
LINE
  5
34A
330
17
100
AcDbEntity
  8
GEOMETRY
100
AcDbLine
 10
267.56608188704894
 20
180.77647058823527
 30
0.0
 11
267.57750259175725
 21
180.77647058823527
 31
0.0
  0
LINE
  5
34B
330
17
100
AcDbEntity
  8
GEOMETRY
100
AcDbLine
 10
267.57750259175725
 20
180.77647058823527
 30
0.0
 11
267.5889232964656
 21
180.77647058823527
 31
0.0
  0
LINE
  5
34C
330
17
100
AcDbEntity
  8
GEOMETRY
100
AcDbLine
 10
267.430680296475
 20
180.77647058823527
 30
0.0
 11
267.41113212775406
 21
180.77647058823527
 31
0.0
  0
LINE
  5
34D
330
17
100
AcDbEntity
  8
GEOMETRY
100
AcDbLine
 10
267.2883675932215
 20
180.77647058823527
 30
0.0
 11
267.2588080064325
 21
180.77647058823527
 31
0.0
  0
LINE
  5
34E
330
17
100
AcDbEntity
  8
GEOMETRY
100
AcDbLine
 10
267.22924841964357
 20
180.77647058823527
 30
0.0
 11
267.19968883285463
 21
180.77647058823527
 31
0.0
  0
LINE
  5
34F
330
17
100
AcDbEntity
  8
GEOMETRY
100
AcDbLine
 10
267.13801045154105
 20
180.77647058823527
 30
0.0
 11
267.10397225121466
 21
180.77647058823527
 31
0.0
  0
LINE
  5
350
330
17
100
AcDbEntity
  8
GEOMETRY
100
AcDbLine
 10
267.06993405088826
 20
180.77647058823527
 30
0.0
 11
267.0358958505619
 21
180.77647058823527
 31
0.0
  0
LINE
  5
351
330
17
100
AcDbEntity
  8
GEOMETRY
100
AcDbLine
 10
267.0018576502355
 20
180.77647058823527
 30
0.0
 11
266.96376888649024
 21
180.77647058823527
 31
0.0
  0
LINE
  5
352
330
17
100
AcDbEntity
  8
GEOMETRY
100
AcDbLine
 10
266.92568012274495
 20
180.77647058823527
 30
0.0
 11
266.88759135899966
 21
180.77647058823527
 31
0.0
  0
LINE
  5
353
330
17
100
AcDbEntity
  8
GEOMETRY
100
AcDbLine
 10
266.80988315645976
 20
180.77647058823527
 30
0.0
 11
266.7682228175993
 21
180.77647058823527
 31
0.0
  0
LINE
  5
354
330
17
100
AcDbEntity
  8
GEOMETRY
100
AcDbLine
 10
266.7265624787388
 20
180.77647058823527
 30
0.0
 11
266.6849021398783
 21
180.77647058823527
 31
0.0
  0
LINE
  5
355
330
17
100
AcDbEntity
  8
GEOMETRY
100
AcDbLine
 10
266.6849021398783
 20
180.77647058823527
 30
0.0
 11
266.6432418010179
 21
180.77647058823527
 31
0.0
  0
LINE
  5
356
330
17
100
AcDbEntity
  8
GEOMETRY
100
AcDbLine
 10
266.6432418010179
 20
180.77647058823527
 30
0.0
 11
266.59896917171557
 21
180.77647058823527
 31
0.0
  0
LINE
  5
357
330
17
100
AcDbEntity
  8
GEOMETRY
100
AcDbLine
 10
266.59896917171557
 20
180.77647058823527
 30
0.0
 11
266.554261160673
 21
180.77647058823527
 31
0.0
  0
LINE
  5
358
330
17
100
AcDbEntity
  8
GEOMETRY
100
AcDbLine
 10
266.4648451385878
 20
180.77647058823527
 30
0.0
 11
266.4194270009729
 21
180.77647058823527
 31
0.0
  0
LINE
  5
359
330
17
100
AcDbEntity
  8
GEOMETRY
100
AcDbLine
 10
266.4194270009729
 20
180.77647058823527
 30
0.0
 11
266.37223354692725
 21
180.77647058823527
 31
0.0
  0
LINE
  5
35A
330
17
100
AcDbEntity
  8
GEOMETRY
100
AcDbLine
 10
266.37223354692725
 20
180.77647058823527
 30
0.0
 11
266.3250400928816
 21
180.77647058823527
 31
0.0
  0
LINE
  5
35B
330
17
100
AcDbEntity
  8
GEOMETRY
100
AcDbLine
 10
266.3250400928816
 20
180.77647058823527
 30
0.0
 11
266.2778466388359
 21
180.77647058823527
 31
0.0
  0
LINE
  5
35C
330
17
100
AcDbEntity
  8
GEOMETRY
100
AcDbLine
 10
266.1821083322188
 20
180.77647058823527
 30
0.0
 11
266.13302292023695
 21
180.77647058823527
 31
0.0
  0
LINE
  5
35D
330
17
100
AcDbEntity
  8
GEOMETRY
100
AcDbLine
 10
266.13302292023695
 20
180.77647058823527
 30
0.0
 11
266.0839375082551
 21
180.77647058823527
 31
0.0
  0
LINE
  5
35E
330
17
100
AcDbEntity
  8
GEOMETRY
100
AcDbLine
 10
266.0839375082551
 20
180.77647058823527
 30
0.0
 11
266.03485209627326
 21
180.77647058823527
 31
0.0
  0
LINE
  5
35F
330
17
100
AcDbEntity
  8
GEOMETRY
100
AcDbLine
 10
266.03485209627326
 20
180.77647058823527
 30
0.0
 11
265.98558458709135
 21
180.77647058823527
 31
0.0
  0
LINE
  5
360
330
17
100
AcDbEntity
  8
GEOMETRY
100
AcDbLine
 10
265.9352244947091
 20
180.77647058823527
 30
0.0
 11
265.88486440232674
 21
180.77647058823527
 31
0.0
  0
LINE
  5
361
330
17
100
AcDbEntity
  8
GEOMETRY
100
AcDbLine
 10
265.88486440232674
 20
180.77647058823527
 30
0.0
 11
265.83450430994446
 21
180.77647058823527
 31
0.0
  0
LINE
  5
362
330
17
100
AcDbEntity
  8
GEOMETRY
100
AcDbLine
 10
265.83450430994446
 20
180.77647058823527
 30
0.0
 11
265.78414421756213
 21
180.77647058823527
 31
0.0
  0
LINE
  5
363
330
17
100
AcDbEntity
  8
GEOMETRY
100
AcDbLine
 10
265.73341762631173
 20
180.77647058823527
 30
0.0
 11
265.6824161609103
 21
180.77647058823527
 31
0.0
  0
LINE
  5
364
330
17
100
AcDbEntity
  8
GEOMETRY
100
AcDbLine
 10
265.6824161609103
 20
180.77647058823527
 30
0.0
 11
265.6314146955088
 21
180.77647058823527
 31
0.0
  0
LINE
  5
365
330
17
100
AcDbEntity
  8
GEOMETRY
100
AcDbLine
 10
265.6314146955088
 20
180.77647058823527
 30
0.0
 11
265.58041323010735
 21
180.77647058823527
 31
0.0
  0
LINE
  5
366
330
17
100
AcDbEntity
  8
GEOMETRY
100
AcDbLine
 10
278.7215804785729
 20
180.77647058823527
 30
0.0
 11
278.9120966063261
 21
180.77647058823527
 31
0.0
  0
LINE
  5
367
330
17
100
AcDbEntity
  8
GEOMETRY
100
AcDbLine
 10
278.9120966063261
 20
180.77647058823527
 30
0.0
 11
279.097415938552
 21
180.77647058823527
 31
0.0
  0
LINE
  5
368
330
17
100
AcDbEntity
  8
GEOMETRY
100
AcDbLine
 10
279.097415938552
 20
180.77647058823527
 30
0.0
 11
279.28273527077783
 21
180.77647058823527
 31
0.0
  0
LINE
  5
369
330
17
100
AcDbEntity
  8
GEOMETRY
100
AcDbLine
 10
279.28273527077783
 20
180.77647058823527
 30
0.0
 11
279.46805460300374
 21
180.77647058823527
 31
0.0
  0
LINE
  5
36A
330
17
100
AcDbEntity
  8
GEOMETRY
100
AcDbLine
 10
279.46805460300374
 20
180.77647058823527
 30
0.0
 11
279.6423144875671
 21
180.77647058823527
 31
0.0
  0
LINE
  5
36B
330
17
100
AcDbEntity
  8
GEOMETRY
100
AcDbLine
 10
279.6423144875671
 20
180.77647058823527
 30
0.0
 11
279.7889257529742
 21
180.77647058823527
 31
0.0
  0
LINE
  5
36C
330
17
100
AcDbEntity
  8
GEOMETRY
100
AcDbLine
 10
279.7889257529742
 20
180.77647058823527
 30
0.0
 11
279.9355370183813
 21
180.77647058823527
 31
0.0
  0
LINE
  5
36D
330
17
100
AcDbEntity
  8
GEOMETRY
100
AcDbLine
 10
279.9355370183813
 20
180.77647058823527
 30
0.0
 11
280.08214828378834
 21
180.77647058823527
 31
0.0
  0
LINE
  5
36E
330
17
100
AcDbEntity
  8
GEOMETRY
100
AcDbLine
 10
280.08214828378834
 20
180.77647058823527
 30
0.0
 11
280.22875954919544
 21
180.77647058823527
 31
0.0
  0
LINE
  5
36F
330
17
100
AcDbEntity
  8
GEOMETRY
100
AcDbLine
 10
280.22875954919544
 20
180.77647058823527
 30
0.0
 11
280.3464052513546
 21
180.77647058823527
 31
0.0
  0
LINE
  5
370
330
17
100
AcDbEntity
  8
GEOMETRY
100
AcDbLine
 10
280.3464052513546
 20
180.77647058823527
 30
0.0
 11
280.4524647282145
 21
180.77647058823527
 31
0.0
  0
LINE
  5
371
330
17
100
AcDbEntity
  8
GEOMETRY
100
AcDbLine
 10
280.4524647282145
 20
180.77647058823527
 30
0.0
 11
280.5585242050745
 21
180.77647058823527
 31
0.0
  0
LINE
  5
372
330
17
100
AcDbEntity
  8
GEOMETRY
100
AcDbLine
 10
280.5585242050745
 20
180.77647058823527
 30
0.0
 11
280.66458368193446
 21
180.77647058823527
 31
0.0
  0
LINE
  5
373
330
17
100
AcDbEntity
  8
GEOMETRY
100
AcDbLine
 10
280.66458368193446
 20
180.77647058823527
 30
0.0
 11
280.7646595090793
 21
180.77647058823527
 31
0.0
  0
LINE
  5
374
330
17
100
AcDbEntity
  8
GEOMETRY
100
AcDbLine
 10
280.7646595090793
 20
180.77647058823527
 30
0.0
 11
280.8288334379335
 21
180.77647058823527
 31
0.0
  0
LINE
  5
375
330
17
100
AcDbEntity
  8
GEOMETRY
100
AcDbLine
 10
280.8288334379335
 20
180.77647058823527
 30
0.0
 11
280.8930073667877
 21
180.77647058823527
 31
0.0
  0
LINE
  5
376
330
17
100
AcDbEntity
  8
GEOMETRY
100
AcDbLine
 10
280.8930073667877
 20
180.77647058823527
 30
0.0
 11
280.9571812956418
 21
180.77647058823527
 31
0.0
  0
LINE
  5
377
330
17
100
AcDbEntity
  8
GEOMETRY
100
AcDbLine
 10
280.9571812956418
 20
180.77647058823527
 30
0.0
 11
281.021355224496
 21
180.77647058823527
 31
0.0
  0
LINE
  5
378
330
17
100
AcDbEntity
  8
GEOMETRY
100
AcDbLine
 10
281.021355224496
 20
180.77647058823527
 30
0.0
 11
281.0611333976955
 21
180.77647058823527
 31
0.0
  0
LINE
  5
379
330
17
100
AcDbEntity
  8
GEOMETRY
100
AcDbLine
 10
281.0611333976955
 20
180.77647058823527
 30
0.0
 11
281.08261475415395
 21
180.77647058823527
 31
0.0
  0
LINE
  5
37A
330
17
100
AcDbEntity
  8
GEOMETRY
100
AcDbLine
 10
281.10409611061243
 20
180.77647058823527
 30
0.0
 11
281.1255774670709
 21
180.77647058823527
 31
0.0
  0
LINE
  5
37B
330
17
100
AcDbEntity
  8
GEOMETRY
100
AcDbLine
 10
281.1255774670709
 20
180.77647058823527
 30
0.0
 11
281.1470588235294
 21
180.77647058823527
 31
0.0
  0
LINE
  5
37C
330
17
100
AcDbEntity
  8
GEOMETRY
100
AcDbLine
 10
280.9757482529041
 20
180.77647058823527
 30
0.0
 11
280.89009296759144
 21
180.77647058823527
 31
0.0
  0
LINE
  5
37D
330
17
100
AcDbEntity
  8
GEOMETRY
100
AcDbLine
 10
280.80443768227883
 20
180.77647058823527
 30
0.0
 11
280.6472043439857
 21
180.77647058823527
 31
0.0
  0
LINE
  5
37E
330
17
100
AcDbEntity
  8
GEOMETRY
100
AcDbLine
 10
250.41161918542605
 20
180.77647058823527
 30
0.0
 11
250.25438584713294
 21
180.77647058823527
 31
0.0
  0
LINE
  5
37F
330
17
100
AcDbEntity
  8
GEOMETRY
100
AcDbLine
 10
250.25438584713294
 20
180.77647058823527
 30
0.0
 11
250.1687305618203
 21
180.77647058823527
 31
0.0
  0
LINE
  5
380
330
17
100
AcDbEntity
  8
GEOMETRY
100
AcDbLine
 10
250.1687305618203
 20
180.77647058823527
 30
0.0
 11
250.08307527650763
 21
180.77647058823527
 31
0.0
  0
LINE
  5
381
330
17
100
AcDbEntity
  8
GEOMETRY
100
AcDbLine
 10
250.08307527650763
 20
180.77647058823527
 30
0.0
 11
249.997419991195
 21
180.77647058823527
 31
0.0
  0
LINE
  5
382
330
17
100
AcDbEntity
  8
GEOMETRY
100
AcDbLine
 10
249.997419991195
 20
180.77647058823527
 30
0.0
 11
249.91176470588235
 21
180.77647058823527
 31
0.0
  0
LINE
  5
383
330
17
100
AcDbEntity
  8
GEOMETRY
100
AcDbLine
 10
249.91176470588235
 20
180.77647058823527
 30
0.0
 11
249.9332460623408
 21
180.77647058823527
 31
0.0
  0
LINE
  5
384
330
17
100
AcDbEntity
  8
GEOMETRY
100
AcDbLine
 10
249.95472741879928
 20
180.77647058823527
 30
0.0
 11
249.97620877525776
 21
180.77647058823527
 31
0.0
  0
LINE
  5
385
330
17
100
AcDbEntity
  8
GEOMETRY
100
AcDbLine
 10
250.0374683049157
 20
180.77647058823527
 30
0.0
 11
250.1016422337699
 21
180.77647058823527
 31
0.0
  0
LINE
  5
386
330
17
100
AcDbEntity
  8
GEOMETRY
100
AcDbLine
 10
250.1016422337699
 20
180.77647058823527
 30
0.0
 11
250.16581616262408
 21
180.77647058823527
 31
0.0
  0
LINE
  5
387
330
17
100
AcDbEntity
  8
GEOMETRY
100
AcDbLine
 10
250.22999009147824
 20
180.77647058823527
 30
0.0
 11
250.29416402033243
 21
180.77647058823527
 31
0.0
  0
LINE
  5
388
330
17
100
AcDbEntity
  8
GEOMETRY
100
AcDbLine
 10
250.29416402033243
 20
180.77647058823527
 30
0.0
 11
250.39423984747728
 21
180.77647058823527
 31
0.0
  0
LINE
  5
389
330
17
100
AcDbEntity
  8
GEOMETRY
100
AcDbLine
 10
250.39423984747728
 20
180.77647058823527
 30
0.0
 11
250.50029932433722
 21
180.77647058823527
 31
0.0
  0
LINE
  5
38A
330
17
100
AcDbEntity
  8
GEOMETRY
100
AcDbLine
 10
250.50029932433722
 20
180.77647058823527
 30
0.0
 11
250.6063588011972
 21
180.77647058823527
 31
0.0
  0
LINE
  5
38B
330
17
100
AcDbEntity
  8
GEOMETRY
100
AcDbLine
 10
250.6063588011972
 20
180.77647058823527
 30
0.0
 11
250.71241827805716
 21
180.77647058823527
 31
0.0
  0
LINE
  5
38C
330
17
100
AcDbEntity
  8
GEOMETRY
100
AcDbLine
 10
250.71241827805716
 20
180.77647058823527
 30
0.0
 11
250.8300639802163
 21
180.77647058823527
 31
0.0
  0
LINE
  5
38D
330
17
100
AcDbEntity
  8
GEOMETRY
100
AcDbLine
 10
250.8300639802163
 20
180.77647058823527
 30
0.0
 11
250.97667524562337
 21
180.77647058823527
 31
0.0
  0
LINE
  5
38E
330
17
100
AcDbEntity
  8
GEOMETRY
100
AcDbLine
 10
250.97667524562337
 20
180.77647058823527
 30
0.0
 11
251.12328651103047
 21
180.77647058823527
 31
0.0
  0
LINE
  5
38F
330
17
100
AcDbEntity
  8
GEOMETRY
100
AcDbLine
 10
251.12328651103047
 20
180.77647058823527
 30
0.0
 11
251.26989777643755
 21
180.77647058823527
 31
0.0
  0
LINE
  5
390
330
17
100
AcDbEntity
  8
GEOMETRY
100
AcDbLine
 10
251.26989777643755
 20
180.77647058823527
 30
0.0
 11
251.41650904184462
 21
180.77647058823527
 31
0.0
  0
LINE
  5
391
330
17
100
AcDbEntity
  8
GEOMETRY
100
AcDbLine
 10
251.41650904184462
 20
180.77647058823527
 30
0.0
 11
251.590768926408
 21
180.77647058823527
 31
0.0
  0
LINE
  5
392
330
17
100
AcDbEntity
  8
GEOMETRY
100
AcDbLine
 10
251.590768926408
 20
180.77647058823527
 30
0.0
 11
251.77608825863388
 21
180.77647058823527
 31
0.0
  0
LINE
  5
393
330
17
100
AcDbEntity
  8
GEOMETRY
100
AcDbLine
 10
251.77608825863388
 20
180.77647058823527
 30
0.0
 11
251.96140759085978
 21
180.77647058823527
 31
0.0
  0
LINE
  5
394
330
17
100
AcDbEntity
  8
GEOMETRY
100
AcDbLine
 10
251.96140759085978
 20
180.77647058823527
 30
0.0
 11
252.14672692308565
 21
180.77647058823527
 31
0.0
  0
LINE
  5
395
330
17
100
AcDbEntity
  8
GEOMETRY
100
AcDbLine
 10
252.14672692308565
 20
180.77647058823527
 30
0.0
 11
252.33724305083885
 21
180.77647058823527
 31
0.0
  0
LINE
  5
396
330
17
100
AcDbEntity
  8
GEOMETRY
100
AcDbLine
 10
285.65882352941173
 20
180.77647058823527
 30
0.0
 11
285.6702442341201
 21
180.77647058823527
 31
0.0
  0
LINE
  5
397
330
17
100
AcDbEntity
  8
GEOMETRY
100
AcDbLine
 10
285.6930856435368
 20
180.77647058823527
 30
0.0
 11
285.70450634824516
 21
180.77647058823527
 31
0.0
  0
LINE
  5
398
330
17
100
AcDbEntity
  8
GEOMETRY
100
AcDbLine
 10
285.70450634824516
 20
180.77647058823527
 30
0.0
 11
285.7254707933509
 21
180.77647058823527
 31
0.0
  0
LINE
  5
399
330
17
100
AcDbEntity
  8
GEOMETRY
100
AcDbLine
 10
285.7591602256532
 20
180.77647058823527
 30
0.0
 11
285.79284965795546
 21
180.77647058823527
 31
0.0
  0
LINE
  5
39A
330
17
100
AcDbEntity
  8
GEOMETRY
100
AcDbLine
 10
285.79284965795546
 20
180.77647058823527
 30
0.0
 11
285.8265390902577
 21
180.77647058823527
 31
0.0
  0
LINE
  5
39B
330
17
100
AcDbEntity
  8
GEOMETRY
100
AcDbLine
 10
285.8265390902577
 20
180.77647058823527
 30
0.0
 11
285.86022852256
 21
180.77647058823527
 31
0.0
  0
LINE
  5
39C
330
17
100
AcDbEntity
  8
GEOMETRY
100
AcDbLine
 10
285.86022852256
 20
180.77647058823527
 30
0.0
 11
285.9115574395338
 21
180.77647058823527
 31
0.0
  0
LINE
  5
39D
330
17
100
AcDbEntity
  8
GEOMETRY
100
AcDbLine
 10
285.9115574395338
 20
180.77647058823527
 30
0.0
 11
285.9658262706196
 21
180.77647058823527
 31
0.0
  0
LINE
  5
39E
330
17
100
AcDbEntity
  8
GEOMETRY
100
AcDbLine
 10
285.9658262706196
 20
180.77647058823527
 30
0.0
 11
286.0200951017053
 21
180.77647058823527
 31
0.0
  0
LINE
  5
39F
330
17
100
AcDbEntity
  8
GEOMETRY
100
AcDbLine
 10
286.0200951017053
 20
180.77647058823527
 30
0.0
 11
286.074363932791
 21
180.77647058823527
 31
0.0
  0
LINE
  5
3A0
330
17
100
AcDbEntity
  8
GEOMETRY
100
AcDbLine
 10
286.074363932791
 20
180.77647058823527
 30
0.0
 11
286.133735087587
 21
180.77647058823527
 31
0.0
  0
LINE
  5
3A1
330
17
100
AcDbEntity
  8
GEOMETRY
100
AcDbLine
 10
286.133735087587
 20
180.77647058823527
 30
0.0
 11
286.2058620516587
 21
180.77647058823527
 31
0.0
  0
LINE
  5
3A2
330
17
100
AcDbEntity
  8
GEOMETRY
100
AcDbLine
 10
286.2058620516587
 20
180.77647058823527
 30
0.0
 11
286.2779890157303
 21
180.77647058823527
 31
0.0
  0
LINE
  5
3A3
330
17
100
AcDbEntity
  8
GEOMETRY
100
AcDbLine
 10
286.2779890157303
 20
180.77647058823527
 30
0.0
 11
286.350115979802
 21
180.77647058823527
 31
0.0
  0
LINE
  5
3A4
330
17
100
AcDbEntity
  8
GEOMETRY
100
AcDbLine
 10
286.350115979802
 20
180.77647058823527
 30
0.0
 11
286.4222429438737
 21
180.77647058823527
 31
0.0
  0
LINE
  5
3A5
330
17
100
AcDbEntity
  8
GEOMETRY
100
AcDbLine
 10
286.4222429438737
 20
180.77647058823527
 30
0.0
 11
286.50454232639635
 21
180.77647058823527
 31
0.0
  0
LINE
  5
3A6
330
17
100
AcDbEntity
  8
GEOMETRY
100
AcDbLine
 10
286.50454232639635
 20
180.77647058823527
 30
0.0
 11
286.5909106762994
 21
180.77647058823527
 31
0.0
  0
LINE
  5
3A7
330
17
100
AcDbEntity
  8
GEOMETRY
100
AcDbLine
 10
286.5909106762994
 20
180.77647058823527
 30
0.0
 11
286.6772790262024
 21
180.77647058823527
 31
0.0
  0
LINE
  5
3A8
330
17
100
AcDbEntity
  8
GEOMETRY
100
AcDbLine
 10
286.6772790262024
 20
180.77647058823527
 30
0.0
 11
286.7636473761055
 21
180.77647058823527
 31
0.0
  0
LINE
  5
3A9
330
17
100
AcDbEntity
  8
GEOMETRY
100
AcDbLine
 10
286.7636473761055
 20
180.77647058823527
 30
0.0
 11
286.85143151402633
 21
180.77647058823527
 31
0.0
  0
LINE
  5
3AA
330
17
100
AcDbEntity
  8
GEOMETRY
100
AcDbLine
 10
286.85143151402633
 20
180.77647058823527
 30
0.0
 11
286.9477103800538
 21
180.77647058823527
 31
0.0
  0
LINE
  5
3AB
330
17
100
AcDbEntity
  8
GEOMETRY
100
AcDbLine
 10
286.9477103800538
 20
180.77647058823527
 30
0.0
 11
287.0439892460813
 21
180.77647058823527
 31
0.0
  0
LINE
  5
3AC
330
17
100
AcDbEntity
  8
GEOMETRY
100
AcDbLine
 10
287.0439892460813
 20
180.77647058823527
 30
0.0
 11
287.1402681121088
 21
180.77647058823527
 31
0.0
  0
LINE
  5
3AD
330
17
100
AcDbEntity
  8
GEOMETRY
100
AcDbLine
 10
287.1402681121088
 20
180.77647058823527
 30
0.0
 11
287.2365469781363
 21
180.77647058823527
 31
0.0
  0
LINE
  5
3AE
330
17
100
AcDbEntity
  8
GEOMETRY
100
AcDbLine
 10
287.2365469781363
 20
180.77647058823527
 30
0.0
 11
287.33573023945314
 21
180.77647058823527
 31
0.0
  0
LINE
  5
3AF
330
17
100
AcDbEntity
  8
GEOMETRY
100
AcDbLine
 10
287.33573023945314
 20
180.77647058823527
 30
0.0
 11
287.4370917972369
 21
180.77647058823527
 31
0.0
  0
LINE
  5
3B0
330
17
100
AcDbEntity
  8
GEOMETRY
100
AcDbLine
 10
287.4370917972369
 20
180.77647058823527
 30
0.0
 11
287.5384533550207
 21
180.77647058823527
 31
0.0
  0
LINE
  5
3B1
330
17
100
AcDbEntity
  8
GEOMETRY
100
AcDbLine
 10
287.5384533550207
 20
180.77647058823527
 30
0.0
 11
287.63981491280447
 21
180.77647058823527
 31
0.0
  0
LINE
  5
3B2
330
17
100
AcDbEntity
  8
GEOMETRY
100
AcDbLine
 10
287.63981491280447
 20
180.77647058823527
 30
0.0
 11
287.74117647058824
 21
180.77647058823527
 31
0.0
  0
LINE
  5
3B3
330
17
100
AcDbEntity
  8
GEOMETRY
100
AcDbLine
 10
287.74117647058824
 20
180.77647058823527
 30
0.0
 11
287.842538028372
 21
180.77647058823527
 31
0.0
  0
LINE
  5
3B4
330
17
100
AcDbEntity
  8
GEOMETRY
100
AcDbLine
 10
287.842538028372
 20
180.77647058823527
 30
0.0
 11
287.9438995861558
 21
180.77647058823527
 31
0.0
  0
LINE
  5
3B5
330
17
100
AcDbEntity
  8
GEOMETRY
100
AcDbLine
 10
287.9438995861558
 20
180.77647058823527
 30
0.0
 11
288.04526114393957
 21
180.77647058823527
 31
0.0
  0
LINE
  5
3B6
330
17
100
AcDbEntity
  8
GEOMETRY
100
AcDbLine
 10
288.04526114393957
 20
180.77647058823527
 30
0.0
 11
288.14662270172335
 21
180.77647058823527
 31
0.0
  0
LINE
  5
3B7
330
17
100
AcDbEntity
  8
GEOMETRY
100
AcDbLine
 10
288.14662270172335
 20
180.77647058823527
 30
0.0
 11
288.24580596304014
 21
180.77647058823527
 31
0.0
  0
LINE
  5
3B8
330
17
100
AcDbEntity
  8
GEOMETRY
100
AcDbLine
 10
288.24580596304014
 20
180.77647058823527
 30
0.0
 11
288.34208482906763
 21
180.77647058823527
 31
0.0
  0
LINE
  5
3B9
330
17
100
AcDbEntity
  8
GEOMETRY
100
AcDbLine
 10
288.34208482906763
 20
180.77647058823527
 30
0.0
 11
288.4383636950951
 21
180.77647058823527
 31
0.0
  0
LINE
  5
3BA
330
17
100
AcDbEntity
  8
GEOMETRY
100
AcDbLine
 10
288.4383636950951
 20
180.77647058823527
 30
0.0
 11
288.5346425611226
 21
180.77647058823527
 31
0.0
  0
LINE
  5
3BB
330
17
100
AcDbEntity
  8
GEOMETRY
100
AcDbLine
 10
288.5346425611226
 20
180.77647058823527
 30
0.0
 11
288.6309214271501
 21
180.77647058823527
 31
0.0
  0
LINE
  5
3BC
330
17
100
AcDbEntity
  8
GEOMETRY
100
AcDbLine
 10
288.6309214271501
 20
180.77647058823527
 30
0.0
 11
288.71870556507093
 21
180.77647058823527
 31
0.0
  0
LINE
  5
3BD
330
17
100
AcDbEntity
  8
GEOMETRY
100
AcDbLine
 10
288.71870556507093
 20
180.77647058823527
 30
0.0
 11
288.805073914974
 21
180.77647058823527
 31
0.0
  0
LINE
  5
3BE
330
17
100
AcDbEntity
  8
GEOMETRY
100
AcDbLine
 10
288.805073914974
 20
180.77647058823527
 30
0.0
 11
288.89144226487707
 21
180.77647058823527
 31
0.0
  0
LINE
  5
3BF
330
17
100
AcDbEntity
  8
GEOMETRY
100
AcDbLine
 10
288.89144226487707
 20
180.77647058823527
 30
0.0
 11
288.9778106147801
 21
180.77647058823527
 31
0.0
  0
LINE
  5
3C0
330
17
100
AcDbEntity
  8
GEOMETRY
100
AcDbLine
 10
288.9778106147801
 20
180.77647058823527
 30
0.0
 11
289.0601099973028
 21
180.77647058823527
 31
0.0
  0
LINE
  5
3C1
330
17
100
AcDbEntity
  8
GEOMETRY
100
AcDbLine
 10
289.0601099973028
 20
180.77647058823527
 30
0.0
 11
289.1322369613744
 21
180.77647058823527
 31
0.0
  0
LINE
  5
3C2
330
17
100
AcDbEntity
  8
GEOMETRY
100
AcDbLine
 10
289.1322369613744
 20
180.77647058823527
 30
0.0
 11
289.2043639254461
 21
180.77647058823527
 31
0.0
  0
LINE
  5
3C3
330
17
100
AcDbEntity
  8
GEOMETRY
100
AcDbLine
 10
289.2043639254461
 20
180.77647058823527
 30
0.0
 11
289.27649088951773
 21
180.77647058823527
 31
0.0
  0
LINE
  5
3C4
330
17
100
AcDbEntity
  8
GEOMETRY
100
AcDbLine
 10
289.27649088951773
 20
180.77647058823527
 30
0.0
 11
289.3486178535894
 21
180.77647058823527
 31
0.0
  0
LINE
  5
3C5
330
17
100
AcDbEntity
  8
GEOMETRY
100
AcDbLine
 10
289.3486178535894
 20
180.77647058823527
 30
0.0
 11
289.4079890083854
 21
180.77647058823527
 31
0.0
  0
LINE
  5
3C6
330
17
100
AcDbEntity
  8
GEOMETRY
100
AcDbLine
 10
289.4079890083854
 20
180.77647058823527
 30
0.0
 11
289.46225783947114
 21
180.77647058823527
 31
0.0
  0
LINE
  5
3C7
330
17
100
AcDbEntity
  8
GEOMETRY
100
AcDbLine
 10
289.46225783947114
 20
180.77647058823527
 30
0.0
 11
289.5165266705569
 21
180.77647058823527
 31
0.0
  0
LINE
  5
3C8
330
17
100
AcDbEntity
  8
GEOMETRY
100
AcDbLine
 10
289.5165266705569
 20
180.77647058823527
 30
0.0
 11
289.57079550164264
 21
180.77647058823527
 31
0.0
  0
LINE
  5
3C9
330
17
100
AcDbEntity
  8
GEOMETRY
100
AcDbLine
 10
289.57079550164264
 20
180.77647058823527
 30
0.0
 11
289.6221244186164
 21
180.77647058823527
 31
0.0
  0
LINE
  5
3CA
330
17
100
AcDbEntity
  8
GEOMETRY
100
AcDbLine
 10
289.6221244186164
 20
180.77647058823527
 30
0.0
 11
289.6558138509187
 21
180.77647058823527
 31
0.0
  0
LINE
  5
3CB
330
17
100
AcDbEntity
  8
GEOMETRY
100
AcDbLine
 10
289.6558138509187
 20
180.77647058823527
 30
0.0
 11
289.689503283221
 21
180.77647058823527
 31
0.0
  0
LINE
  5
3CC
330
17
100
AcDbEntity
  8
GEOMETRY
100
AcDbLine
 10
289.689503283221
 20
180.77647058823527
 30
0.0
 11
289.7231927155233
 21
180.77647058823527
 31
0.0
  0
LINE
  5
3CD
330
17
100
AcDbEntity
  8
GEOMETRY
100
AcDbLine
 10
289.7231927155233
 20
180.77647058823527
 30
0.0
 11
289.75688214782554
 21
180.77647058823527
 31
0.0
  0
LINE
  5
3CE
330
17
100
AcDbEntity
  8
GEOMETRY
100
AcDbLine
 10
289.77784659293127
 20
180.77647058823527
 30
0.0
 11
289.78926729763964
 21
180.77647058823527
 31
0.0
  0
LINE
  5
3CF
330
17
100
AcDbEntity
  8
GEOMETRY
100
AcDbLine
 10
289.78926729763964
 20
180.77647058823527
 30
0.0
 11
289.80068800234795
 21
180.77647058823527
 31
0.0
  0
LINE
  5
3D0
330
17
100
AcDbEntity
  8
GEOMETRY
100
AcDbLine
 10
245.39999999999998
 20
172.4470588235294
 30
0.0
 11
245.38857929529163
 21
172.4470588235294
 31
0.0
  0
LINE
  5
3D1
330
17
100
AcDbEntity
  8
GEOMETRY
100
AcDbLine
 10
245.36573788587492
 20
172.4470588235294
 30
0.0
 11
245.35431718116658
 21
172.4470588235294
 31
0.0
  0
LINE
  5
3D2
330
17
100
AcDbEntity
  8
GEOMETRY
100
AcDbLine
 10
245.35431718116658
 20
172.4470588235294
 30
0.0
 11
245.33335273606082
 21
172.4470588235294
 31
0.0
  0
LINE
  5
3D3
330
17
100
AcDbEntity
  8
GEOMETRY
100
AcDbLine
 10
245.29966330375856
 20
172.4470588235294
 30
0.0
 11
245.26597387145628
 21
172.4470588235294
 31
0.0
  0
LINE
  5
3D4
330
17
100
AcDbEntity
  8
GEOMETRY
100
AcDbLine
 10
245.26597387145628
 20
172.4470588235294
 30
0.0
 11
245.232284439154
 21
172.4470588235294
 31
0.0
  0
LINE
  5
3D5
330
17
100
AcDbEntity
  8
GEOMETRY
100
AcDbLine
 10
245.232284439154
 20
172.4470588235294
 30
0.0
 11
245.19859500685175
 21
172.4470588235294
 31
0.0
  0
LINE
  5
3D6
330
17
100
AcDbEntity
  8
GEOMETRY
100
AcDbLine
 10
245.19859500685175
 20
172.4470588235294
 30
0.0
 11
245.14726608987792
 21
172.4470588235294
 31
0.0
  0
LINE
  5
3D7
330
17
100
AcDbEntity
  8
GEOMETRY
100
AcDbLine
 10
245.14726608987792
 20
172.4470588235294
 30
0.0
 11
245.0929972587922
 21
172.4470588235294
 31
0.0
  0
LINE
  5
3D8
330
17
100
AcDbEntity
  8
GEOMETRY
100
AcDbLine
 10
245.0929972587922
 20
172.4470588235294
 30
0.0
 11
245.03872842770645
 21
172.4470588235294
 31
0.0
  0
LINE
  5
3D9
330
17
100
AcDbEntity
  8
GEOMETRY
100
AcDbLine
 10
245.03872842770645
 20
172.4470588235294
 30
0.0
 11
244.9844595966207
 21
172.4470588235294
 31
0.0
  0
LINE
  5
3DA
330
17
100
AcDbEntity
  8
GEOMETRY
100
AcDbLine
 10
244.9844595966207
 20
172.4470588235294
 30
0.0
 11
244.9250884418247
 21
172.4470588235294
 31
0.0
  0
LINE
  5
3DB
330
17
100
AcDbEntity
  8
GEOMETRY
100
AcDbLine
 10
244.9250884418247
 20
172.4470588235294
 30
0.0
 11
244.85296147775304
 21
172.4470588235294
 31
0.0
  0
LINE
  5
3DC
330
17
100
AcDbEntity
  8
GEOMETRY
100
AcDbLine
 10
244.85296147775304
 20
172.4470588235294
 30
0.0
 11
244.78083451368138
 21
172.4470588235294
 31
0.0
  0
LINE
  5
3DD
330
17
100
AcDbEntity
  8
GEOMETRY
100
AcDbLine
 10
244.78083451368138
 20
172.4470588235294
 30
0.0
 11
244.70870754960973
 21
172.4470588235294
 31
0.0
  0
LINE
  5
3DE
330
17
100
AcDbEntity
  8
GEOMETRY
100
AcDbLine
 10
244.70870754960973
 20
172.4470588235294
 30
0.0
 11
244.63658058553807
 21
172.4470588235294
 31
0.0
  0
LINE
  5
3DF
330
17
100
AcDbEntity
  8
GEOMETRY
100
AcDbLine
 10
244.63658058553807
 20
172.4470588235294
 30
0.0
 11
244.5542812030154
 21
172.4470588235294
 31
0.0
  0
LINE
  5
3E0
330
17
100
AcDbEntity
  8
GEOMETRY
100
AcDbLine
 10
244.5542812030154
 20
172.4470588235294
 30
0.0
 11
244.46791285311235
 21
172.4470588235294
 31
0.0
  0
LINE
  5
3E1
330
17
100
AcDbEntity
  8
GEOMETRY
100
AcDbLine
 10
244.46791285311235
 20
172.4470588235294
 30
0.0
 11
244.38154450320928
 21
172.4470588235294
 31
0.0
  0
LINE
  5
3E2
330
17
100
AcDbEntity
  8
GEOMETRY
100
AcDbLine
 10
244.38154450320928
 20
172.4470588235294
 30
0.0
 11
244.29517615330622
 21
172.4470588235294
 31
0.0
  0
LINE
  5
3E3
330
17
100
AcDbEntity
  8
GEOMETRY
100
AcDbLine
 10
244.29517615330622
 20
172.4470588235294
 30
0.0
 11
244.20739201538538
 21
172.4470588235294
 31
0.0
  0
LINE
  5
3E4
330
17
100
AcDbEntity
  8
GEOMETRY
100
AcDbLine
 10
244.20739201538538
 20
172.4470588235294
 30
0.0
 11
244.1111131493579
 21
172.4470588235294
 31
0.0
  0
LINE
  5
3E5
330
17
100
AcDbEntity
  8
GEOMETRY
100
AcDbLine
 10
244.1111131493579
 20
172.4470588235294
 30
0.0
 11
244.0148342833304
 21
172.4470588235294
 31
0.0
  0
LINE
  5
3E6
330
17
100
AcDbEntity
  8
GEOMETRY
100
AcDbLine
 10
244.0148342833304
 20
172.4470588235294
 30
0.0
 11
243.9185554173029
 21
172.4470588235294
 31
0.0
  0
LINE
  5
3E7
330
17
100
AcDbEntity
  8
GEOMETRY
100
AcDbLine
 10
243.9185554173029
 20
172.4470588235294
 30
0.0
 11
243.82227655127542
 21
172.4470588235294
 31
0.0
  0
LINE
  5
3E8
330
17
100
AcDbEntity
  8
GEOMETRY
100
AcDbLine
 10
243.82227655127542
 20
172.4470588235294
 30
0.0
 11
243.72309328995863
 21
172.4470588235294
 31
0.0
  0
LINE
  5
3E9
330
17
100
AcDbEntity
  8
GEOMETRY
100
AcDbLine
 10
243.72309328995863
 20
172.4470588235294
 30
0.0
 11
243.62173173217485
 21
172.4470588235294
 31
0.0
  0
LINE
  5
3EA
330
17
100
AcDbEntity
  8
GEOMETRY
100
AcDbLine
 10
243.62173173217485
 20
172.4470588235294
 30
0.0
 11
243.52037017439108
 21
172.4470588235294
 31
0.0
  0
LINE
  5
3EB
330
17
100
AcDbEntity
  8
GEOMETRY
100
AcDbLine
 10
243.52037017439108
 20
172.4470588235294
 30
0.0
 11
243.4190086166073
 21
172.4470588235294
 31
0.0
  0
LINE
  5
3EC
330
17
100
AcDbEntity
  8
GEOMETRY
100
AcDbLine
 10
243.4190086166073
 20
172.4470588235294
 30
0.0
 11
243.31764705882352
 21
172.4470588235294
 31
0.0
  0
LINE
  5
3ED
330
17
100
AcDbEntity
  8
GEOMETRY
100
AcDbLine
 10
243.31764705882352
 20
172.4470588235294
 30
0.0
 11
243.21628550103975
 21
172.4470588235294
 31
0.0
  0
LINE
  5
3EE
330
17
100
AcDbEntity
  8
GEOMETRY
100
AcDbLine
 10
243.21628550103975
 20
172.4470588235294
 30
0.0
 11
243.11492394325597
 21
172.4470588235294
 31
0.0
  0
LINE
  5
3EF
330
17
100
AcDbEntity
  8
GEOMETRY
100
AcDbLine
 10
243.11492394325597
 20
172.4470588235294
 30
0.0
 11
243.0135623854722
 21
172.4470588235294
 31
0.0
  0
LINE
  5
3F0
330
17
100
AcDbEntity
  8
GEOMETRY
100
AcDbLine
 10
243.0135623854722
 20
172.4470588235294
 30
0.0
 11
242.9122008276884
 21
172.4470588235294
 31
0.0
  0
LINE
  5
3F1
330
17
100
AcDbEntity
  8
GEOMETRY
100
AcDbLine
 10
242.9122008276884
 20
172.4470588235294
 30
0.0
 11
242.8130175663716
 21
172.4470588235294
 31
0.0
  0
LINE
  5
3F2
330
17
100
AcDbEntity
  8
GEOMETRY
100
AcDbLine
 10
242.8130175663716
 20
172.4470588235294
 30
0.0
 11
242.7167387003441
 21
172.4470588235294
 31
0.0
  0
LINE
  5
3F3
330
17
100
AcDbEntity
  8
GEOMETRY
100
AcDbLine
 10
242.7167387003441
 20
172.4470588235294
 30
0.0
 11
242.62045983431662
 21
172.4470588235294
 31
0.0
  0
LINE
  5
3F4
330
17
100
AcDbEntity
  8
GEOMETRY
100
AcDbLine
 10
242.62045983431662
 20
172.4470588235294
 30
0.0
 11
242.52418096828913
 21
172.4470588235294
 31
0.0
  0
LINE
  5
3F5
330
17
100
AcDbEntity
  8
GEOMETRY
100
AcDbLine
 10
242.52418096828913
 20
172.4470588235294
 30
0.0
 11
242.42790210226164
 21
172.4470588235294
 31
0.0
  0
LINE
  5
3F6
330
17
100
AcDbEntity
  8
GEOMETRY
100
AcDbLine
 10
242.42790210226164
 20
172.4470588235294
 30
0.0
 11
242.3401179643408
 21
172.4470588235294
 31
0.0
  0
LINE
  5
3F7
330
17
100
AcDbEntity
  8
GEOMETRY
100
AcDbLine
 10
242.3401179643408
 20
172.4470588235294
 30
0.0
 11
242.25374961443774
 21
172.4470588235294
 31
0.0
  0
LINE
  5
3F8
330
17
100
AcDbEntity
  8
GEOMETRY
100
AcDbLine
 10
242.25374961443774
 20
172.4470588235294
 30
0.0
 11
242.1673812645347
 21
172.4470588235294
 31
0.0
  0
LINE
  5
3F9
330
17
100
AcDbEntity
  8
GEOMETRY
100
AcDbLine
 10
242.1673812645347
 20
172.4470588235294
 30
0.0
 11
242.08101291463163
 21
172.4470588235294
 31
0.0
  0
LINE
  5
3FA
330
17
100
AcDbEntity
  8
GEOMETRY
100
AcDbLine
 10
242.08101291463163
 20
172.4470588235294
 30
0.0
 11
241.99871353210898
 21
172.4470588235294
 31
0.0
  0
LINE
  5
3FB
330
17
100
AcDbEntity
  8
GEOMETRY
100
AcDbLine
 10
241.99871353210898
 20
172.4470588235294
 30
0.0
 11
241.92658656803732
 21
172.4470588235294
 31
0.0
  0
LINE
  5
3FC
330
17
100
AcDbEntity
  8
GEOMETRY
100
AcDbLine
 10
241.92658656803732
 20
172.4470588235294
 30
0.0
 11
241.85445960396564
 21
172.4470588235294
 31
0.0
  0
LINE
  5
3FD
330
17
100
AcDbEntity
  8
GEOMETRY
100
AcDbLine
 10
241.85445960396564
 20
172.4470588235294
 30
0.0
 11
241.78233263989398
 21
172.4470588235294
 31
0.0
  0
LINE
  5
3FE
330
17
100
AcDbEntity
  8
GEOMETRY
100
AcDbLine
 10
241.78233263989398
 20
172.4470588235294
 30
0.0
 11
241.71020567582232
 21
172.4470588235294
 31
0.0
  0
LINE
  5
3FF
330
17
100
AcDbEntity
  8
GEOMETRY
100
AcDbLine
 10
241.71020567582232
 20
172.4470588235294
 30
0.0
 11
241.65083452102633
 21
172.4470588235294
 31
0.0
  0
LINE
  5
400
330
17
100
AcDbEntity
  8
GEOMETRY
100
AcDbLine
 10
241.65083452102633
 20
172.4470588235294
 30
0.0
 11
241.59656568994058
 21
172.4470588235294
 31
0.0
  0
LINE
  5
401
330
17
100
AcDbEntity
  8
GEOMETRY
100
AcDbLine
 10
241.59656568994058
 20
172.4470588235294
 30
0.0
 11
241.54229685885485
 21
172.4470588235294
 31
0.0
  0
LINE
  5
402
330
17
100
AcDbEntity
  8
GEOMETRY
100
AcDbLine
 10
241.54229685885485
 20
172.4470588235294
 30
0.0
 11
241.4880280277691
 21
172.4470588235294
 31
0.0
  0
LINE
  5
403
330
17
100
AcDbEntity
  8
GEOMETRY
100
AcDbLine
 10
241.4880280277691
 20
172.4470588235294
 30
0.0
 11
241.4366991107953
 21
172.4470588235294
 31
0.0
  0
LINE
  5
404
330
17
100
AcDbEntity
  8
GEOMETRY
100
AcDbLine
 10
241.4366991107953
 20
172.4470588235294
 30
0.0
 11
241.40300967849302
 21
172.4470588235294
 31
0.0
  0
LINE
  5
405
330
17
100
AcDbEntity
  8
GEOMETRY
100
AcDbLine
 10
241.40300967849302
 20
172.4470588235294
 30
0.0
 11
241.36932024619074
 21
172.4470588235294
 31
0.0
  0
LINE
  5
406
330
17
100
AcDbEntity
  8
GEOMETRY
100
AcDbLine
 10
241.36932024619074
 20
172.4470588235294
 30
0.0
 11
241.33563081388849
 21
172.4470588235294
 31
0.0
  0
LINE
  5
407
330
17
100
AcDbEntity
  8
GEOMETRY
100
AcDbLine
 10
241.33563081388849
 20
172.4470588235294
 30
0.0
 11
241.3019413815862
 21
172.4470588235294
 31
0.0
  0
LINE
  5
408
330
17
100
AcDbEntity
  8
GEOMETRY
100
AcDbLine
 10
241.28097693648047
 20
172.4470588235294
 30
0.0
 11
241.2695562317721
 21
172.4470588235294
 31
0.0
  0
LINE
  5
409
330
17
100
AcDbEntity
  8
GEOMETRY
100
AcDbLine
 10
241.2695562317721
 20
172.4470588235294
 30
0.0
 11
241.25813552706376
 21
172.4470588235294
 31
0.0
  0
LINE
  5
40A
330
17
100
AcDbEntity
  8
GEOMETRY
100
AcDbLine
 10
265.52941176470586
 20
172.4470588235294
 30
0.0
 11
265.4784102993044
 21
172.4470588235294
 31
0.0
  0
LINE
  5
40B
330
17
100
AcDbEntity
  8
GEOMETRY
100
AcDbLine
 10
265.4784102993044
 20
172.4470588235294
 30
0.0
 11
265.4274088339029
 21
172.4470588235294
 31
0.0
  0
LINE
  5
40C
330
17
100
AcDbEntity
  8
GEOMETRY
100
AcDbLine
 10
265.4274088339029
 20
172.4470588235294
 30
0.0
 11
265.3764073685015
 21
172.4470588235294
 31
0.0
  0
LINE
  5
40D
330
17
100
AcDbEntity
  8
GEOMETRY
100
AcDbLine
 10
265.3764073685015
 20
172.4470588235294
 30
0.0
 11
265.3254059031
 21
172.4470588235294
 31
0.0
  0
LINE
  5
40E
330
17
100
AcDbEntity
  8
GEOMETRY
100
AcDbLine
 10
265.3254059031
 20
172.4470588235294
 30
0.0
 11
265.2746793118496
 21
172.4470588235294
 31
0.0
  0
LINE
  5
40F
330
17
100
AcDbEntity
  8
GEOMETRY
100
AcDbLine
 10
265.2746793118496
 20
172.4470588235294
 30
0.0
 11
265.2243192194673
 21
172.4470588235294
 31
0.0
  0
LINE
  5
410
330
17
100
AcDbEntity
  8
GEOMETRY
100
AcDbLine
 10
265.2243192194673
 20
172.4470588235294
 30
0.0
 11
265.17395912708497
 21
172.4470588235294
 31
0.0
  0
LINE
  5
411
330
17
100
AcDbEntity
  8
GEOMETRY
100
AcDbLine
 10
265.17395912708497
 20
172.4470588235294
 30
0.0
 11
265.1235990347027
 21
172.4470588235294
 31
0.0
  0
LINE
  5
412
330
17
100
AcDbEntity
  8
GEOMETRY
100
AcDbLine
 10
265.1235990347027
 20
172.4470588235294
 30
0.0
 11
265.07323894232036
 21
172.4470588235294
 31
0.0
  0
LINE
  5
413
330
17
100
AcDbEntity
  8
GEOMETRY
100
AcDbLine
 10
265.07323894232036
 20
172.4470588235294
 30
0.0
 11
265.02397143313846
 21
172.4470588235294
 31
0.0
  0
LINE
  5
414
330
17
100
AcDbEntity
  8
GEOMETRY
100
AcDbLine
 10
265.02397143313846
 20
172.4470588235294
 30
0.0
 11
264.97488602115664
 21
172.4470588235294
 31
0.0
  0
LINE
  5
415
330
17
100
AcDbEntity
  8
GEOMETRY
100
AcDbLine
 10
264.97488602115664
 20
172.4470588235294
 30
0.0
 11
264.9258006091748
 21
172.4470588235294
 31
0.0
  0
LINE
  5
416
330
17
100
AcDbEntity
  8
GEOMETRY
100
AcDbLine
 10
264.9258006091748
 20
172.4470588235294
 30
0.0
 11
264.876715197193
 21
172.4470588235294
 31
0.0
  0
LINE
  5
417
330
17
100
AcDbEntity
  8
GEOMETRY
100
AcDbLine
 10
264.876715197193
 20
172.4470588235294
 30
0.0
 11
264.82817034462147
 21
172.4470588235294
 31
0.0
  0
LINE
  5
418
330
17
100
AcDbEntity
  8
GEOMETRY
100
AcDbLine
 10
264.82817034462147
 20
172.4470588235294
 30
0.0
 11
264.7809768905758
 21
172.4470588235294
 31
0.0
  0
LINE
  5
419
330
17
100
AcDbEntity
  8
GEOMETRY
100
AcDbLine
 10
264.7809768905758
 20
172.4470588235294
 30
0.0
 11
264.73378343653013
 21
172.4470588235294
 31
0.0
  0
LINE
  5
41A
330
17
100
AcDbEntity
  8
GEOMETRY
100
AcDbLine
 10
264.73378343653013
 20
172.4470588235294
 30
0.0
 11
264.68658998248446
 21
172.4470588235294
 31
0.0
  0
LINE
  5
41B
330
17
100
AcDbEntity
  8
GEOMETRY
100
AcDbLine
 10
264.68658998248446
 20
172.4470588235294
 30
0.0
 11
264.63939652843885
 21
172.4470588235294
 31
0.0
  0
LINE
  5
41C
330
17
100
AcDbEntity
  8
GEOMETRY
100
AcDbLine
 10
264.63939652843885
 20
172.4470588235294
 30
0.0
 11
264.5939783908239
 21
172.4470588235294
 31
0.0
  0
LINE
  5
41D
330
17
100
AcDbEntity
  8
GEOMETRY
100
AcDbLine
 10
264.5939783908239
 20
172.4470588235294
 30
0.0
 11
264.5492703797813
 21
172.4470588235294
 31
0.0
  0
LINE
  5
41E
330
17
100
AcDbEntity
  8
GEOMETRY
100
AcDbLine
 10
264.5492703797813
 20
172.4470588235294
 30
0.0
 11
264.50456236873873
 21
172.4470588235294
 31
0.0
  0
LINE
  5
41F
330
17
100
AcDbEntity
  8
GEOMETRY
100
AcDbLine
 10
264.50456236873873
 20
172.4470588235294
 30
0.0
 11
264.45985435769614
 21
172.4470588235294
 31
0.0
  0
LINE
  5
420
330
17
100
AcDbEntity
  8
GEOMETRY
100
AcDbLine
 10
264.45985435769614
 20
172.4470588235294
 30
0.0
 11
264.4155817283939
 21
172.4470588235294
 31
0.0
  0
LINE
  5
421
330
17
100
AcDbEntity
  8
GEOMETRY
100
AcDbLine
 10
264.4155817283939
 20
172.4470588235294
 30
0.0
 11
264.3739213895334
 21
172.4470588235294
 31
0.0
  0
LINE
  5
422
330
17
100
AcDbEntity
  8
GEOMETRY
100
AcDbLine
 10
264.3739213895334
 20
172.4470588235294
 30
0.0
 11
264.3322610506729
 21
172.4470588235294
 31
0.0
  0
LINE
  5
423
330
17
100
AcDbEntity
  8
GEOMETRY
100
AcDbLine
 10
264.3322610506729
 20
172.4470588235294
 30
0.0
 11
264.2906007118125
 21
172.4470588235294
 31
0.0
  0
LINE
  5
424
330
17
100
AcDbEntity
  8
GEOMETRY
100
AcDbLine
 10
264.2906007118125
 20
172.4470588235294
 30
0.0
 11
264.248940372952
 21
172.4470588235294
 31
0.0
  0
LINE
  5
425
330
17
100
AcDbEntity
  8
GEOMETRY
100
AcDbLine
 10
264.248940372952
 20
172.4470588235294
 30
0.0
 11
264.20932093415735
 21
172.4470588235294
 31
0.0
  0
LINE
  5
426
330
17
100
AcDbEntity
  8
GEOMETRY
100
AcDbLine
 10
264.20932093415735
 20
172.4470588235294
 30
0.0
 11
264.17123217041205
 21
172.4470588235294
 31
0.0
  0
LINE
  5
427
330
17
100
AcDbEntity
  8
GEOMETRY
100
AcDbLine
 10
264.17123217041205
 20
172.4470588235294
 30
0.0
 11
264.1331434066668
 21
172.4470588235294
 31
0.0
  0
LINE
  5
428
330
17
100
AcDbEntity
  8
GEOMETRY
100
AcDbLine
 10
264.1331434066668
 20
172.4470588235294
 30
0.0
 11
264.0950546429215
 21
172.4470588235294
 31
0.0
  0
LINE
  5
429
330
17
100
AcDbEntity
  8
GEOMETRY
100
AcDbLine
 10
264.0950546429215
 20
172.4470588235294
 30
0.0
 11
264.05696587917623
 21
172.4470588235294
 31
0.0
  0
LINE
  5
42A
330
17
100
AcDbEntity
  8
GEOMETRY
100
AcDbLine
 10
264.05696587917623
 20
172.4470588235294
 30
0.0
 11
264.02292767884984
 21
172.4470588235294
 31
0.0
  0
LINE
  5
42B
330
17
100
AcDbEntity
  8
GEOMETRY
100
AcDbLine
 10
264.02292767884984
 20
172.4470588235294
 30
0.0
 11
263.98888947852345
 21
172.4470588235294
 31
0.0
  0
LINE
  5
42C
330
17
100
AcDbEntity
  8
GEOMETRY
100
AcDbLine
 10
263.98888947852345
 20
172.4470588235294
 30
0.0
 11
263.9548512781971
 21
172.4470588235294
 31
0.0
  0
LINE
  5
42D
330
17
100
AcDbEntity
  8
GEOMETRY
100
AcDbLine
 10
263.9548512781971
 20
172.4470588235294
 30
0.0
 11
263.9208130778707
 21
172.4470588235294
 31
0.0
  0
LINE
  5
42E
330
17
100
AcDbEntity
  8
GEOMETRY
100
AcDbLine
 10
263.9208130778707
 20
172.4470588235294
 30
0.0
 11
263.88869428334607
 21
172.4470588235294
 31
0.0
  0
LINE
  5
42F
330
17
100
AcDbEntity
  8
GEOMETRY
100
AcDbLine
 10
263.88869428334607
 20
172.4470588235294
 30
0.0
 11
263.85913469655713
 21
172.4470588235294
 31
0.0
  0
LINE
  5
430
330
17
100
AcDbEntity
  8
GEOMETRY
100
AcDbLine
 10
263.8295751097682
 20
172.4470588235294
 30
0.0
 11
263.8000155229792
 21
172.4470588235294
 31
0.0
  0
LINE
  5
431
330
17
100
AcDbEntity
  8
GEOMETRY
100
AcDbLine
 10
263.8000155229792
 20
172.4470588235294
 30
0.0
 11
263.7704559361903
 21
172.4470588235294
 31
0.0
  0
LINE
  5
432
330
17
100
AcDbEntity
  8
GEOMETRY
100
AcDbLine
 10
263.7704559361903
 20
172.4470588235294
 30
0.0
 11
263.7450537858232
 21
172.4470588235294
 31
0.0
  0
LINE
  5
433
330
17
100
AcDbEntity
  8
GEOMETRY
100
AcDbLine
 10
263.7450537858232
 20
172.4470588235294
 30
0.0
 11
263.7203445415264
 21
172.4470588235294
 31
0.0
  0
LINE
  5
434
330
17
100
AcDbEntity
  8
GEOMETRY
100
AcDbLine
 10
263.6956352972296
 20
172.4470588235294
 30
0.0
 11
263.6709260529328
 21
172.4470588235294
 31
0.0
  0
LINE
  5
435
330
17
100
AcDbEntity
  8
GEOMETRY
100
AcDbLine
 10
263.6709260529328
 20
172.4470588235294
 30
0.0
 11
263.6476914016577
 21
172.4470588235294
 31
0.0
  0
LINE
  5
436
330
17
100
AcDbEntity
  8
GEOMETRY
100
AcDbLine
 10
263.62814323293674
 20
172.4470588235294
 30
0.0
 11
263.6085950642158
 21
172.4470588235294
 31
0.0
  0
LINE
  5
437
330
17
100
AcDbEntity
  8
GEOMETRY
100
AcDbLine
 10
263.6085950642158
 20
172.4470588235294
 30
0.0
 11
263.58904689549485
 21
172.4470588235294
 31
0.0
  0
LINE
  5
438
330
17
100
AcDbEntity
  8
GEOMETRY
100
AcDbLine
 10
263.5538126331527
 20
172.4470588235294
 30
0.0
 11
263.53967136957135
 21
172.4470588235294
 31
0.0
  0
LINE
  5
439
330
17
100
AcDbEntity
  8
GEOMETRY
100
AcDbLine
 10
263.53967136957135
 20
172.4470588235294
 30
0.0
 11
263.5255301059901
 21
172.4470588235294
 31
0.0
  0
LINE
  5
43A
330
17
100
AcDbEntity
  8
GEOMETRY
100
AcDbLine
 10
263.4894888749422
 20
172.4470588235294
 30
0.0
 11
263.48093235109496
 21
172.4470588235294
 31
0.0
  0
LINE
  5
43B
330
17
100
AcDbEntity
  8
GEOMETRY
100
AcDbLine
 10
263.48093235109496
 20
172.4470588235294
 30
0.0
 11
263.47237582724773
 21
172.4470588235294
 31
0.0
  0
LINE
  5
43C
330
17
100
AcDbEntity
  8
GEOMETRY
100
AcDbLine
 10
264.379145970417
 20
172.4470588235294
 30
0.0
 11
264.4655143203201
 21
172.4470588235294
 31
0.0
  0
LINE
  5
43D
330
17
100
AcDbEntity
  8
GEOMETRY
100
AcDbLine
 10
264.639666808144
 20
172.4470588235294
 30
0.0
 11
264.7359456741715
 21
172.4470588235294
 31
0.0
  0
LINE
  5
43E
330
17
100
AcDbEntity
  8
GEOMETRY
100
AcDbLine
 10
264.92850340622647
 20
172.4470588235294
 30
0.0
 11
265.02478227225396
 21
172.4470588235294
 31
0.0
  0
LINE
  5
43F
330
17
100
AcDbEntity
  8
GEOMETRY
100
AcDbLine
 10
265.12396553357075
 20
172.4470588235294
 30
0.0
 11
265.22532709135453
 21
172.4470588235294
 31
0.0
  0
LINE
  5
440
330
17
100
AcDbEntity
  8
GEOMETRY
100
AcDbLine
 10
265.3266886491383
 20
172.4470588235294
 30
0.0
 11
265.4280502069221
 21
172.4470588235294
 31
0.0
  0
LINE
  5
441
330
17
100
AcDbEntity
  8
GEOMETRY
100
AcDbLine
 10
265.52941176470586
 20
172.4470588235294
 30
0.0
 11
265.63077332248963
 21
172.4470588235294
 31
0.0
  0
LINE
  5
442
330
17
100
AcDbEntity
  8
GEOMETRY
100
AcDbLine
 10
265.63077332248963
 20
172.4470588235294
 30
0.0
 11
265.7321348802734
 21
172.4470588235294
 31
0.0
  0
LINE
  5
443
330
17
100
AcDbEntity
  8
GEOMETRY
100
AcDbLine
 10
265.7321348802734
 20
172.4470588235294
 30
0.0
 11
265.8334964380572
 21
172.4470588235294
 31
0.0
  0
LINE
  5
444
330
17
100
AcDbEntity
  8
GEOMETRY
100
AcDbLine
 10
265.8334964380572
 20
172.4470588235294
 30
0.0
 11
265.93485799584096
 21
172.4470588235294
 31
0.0
  0
LINE
  5
445
330
17
100
AcDbEntity
  8
GEOMETRY
100
AcDbLine
 10
265.93485799584096
 20
172.4470588235294
 30
0.0
 11
266.03404125715775
 21
172.4470588235294
 31
0.0
  0
LINE
  5
446
330
17
100
AcDbEntity
  8
GEOMETRY
100
AcDbLine
 10
266.03404125715775
 20
172.4470588235294
 30
0.0
 11
266.13032012318524
 21
172.4470588235294
 31
0.0
  0
LINE
  5
447
330
17
100
AcDbEntity
  8
GEOMETRY
100
AcDbLine
 10
266.13032012318524
 20
172.4470588235294
 30
0.0
 11
266.2265989892128
 21
172.4470588235294
 31
0.0
  0
LINE
  5
448
330
17
100
AcDbEntity
  8
GEOMETRY
100
AcDbLine
 10
266.2265989892128
 20
172.4470588235294
 30
0.0
 11
266.3228778552403
 21
172.4470588235294
 31
0.0
  0
LINE
  5
449
330
17
100
AcDbEntity
  8
GEOMETRY
100
AcDbLine
 10
266.3228778552403
 20
172.4470588235294
 30
0.0
 11
266.41915672126777
 21
172.4470588235294
 31
0.0
  0
LINE
  5
44A
330
17
100
AcDbEntity
  8
GEOMETRY
100
AcDbLine
 10
266.41915672126777
 20
172.4470588235294
 30
0.0
 11
266.5069408591886
 21
172.4470588235294
 31
0.0
  0
LINE
  5
44B
330
17
100
AcDbEntity
  8
GEOMETRY
100
AcDbLine
 10
266.5069408591886
 20
172.4470588235294
 30
0.0
 11
266.5933092090916
 21
172.4470588235294
 31
0.0
  0
LINE
  5
44C
330
17
100
AcDbEntity
  8
GEOMETRY
100
AcDbLine
 10
266.5933092090916
 20
172.4470588235294
 30
0.0
 11
266.6796775589947
 21
172.4470588235294
 31
0.0
  0
LINE
  5
44D
330
17
100
AcDbEntity
  8
GEOMETRY
100
AcDbLine
 10
266.6796775589947
 20
172.4470588235294
 30
0.0
 11
266.76604590889775
 21
172.4470588235294
 31
0.0
  0
LINE
  5
44E
330
17
100
AcDbEntity
  8
GEOMETRY
100
AcDbLine
 10
266.76604590889775
 20
172.4470588235294
 30
0.0
 11
266.8483452914204
 21
172.4470588235294
 31
0.0
  0
LINE
  5
44F
330
17
100
AcDbEntity
  8
GEOMETRY
100
AcDbLine
 10
266.8483452914204
 20
172.4470588235294
 30
0.0
 11
266.9204722554921
 21
172.4470588235294
 31
0.0
  0
LINE
  5
450
330
17
100
AcDbEntity
  8
GEOMETRY
100
AcDbLine
 10
266.9204722554921
 20
172.4470588235294
 30
0.0
 11
266.9925992195637
 21
172.4470588235294
 31
0.0
  0
LINE
  5
451
330
17
100
AcDbEntity
  8
GEOMETRY
100
AcDbLine
 10
266.9925992195637
 20
172.4470588235294
 30
0.0
 11
267.0647261836354
 21
172.4470588235294
 31
0.0
  0
LINE
  5
452
330
17
100
AcDbEntity
  8
GEOMETRY
100
AcDbLine
 10
267.0647261836354
 20
172.4470588235294
 30
0.0
 11
267.13685314770703
 21
172.4470588235294
 31
0.0
  0
LINE
  5
453
330
17
100
AcDbEntity
  8
GEOMETRY
100
AcDbLine
 10
267.13685314770703
 20
172.4470588235294
 30
0.0
 11
267.1962243025031
 21
172.4470588235294
 31
0.0
  0
LINE
  5
454
330
17
100
AcDbEntity
  8
GEOMETRY
100
AcDbLine
 10
267.1962243025031
 20
172.4470588235294
 30
0.0
 11
267.2504931335888
 21
172.4470588235294
 31
0.0
  0
LINE
  5
455
330
17
100
AcDbEntity
  8
GEOMETRY
100
AcDbLine
 10
267.2504931335888
 20
172.4470588235294
 30
0.0
 11
267.3047619646745
 21
172.4470588235294
 31
0.0
  0
LINE
  5
456
330
17
100
AcDbEntity
  8
GEOMETRY
100
AcDbLine
 10
267.3047619646745
 20
172.4470588235294
 30
0.0
 11
267.35903079576025
 21
172.4470588235294
 31
0.0
  0
LINE
  5
457
330
17
100
AcDbEntity
  8
GEOMETRY
100
AcDbLine
 10
267.35903079576025
 20
172.4470588235294
 30
0.0
 11
267.4103597127341
 21
172.4470588235294
 31
0.0
  0
LINE
  5
458
330
17
100
AcDbEntity
  8
GEOMETRY
100
AcDbLine
 10
267.4103597127341
 20
172.4470588235294
 30
0.0
 11
267.4440491450364
 21
172.4470588235294
 31
0.0
  0
LINE
  5
459
330
17
100
AcDbEntity
  8
GEOMETRY
100
AcDbLine
 10
267.4440491450364
 20
172.4470588235294
 30
0.0
 11
267.47773857733864
 21
172.4470588235294
 31
0.0
  0
LINE
  5
45A
330
17
100
AcDbEntity
  8
GEOMETRY
100
AcDbLine
 10
267.47773857733864
 20
172.4470588235294
 30
0.0
 11
267.5114280096409
 21
172.4470588235294
 31
0.0
  0
LINE
  5
45B
330
17
100
AcDbEntity
  8
GEOMETRY
100
AcDbLine
 10
267.5114280096409
 20
172.4470588235294
 30
0.0
 11
267.54511744194315
 21
172.4470588235294
 31
0.0
  0
LINE
  5
45C
330
17
100
AcDbEntity
  8
GEOMETRY
100
AcDbLine
 10
267.56608188704894
 20
172.4470588235294
 30
0.0
 11
267.57750259175725
 21
172.4470588235294
 31
0.0
  0
LINE
  5
45D
330
17
100
AcDbEntity
  8
GEOMETRY
100
AcDbLine
 10
267.57750259175725
 20
172.4470588235294
 30
0.0
 11
267.5889232964656
 21
172.4470588235294
 31
0.0
  0
LINE
  5
45E
330
17
100
AcDbEntity
  8
GEOMETRY
100
AcDbLine
 10
267.430680296475
 20
172.4470588235294
 30
0.0
 11
267.41113212775406
 21
172.4470588235294
 31
0.0
  0
LINE
  5
45F
330
17
100
AcDbEntity
  8
GEOMETRY
100
AcDbLine
 10
267.2883675932215
 20
172.4470588235294
 30
0.0
 11
267.2588080064325
 21
172.4470588235294
 31
0.0
  0
LINE
  5
460
330
17
100
AcDbEntity
  8
GEOMETRY
100
AcDbLine
 10
267.22924841964357
 20
172.4470588235294
 30
0.0
 11
267.19968883285463
 21
172.4470588235294
 31
0.0
  0
LINE
  5
461
330
17
100
AcDbEntity
  8
GEOMETRY
100
AcDbLine
 10
267.13801045154105
 20
172.4470588235294
 30
0.0
 11
267.10397225121466
 21
172.4470588235294
 31
0.0
  0
LINE
  5
462
330
17
100
AcDbEntity
  8
GEOMETRY
100
AcDbLine
 10
267.06993405088826
 20
172.4470588235294
 30
0.0
 11
267.0358958505619
 21
172.4470588235294
 31
0.0
  0
LINE
  5
463
330
17
100
AcDbEntity
  8
GEOMETRY
100
AcDbLine
 10
267.0018576502355
 20
172.4470588235294
 30
0.0
 11
266.96376888649024
 21
172.4470588235294
 31
0.0
  0
LINE
  5
464
330
17
100
AcDbEntity
  8
GEOMETRY
100
AcDbLine
 10
266.92568012274495
 20
172.4470588235294
 30
0.0
 11
266.88759135899966
 21
172.4470588235294
 31
0.0
  0
LINE
  5
465
330
17
100
AcDbEntity
  8
GEOMETRY
100
AcDbLine
 10
266.80988315645976
 20
172.4470588235294
 30
0.0
 11
266.7682228175993
 21
172.4470588235294
 31
0.0
  0
LINE
  5
466
330
17
100
AcDbEntity
  8
GEOMETRY
100
AcDbLine
 10
266.7265624787388
 20
172.4470588235294
 30
0.0
 11
266.6849021398783
 21
172.4470588235294
 31
0.0
  0
LINE
  5
467
330
17
100
AcDbEntity
  8
GEOMETRY
100
AcDbLine
 10
266.6849021398783
 20
172.4470588235294
 30
0.0
 11
266.6432418010179
 21
172.4470588235294
 31
0.0
  0
LINE
  5
468
330
17
100
AcDbEntity
  8
GEOMETRY
100
AcDbLine
 10
266.6432418010179
 20
172.4470588235294
 30
0.0
 11
266.59896917171557
 21
172.4470588235294
 31
0.0
  0
LINE
  5
469
330
17
100
AcDbEntity
  8
GEOMETRY
100
AcDbLine
 10
266.59896917171557
 20
172.4470588235294
 30
0.0
 11
266.554261160673
 21
172.4470588235294
 31
0.0
  0
LINE
  5
46A
330
17
100
AcDbEntity
  8
GEOMETRY
100
AcDbLine
 10
266.4648451385878
 20
172.4470588235294
 30
0.0
 11
266.4194270009729
 21
172.4470588235294
 31
0.0
  0
LINE
  5
46B
330
17
100
AcDbEntity
  8
GEOMETRY
100
AcDbLine
 10
266.4194270009729
 20
172.4470588235294
 30
0.0
 11
266.37223354692725
 21
172.4470588235294
 31
0.0
  0
LINE
  5
46C
330
17
100
AcDbEntity
  8
GEOMETRY
100
AcDbLine
 10
266.37223354692725
 20
172.4470588235294
 30
0.0
 11
266.3250400928816
 21
172.4470588235294
 31
0.0
  0
LINE
  5
46D
330
17
100
AcDbEntity
  8
GEOMETRY
100
AcDbLine
 10
266.3250400928816
 20
172.4470588235294
 30
0.0
 11
266.2778466388359
 21
172.4470588235294
 31
0.0
  0
LINE
  5
46E
330
17
100
AcDbEntity
  8
GEOMETRY
100
AcDbLine
 10
266.1821083322188
 20
172.4470588235294
 30
0.0
 11
266.13302292023695
 21
172.4470588235294
 31
0.0
  0
LINE
  5
46F
330
17
100
AcDbEntity
  8
GEOMETRY
100
AcDbLine
 10
266.13302292023695
 20
172.4470588235294
 30
0.0
 11
266.0839375082551
 21
172.4470588235294
 31
0.0
  0
LINE
  5
470
330
17
100
AcDbEntity
  8
GEOMETRY
100
AcDbLine
 10
266.0839375082551
 20
172.4470588235294
 30
0.0
 11
266.03485209627326
 21
172.4470588235294
 31
0.0
  0
LINE
  5
471
330
17
100
AcDbEntity
  8
GEOMETRY
100
AcDbLine
 10
266.03485209627326
 20
172.4470588235294
 30
0.0
 11
265.98558458709135
 21
172.4470588235294
 31
0.0
  0
LINE
  5
472
330
17
100
AcDbEntity
  8
GEOMETRY
100
AcDbLine
 10
265.9352244947091
 20
172.4470588235294
 30
0.0
 11
265.88486440232674
 21
172.4470588235294
 31
0.0
  0
LINE
  5
473
330
17
100
AcDbEntity
  8
GEOMETRY
100
AcDbLine
 10
265.88486440232674
 20
172.4470588235294
 30
0.0
 11
265.83450430994446
 21
172.4470588235294
 31
0.0
  0
LINE
  5
474
330
17
100
AcDbEntity
  8
GEOMETRY
100
AcDbLine
 10
265.83450430994446
 20
172.4470588235294
 30
0.0
 11
265.78414421756213
 21
172.4470588235294
 31
0.0
  0
LINE
  5
475
330
17
100
AcDbEntity
  8
GEOMETRY
100
AcDbLine
 10
265.73341762631173
 20
172.4470588235294
 30
0.0
 11
265.6824161609103
 21
172.4470588235294
 31
0.0
  0
LINE
  5
476
330
17
100
AcDbEntity
  8
GEOMETRY
100
AcDbLine
 10
265.6824161609103
 20
172.4470588235294
 30
0.0
 11
265.6314146955088
 21
172.4470588235294
 31
0.0
  0
LINE
  5
477
330
17
100
AcDbEntity
  8
GEOMETRY
100
AcDbLine
 10
265.6314146955088
 20
172.4470588235294
 30
0.0
 11
265.58041323010735
 21
172.4470588235294
 31
0.0
  0
LINE
  5
478
330
17
100
AcDbEntity
  8
GEOMETRY
100
AcDbLine
 10
267.43013185797884
 20
172.4470588235294
 30
0.0
 11
267.6354131462367
 21
172.4470588235294
 31
0.0
  0
LINE
  5
479
330
17
100
AcDbEntity
  8
GEOMETRY
100
AcDbLine
 10
267.6354131462367
 20
172.4470588235294
 30
0.0
 11
267.83993569616104
 21
172.4470588235294
 31
0.0
  0
LINE
  5
47A
330
17
100
AcDbEntity
  8
GEOMETRY
100
AcDbLine
 10
267.83993569616104
 20
172.4470588235294
 30
0.0
 11
268.0444582460853
 21
172.4470588235294
 31
0.0
  0
LINE
  5
47B
330
17
100
AcDbEntity
  8
GEOMETRY
100
AcDbLine
 10
268.0444582460853
 20
172.4470588235294
 30
0.0
 11
268.2489807960096
 21
172.4470588235294
 31
0.0
  0
LINE
  5
47C
330
17
100
AcDbEntity
  8
GEOMETRY
100
AcDbLine
 10
268.2489807960096
 20
172.4470588235294
 30
0.0
 11
268.4512510150575
 21
172.4470588235294
 31
0.0
  0
LINE
  5
47D
330
17
100
AcDbEntity
  8
GEOMETRY
100
AcDbLine
 10
268.4512510150575
 20
172.4470588235294
 30
0.0
 11
268.6478904069144
 21
172.4470588235294
 31
0.0
  0
LINE
  5
47E
330
17
100
AcDbEntity
  8
GEOMETRY
100
AcDbLine
 10
268.6478904069144
 20
172.4470588235294
 30
0.0
 11
268.84452979877136
 21
172.4470588235294
 31
0.0
  0
LINE
  5
47F
330
17
100
AcDbEntity
  8
GEOMETRY
100
AcDbLine
 10
268.84452979877136
 20
172.4470588235294
 30
0.0
 11
269.0411691906283
 21
172.4470588235294
 31
0.0
  0
LINE
  5
480
330
17
100
AcDbEntity
  8
GEOMETRY
100
AcDbLine
 10
269.0411691906283
 20
172.4470588235294
 30
0.0
 11
269.23780858248523
 21
172.4470588235294
 31
0.0
  0
LINE
  5
481
330
17
100
AcDbEntity
  8
GEOMETRY
100
AcDbLine
 10
269.23780858248523
 20
172.4470588235294
 30
0.0
 11
269.4270508225473
 21
172.4470588235294
 31
0.0
  0
LINE
  5
482
330
17
100
AcDbEntity
  8
GEOMETRY
100
AcDbLine
 10
269.4270508225473
 20
172.4470588235294
 30
0.0
 11
269.6133342018914
 21
172.4470588235294
 31
0.0
  0
LINE
  5
483
330
17
100
AcDbEntity
  8
GEOMETRY
100
AcDbLine
 10
269.6133342018914
 20
172.4470588235294
 30
0.0
 11
269.79961758123557
 21
172.4470588235294
 31
0.0
  0
LINE
  5
484
330
17
100
AcDbEntity
  8
GEOMETRY
100
AcDbLine
 10
269.79961758123557
 20
172.4470588235294
 30
0.0
 11
269.98590096057967
 21
172.4470588235294
 31
0.0
  0
LINE
  5
485
330
17
100
AcDbEntity
  8
GEOMETRY
100
AcDbLine
 10
269.98590096057967
 20
172.4470588235294
 30
0.0
 11
270.1703702493392
 21
172.4470588235294
 31
0.0
  0
LINE
  5
486
330
17
100
AcDbEntity
  8
GEOMETRY
100
AcDbLine
 10
270.1703702493392
 20
172.4470588235294
 30
0.0
 11
270.3439549945912
 21
172.4470588235294
 31
0.0
  0
LINE
  5
487
330
17
100
AcDbEntity
  8
GEOMETRY
100
AcDbLine
 10
270.3439549945912
 20
172.4470588235294
 30
0.0
 11
270.5175397398431
 21
172.4470588235294
 31
0.0
  0
LINE
  5
488
330
17
100
AcDbEntity
  8
GEOMETRY
100
AcDbLine
 10
270.5175397398431
 20
172.4470588235294
 30
0.0
 11
270.69112448509503
 21
172.4470588235294
 31
0.0
  0
LINE
  5
489
330
17
100
AcDbEntity
  8
GEOMETRY
100
AcDbLine
 10
270.69112448509503
 20
172.4470588235294
 30
0.0
 11
270.864709230347
 21
172.4470588235294
 31
0.0
  0
LINE
  5
48A
330
17
100
AcDbEntity
  8
GEOMETRY
100
AcDbLine
 10
270.864709230347
 20
172.4470588235294
 30
0.0
 11
271.0297902253247
 21
172.4470588235294
 31
0.0
  0
LINE
  5
48B
330
17
100
AcDbEntity
  8
GEOMETRY
100
AcDbLine
 10
271.0297902253247
 20
172.4470588235294
 30
0.0
 11
271.1884934075967
 21
172.4470588235294
 31
0.0
  0
LINE
  5
48C
330
17
100
AcDbEntity
  8
GEOMETRY
100
AcDbLine
 10
271.1884934075967
 20
172.4470588235294
 30
0.0
 11
271.34719658986864
 21
172.4470588235294
 31
0.0
  0
LINE
  5
48D
330
17
100
AcDbEntity
  8
GEOMETRY
100
AcDbLine
 10
271.34719658986864
 20
172.4470588235294
 30
0.0
 11
271.50589977214065
 21
172.4470588235294
 31
0.0
  0
LINE
  5
48E
330
17
100
AcDbEntity
  8
GEOMETRY
100
AcDbLine
 10
271.50589977214065
 20
172.4470588235294
 30
0.0
 11
271.66460295441266
 21
172.4470588235294
 31
0.0
  0
LINE
  5
48F
330
17
100
AcDbEntity
  8
GEOMETRY
100
AcDbLine
 10
271.66460295441266
 20
172.4470588235294
 30
0.0
 11
271.80642878910595
 21
172.4470588235294
 31
0.0
  0
LINE
  5
490
330
17
100
AcDbEntity
  8
GEOMETRY
100
AcDbLine
 10
271.80642878910595
 20
172.4470588235294
 30
0.0
 11
271.9482546237992
 21
172.4470588235294
 31
0.0
  0
LINE
  5
491
330
17
100
AcDbEntity
  8
GEOMETRY
100
AcDbLine
 10
271.9482546237992
 20
172.4470588235294
 30
0.0
 11
272.0900804584924
 21
172.4470588235294
 31
0.0
  0
LINE
  5
492
330
17
100
AcDbEntity
  8
GEOMETRY
100
AcDbLine
 10
272.0900804584924
 20
172.4470588235294
 30
0.0
 11
272.2319062931857
 21
172.4470588235294
 31
0.0
  0
LINE
  5
493
330
17
100
AcDbEntity
  8
GEOMETRY
100
AcDbLine
 10
272.2319062931857
 20
172.4470588235294
 30
0.0
 11
272.365734603705
 21
172.4470588235294
 31
0.0
  0
LINE
  5
494
330
17
100
AcDbEntity
  8
GEOMETRY
100
AcDbLine
 10
272.365734603705
 20
172.4470588235294
 30
0.0
 11
272.48889954865894
 21
172.4470588235294
 31
0.0
  0
LINE
  5
495
330
17
100
AcDbEntity
  8
GEOMETRY
100
AcDbLine
 10
272.48889954865894
 20
172.4470588235294
 30
0.0
 11
272.61206449361293
 21
172.4470588235294
 31
0.0
  0
LINE
  5
496
330
17
100
AcDbEntity
  8
GEOMETRY
100
AcDbLine
 10
272.61206449361293
 20
172.4470588235294
 30
0.0
 11
272.7352294385669
 21
172.4470588235294
 31
0.0
  0
LINE
  5
497
330
17
100
AcDbEntity
  8
GEOMETRY
100
AcDbLine
 10
272.7352294385669
 20
172.4470588235294
 30
0.0
 11
272.8583943835209
 21
172.4470588235294
 31
0.0
  0
LINE
  5
498
330
17
100
AcDbEntity
  8
GEOMETRY
100
AcDbLine
 10
272.8583943835209
 20
172.4470588235294
 30
0.0
 11
272.9642366767171
 21
172.4470588235294
 31
0.0
  0
LINE
  5
499
330
17
100
AcDbEntity
  8
GEOMETRY
100
AcDbLine
 10
272.9642366767171
 20
172.4470588235294
 30
0.0
 11
273.06719186128703
 21
172.4470588235294
 31
0.0
  0
LINE
  5
49A
330
17
100
AcDbEntity
  8
GEOMETRY
100
AcDbLine
 10
273.06719186128703
 20
172.4470588235294
 30
0.0
 11
273.170147045857
 21
172.4470588235294
 31
0.0
  0
LINE
  5
49B
330
17
100
AcDbEntity
  8
GEOMETRY
100
AcDbLine
 10
273.170147045857
 20
172.4470588235294
 30
0.0
 11
273.2731022304269
 21
172.4470588235294
 31
0.0
  0
LINE
  5
49C
330
17
100
AcDbEntity
  8
GEOMETRY
100
AcDbLine
 10
273.2731022304269
 20
172.4470588235294
 30
0.0
 11
273.36991327740657
 21
172.4470588235294
 31
0.0
  0
LINE
  5
49D
330
17
100
AcDbEntity
  8
GEOMETRY
100
AcDbLine
 10
273.36991327740657
 20
172.4470588235294
 30
0.0
 11
273.4513639804105
 21
172.4470588235294
 31
0.0
  0
LINE
  5
49E
330
17
100
AcDbEntity
  8
GEOMETRY
100
AcDbLine
 10
273.4513639804105
 20
172.4470588235294
 30
0.0
 11
273.5328146834144
 21
172.4470588235294
 31
0.0
  0
LINE
  5
49F
330
17
100
AcDbEntity
  8
GEOMETRY
100
AcDbLine
 10
273.5328146834144
 20
172.4470588235294
 30
0.0
 11
273.61426538641837
 21
172.4470588235294
 31
0.0
  0
LINE
  5
4A0
330
17
100
AcDbEntity
  8
GEOMETRY
100
AcDbLine
 10
273.61426538641837
 20
172.4470588235294
 30
0.0
 11
273.6957160894223
 21
172.4470588235294
 31
0.0
  0
LINE
  5
4A1
330
17
100
AcDbEntity
  8
GEOMETRY
100
AcDbLine
 10
273.6957160894223
 20
172.4470588235294
 30
0.0
 11
273.7610748128441
 21
172.4470588235294
 31
0.0
  0
LINE
  5
4A2
330
17
100
AcDbEntity
  8
GEOMETRY
100
AcDbLine
 10
273.7610748128441
 20
172.4470588235294
 30
0.0
 11
273.8199967444329
 21
172.4470588235294
 31
0.0
  0
LINE
  5
4A3
330
17
100
AcDbEntity
  8
GEOMETRY
100
AcDbLine
 10
273.8199967444329
 20
172.4470588235294
 30
0.0
 11
273.8789186760218
 21
172.4470588235294
 31
0.0
  0
LINE
  5
4A4
330
17
100
AcDbEntity
  8
GEOMETRY
100
AcDbLine
 10
273.8789186760218
 20
172.4470588235294
 30
0.0
 11
273.93784060761067
 21
172.4470588235294
 31
0.0
  0
LINE
  5
4A5
330
17
100
AcDbEntity
  8
GEOMETRY
100
AcDbLine
 10
273.93784060761067
 20
172.4470588235294
 30
0.0
 11
273.99343828935775
 21
172.4470588235294
 31
0.0
  0
LINE
  5
4A6
330
17
100
AcDbEntity
  8
GEOMETRY
100
AcDbLine
 10
273.99343828935775
 20
172.4470588235294
 30
0.0
 11
274.0290904720546
 21
172.4470588235294
 31
0.0
  0
LINE
  5
4A7
330
17
100
AcDbEntity
  8
GEOMETRY
100
AcDbLine
 10
274.0290904720546
 20
172.4470588235294
 30
0.0
 11
274.0647426547513
 21
172.4470588235294
 31
0.0
  0
LINE
  5
4A8
330
17
100
AcDbEntity
  8
GEOMETRY
100
AcDbLine
 10
274.0647426547513
 20
172.4470588235294
 30
0.0
 11
274.1003948374481
 21
172.4470588235294
 31
0.0
  0
LINE
  5
4A9
330
17
100
AcDbEntity
  8
GEOMETRY
100
AcDbLine
 10
274.1003948374481
 20
172.4470588235294
 30
0.0
 11
274.1360470201448
 21
172.4470588235294
 31
0.0
  0
LINE
  5
4AA
330
17
100
AcDbEntity
  8
GEOMETRY
100
AcDbLine
 10
274.1360470201448
 20
172.4470588235294
 30
0.0
 11
274.1581460052557
 21
172.4470588235294
 31
0.0
  0
LINE
  5
4AB
330
17
100
AcDbEntity
  8
GEOMETRY
100
AcDbLine
 10
274.17008009217705
 20
172.4470588235294
 30
0.0
 11
274.1820141790984
 21
172.4470588235294
 31
0.0
  0
LINE
  5
4AC
330
17
100
AcDbEntity
  8
GEOMETRY
100
AcDbLine
 10
274.1820141790984
 20
172.4470588235294
 30
0.0
 11
274.1939482660198
 21
172.4470588235294
 31
0.0
  0
LINE
  5
4AD
330
17
100
AcDbEntity
  8
GEOMETRY
100
AcDbLine
 10
273.92818541986134
 20
172.4470588235294
 30
0.0
 11
273.78781278526856
 21
172.4470588235294
 31
0.0
  0
LINE
  5
4AE
330
17
100
AcDbEntity
  8
GEOMETRY
100
AcDbLine
 10
273.78781278526856
 20
172.4470588235294
 30
0.0
 11
273.6474401506757
 21
172.4470588235294
 31
0.0
  0
LINE
  5
4AF
330
17
100
AcDbEntity
  8
GEOMETRY
100
AcDbLine
 10
273.6474401506757
 20
172.4470588235294
 30
0.0
 11
273.50706751608294
 21
172.4470588235294
 31
0.0
  0
LINE
  5
4B0
330
17
100
AcDbEntity
  8
GEOMETRY
100
AcDbLine
 10
273.50706751608294
 20
172.4470588235294
 30
0.0
 11
273.3666948814901
 21
172.4470588235294
 31
0.0
  0
LINE
  5
4B1
330
17
100
AcDbEntity
  8
GEOMETRY
100
AcDbLine
 10
257.6921286479216
 20
172.4470588235294
 30
0.0
 11
257.5517560133288
 21
172.4470588235294
 31
0.0
  0
LINE
  5
4B2
330
17
100
AcDbEntity
  8
GEOMETRY
100
AcDbLine
 10
257.5517560133288
 20
172.4470588235294
 30
0.0
 11
257.411383378736
 21
172.4470588235294
 31
0.0
  0
LINE
  5
4B3
330
17
100
AcDbEntity
  8
GEOMETRY
100
AcDbLine
 10
257.411383378736
 20
172.4470588235294
 30
0.0
 11
257.2710107441432
 21
172.4470588235294
 31
0.0
  0
LINE
  5
4B4
330
17
100
AcDbEntity
  8
GEOMETRY
100
AcDbLine
 10
257.2710107441432
 20
172.4470588235294
 30
0.0
 11
257.13063810955043
 21
172.4470588235294
 31
0.0
  0
LINE
  5
4B5
330
17
100
AcDbEntity
  8
GEOMETRY
100
AcDbLine
 10
257.13063810955043
 20
172.4470588235294
 30
0.0
 11
257.04328625494315
 21
172.4470588235294
 31
0.0
  0
LINE
  5
4B6
330
17
100
AcDbEntity
  8
GEOMETRY
100
AcDbLine
 10
257.04328625494315
 20
172.4470588235294
 30
0.0
 11
256.99569998532496
 21
172.4470588235294
 31
0.0
  0
LINE
  5
4B7
330
17
100
AcDbEntity
  8
GEOMETRY
100
AcDbLine
 10
256.99569998532496
 20
172.4470588235294
 30
0.0
 11
256.9481137157068
 21
172.4470588235294
 31
0.0
  0
LINE
  5
4B8
330
17
100
AcDbEntity
  8
GEOMETRY
100
AcDbLine
 10
256.9481137157068
 20
172.4470588235294
 30
0.0
 11
256.9005274460887
 21
172.4470588235294
 31
0.0
  0
LINE
  5
4B9
330
17
100
AcDbEntity
  8
GEOMETRY
100
AcDbLine
 10
256.9005274460887
 20
172.4470588235294
 30
0.0
 11
256.85294117647055
 21
172.4470588235294
 31
0.0
  0
LINE
  5
4BA
330
17
100
AcDbEntity
  8
GEOMETRY
100
AcDbLine
 10
256.85294117647055
 20
172.4470588235294
 30
0.0
 11
256.8648752633919
 21
172.4470588235294
 31
0.0
  0
LINE
  5
4BB
330
17
100
AcDbEntity
  8
GEOMETRY
100
AcDbLine
 10
256.95842869196366
 20
172.4470588235294
 30
0.0
 11
256.9940808746604
 21
172.4470588235294
 31
0.0
  0
LINE
  5
4BC
330
17
100
AcDbEntity
  8
GEOMETRY
100
AcDbLine
 10
257.0297330573572
 20
172.4470588235294
 30
0.0
 11
257.06538524005396
 21
172.4470588235294
 31
0.0
  0
LINE
  5
4BD
330
17
100
AcDbEntity
  8
GEOMETRY
100
AcDbLine
 10
257.1209829218011
 20
172.4470588235294
 30
0.0
 11
257.17990485339
 21
172.4470588235294
 31
0.0
  0
LINE
  5
4BE
330
17
100
AcDbEntity
  8
GEOMETRY
100
AcDbLine
 10
257.17990485339
 20
172.4470588235294
 30
0.0
 11
257.2388267849788
 21
172.4470588235294
 31
0.0
  0
LINE
  5
4BF
330
17
100
AcDbEntity
  8
GEOMETRY
100
AcDbLine
 10
257.2388267849788
 20
172.4470588235294
 30
0.0
 11
257.2977487165677
 21
172.4470588235294
 31
0.0
  0
LINE
  5
4C0
330
17
100
AcDbEntity
  8
GEOMETRY
100
AcDbLine
 10
257.2977487165677
 20
172.4470588235294
 30
0.0
 11
257.36310743998945
 21
172.4470588235294
 31
0.0
  0
LINE
  5
4C1
330
17
100
AcDbEntity
  8
GEOMETRY
100
AcDbLine
 10
257.36310743998945
 20
172.4470588235294
 30
0.0
 11
257.44455814299334
 21
172.4470588235294
 31
0.0
  0
LINE
  5
4C2
330
17
100
AcDbEntity
  8
GEOMETRY
100
AcDbLine
 10
257.44455814299334
 20
172.4470588235294
 30
0.0
 11
257.5260088459973
 21
172.4470588235294
 31
0.0
  0
LINE
  5
4C3
330
17
100
AcDbEntity
  8
GEOMETRY
100
AcDbLine
 10
257.5260088459973
 20
172.4470588235294
 30
0.0
 11
257.60745954900125
 21
172.4470588235294
 31
0.0
  0
LINE
  5
4C4
330
17
100
AcDbEntity
  8
GEOMETRY
100
AcDbLine
 10
257.60745954900125
 20
172.4470588235294
 30
0.0
 11
257.6889102520052
 21
172.4470588235294
 31
0.0
  0
LINE
  5
4C5
330
17
100
AcDbEntity
  8
GEOMETRY
100
AcDbLine
 10
257.6889102520052
 20
172.4470588235294
 30
0.0
 11
257.7857212989848
 21
172.4470588235294
 31
0.0
  0
LINE
  5
4C6
330
17
100
AcDbEntity
  8
GEOMETRY
100
AcDbLine
 10
257.7857212989848
 20
172.4470588235294
 30
0.0
 11
257.8886764835548
 21
172.4470588235294
 31
0.0
  0
LINE
  5
4C7
330
17
100
AcDbEntity
  8
GEOMETRY
100
AcDbLine
 10
257.8886764835548
 20
172.4470588235294
 30
0.0
 11
257.9916316681247
 21
172.4470588235294
 31
0.0
  0
LINE
  5
4C8
330
17
100
AcDbEntity
  8
GEOMETRY
100
AcDbLine
 10
257.9916316681247
 20
172.4470588235294
 30
0.0
 11
258.09458685269465
 21
172.4470588235294
 31
0.0
  0
LINE
  5
4C9
330
17
100
AcDbEntity
  8
GEOMETRY
100
AcDbLine
 10
258.09458685269465
 20
172.4470588235294
 30
0.0
 11
258.20042914589084
 21
172.4470588235294
 31
0.0
  0
LINE
  5
4CA
330
17
100
AcDbEntity
  8
GEOMETRY
100
AcDbLine
 10
258.20042914589084
 20
172.4470588235294
 30
0.0
 11
258.32359409084484
 21
172.4470588235294
 31
0.0
  0
LINE
  5
4CB
330
17
100
AcDbEntity
  8
GEOMETRY
100
AcDbLine
 10
258.32359409084484
 20
172.4470588235294
 30
0.0
 11
258.44675903579883
 21
172.4470588235294
 31
0.0
  0
LINE
  5
4CC
330
17
100
AcDbEntity
  8
GEOMETRY
100
AcDbLine
 10
258.44675903579883
 20
172.4470588235294
 30
0.0
 11
258.5699239807528
 21
172.4470588235294
 31
0.0
  0
LINE
  5
4CD
330
17
100
AcDbEntity
  8
GEOMETRY
100
AcDbLine
 10
258.5699239807528
 20
172.4470588235294
 30
0.0
 11
258.6930889257068
 21
172.4470588235294
 31
0.0
  0
LINE
  5
4CE
330
17
100
AcDbEntity
  8
GEOMETRY
100
AcDbLine
 10
258.6930889257068
 20
172.4470588235294
 30
0.0
 11
258.82691723622605
 21
172.4470588235294
 31
0.0
  0
LINE
  5
4CF
330
17
100
AcDbEntity
  8
GEOMETRY
100
AcDbLine
 10
258.82691723622605
 20
172.4470588235294
 30
0.0
 11
258.9687430709193
 21
172.4470588235294
 31
0.0
  0
LINE
  5
4D0
330
17
100
AcDbEntity
  8
GEOMETRY
100
AcDbLine
 10
258.9687430709193
 20
172.4470588235294
 30
0.0
 11
259.1105689056125
 21
172.4470588235294
 31
0.0
  0
LINE
  5
4D1
330
17
100
AcDbEntity
  8
GEOMETRY
100
AcDbLine
 10
259.1105689056125
 20
172.4470588235294
 30
0.0
 11
259.2523947403058
 21
172.4470588235294
 31
0.0
  0
LINE
  5
4D2
330
17
100
AcDbEntity
  8
GEOMETRY
100
AcDbLine
 10
259.2523947403058
 20
172.4470588235294
 30
0.0
 11
259.39422057499905
 21
172.4470588235294
 31
0.0
  0
LINE
  5
4D3
330
17
100
AcDbEntity
  8
GEOMETRY
100
AcDbLine
 10
259.39422057499905
 20
172.4470588235294
 30
0.0
 11
259.55292375727106
 21
172.4470588235294
 31
0.0
  0
LINE
  5
4D4
330
17
100
AcDbEntity
  8
GEOMETRY
100
AcDbLine
 10
259.55292375727106
 20
172.4470588235294
 30
0.0
 11
259.71162693954307
 21
172.4470588235294
 31
0.0
  0
LINE
  5
4D5
330
17
100
AcDbEntity
  8
GEOMETRY
100
AcDbLine
 10
259.71162693954307
 20
172.4470588235294
 30
0.0
 11
259.8703301218151
 21
172.4470588235294
 31
0.0
  0
LINE
  5
4D6
330
17
100
AcDbEntity
  8
GEOMETRY
100
AcDbLine
 10
259.8703301218151
 20
172.4470588235294
 30
0.0
 11
260.0290333040871
 21
172.4470588235294
 31
0.0
  0
LINE
  5
4D7
330
17
100
AcDbEntity
  8
GEOMETRY
100
AcDbLine
 10
260.0290333040871
 20
172.4470588235294
 30
0.0
 11
260.1941142990647
 21
172.4470588235294
 31
0.0
  0
LINE
  5
4D8
330
17
100
AcDbEntity
  8
GEOMETRY
100
AcDbLine
 10
260.1941142990647
 20
172.4470588235294
 30
0.0
 11
260.3676990443167
 21
172.4470588235294
 31
0.0
  0
LINE
  5
4D9
330
17
100
AcDbEntity
  8
GEOMETRY
100
AcDbLine
 10
260.3676990443167
 20
172.4470588235294
 30
0.0
 11
260.54128378956864
 21
172.4470588235294
 31
0.0
  0
LINE
  5
4DA
330
17
100
AcDbEntity
  8
GEOMETRY
100
AcDbLine
 10
260.54128378956864
 20
172.4470588235294
 30
0.0
 11
260.7148685348206
 21
172.4470588235294
 31
0.0
  0
LINE
  5
4DB
330
17
100
AcDbEntity
  8
GEOMETRY
100
AcDbLine
 10
260.7148685348206
 20
172.4470588235294
 30
0.0
 11
260.8884532800725
 21
172.4470588235294
 31
0.0
  0
LINE
  5
4DC
330
17
100
AcDbEntity
  8
GEOMETRY
100
AcDbLine
 10
260.8884532800725
 20
172.4470588235294
 30
0.0
 11
261.07292256883204
 21
172.4470588235294
 31
0.0
  0
LINE
  5
4DD
330
17
100
AcDbEntity
  8
GEOMETRY
100
AcDbLine
 10
261.07292256883204
 20
172.4470588235294
 30
0.0
 11
261.2592059481762
 21
172.4470588235294
 31
0.0
  0
LINE
  5
4DE
330
17
100
AcDbEntity
  8
GEOMETRY
100
AcDbLine
 10
261.2592059481762
 20
172.4470588235294
 30
0.0
 11
261.4454893275203
 21
172.4470588235294
 31
0.0
  0
LINE
  5
4DF
330
17
100
AcDbEntity
  8
GEOMETRY
100
AcDbLine
 10
261.4454893275203
 20
172.4470588235294
 30
0.0
 11
261.63177270686447
 21
172.4470588235294
 31
0.0
  0
LINE
  5
4E0
330
17
100
AcDbEntity
  8
GEOMETRY
100
AcDbLine
 10
261.63177270686447
 20
172.4470588235294
 30
0.0
 11
261.82101494692654
 21
172.4470588235294
 31
0.0
  0
LINE
  5
4E1
330
17
100
AcDbEntity
  8
GEOMETRY
100
AcDbLine
 10
261.82101494692654
 20
172.4470588235294
 30
0.0
 11
262.0176543387835
 21
172.4470588235294
 31
0.0
  0
LINE
  5
4E2
330
17
100
AcDbEntity
  8
GEOMETRY
100
AcDbLine
 10
262.0176543387835
 20
172.4470588235294
 30
0.0
 11
262.21429373064035
 21
172.4470588235294
 31
0.0
  0
LINE
  5
4E3
330
17
100
AcDbEntity
  8
GEOMETRY
100
AcDbLine
 10
262.21429373064035
 20
172.4470588235294
 30
0.0
 11
262.4109331224973
 21
172.4470588235294
 31
0.0
  0
LINE
  5
4E4
330
17
100
AcDbEntity
  8
GEOMETRY
100
AcDbLine
 10
262.4109331224973
 20
172.4470588235294
 30
0.0
 11
262.6075725143542
 21
172.4470588235294
 31
0.0
  0
LINE
  5
4E5
330
17
100
AcDbEntity
  8
GEOMETRY
100
AcDbLine
 10
262.6075725143542
 20
172.4470588235294
 30
0.0
 11
262.80984273340215
 21
172.4470588235294
 31
0.0
  0
LINE
  5
4E6
330
17
100
AcDbEntity
  8
GEOMETRY
100
AcDbLine
 10
262.80984273340215
 20
172.4470588235294
 30
0.0
 11
263.0143652833264
 21
172.4470588235294
 31
0.0
  0
LINE
  5
4E7
330
17
100
AcDbEntity
  8
GEOMETRY
100
AcDbLine
 10
263.0143652833264
 20
172.4470588235294
 30
0.0
 11
263.21888783325073
 21
172.4470588235294
 31
0.0
  0
LINE
  5
4E8
330
17
100
AcDbEntity
  8
GEOMETRY
100
AcDbLine
 10
263.21888783325073
 20
172.4470588235294
 30
0.0
 11
263.423410383175
 21
172.4470588235294
 31
0.0
  0
LINE
  5
4E9
330
17
100
AcDbEntity
  8
GEOMETRY
100
AcDbLine
 10
263.423410383175
 20
172.4470588235294
 30
0.0
 11
263.62869167143293
 21
172.4470588235294
 31
0.0
  0
LINE
  5
4EA
330
17
100
AcDbEntity
  8
GEOMETRY
100
AcDbLine
 10
285.65882352941173
 20
172.4470588235294
 30
0.0
 11
285.6702442341201
 21
172.4470588235294
 31
0.0
  0
LINE
  5
4EB
330
17
100
AcDbEntity
  8
GEOMETRY
100
AcDbLine
 10
285.6930856435368
 20
172.4470588235294
 30
0.0
 11
285.70450634824516
 21
172.4470588235294
 31
0.0
  0
LINE
  5
4EC
330
17
100
AcDbEntity
  8
GEOMETRY
100
AcDbLine
 10
285.70450634824516
 20
172.4470588235294
 30
0.0
 11
285.7254707933509
 21
172.4470588235294
 31
0.0
  0
LINE
  5
4ED
330
17
100
AcDbEntity
  8
GEOMETRY
100
AcDbLine
 10
285.7591602256532
 20
172.4470588235294
 30
0.0
 11
285.79284965795546
 21
172.4470588235294
 31
0.0
  0
LINE
  5
4EE
330
17
100
AcDbEntity
  8
GEOMETRY
100
AcDbLine
 10
285.79284965795546
 20
172.4470588235294
 30
0.0
 11
285.8265390902577
 21
172.4470588235294
 31
0.0
  0
LINE
  5
4EF
330
17
100
AcDbEntity
  8
GEOMETRY
100
AcDbLine
 10
285.8265390902577
 20
172.4470588235294
 30
0.0
 11
285.86022852256
 21
172.4470588235294
 31
0.0
  0
LINE
  5
4F0
330
17
100
AcDbEntity
  8
GEOMETRY
100
AcDbLine
 10
285.86022852256
 20
172.4470588235294
 30
0.0
 11
285.9115574395338
 21
172.4470588235294
 31
0.0
  0
LINE
  5
4F1
330
17
100
AcDbEntity
  8
GEOMETRY
100
AcDbLine
 10
285.9115574395338
 20
172.4470588235294
 30
0.0
 11
285.9658262706196
 21
172.4470588235294
 31
0.0
  0
LINE
  5
4F2
330
17
100
AcDbEntity
  8
GEOMETRY
100
AcDbLine
 10
285.9658262706196
 20
172.4470588235294
 30
0.0
 11
286.0200951017053
 21
172.4470588235294
 31
0.0
  0
LINE
  5
4F3
330
17
100
AcDbEntity
  8
GEOMETRY
100
AcDbLine
 10
286.0200951017053
 20
172.4470588235294
 30
0.0
 11
286.074363932791
 21
172.4470588235294
 31
0.0
  0
LINE
  5
4F4
330
17
100
AcDbEntity
  8
GEOMETRY
100
AcDbLine
 10
286.074363932791
 20
172.4470588235294
 30
0.0
 11
286.133735087587
 21
172.4470588235294
 31
0.0
  0
LINE
  5
4F5
330
17
100
AcDbEntity
  8
GEOMETRY
100
AcDbLine
 10
286.133735087587
 20
172.4470588235294
 30
0.0
 11
286.2058620516587
 21
172.4470588235294
 31
0.0
  0
LINE
  5
4F6
330
17
100
AcDbEntity
  8
GEOMETRY
100
AcDbLine
 10
286.2058620516587
 20
172.4470588235294
 30
0.0
 11
286.2779890157303
 21
172.4470588235294
 31
0.0
  0
LINE
  5
4F7
330
17
100
AcDbEntity
  8
GEOMETRY
100
AcDbLine
 10
286.2779890157303
 20
172.4470588235294
 30
0.0
 11
286.350115979802
 21
172.4470588235294
 31
0.0
  0
LINE
  5
4F8
330
17
100
AcDbEntity
  8
GEOMETRY
100
AcDbLine
 10
286.350115979802
 20
172.4470588235294
 30
0.0
 11
286.4222429438737
 21
172.4470588235294
 31
0.0
  0
LINE
  5
4F9
330
17
100
AcDbEntity
  8
GEOMETRY
100
AcDbLine
 10
286.4222429438737
 20
172.4470588235294
 30
0.0
 11
286.50454232639635
 21
172.4470588235294
 31
0.0
  0
LINE
  5
4FA
330
17
100
AcDbEntity
  8
GEOMETRY
100
AcDbLine
 10
286.50454232639635
 20
172.4470588235294
 30
0.0
 11
286.5909106762994
 21
172.4470588235294
 31
0.0
  0
LINE
  5
4FB
330
17
100
AcDbEntity
  8
GEOMETRY
100
AcDbLine
 10
286.5909106762994
 20
172.4470588235294
 30
0.0
 11
286.6772790262024
 21
172.4470588235294
 31
0.0
  0
LINE
  5
4FC
330
17
100
AcDbEntity
  8
GEOMETRY
100
AcDbLine
 10
286.6772790262024
 20
172.4470588235294
 30
0.0
 11
286.7636473761055
 21
172.4470588235294
 31
0.0
  0
LINE
  5
4FD
330
17
100
AcDbEntity
  8
GEOMETRY
100
AcDbLine
 10
286.7636473761055
 20
172.4470588235294
 30
0.0
 11
286.85143151402633
 21
172.4470588235294
 31
0.0
  0
LINE
  5
4FE
330
17
100
AcDbEntity
  8
GEOMETRY
100
AcDbLine
 10
286.85143151402633
 20
172.4470588235294
 30
0.0
 11
286.9477103800538
 21
172.4470588235294
 31
0.0
  0
LINE
  5
4FF
330
17
100
AcDbEntity
  8
GEOMETRY
100
AcDbLine
 10
286.9477103800538
 20
172.4470588235294
 30
0.0
 11
287.0439892460813
 21
172.4470588235294
 31
0.0
  0
LINE
  5
500
330
17
100
AcDbEntity
  8
GEOMETRY
100
AcDbLine
 10
287.0439892460813
 20
172.4470588235294
 30
0.0
 11
287.1402681121088
 21
172.4470588235294
 31
0.0
  0
LINE
  5
501
330
17
100
AcDbEntity
  8
GEOMETRY
100
AcDbLine
 10
287.1402681121088
 20
172.4470588235294
 30
0.0
 11
287.2365469781363
 21
172.4470588235294
 31
0.0
  0
LINE
  5
502
330
17
100
AcDbEntity
  8
GEOMETRY
100
AcDbLine
 10
287.2365469781363
 20
172.4470588235294
 30
0.0
 11
287.33573023945314
 21
172.4470588235294
 31
0.0
  0
LINE
  5
503
330
17
100
AcDbEntity
  8
GEOMETRY
100
AcDbLine
 10
287.33573023945314
 20
172.4470588235294
 30
0.0
 11
287.4370917972369
 21
172.4470588235294
 31
0.0
  0
LINE
  5
504
330
17
100
AcDbEntity
  8
GEOMETRY
100
AcDbLine
 10
287.4370917972369
 20
172.4470588235294
 30
0.0
 11
287.5384533550207
 21
172.4470588235294
 31
0.0
  0
LINE
  5
505
330
17
100
AcDbEntity
  8
GEOMETRY
100
AcDbLine
 10
287.5384533550207
 20
172.4470588235294
 30
0.0
 11
287.63981491280447
 21
172.4470588235294
 31
0.0
  0
LINE
  5
506
330
17
100
AcDbEntity
  8
GEOMETRY
100
AcDbLine
 10
287.63981491280447
 20
172.4470588235294
 30
0.0
 11
287.74117647058824
 21
172.4470588235294
 31
0.0
  0
LINE
  5
507
330
17
100
AcDbEntity
  8
GEOMETRY
100
AcDbLine
 10
287.74117647058824
 20
172.4470588235294
 30
0.0
 11
287.842538028372
 21
172.4470588235294
 31
0.0
  0
LINE
  5
508
330
17
100
AcDbEntity
  8
GEOMETRY
100
AcDbLine
 10
287.842538028372
 20
172.4470588235294
 30
0.0
 11
287.9438995861558
 21
172.4470588235294
 31
0.0
  0
LINE
  5
509
330
17
100
AcDbEntity
  8
GEOMETRY
100
AcDbLine
 10
287.9438995861558
 20
172.4470588235294
 30
0.0
 11
288.04526114393957
 21
172.4470588235294
 31
0.0
  0
LINE
  5
50A
330
17
100
AcDbEntity
  8
GEOMETRY
100
AcDbLine
 10
288.04526114393957
 20
172.4470588235294
 30
0.0
 11
288.14662270172335
 21
172.4470588235294
 31
0.0
  0
LINE
  5
50B
330
17
100
AcDbEntity
  8
GEOMETRY
100
AcDbLine
 10
288.14662270172335
 20
172.4470588235294
 30
0.0
 11
288.24580596304014
 21
172.4470588235294
 31
0.0
  0
LINE
  5
50C
330
17
100
AcDbEntity
  8
GEOMETRY
100
AcDbLine
 10
288.24580596304014
 20
172.4470588235294
 30
0.0
 11
288.34208482906763
 21
172.4470588235294
 31
0.0
  0
LINE
  5
50D
330
17
100
AcDbEntity
  8
GEOMETRY
100
AcDbLine
 10
288.34208482906763
 20
172.4470588235294
 30
0.0
 11
288.4383636950951
 21
172.4470588235294
 31
0.0
  0
LINE
  5
50E
330
17
100
AcDbEntity
  8
GEOMETRY
100
AcDbLine
 10
288.4383636950951
 20
172.4470588235294
 30
0.0
 11
288.5346425611226
 21
172.4470588235294
 31
0.0
  0
LINE
  5
50F
330
17
100
AcDbEntity
  8
GEOMETRY
100
AcDbLine
 10
288.5346425611226
 20
172.4470588235294
 30
0.0
 11
288.6309214271501
 21
172.4470588235294
 31
0.0
  0
LINE
  5
510
330
17
100
AcDbEntity
  8
GEOMETRY
100
AcDbLine
 10
288.6309214271501
 20
172.4470588235294
 30
0.0
 11
288.71870556507093
 21
172.4470588235294
 31
0.0
  0
LINE
  5
511
330
17
100
AcDbEntity
  8
GEOMETRY
100
AcDbLine
 10
288.71870556507093
 20
172.4470588235294
 30
0.0
 11
288.805073914974
 21
172.4470588235294
 31
0.0
  0
LINE
  5
512
330
17
100
AcDbEntity
  8
GEOMETRY
100
AcDbLine
 10
288.805073914974
 20
172.4470588235294
 30
0.0
 11
288.89144226487707
 21
172.4470588235294
 31
0.0
  0
LINE
  5
513
330
17
100
AcDbEntity
  8
GEOMETRY
100
AcDbLine
 10
288.89144226487707
 20
172.4470588235294
 30
0.0
 11
288.9778106147801
 21
172.4470588235294
 31
0.0
  0
LINE
  5
514
330
17
100
AcDbEntity
  8
GEOMETRY
100
AcDbLine
 10
288.9778106147801
 20
172.4470588235294
 30
0.0
 11
289.0601099973028
 21
172.4470588235294
 31
0.0
  0
LINE
  5
515
330
17
100
AcDbEntity
  8
GEOMETRY
100
AcDbLine
 10
289.0601099973028
 20
172.4470588235294
 30
0.0
 11
289.1322369613744
 21
172.4470588235294
 31
0.0
  0
LINE
  5
516
330
17
100
AcDbEntity
  8
GEOMETRY
100
AcDbLine
 10
289.1322369613744
 20
172.4470588235294
 30
0.0
 11
289.2043639254461
 21
172.4470588235294
 31
0.0
  0
LINE
  5
517
330
17
100
AcDbEntity
  8
GEOMETRY
100
AcDbLine
 10
289.2043639254461
 20
172.4470588235294
 30
0.0
 11
289.27649088951773
 21
172.4470588235294
 31
0.0
  0
LINE
  5
518
330
17
100
AcDbEntity
  8
GEOMETRY
100
AcDbLine
 10
289.27649088951773
 20
172.4470588235294
 30
0.0
 11
289.3486178535894
 21
172.4470588235294
 31
0.0
  0
LINE
  5
519
330
17
100
AcDbEntity
  8
GEOMETRY
100
AcDbLine
 10
289.3486178535894
 20
172.4470588235294
 30
0.0
 11
289.4079890083854
 21
172.4470588235294
 31
0.0
  0
LINE
  5
51A
330
17
100
AcDbEntity
  8
GEOMETRY
100
AcDbLine
 10
289.4079890083854
 20
172.4470588235294
 30
0.0
 11
289.46225783947114
 21
172.4470588235294
 31
0.0
  0
LINE
  5
51B
330
17
100
AcDbEntity
  8
GEOMETRY
100
AcDbLine
 10
289.46225783947114
 20
172.4470588235294
 30
0.0
 11
289.5165266705569
 21
172.4470588235294
 31
0.0
  0
LINE
  5
51C
330
17
100
AcDbEntity
  8
GEOMETRY
100
AcDbLine
 10
289.5165266705569
 20
172.4470588235294
 30
0.0
 11
289.57079550164264
 21
172.4470588235294
 31
0.0
  0
LINE
  5
51D
330
17
100
AcDbEntity
  8
GEOMETRY
100
AcDbLine
 10
289.57079550164264
 20
172.4470588235294
 30
0.0
 11
289.6221244186164
 21
172.4470588235294
 31
0.0
  0
LINE
  5
51E
330
17
100
AcDbEntity
  8
GEOMETRY
100
AcDbLine
 10
289.6221244186164
 20
172.4470588235294
 30
0.0
 11
289.6558138509187
 21
172.4470588235294
 31
0.0
  0
LINE
  5
51F
330
17
100
AcDbEntity
  8
GEOMETRY
100
AcDbLine
 10
289.6558138509187
 20
172.4470588235294
 30
0.0
 11
289.689503283221
 21
172.4470588235294
 31
0.0
  0
LINE
  5
520
330
17
100
AcDbEntity
  8
GEOMETRY
100
AcDbLine
 10
289.689503283221
 20
172.4470588235294
 30
0.0
 11
289.7231927155233
 21
172.4470588235294
 31
0.0
  0
LINE
  5
521
330
17
100
AcDbEntity
  8
GEOMETRY
100
AcDbLine
 10
289.7231927155233
 20
172.4470588235294
 30
0.0
 11
289.75688214782554
 21
172.4470588235294
 31
0.0
  0
LINE
  5
522
330
17
100
AcDbEntity
  8
GEOMETRY
100
AcDbLine
 10
289.77784659293127
 20
172.4470588235294
 30
0.0
 11
289.78926729763964
 21
172.4470588235294
 31
0.0
  0
LINE
  5
523
330
17
100
AcDbEntity
  8
GEOMETRY
100
AcDbLine
 10
289.78926729763964
 20
172.4470588235294
 30
0.0
 11
289.80068800234795
 21
172.4470588235294
 31
0.0
  0
LINE
  5
524
330
17
100
AcDbEntity
  8
GEOMETRY
100
AcDbLine
 10
278.7215804785729
 20
232.83529411764704
 30
0.0
 11
278.9120966063261
 21
232.83529411764704
 31
0.0
  0
LINE
  5
525
330
17
100
AcDbEntity
  8
GEOMETRY
100
AcDbLine
 10
278.9120966063261
 20
232.83529411764704
 30
0.0
 11
279.097415938552
 21
232.83529411764704
 31
0.0
  0
LINE
  5
526
330
17
100
AcDbEntity
  8
GEOMETRY
100
AcDbLine
 10
279.097415938552
 20
232.83529411764704
 30
0.0
 11
279.28273527077783
 21
232.83529411764704
 31
0.0
  0
LINE
  5
527
330
17
100
AcDbEntity
  8
GEOMETRY
100
AcDbLine
 10
279.28273527077783
 20
232.83529411764704
 30
0.0
 11
279.46805460300374
 21
232.83529411764704
 31
0.0
  0
LINE
  5
528
330
17
100
AcDbEntity
  8
GEOMETRY
100
AcDbLine
 10
279.46805460300374
 20
232.83529411764704
 30
0.0
 11
279.6423144875671
 21
232.83529411764704
 31
0.0
  0
LINE
  5
529
330
17
100
AcDbEntity
  8
GEOMETRY
100
AcDbLine
 10
279.6423144875671
 20
232.83529411764704
 30
0.0
 11
279.7889257529742
 21
232.83529411764704
 31
0.0
  0
LINE
  5
52A
330
17
100
AcDbEntity
  8
GEOMETRY
100
AcDbLine
 10
279.7889257529742
 20
232.83529411764704
 30
0.0
 11
279.9355370183813
 21
232.83529411764704
 31
0.0
  0
LINE
  5
52B
330
17
100
AcDbEntity
  8
GEOMETRY
100
AcDbLine
 10
279.9355370183813
 20
232.83529411764704
 30
0.0
 11
280.08214828378834
 21
232.83529411764704
 31
0.0
  0
LINE
  5
52C
330
17
100
AcDbEntity
  8
GEOMETRY
100
AcDbLine
 10
280.08214828378834
 20
232.83529411764704
 30
0.0
 11
280.22875954919544
 21
232.83529411764704
 31
0.0
  0
LINE
  5
52D
330
17
100
AcDbEntity
  8
GEOMETRY
100
AcDbLine
 10
280.22875954919544
 20
232.83529411764704
 30
0.0
 11
280.3464052513546
 21
232.83529411764704
 31
0.0
  0
LINE
  5
52E
330
17
100
AcDbEntity
  8
GEOMETRY
100
AcDbLine
 10
280.3464052513546
 20
232.83529411764704
 30
0.0
 11
280.4524647282145
 21
232.83529411764704
 31
0.0
  0
LINE
  5
52F
330
17
100
AcDbEntity
  8
GEOMETRY
100
AcDbLine
 10
280.4524647282145
 20
232.83529411764704
 30
0.0
 11
280.5585242050745
 21
232.83529411764704
 31
0.0
  0
LINE
  5
530
330
17
100
AcDbEntity
  8
GEOMETRY
100
AcDbLine
 10
280.5585242050745
 20
232.83529411764704
 30
0.0
 11
280.66458368193446
 21
232.83529411764704
 31
0.0
  0
LINE
  5
531
330
17
100
AcDbEntity
  8
GEOMETRY
100
AcDbLine
 10
280.66458368193446
 20
232.83529411764704
 30
0.0
 11
280.7646595090793
 21
232.83529411764704
 31
0.0
  0
LINE
  5
532
330
17
100
AcDbEntity
  8
GEOMETRY
100
AcDbLine
 10
280.7646595090793
 20
232.83529411764704
 30
0.0
 11
280.8288334379335
 21
232.83529411764704
 31
0.0
  0
LINE
  5
533
330
17
100
AcDbEntity
  8
GEOMETRY
100
AcDbLine
 10
280.8288334379335
 20
232.83529411764704
 30
0.0
 11
280.8930073667877
 21
232.83529411764704
 31
0.0
  0
LINE
  5
534
330
17
100
AcDbEntity
  8
GEOMETRY
100
AcDbLine
 10
280.8930073667877
 20
232.83529411764704
 30
0.0
 11
280.9571812956418
 21
232.83529411764704
 31
0.0
  0
LINE
  5
535
330
17
100
AcDbEntity
  8
GEOMETRY
100
AcDbLine
 10
280.9571812956418
 20
232.83529411764704
 30
0.0
 11
281.021355224496
 21
232.83529411764704
 31
0.0
  0
LINE
  5
536
330
17
100
AcDbEntity
  8
GEOMETRY
100
AcDbLine
 10
281.021355224496
 20
232.83529411764704
 30
0.0
 11
281.0611333976955
 21
232.83529411764704
 31
0.0
  0
LINE
  5
537
330
17
100
AcDbEntity
  8
GEOMETRY
100
AcDbLine
 10
281.0611333976955
 20
232.83529411764704
 30
0.0
 11
281.08261475415395
 21
232.83529411764704
 31
0.0
  0
LINE
  5
538
330
17
100
AcDbEntity
  8
GEOMETRY
100
AcDbLine
 10
281.10409611061243
 20
232.83529411764704
 30
0.0
 11
281.1255774670709
 21
232.83529411764704
 31
0.0
  0
LINE
  5
539
330
17
100
AcDbEntity
  8
GEOMETRY
100
AcDbLine
 10
281.1255774670709
 20
232.83529411764704
 30
0.0
 11
281.1470588235294
 21
232.83529411764704
 31
0.0
  0
LINE
  5
53A
330
17
100
AcDbEntity
  8
GEOMETRY
100
AcDbLine
 10
280.9757482529041
 20
232.83529411764704
 30
0.0
 11
280.89009296759144
 21
232.83529411764704
 31
0.0
  0
LINE
  5
53B
330
17
100
AcDbEntity
  8
GEOMETRY
100
AcDbLine
 10
280.80443768227883
 20
232.83529411764704
 30
0.0
 11
280.6472043439857
 21
232.83529411764704
 31
0.0
  0
LINE
  5
53C
330
17
100
AcDbEntity
  8
GEOMETRY
100
AcDbLine
 10
250.41161918542605
 20
232.83529411764704
 30
0.0
 11
250.25438584713294
 21
232.83529411764704
 31
0.0
  0
LINE
  5
53D
330
17
100
AcDbEntity
  8
GEOMETRY
100
AcDbLine
 10
250.25438584713294
 20
232.83529411764704
 30
0.0
 11
250.1687305618203
 21
232.83529411764704
 31
0.0
  0
LINE
  5
53E
330
17
100
AcDbEntity
  8
GEOMETRY
100
AcDbLine
 10
250.1687305618203
 20
232.83529411764704
 30
0.0
 11
250.08307527650763
 21
232.83529411764704
 31
0.0
  0
LINE
  5
53F
330
17
100
AcDbEntity
  8
GEOMETRY
100
AcDbLine
 10
250.08307527650763
 20
232.83529411764704
 30
0.0
 11
249.997419991195
 21
232.83529411764704
 31
0.0
  0
LINE
  5
540
330
17
100
AcDbEntity
  8
GEOMETRY
100
AcDbLine
 10
249.997419991195
 20
232.83529411764704
 30
0.0
 11
249.91176470588235
 21
232.83529411764704
 31
0.0
  0
LINE
  5
541
330
17
100
AcDbEntity
  8
GEOMETRY
100
AcDbLine
 10
249.91176470588235
 20
232.83529411764704
 30
0.0
 11
249.9332460623408
 21
232.83529411764704
 31
0.0
  0
LINE
  5
542
330
17
100
AcDbEntity
  8
GEOMETRY
100
AcDbLine
 10
249.95472741879928
 20
232.83529411764704
 30
0.0
 11
249.97620877525776
 21
232.83529411764704
 31
0.0
  0
LINE
  5
543
330
17
100
AcDbEntity
  8
GEOMETRY
100
AcDbLine
 10
250.0374683049157
 20
232.83529411764704
 30
0.0
 11
250.1016422337699
 21
232.83529411764704
 31
0.0
  0
LINE
  5
544
330
17
100
AcDbEntity
  8
GEOMETRY
100
AcDbLine
 10
250.1016422337699
 20
232.83529411764704
 30
0.0
 11
250.16581616262408
 21
232.83529411764704
 31
0.0
  0
LINE
  5
545
330
17
100
AcDbEntity
  8
GEOMETRY
100
AcDbLine
 10
250.22999009147824
 20
232.83529411764704
 30
0.0
 11
250.29416402033243
 21
232.83529411764704
 31
0.0
  0
LINE
  5
546
330
17
100
AcDbEntity
  8
GEOMETRY
100
AcDbLine
 10
250.29416402033243
 20
232.83529411764704
 30
0.0
 11
250.39423984747728
 21
232.83529411764704
 31
0.0
  0
LINE
  5
547
330
17
100
AcDbEntity
  8
GEOMETRY
100
AcDbLine
 10
250.39423984747728
 20
232.83529411764704
 30
0.0
 11
250.50029932433722
 21
232.83529411764704
 31
0.0
  0
LINE
  5
548
330
17
100
AcDbEntity
  8
GEOMETRY
100
AcDbLine
 10
250.50029932433722
 20
232.83529411764704
 30
0.0
 11
250.6063588011972
 21
232.83529411764704
 31
0.0
  0
LINE
  5
549
330
17
100
AcDbEntity
  8
GEOMETRY
100
AcDbLine
 10
250.6063588011972
 20
232.83529411764704
 30
0.0
 11
250.71241827805716
 21
232.83529411764704
 31
0.0
  0
LINE
  5
54A
330
17
100
AcDbEntity
  8
GEOMETRY
100
AcDbLine
 10
250.71241827805716
 20
232.83529411764704
 30
0.0
 11
250.8300639802163
 21
232.83529411764704
 31
0.0
  0
LINE
  5
54B
330
17
100
AcDbEntity
  8
GEOMETRY
100
AcDbLine
 10
250.8300639802163
 20
232.83529411764704
 30
0.0
 11
250.97667524562337
 21
232.83529411764704
 31
0.0
  0
LINE
  5
54C
330
17
100
AcDbEntity
  8
GEOMETRY
100
AcDbLine
 10
250.97667524562337
 20
232.83529411764704
 30
0.0
 11
251.12328651103047
 21
232.83529411764704
 31
0.0
  0
LINE
  5
54D
330
17
100
AcDbEntity
  8
GEOMETRY
100
AcDbLine
 10
251.12328651103047
 20
232.83529411764704
 30
0.0
 11
251.26989777643755
 21
232.83529411764704
 31
0.0
  0
LINE
  5
54E
330
17
100
AcDbEntity
  8
GEOMETRY
100
AcDbLine
 10
251.26989777643755
 20
232.83529411764704
 30
0.0
 11
251.41650904184462
 21
232.83529411764704
 31
0.0
  0
LINE
  5
54F
330
17
100
AcDbEntity
  8
GEOMETRY
100
AcDbLine
 10
251.41650904184462
 20
232.83529411764704
 30
0.0
 11
251.590768926408
 21
232.83529411764704
 31
0.0
  0
LINE
  5
550
330
17
100
AcDbEntity
  8
GEOMETRY
100
AcDbLine
 10
251.590768926408
 20
232.83529411764704
 30
0.0
 11
251.77608825863388
 21
232.83529411764704
 31
0.0
  0
LINE
  5
551
330
17
100
AcDbEntity
  8
GEOMETRY
100
AcDbLine
 10
251.77608825863388
 20
232.83529411764704
 30
0.0
 11
251.96140759085978
 21
232.83529411764704
 31
0.0
  0
LINE
  5
552
330
17
100
AcDbEntity
  8
GEOMETRY
100
AcDbLine
 10
251.96140759085978
 20
232.83529411764704
 30
0.0
 11
252.14672692308565
 21
232.83529411764704
 31
0.0
  0
LINE
  5
553
330
17
100
AcDbEntity
  8
GEOMETRY
100
AcDbLine
 10
252.14672692308565
 20
232.83529411764704
 30
0.0
 11
252.33724305083885
 21
232.83529411764704
 31
0.0
  0
LINE
  5
554
330
17
100
AcDbEntity
  8
GEOMETRY
100
AcDbLine
 10
267.43013185797884
 20
232.83529411764704
 30
0.0
 11
267.6354131462367
 21
232.83529411764704
 31
0.0
  0
LINE
  5
555
330
17
100
AcDbEntity
  8
GEOMETRY
100
AcDbLine
 10
267.6354131462367
 20
232.83529411764704
 30
0.0
 11
267.83993569616104
 21
232.83529411764704
 31
0.0
  0
LINE
  5
556
330
17
100
AcDbEntity
  8
GEOMETRY
100
AcDbLine
 10
267.83993569616104
 20
232.83529411764704
 30
0.0
 11
268.0444582460853
 21
232.83529411764704
 31
0.0
  0
LINE
  5
557
330
17
100
AcDbEntity
  8
GEOMETRY
100
AcDbLine
 10
268.0444582460853
 20
232.83529411764704
 30
0.0
 11
268.2489807960096
 21
232.83529411764704
 31
0.0
  0
LINE
  5
558
330
17
100
AcDbEntity
  8
GEOMETRY
100
AcDbLine
 10
268.2489807960096
 20
232.83529411764704
 30
0.0
 11
268.4512510150575
 21
232.83529411764704
 31
0.0
  0
LINE
  5
559
330
17
100
AcDbEntity
  8
GEOMETRY
100
AcDbLine
 10
268.4512510150575
 20
232.83529411764704
 30
0.0
 11
268.6478904069144
 21
232.83529411764704
 31
0.0
  0
LINE
  5
55A
330
17
100
AcDbEntity
  8
GEOMETRY
100
AcDbLine
 10
268.6478904069144
 20
232.83529411764704
 30
0.0
 11
268.84452979877136
 21
232.83529411764704
 31
0.0
  0
LINE
  5
55B
330
17
100
AcDbEntity
  8
GEOMETRY
100
AcDbLine
 10
268.84452979877136
 20
232.83529411764704
 30
0.0
 11
269.0411691906283
 21
232.83529411764704
 31
0.0
  0
LINE
  5
55C
330
17
100
AcDbEntity
  8
GEOMETRY
100
AcDbLine
 10
269.0411691906283
 20
232.83529411764704
 30
0.0
 11
269.23780858248523
 21
232.83529411764704
 31
0.0
  0
LINE
  5
55D
330
17
100
AcDbEntity
  8
GEOMETRY
100
AcDbLine
 10
269.23780858248523
 20
232.83529411764704
 30
0.0
 11
269.4270508225473
 21
232.83529411764704
 31
0.0
  0
LINE
  5
55E
330
17
100
AcDbEntity
  8
GEOMETRY
100
AcDbLine
 10
269.4270508225473
 20
232.83529411764704
 30
0.0
 11
269.6133342018914
 21
232.83529411764704
 31
0.0
  0
LINE
  5
55F
330
17
100
AcDbEntity
  8
GEOMETRY
100
AcDbLine
 10
269.6133342018914
 20
232.83529411764704
 30
0.0
 11
269.79961758123557
 21
232.83529411764704
 31
0.0
  0
LINE
  5
560
330
17
100
AcDbEntity
  8
GEOMETRY
100
AcDbLine
 10
269.79961758123557
 20
232.83529411764704
 30
0.0
 11
269.98590096057967
 21
232.83529411764704
 31
0.0
  0
LINE
  5
561
330
17
100
AcDbEntity
  8
GEOMETRY
100
AcDbLine
 10
269.98590096057967
 20
232.83529411764704
 30
0.0
 11
270.1703702493392
 21
232.83529411764704
 31
0.0
  0
LINE
  5
562
330
17
100
AcDbEntity
  8
GEOMETRY
100
AcDbLine
 10
270.1703702493392
 20
232.83529411764704
 30
0.0
 11
270.3439549945912
 21
232.83529411764704
 31
0.0
  0
LINE
  5
563
330
17
100
AcDbEntity
  8
GEOMETRY
100
AcDbLine
 10
270.3439549945912
 20
232.83529411764704
 30
0.0
 11
270.5175397398431
 21
232.83529411764704
 31
0.0
  0
LINE
  5
564
330
17
100
AcDbEntity
  8
GEOMETRY
100
AcDbLine
 10
270.5175397398431
 20
232.83529411764704
 30
0.0
 11
270.69112448509503
 21
232.83529411764704
 31
0.0
  0
LINE
  5
565
330
17
100
AcDbEntity
  8
GEOMETRY
100
AcDbLine
 10
270.69112448509503
 20
232.83529411764704
 30
0.0
 11
270.864709230347
 21
232.83529411764704
 31
0.0
  0
LINE
  5
566
330
17
100
AcDbEntity
  8
GEOMETRY
100
AcDbLine
 10
270.864709230347
 20
232.83529411764704
 30
0.0
 11
271.0297902253247
 21
232.83529411764704
 31
0.0
  0
LINE
  5
567
330
17
100
AcDbEntity
  8
GEOMETRY
100
AcDbLine
 10
271.0297902253247
 20
232.83529411764704
 30
0.0
 11
271.1884934075967
 21
232.83529411764704
 31
0.0
  0
LINE
  5
568
330
17
100
AcDbEntity
  8
GEOMETRY
100
AcDbLine
 10
271.1884934075967
 20
232.83529411764704
 30
0.0
 11
271.34719658986864
 21
232.83529411764704
 31
0.0
  0
LINE
  5
569
330
17
100
AcDbEntity
  8
GEOMETRY
100
AcDbLine
 10
271.34719658986864
 20
232.83529411764704
 30
0.0
 11
271.50589977214065
 21
232.83529411764704
 31
0.0
  0
LINE
  5
56A
330
17
100
AcDbEntity
  8
GEOMETRY
100
AcDbLine
 10
271.50589977214065
 20
232.83529411764704
 30
0.0
 11
271.66460295441266
 21
232.83529411764704
 31
0.0
  0
LINE
  5
56B
330
17
100
AcDbEntity
  8
GEOMETRY
100
AcDbLine
 10
271.66460295441266
 20
232.83529411764704
 30
0.0
 11
271.80642878910595
 21
232.83529411764704
 31
0.0
  0
LINE
  5
56C
330
17
100
AcDbEntity
  8
GEOMETRY
100
AcDbLine
 10
271.80642878910595
 20
232.83529411764704
 30
0.0
 11
271.9482546237992
 21
232.83529411764704
 31
0.0
  0
LINE
  5
56D
330
17
100
AcDbEntity
  8
GEOMETRY
100
AcDbLine
 10
271.9482546237992
 20
232.83529411764704
 30
0.0
 11
272.0900804584924
 21
232.83529411764704
 31
0.0
  0
LINE
  5
56E
330
17
100
AcDbEntity
  8
GEOMETRY
100
AcDbLine
 10
272.0900804584924
 20
232.83529411764704
 30
0.0
 11
272.2319062931857
 21
232.83529411764704
 31
0.0
  0
LINE
  5
56F
330
17
100
AcDbEntity
  8
GEOMETRY
100
AcDbLine
 10
272.2319062931857
 20
232.83529411764704
 30
0.0
 11
272.365734603705
 21
232.83529411764704
 31
0.0
  0
LINE
  5
570
330
17
100
AcDbEntity
  8
GEOMETRY
100
AcDbLine
 10
272.365734603705
 20
232.83529411764704
 30
0.0
 11
272.48889954865894
 21
232.83529411764704
 31
0.0
  0
LINE
  5
571
330
17
100
AcDbEntity
  8
GEOMETRY
100
AcDbLine
 10
272.48889954865894
 20
232.83529411764704
 30
0.0
 11
272.61206449361293
 21
232.83529411764704
 31
0.0
  0
LINE
  5
572
330
17
100
AcDbEntity
  8
GEOMETRY
100
AcDbLine
 10
272.61206449361293
 20
232.83529411764704
 30
0.0
 11
272.7352294385669
 21
232.83529411764704
 31
0.0
  0
LINE
  5
573
330
17
100
AcDbEntity
  8
GEOMETRY
100
AcDbLine
 10
272.7352294385669
 20
232.83529411764704
 30
0.0
 11
272.8583943835209
 21
232.83529411764704
 31
0.0
  0
LINE
  5
574
330
17
100
AcDbEntity
  8
GEOMETRY
100
AcDbLine
 10
272.8583943835209
 20
232.83529411764704
 30
0.0
 11
272.9642366767171
 21
232.83529411764704
 31
0.0
  0
LINE
  5
575
330
17
100
AcDbEntity
  8
GEOMETRY
100
AcDbLine
 10
272.9642366767171
 20
232.83529411764704
 30
0.0
 11
273.06719186128703
 21
232.83529411764704
 31
0.0
  0
LINE
  5
576
330
17
100
AcDbEntity
  8
GEOMETRY
100
AcDbLine
 10
273.06719186128703
 20
232.83529411764704
 30
0.0
 11
273.170147045857
 21
232.83529411764704
 31
0.0
  0
LINE
  5
577
330
17
100
AcDbEntity
  8
GEOMETRY
100
AcDbLine
 10
273.170147045857
 20
232.83529411764704
 30
0.0
 11
273.2731022304269
 21
232.83529411764704
 31
0.0
  0
LINE
  5
578
330
17
100
AcDbEntity
  8
GEOMETRY
100
AcDbLine
 10
273.2731022304269
 20
232.83529411764704
 30
0.0
 11
273.36991327740657
 21
232.83529411764704
 31
0.0
  0
LINE
  5
579
330
17
100
AcDbEntity
  8
GEOMETRY
100
AcDbLine
 10
273.36991327740657
 20
232.83529411764704
 30
0.0
 11
273.4513639804105
 21
232.83529411764704
 31
0.0
  0
LINE
  5
57A
330
17
100
AcDbEntity
  8
GEOMETRY
100
AcDbLine
 10
273.4513639804105
 20
232.83529411764704
 30
0.0
 11
273.5328146834144
 21
232.83529411764704
 31
0.0
  0
LINE
  5
57B
330
17
100
AcDbEntity
  8
GEOMETRY
100
AcDbLine
 10
273.5328146834144
 20
232.83529411764704
 30
0.0
 11
273.61426538641837
 21
232.83529411764704
 31
0.0
  0
LINE
  5
57C
330
17
100
AcDbEntity
  8
GEOMETRY
100
AcDbLine
 10
273.61426538641837
 20
232.83529411764704
 30
0.0
 11
273.6957160894223
 21
232.83529411764704
 31
0.0
  0
LINE
  5
57D
330
17
100
AcDbEntity
  8
GEOMETRY
100
AcDbLine
 10
273.6957160894223
 20
232.83529411764704
 30
0.0
 11
273.7610748128441
 21
232.83529411764704
 31
0.0
  0
LINE
  5
57E
330
17
100
AcDbEntity
  8
GEOMETRY
100
AcDbLine
 10
273.7610748128441
 20
232.83529411764704
 30
0.0
 11
273.8199967444329
 21
232.83529411764704
 31
0.0
  0
LINE
  5
57F
330
17
100
AcDbEntity
  8
GEOMETRY
100
AcDbLine
 10
273.8199967444329
 20
232.83529411764704
 30
0.0
 11
273.8789186760218
 21
232.83529411764704
 31
0.0
  0
LINE
  5
580
330
17
100
AcDbEntity
  8
GEOMETRY
100
AcDbLine
 10
273.8789186760218
 20
232.83529411764704
 30
0.0
 11
273.93784060761067
 21
232.83529411764704
 31
0.0
  0
LINE
  5
581
330
17
100
AcDbEntity
  8
GEOMETRY
100
AcDbLine
 10
273.93784060761067
 20
232.83529411764704
 30
0.0
 11
273.99343828935775
 21
232.83529411764704
 31
0.0
  0
LINE
  5
582
330
17
100
AcDbEntity
  8
GEOMETRY
100
AcDbLine
 10
273.99343828935775
 20
232.83529411764704
 30
0.0
 11
274.0290904720546
 21
232.83529411764704
 31
0.0
  0
LINE
  5
583
330
17
100
AcDbEntity
  8
GEOMETRY
100
AcDbLine
 10
274.0290904720546
 20
232.83529411764704
 30
0.0
 11
274.0647426547513
 21
232.83529411764704
 31
0.0
  0
LINE
  5
584
330
17
100
AcDbEntity
  8
GEOMETRY
100
AcDbLine
 10
274.0647426547513
 20
232.83529411764704
 30
0.0
 11
274.1003948374481
 21
232.83529411764704
 31
0.0
  0
LINE
  5
585
330
17
100
AcDbEntity
  8
GEOMETRY
100
AcDbLine
 10
274.1003948374481
 20
232.83529411764704
 30
0.0
 11
274.1360470201448
 21
232.83529411764704
 31
0.0
  0
LINE
  5
586
330
17
100
AcDbEntity
  8
GEOMETRY
100
AcDbLine
 10
274.1360470201448
 20
232.83529411764704
 30
0.0
 11
274.1581460052557
 21
232.83529411764704
 31
0.0
  0
LINE
  5
587
330
17
100
AcDbEntity
  8
GEOMETRY
100
AcDbLine
 10
274.17008009217705
 20
232.83529411764704
 30
0.0
 11
274.1820141790984
 21
232.83529411764704
 31
0.0
  0
LINE
  5
588
330
17
100
AcDbEntity
  8
GEOMETRY
100
AcDbLine
 10
274.1820141790984
 20
232.83529411764704
 30
0.0
 11
274.1939482660198
 21
232.83529411764704
 31
0.0
  0
LINE
  5
589
330
17
100
AcDbEntity
  8
GEOMETRY
100
AcDbLine
 10
273.92818541986134
 20
232.83529411764704
 30
0.0
 11
273.78781278526856
 21
232.83529411764704
 31
0.0
  0
LINE
  5
58A
330
17
100
AcDbEntity
  8
GEOMETRY
100
AcDbLine
 10
273.78781278526856
 20
232.83529411764704
 30
0.0
 11
273.6474401506757
 21
232.83529411764704
 31
0.0
  0
LINE
  5
58B
330
17
100
AcDbEntity
  8
GEOMETRY
100
AcDbLine
 10
273.6474401506757
 20
232.83529411764704
 30
0.0
 11
273.50706751608294
 21
232.83529411764704
 31
0.0
  0
LINE
  5
58C
330
17
100
AcDbEntity
  8
GEOMETRY
100
AcDbLine
 10
273.50706751608294
 20
232.83529411764704
 30
0.0
 11
273.3666948814901
 21
232.83529411764704
 31
0.0
  0
LINE
  5
58D
330
17
100
AcDbEntity
  8
GEOMETRY
100
AcDbLine
 10
257.6921286479216
 20
232.83529411764704
 30
0.0
 11
257.5517560133288
 21
232.83529411764704
 31
0.0
  0
LINE
  5
58E
330
17
100
AcDbEntity
  8
GEOMETRY
100
AcDbLine
 10
257.5517560133288
 20
232.83529411764704
 30
0.0
 11
257.411383378736
 21
232.83529411764704
 31
0.0
  0
LINE
  5
58F
330
17
100
AcDbEntity
  8
GEOMETRY
100
AcDbLine
 10
257.411383378736
 20
232.83529411764704
 30
0.0
 11
257.2710107441432
 21
232.83529411764704
 31
0.0
  0
LINE
  5
590
330
17
100
AcDbEntity
  8
GEOMETRY
100
AcDbLine
 10
257.2710107441432
 20
232.83529411764704
 30
0.0
 11
257.13063810955043
 21
232.83529411764704
 31
0.0
  0
LINE
  5
591
330
17
100
AcDbEntity
  8
GEOMETRY
100
AcDbLine
 10
257.13063810955043
 20
232.83529411764704
 30
0.0
 11
257.04328625494315
 21
232.83529411764704
 31
0.0
  0
LINE
  5
592
330
17
100
AcDbEntity
  8
GEOMETRY
100
AcDbLine
 10
257.04328625494315
 20
232.83529411764704
 30
0.0
 11
256.99569998532496
 21
232.83529411764704
 31
0.0
  0
LINE
  5
593
330
17
100
AcDbEntity
  8
GEOMETRY
100
AcDbLine
 10
256.99569998532496
 20
232.83529411764704
 30
0.0
 11
256.9481137157068
 21
232.83529411764704
 31
0.0
  0
LINE
  5
594
330
17
100
AcDbEntity
  8
GEOMETRY
100
AcDbLine
 10
256.9481137157068
 20
232.83529411764704
 30
0.0
 11
256.9005274460887
 21
232.83529411764704
 31
0.0
  0
LINE
  5
595
330
17
100
AcDbEntity
  8
GEOMETRY
100
AcDbLine
 10
256.9005274460887
 20
232.83529411764704
 30
0.0
 11
256.85294117647055
 21
232.83529411764704
 31
0.0
  0
LINE
  5
596
330
17
100
AcDbEntity
  8
GEOMETRY
100
AcDbLine
 10
256.85294117647055
 20
232.83529411764704
 30
0.0
 11
256.8648752633919
 21
232.83529411764704
 31
0.0
  0
LINE
  5
597
330
17
100
AcDbEntity
  8
GEOMETRY
100
AcDbLine
 10
256.95842869196366
 20
232.83529411764704
 30
0.0
 11
256.9940808746604
 21
232.83529411764704
 31
0.0
  0
LINE
  5
598
330
17
100
AcDbEntity
  8
GEOMETRY
100
AcDbLine
 10
257.0297330573572
 20
232.83529411764704
 30
0.0
 11
257.06538524005396
 21
232.83529411764704
 31
0.0
  0
LINE
  5
599
330
17
100
AcDbEntity
  8
GEOMETRY
100
AcDbLine
 10
257.1209829218011
 20
232.83529411764704
 30
0.0
 11
257.17990485339
 21
232.83529411764704
 31
0.0
  0
LINE
  5
59A
330
17
100
AcDbEntity
  8
GEOMETRY
100
AcDbLine
 10
257.17990485339
 20
232.83529411764704
 30
0.0
 11
257.2388267849788
 21
232.83529411764704
 31
0.0
  0
LINE
  5
59B
330
17
100
AcDbEntity
  8
GEOMETRY
100
AcDbLine
 10
257.2388267849788
 20
232.83529411764704
 30
0.0
 11
257.2977487165677
 21
232.83529411764704
 31
0.0
  0
LINE
  5
59C
330
17
100
AcDbEntity
  8
GEOMETRY
100
AcDbLine
 10
257.2977487165677
 20
232.83529411764704
 30
0.0
 11
257.36310743998945
 21
232.83529411764704
 31
0.0
  0
LINE
  5
59D
330
17
100
AcDbEntity
  8
GEOMETRY
100
AcDbLine
 10
257.36310743998945
 20
232.83529411764704
 30
0.0
 11
257.44455814299334
 21
232.83529411764704
 31
0.0
  0
LINE
  5
59E
330
17
100
AcDbEntity
  8
GEOMETRY
100
AcDbLine
 10
257.44455814299334
 20
232.83529411764704
 30
0.0
 11
257.5260088459973
 21
232.83529411764704
 31
0.0
  0
LINE
  5
59F
330
17
100
AcDbEntity
  8
GEOMETRY
100
AcDbLine
 10
257.5260088459973
 20
232.83529411764704
 30
0.0
 11
257.60745954900125
 21
232.83529411764704
 31
0.0
  0
LINE
  5
5A0
330
17
100
AcDbEntity
  8
GEOMETRY
100
AcDbLine
 10
257.60745954900125
 20
232.83529411764704
 30
0.0
 11
257.6889102520052
 21
232.83529411764704
 31
0.0
  0
LINE
  5
5A1
330
17
100
AcDbEntity
  8
GEOMETRY
100
AcDbLine
 10
257.6889102520052
 20
232.83529411764704
 30
0.0
 11
257.7857212989848
 21
232.83529411764704
 31
0.0
  0
LINE
  5
5A2
330
17
100
AcDbEntity
  8
GEOMETRY
100
AcDbLine
 10
257.7857212989848
 20
232.83529411764704
 30
0.0
 11
257.8886764835548
 21
232.83529411764704
 31
0.0
  0
LINE
  5
5A3
330
17
100
AcDbEntity
  8
GEOMETRY
100
AcDbLine
 10
257.8886764835548
 20
232.83529411764704
 30
0.0
 11
257.9916316681247
 21
232.83529411764704
 31
0.0
  0
LINE
  5
5A4
330
17
100
AcDbEntity
  8
GEOMETRY
100
AcDbLine
 10
257.9916316681247
 20
232.83529411764704
 30
0.0
 11
258.09458685269465
 21
232.83529411764704
 31
0.0
  0
LINE
  5
5A5
330
17
100
AcDbEntity
  8
GEOMETRY
100
AcDbLine
 10
258.09458685269465
 20
232.83529411764704
 30
0.0
 11
258.20042914589084
 21
232.83529411764704
 31
0.0
  0
LINE
  5
5A6
330
17
100
AcDbEntity
  8
GEOMETRY
100
AcDbLine
 10
258.20042914589084
 20
232.83529411764704
 30
0.0
 11
258.32359409084484
 21
232.83529411764704
 31
0.0
  0
LINE
  5
5A7
330
17
100
AcDbEntity
  8
GEOMETRY
100
AcDbLine
 10
258.32359409084484
 20
232.83529411764704
 30
0.0
 11
258.44675903579883
 21
232.83529411764704
 31
0.0
  0
LINE
  5
5A8
330
17
100
AcDbEntity
  8
GEOMETRY
100
AcDbLine
 10
258.44675903579883
 20
232.83529411764704
 30
0.0
 11
258.5699239807528
 21
232.83529411764704
 31
0.0
  0
LINE
  5
5A9
330
17
100
AcDbEntity
  8
GEOMETRY
100
AcDbLine
 10
258.5699239807528
 20
232.83529411764704
 30
0.0
 11
258.6930889257068
 21
232.83529411764704
 31
0.0
  0
LINE
  5
5AA
330
17
100
AcDbEntity
  8
GEOMETRY
100
AcDbLine
 10
258.6930889257068
 20
232.83529411764704
 30
0.0
 11
258.82691723622605
 21
232.83529411764704
 31
0.0
  0
LINE
  5
5AB
330
17
100
AcDbEntity
  8
GEOMETRY
100
AcDbLine
 10
258.82691723622605
 20
232.83529411764704
 30
0.0
 11
258.9687430709193
 21
232.83529411764704
 31
0.0
  0
LINE
  5
5AC
330
17
100
AcDbEntity
  8
GEOMETRY
100
AcDbLine
 10
258.9687430709193
 20
232.83529411764704
 30
0.0
 11
259.1105689056125
 21
232.83529411764704
 31
0.0
  0
LINE
  5
5AD
330
17
100
AcDbEntity
  8
GEOMETRY
100
AcDbLine
 10
259.1105689056125
 20
232.83529411764704
 30
0.0
 11
259.2523947403058
 21
232.83529411764704
 31
0.0
  0
LINE
  5
5AE
330
17
100
AcDbEntity
  8
GEOMETRY
100
AcDbLine
 10
259.2523947403058
 20
232.83529411764704
 30
0.0
 11
259.39422057499905
 21
232.83529411764704
 31
0.0
  0
LINE
  5
5AF
330
17
100
AcDbEntity
  8
GEOMETRY
100
AcDbLine
 10
259.39422057499905
 20
232.83529411764704
 30
0.0
 11
259.55292375727106
 21
232.83529411764704
 31
0.0
  0
LINE
  5
5B0
330
17
100
AcDbEntity
  8
GEOMETRY
100
AcDbLine
 10
259.55292375727106
 20
232.83529411764704
 30
0.0
 11
259.71162693954307
 21
232.83529411764704
 31
0.0
  0
LINE
  5
5B1
330
17
100
AcDbEntity
  8
GEOMETRY
100
AcDbLine
 10
259.71162693954307
 20
232.83529411764704
 30
0.0
 11
259.8703301218151
 21
232.83529411764704
 31
0.0
  0
LINE
  5
5B2
330
17
100
AcDbEntity
  8
GEOMETRY
100
AcDbLine
 10
259.8703301218151
 20
232.83529411764704
 30
0.0
 11
260.0290333040871
 21
232.83529411764704
 31
0.0
  0
LINE
  5
5B3
330
17
100
AcDbEntity
  8
GEOMETRY
100
AcDbLine
 10
260.0290333040871
 20
232.83529411764704
 30
0.0
 11
260.1941142990647
 21
232.83529411764704
 31
0.0
  0
LINE
  5
5B4
330
17
100
AcDbEntity
  8
GEOMETRY
100
AcDbLine
 10
260.1941142990647
 20
232.83529411764704
 30
0.0
 11
260.3676990443167
 21
232.83529411764704
 31
0.0
  0
LINE
  5
5B5
330
17
100
AcDbEntity
  8
GEOMETRY
100
AcDbLine
 10
260.3676990443167
 20
232.83529411764704
 30
0.0
 11
260.54128378956864
 21
232.83529411764704
 31
0.0
  0
LINE
  5
5B6
330
17
100
AcDbEntity
  8
GEOMETRY
100
AcDbLine
 10
260.54128378956864
 20
232.83529411764704
 30
0.0
 11
260.7148685348206
 21
232.83529411764704
 31
0.0
  0
LINE
  5
5B7
330
17
100
AcDbEntity
  8
GEOMETRY
100
AcDbLine
 10
260.7148685348206
 20
232.83529411764704
 30
0.0
 11
260.8884532800725
 21
232.83529411764704
 31
0.0
  0
LINE
  5
5B8
330
17
100
AcDbEntity
  8
GEOMETRY
100
AcDbLine
 10
260.8884532800725
 20
232.83529411764704
 30
0.0
 11
261.07292256883204
 21
232.83529411764704
 31
0.0
  0
LINE
  5
5B9
330
17
100
AcDbEntity
  8
GEOMETRY
100
AcDbLine
 10
261.07292256883204
 20
232.83529411764704
 30
0.0
 11
261.2592059481762
 21
232.83529411764704
 31
0.0
  0
LINE
  5
5BA
330
17
100
AcDbEntity
  8
GEOMETRY
100
AcDbLine
 10
261.2592059481762
 20
232.83529411764704
 30
0.0
 11
261.4454893275203
 21
232.83529411764704
 31
0.0
  0
LINE
  5
5BB
330
17
100
AcDbEntity
  8
GEOMETRY
100
AcDbLine
 10
261.4454893275203
 20
232.83529411764704
 30
0.0
 11
261.63177270686447
 21
232.83529411764704
 31
0.0
  0
LINE
  5
5BC
330
17
100
AcDbEntity
  8
GEOMETRY
100
AcDbLine
 10
261.63177270686447
 20
232.83529411764704
 30
0.0
 11
261.82101494692654
 21
232.83529411764704
 31
0.0
  0
LINE
  5
5BD
330
17
100
AcDbEntity
  8
GEOMETRY
100
AcDbLine
 10
261.82101494692654
 20
232.83529411764704
 30
0.0
 11
262.0176543387835
 21
232.83529411764704
 31
0.0
  0
LINE
  5
5BE
330
17
100
AcDbEntity
  8
GEOMETRY
100
AcDbLine
 10
262.0176543387835
 20
232.83529411764704
 30
0.0
 11
262.21429373064035
 21
232.83529411764704
 31
0.0
  0
LINE
  5
5BF
330
17
100
AcDbEntity
  8
GEOMETRY
100
AcDbLine
 10
262.21429373064035
 20
232.83529411764704
 30
0.0
 11
262.4109331224973
 21
232.83529411764704
 31
0.0
  0
LINE
  5
5C0
330
17
100
AcDbEntity
  8
GEOMETRY
100
AcDbLine
 10
262.4109331224973
 20
232.83529411764704
 30
0.0
 11
262.6075725143542
 21
232.83529411764704
 31
0.0
  0
LINE
  5
5C1
330
17
100
AcDbEntity
  8
GEOMETRY
100
AcDbLine
 10
262.6075725143542
 20
232.83529411764704
 30
0.0
 11
262.80984273340215
 21
232.83529411764704
 31
0.0
  0
LINE
  5
5C2
330
17
100
AcDbEntity
  8
GEOMETRY
100
AcDbLine
 10
262.80984273340215
 20
232.83529411764704
 30
0.0
 11
263.0143652833264
 21
232.83529411764704
 31
0.0
  0
LINE
  5
5C3
330
17
100
AcDbEntity
  8
GEOMETRY
100
AcDbLine
 10
263.0143652833264
 20
232.83529411764704
 30
0.0
 11
263.21888783325073
 21
232.83529411764704
 31
0.0
  0
LINE
  5
5C4
330
17
100
AcDbEntity
  8
GEOMETRY
100
AcDbLine
 10
263.21888783325073
 20
232.83529411764704
 30
0.0
 11
263.423410383175
 21
232.83529411764704
 31
0.0
  0
LINE
  5
5C5
330
17
100
AcDbEntity
  8
GEOMETRY
100
AcDbLine
 10
263.423410383175
 20
232.83529411764704
 30
0.0
 11
263.62869167143293
 21
232.83529411764704
 31
0.0
  0
LINE
  5
5C6
330
17
100
AcDbEntity
  8
DIMENSIONS
 62
2
100
AcDbLine
 10
141.9764705882353
 20
172.4470588235294
 30
0.0
 11
141.9764705882353
 21
168.18823529411765
 31
0.0
  0
LINE
  5
5C7
330
17
100
AcDbEntity
  8
DIMENSIONS
 62
2
100
AcDbLine
 10
197.50588235294117
 20
172.4470588235294
 30
0.0
 11
197.50588235294117
 21
168.18823529411765
 31
0.0
  0
LINE
  5
5C8
330
17
100
AcDbEntity
  8
DIMENSIONS
 62
2
100
AcDbLine
 10
141.9764705882353
 20
167.58823529411765
 30
0.0
 11
197.50588235294117
 21
167.58823529411765
 31
0.0
  0
TEXT
  5
5C9
330
17
100
AcDbEntity
  8
DIMENSIONS
 62
7
100
AcDbText
 10
167.76117647058825
 20
165.28823529411764
 30
0.0
 40
1.8
  1
80.0
 11
167.76117647058825
 21
165.28823529411764
 31
0.0
100
AcDbText
  0
LINE
  5
5CA
330
17
100
AcDbEntity
  8
DIMENSIONS
 62
2
100
AcDbLine
 10
141.9764705882353
 20
172.4470588235294
 30
0.0
 11
137.3705882352941
 21
172.4470588235294
 31
0.0
  0
LINE
  5
5CB
330
17
100
AcDbEntity
  8
DIMENSIONS
 62
2
100
AcDbLine
 10
141.9764705882353
 20
232.83529411764704
 30
0.0
 11
137.3705882352941
 21
232.83529411764704
 31
0.0
  0
LINE
  5
5CC
330
17
100
AcDbEntity
  8
DIMENSIONS
 62
2
100
AcDbLine
 10
136.7705882352941
 20
172.4470588235294
 30
0.0
 11
136.7705882352941
 21
232.83529411764704
 31
0.0
  0
TEXT
  5
5CD
330
17
100
AcDbEntity
  8
DIMENSIONS
 62
7
100
AcDbText
 10
132.1105882352941
 20
201.74117647058821
 30
0.0
 40
1.8
  1
87.0
 11
132.1105882352941
 21
201.74117647058821
 31
0.0
100
AcDbText
  0
LINE
  5
5CE
330
17
100
AcDbEntity
  8
DIMENSIONS
 62
2
100
AcDbLine
 10
141.9764705882353
 20
172.4470588235294
 30
0.0
 11
141.9764705882353
 21
163.32941176470587
 31
0.0
  0
LINE
  5
5CF
330
17
100
AcDbEntity
  8
DIMENSIONS
 62
2
100
AcDbLine
 10
154.1
 20
172.4470588235294
 30
0.0
 11
154.1
 21
163.32941176470587
 31
0.0
  0
LINE
  5
5D0
330
17
100
AcDbEntity
  8
DIMENSIONS
 62
2
100
AcDbLine
 10
141.9764705882353
 20
162.72941176470587
 30
0.0
 11
154.1
 21
162.72941176470587
 31
0.0
  0
TEXT
  5
5D1
330
17
100
AcDbEntity
  8
DIMENSIONS
 62
7
100
AcDbText
 10
146.05823529411765
 20
160.42941176470586
 30
0.0
 40
1.8
  1
17.5
 11
146.05823529411765
 21
160.42941176470586
 31
0.0
100
AcDbText
  0
LINE
  5
5D2
330
17
100
AcDbEntity
  8
DIMENSIONS
 62
2
100
AcDbLine
 10
141.9764705882353
 20
172.4470588235294
 30
0.0
 11
141.9764705882353
 21
158.47058823529412
 31
0.0
  0
LINE
  5
5D3
330
17
100
AcDbEntity
  8
DIMENSIONS
 62
2
100
AcDbLine
 10
161.1
 20
172.4470588235294
 30
0.0
 11
161.1
 21
158.47058823529412
 31
0.0
  0
LINE
  5
5D4
330
17
100
AcDbEntity
  8
DIMENSIONS
 62
2
100
AcDbLine
 10
141.9764705882353
 20
157.87058823529412
 30
0.0
 11
161.1
 21
157.87058823529412
 31
0.0
  0
TEXT
  5
5D5
330
17
100
AcDbEntity
  8
DIMENSIONS
 62
7
100
AcDbText
 10
149.55823529411765
 20
155.5705882352941
 30
0.0
 40
1.8
  1
27.6
 11
149.55823529411765
 21
155.5705882352941
 31
0.0
100
AcDbText
  0
LINE
  5
5D6
330
17
100
AcDbEntity
  8
DIMENSIONS
 62
2
100
AcDbLine
 10
141.9764705882353
 20
172.4470588235294
 30
0.0
 11
132.16470588235293
 21
172.4470588235294
 31
0.0
  0
LINE
  5
5D7
330
17
100
AcDbEntity
  8
DIMENSIONS
 62
2
100
AcDbLine
 10
141.9764705882353
 20
180.8
 30
0.0
 11
132.16470588235293
 21
180.8
 31
0.0
  0
LINE
  5
5D8
330
17
100
AcDbEntity
  8
DIMENSIONS
 62
2
100
AcDbLine
 10
131.56470588235294
 20
172.4470588235294
 30
0.0
 11
131.56470588235294
 21
180.8
 31
0.0
  0
TEXT
  5
5D9
330
17
100
AcDbEntity
  8
DIMENSIONS
 62
7
100
AcDbText
 10
126.90470588235294
 20
175.7235294117647
 30
0.0
 40
1.8
  1
12.0
 11
126.90470588235294
 21
175.7235294117647
 31
0.0
100
AcDbText
  0
LINE
  5
5DA
330
17
100
AcDbEntity
  8
DIMENSIONS
 62
2
100
AcDbLine
 10
141.97647058823532
 20
79.43529411764706
 30
0.0
 11
141.97647058823532
 21
75.17647058823529
 31
0.0
  0
LINE
  5
5DB
330
17
100
AcDbEntity
  8
DIMENSIONS
 62
2
100
AcDbLine
 10
197.50588235294117
 20
79.43529411764706
 30
0.0
 11
197.50588235294117
 21
75.17647058823529
 31
0.0
  0
LINE
  5
5DC
330
17
100
AcDbEntity
  8
DIMENSIONS
 62
2
100
AcDbLine
 10
141.97647058823532
 20
74.5764705882353
 30
0.0
 11
197.50588235294117
 21
74.5764705882353
 31
0.0
  0
TEXT
  5
5DD
330
17
100
AcDbEntity
  8
DIMENSIONS
 62
7
100
AcDbText
 10
167.76117647058825
 20
72.2764705882353
 30
0.0
 40
1.8
  1
80.0
 11
167.76117647058825
 21
72.2764705882353
 31
0.0
100
AcDbText
  0
LINE
  5
5DE
330
17
100
AcDbEntity
  8
DIMENSIONS
 62
2
100
AcDbLine
 10
141.97647058823532
 20
79.43529411764706
 30
0.0
 11
137.37058823529412
 21
79.43529411764706
 31
0.0
  0
LINE
  5
5DF
330
17
100
AcDbEntity
  8
DIMENSIONS
 62
2
100
AcDbLine
 10
141.97647058823532
 20
134.96470588235294
 30
0.0
 11
137.37058823529412
 21
134.96470588235294
 31
0.0
  0
LINE
  5
5E0
330
17
100
AcDbEntity
  8
DIMENSIONS
 62
2
100
AcDbLine
 10
136.77058823529413
 20
79.43529411764706
 30
0.0
 11
136.77058823529413
 21
134.96470588235294
 31
0.0
  0
TEXT
  5
5E1
330
17
100
AcDbEntity
  8
DIMENSIONS
 62
7
100
AcDbText
 10
132.11058823529413
 20
106.3
 30
0.0
 40
1.8
  1
80.0
 11
132.11058823529413
 21
106.3
 31
0.0
100
AcDbText
  0
LINE
  5
5E2
330
17
100
AcDbEntity
  8
DIMENSIONS
 62
2
100
AcDbLine
 10
141.97647058823532
 20
79.43529411764706
 30
0.0
 11
141.97647058823532
 21
70.31764705882352
 31
0.0
  0
LINE
  5
5E3
330
17
100
AcDbEntity
  8
DIMENSIONS
 62
2
100
AcDbLine
 10
147.5
 20
79.43529411764706
 30
0.0
 11
147.5
 21
70.31764705882352
 31
0.0
  0
LINE
  5
5E4
330
17
100
AcDbEntity
  8
DIMENSIONS
 62
2
100
AcDbLine
 10
141.97647058823532
 20
69.71764705882353
 30
0.0
 11
147.5
 21
69.71764705882353
 31
0.0
  0
TEXT
  5
5E5
330
17
100
AcDbEntity
  8
DIMENSIONS
 62
7
100
AcDbText
 10
143.25323529411764
 20
67.41764705882353
 30
0.0
 40
1.8
  1
8.0
 11
143.25323529411764
 21
67.41764705882353
 31
0.0
100
AcDbText
  0
LINE
  5
5E6
330
17
100
AcDbEntity
  8
DIMENSIONS
 62
2
100
AcDbLine
 10
141.97647058823532
 20
79.43529411764706
 30
0.0
 11
141.97647058823532
 21
65.45882352941176
 31
0.0
  0
LINE
  5
5E7
330
17
100
AcDbEntity
  8
DIMENSIONS
 62
2
100
AcDbLine
 10
169.7
 20
79.43529411764706
 30
0.0
 11
169.7
 21
65.45882352941176
 31
0.0
  0
LINE
  5
5E8
330
17
100
AcDbEntity
  8
DIMENSIONS
 62
2
100
AcDbLine
 10
141.97647058823532
 20
64.85882352941177
 30
0.0
 11
169.7
 21
64.85882352941177
 31
0.0
  0
TEXT
  5
5E9
330
17
100
AcDbEntity
  8
DIMENSIONS
 62
7
100
AcDbText
 10
153.85823529411766
 20
62.55882352941177
 30
0.0
 40
1.8
  1
39.9
 11
153.85823529411766
 21
62.55882352941177
 31
0.0
100
AcDbText
  0
LINE
  5
5EA
330
17
100
AcDbEntity
  8
DIMENSIONS
 62
2
100
AcDbLine
 10
141.97647058823532
 20
79.43529411764706
 30
0.0
 11
132.16470588235296
 21
79.43529411764706
 31
0.0
  0
LINE
  5
5EB
330
17
100
AcDbEntity
  8
DIMENSIONS
 62
2
100
AcDbLine
 10
141.97647058823532
 20
85.0
 30
0.0
 11
132.16470588235296
 21
85.0
 31
0.0
  0
LINE
  5
5EC
330
17
100
AcDbEntity
  8
DIMENSIONS
 62
2
100
AcDbLine
 10
131.56470588235297
 20
79.43529411764706
 30
0.0
 11
131.56470588235297
 21
85.0
 31
0.0
  0
TEXT
  5
5ED
330
17
100
AcDbEntity
  8
DIMENSIONS
 62
7
100
AcDbText
 10
127.89470588235297
 20
81.31764705882352
 30
0.0
 40
1.8
  1
8.0
 11
127.89470588235297
 21
81.31764705882352
 31
0.0
100
AcDbText
  0
LINE
  5
5EE
330
17
100
AcDbEntity
  8
DIMENSIONS
 62
2
100
AcDbLine
 10
141.97647058823532
 20
79.43529411764706
 30
0.0
 11
126.95882352941177
 21
79.43529411764706
 31
0.0
  0
LINE
  5
5EF
330
17
100
AcDbEntity
  8
DIMENSIONS
 62
2
100
AcDbLine
 10
141.97647058823532
 20
107.2
 30
0.0
 11
126.95882352941177
 21
107.2
 31
0.0
  0
LINE
  5
5F0
330
17
100
AcDbEntity
  8
DIMENSIONS
 62
2
100
AcDbLine
 10
126.35882352941178
 20
79.43529411764706
 30
0.0
 11
126.35882352941178
 21
107.2
 31
0.0
  0
TEXT
  5
5F1
330
17
100
AcDbEntity
  8
DIMENSIONS
 62
7
100
AcDbText
 10
121.69882352941178
 20
92.41764705882352
 30
0.0
 40
1.8
  1
40.0
 11
121.69882352941178
 21
92.41764705882352
 31
0.0
100
AcDbText
  0
LINE
  5
5F2
330
17
100
AcDbEntity
  8
DIMENSIONS
 62
2
100
AcDbLine
 10
189.37378827765002
 20
126.8326118070618
 30
0.0
 11
191.49510862120968
 21
128.95393215062143
 31
0.0
  0
LINE
  5
5F3
330
17
100
AcDbEntity
  8
DIMENSIONS
 62
2
100
AcDbLine
 10
191.49510862120968
 20
128.95393215062143
 30
0.0
 11
194.6186380329744
 21
128.95393215062143
 31
0.0
  0
TEXT
  5
5F4
330
17
100
AcDbEntity
  8
DIMENSIONS
 62
3
100
AcDbText
 10
195.0186380329744
 20
129.25393215062144
 30
0.0
 40
1.6
  1
%%c80.0
 11
195.0186380329744
 21
129.25393215062144
 31
0.0
100
AcDbText
  0
LINE
  5
5F5
330
17
100
AcDbEntity
  8
DIMENSIONS
 62
2
100
AcDbLine
 10
171.21362235611787
 20
86.46068117964728
 30
0.0
 11
173.33494269967753
 21
88.58200152320693
 31
0.0
  0
LINE
  5
5F6
330
17
100
AcDbEntity
  8
DIMENSIONS
 62
2
100
AcDbLine
 10
173.33494269967753
 20
88.58200152320693
 30
0.0
 11
176.45847211144223
 21
88.58200152320693
 31
0.0
  0
TEXT
  5
5F7
330
17
100
AcDbEntity
  8
DIMENSIONS
 62
3
100
AcDbText
 10
176.85847211144224
 20
88.88200152320692
 30
0.0
 40
1.6
  1
%%c6.0
 11
176.85847211144224
 21
88.88200152320692
 31
0.0
100
AcDbText
  0
LINE
  5
5F8
330
17
100
AcDbEntity
  8
DIMENSIONS
 62
2
100
AcDbLine
 10
193.4253870620002
 20
108.67244588552964
 30
0.0
 11
195.54670740555986
 21
110.79376622908929
 31
0.0
  0
LINE
  5
5F9
330
17
100
AcDbEntity
  8
DIMENSIONS
 62
2
100
AcDbLine
 10
195.54670740555986
 20
110.79376622908929
 30
0.0
 11
198.67023681732456
 21
110.79376622908929
 31
0.0
  0
TEXT
  5
5FA
330
17
100
AcDbEntity
  8
DIMENSIONS
 62
3
100
AcDbText
 10
199.07023681732457
 20
111.09376622908928
 30
0.0
 40
1.6
  1
%%c6.0
 11
199.07023681732457
 21
111.09376622908928
 31
0.0
100
AcDbText
  0
LINE
  5
5FB
330
17
100
AcDbEntity
  8
DIMENSIONS
 62
2
100
AcDbLine
 10
180.7845206120605
 20
118.24334414147226
 30
0.0
 11
182.90584095562014
 21
120.36466448503191
 31
0.0
  0
LINE
  5
5FC
330
17
100
AcDbEntity
  8
DIMENSIONS
 62
2
100
AcDbLine
 10
182.90584095562014
 20
120.36466448503191
 30
0.0
 11
186.02937036738484
 21
120.36466448503191
 31
0.0
  0
TEXT
  5
5FD
330
17
100
AcDbEntity
  8
DIMENSIONS
 62
3
100
AcDbText
 10
186.42937036738485
 20
120.6646644850319
 30
0.0
 40
1.6
  1
%%c45.0
 11
186.42937036738485
 21
120.6646644850319
 31
0.0
100
AcDbText
  0
LINE
  5
5FE
330
17
100
AcDbEntity
  8
DIMENSIONS
 62
2
100
AcDbLine
 10
149.0018576502355
 20
108.67244588552963
 30
0.0
 11
151.12317799379517
 21
110.79376622908927
 31
0.0
  0
LINE
  5
5FF
330
17
100
AcDbEntity
  8
DIMENSIONS
 62
2
100
AcDbLine
 10
151.12317799379517
 20
110.79376622908927
 30
0.0
 11
154.24670740555987
 21
110.79376622908927
 31
0.0
  0
TEXT
  5
600
330
17
100
AcDbEntity
  8
DIMENSIONS
 62
3
100
AcDbText
 10
154.64670740555988
 20
111.09376622908927
 30
0.0
 40
1.6
  1
%%c6.0
 11
154.64670740555988
 21
111.09376622908927
 31
0.0
100
AcDbText
  0
LINE
  5
601
330
17
100
AcDbEntity
  8
DIMENSIONS
 62
2
100
AcDbLine
 10
171.21362235611784
 20
130.88421059141197
 30
0.0
 11
173.3349426996775
 21
133.00553093497163
 31
0.0
  0
LINE
  5
602
330
17
100
AcDbEntity
  8
DIMENSIONS
 62
2
100
AcDbLine
 10
173.3349426996775
 20
133.00553093497163
 30
0.0
 11
176.4584721114422
 21
133.00553093497163
 31
0.0
  0
TEXT
  5
603
330
17
100
AcDbEntity
  8
DIMENSIONS
 62
3
100
AcDbText
 10
176.8584721114422
 20
133.30553093497164
 30
0.0
 40
1.6
  1
%%c6.0
 11
176.8584721114422
 21
133.30553093497164
 31
0.0
100
AcDbText
  0
LINE
  5
604
330
17
100
AcDbEntity
  8
DIMENSIONS
 62
2
100
AcDbLine
 10
175.87636766029505
 20
113.33519118970682
 30
0.0
 11
177.9976880038547
 21
115.45651153326645
 31
0.0
  0
LINE
  5
605
330
17
100
AcDbEntity
  8
DIMENSIONS
 62
2
100
AcDbLine
 10
177.9976880038547
 20
115.45651153326645
 30
0.0
 11
181.1212174156194
 21
115.45651153326645
 31
0.0
  0
TEXT
  5
606
330
17
100
AcDbEntity
  8
DIMENSIONS
 62
3
100
AcDbText
 10
181.52121741561942
 20
115.75651153326645
 30
0.0
 40
1.6
  1
%%c25.0
 11
181.52121741561942
 21
115.75651153326645
 31
0.0
100
AcDbText
  0
LINE
  5
607
330
17
100
AcDbEntity
  8
DIMENSIONS
 62
2
100
AcDbLine
 10
237.76470588235293
 20
172.4470588235294
 30
0.0
 11
237.76470588235293
 21
168.18823529411765
 31
0.0
  0
LINE
  5
608
330
17
100
AcDbEntity
  8
DIMENSIONS
 62
2
100
AcDbLine
 10
293.2941176470588
 20
172.4470588235294
 30
0.0
 11
293.2941176470588
 21
168.18823529411765
 31
0.0
  0
LINE
  5
609
330
17
100
AcDbEntity
  8
DIMENSIONS
 62
2
100
AcDbLine
 10
237.76470588235293
 20
167.58823529411765
 30
0.0
 11
293.2941176470588
 21
167.58823529411765
 31
0.0
  0
TEXT
  5
60A
330
17
100
AcDbEntity
  8
DIMENSIONS
 62
7
100
AcDbText
 10
263.54941176470584
 20
165.28823529411764
 30
0.0
 40
1.8
  1
80.0
 11
263.54941176470584
 21
165.28823529411764
 31
0.0
100
AcDbText
  0
LINE
  5
60B
330
17
100
AcDbEntity
  8
DIMENSIONS
 62
2
100
AcDbLine
 10
237.76470588235293
 20
172.4470588235294
 30
0.0
 11
233.15882352941173
 21
172.4470588235294
 31
0.0
  0
LINE
  5
60C
330
17
100
AcDbEntity
  8
DIMENSIONS
 62
2
100
AcDbLine
 10
237.76470588235293
 20
232.83529411764704
 30
0.0
 11
233.15882352941173
 21
232.83529411764704
 31
0.0
  0
LINE
  5
60D
330
17
100
AcDbEntity
  8
DIMENSIONS
 62
2
100
AcDbLine
 10
232.55882352941174
 20
172.4470588235294
 30
0.0
 11
232.55882352941174
 21
232.83529411764704
 31
0.0
  0
TEXT
  5
60E
330
17
100
AcDbEntity
  8
DIMENSIONS
 62
7
100
AcDbText
 10
227.89882352941174
 20
201.74117647058821
 30
0.0
 40
1.8
  1
87.0
 11
227.89882352941174
 21
201.74117647058821
 31
0.0
100
AcDbText
  0
LINE
  5
60F
330
17
100
AcDbEntity
  8
DIMENSIONS
 62
2
100
AcDbLine
 10
237.76470588235293
 20
172.4470588235294
 30
0.0
 11
237.76470588235293
 21
163.32941176470587
 31
0.0
  0
LINE
  5
610
330
17
100
AcDbEntity
  8
DIMENSIONS
 62
2
100
AcDbLine
 10
249.9
 20
172.4470588235294
 30
0.0
 11
249.9
 21
163.32941176470587
 31
0.0
  0
LINE
  5
611
330
17
100
AcDbEntity
  8
DIMENSIONS
 62
2
100
AcDbLine
 10
237.76470588235293
 20
162.72941176470587
 30
0.0
 11
249.9
 21
162.72941176470587
 31
0.0
  0
TEXT
  5
612
330
17
100
AcDbEntity
  8
DIMENSIONS
 62
7
100
AcDbText
 10
241.85235294117646
 20
160.42941176470586
 30
0.0
 40
1.8
  1
17.5
 11
241.85235294117646
 21
160.42941176470586
 31
0.0
100
AcDbText
  0
LINE
  5
613
330
17
100
AcDbEntity
  8
DIMENSIONS
 62
2
100
AcDbLine
 10
237.76470588235293
 20
172.4470588235294
 30
0.0
 11
237.76470588235293
 21
158.47058823529412
 31
0.0
  0
LINE
  5
614
330
17
100
AcDbEntity
  8
DIMENSIONS
 62
2
100
AcDbLine
 10
256.9
 20
172.4470588235294
 30
0.0
 11
256.9
 21
158.47058823529412
 31
0.0
  0
LINE
  5
615
330
17
100
AcDbEntity
  8
DIMENSIONS
 62
2
100
AcDbLine
 10
237.76470588235293
 20
157.87058823529412
 30
0.0
 11
256.9
 21
157.87058823529412
 31
0.0
  0
TEXT
  5
616
330
17
100
AcDbEntity
  8
DIMENSIONS
 62
7
100
AcDbText
 10
245.35235294117646
 20
155.5705882352941
 30
0.0
 40
1.8
  1
27.6
 11
245.35235294117646
 21
155.5705882352941
 31
0.0
100
AcDbText
  0
LINE
  5
617
330
17
100
AcDbEntity
  8
DIMENSIONS
 62
2
100
AcDbLine
 10
237.76470588235293
 20
172.4470588235294
 30
0.0
 11
227.95294117647057
 21
172.4470588235294
 31
0.0
  0
LINE
  5
618
330
17
100
AcDbEntity
  8
DIMENSIONS
 62
2
100
AcDbLine
 10
237.76470588235293
 20
180.8
 30
0.0
 11
227.95294117647057
 21
180.8
 31
0.0
  0
LINE
  5
619
330
17
100
AcDbEntity
  8
DIMENSIONS
 62
2
100
AcDbLine
 10
227.35294117647058
 20
172.4470588235294
 30
0.0
 11
227.35294117647058
 21
180.8
 31
0.0
  0
TEXT
  5
61A
330
17
100
AcDbEntity
  8
DIMENSIONS
 62
7
100
AcDbText
 10
222.69294117647058
 20
175.7235294117647
 30
0.0
 40
1.8
  1
12.0
 11
222.69294117647058
 21
175.7235294117647
 31
0.0
100
AcDbText
  0
TEXT
  5
61B
330
17
100
AcDbEntity
  8
NOTES
 62
3
100
AcDbText
 10
13.0
 20
281.0
 30
0.0
 40
2.5
  1
MANUFACTURING NOTES:
 11
13.0
 21
281.0
 31
0.0
100
AcDbText
  0
TEXT
  5
61C
330
17
100
AcDbEntity
  8
NOTES
 62
7
100
AcDbText
 10
13.0
 20
276.0
 30
0.0
 40
1.8
  1
1. MACHINE CONCENTRIC BORES TO SPECIFIED TOLERANCES FOR OPTIMAL PERFOR
 11
13.0
 21
276.0
 31
0.0
100
AcDbText
  0
TEXT
  5
61D
330
17
100
AcDbEntity
  8
NOTES
 62
7
100
AcDbText
 10
13.0
 20
272.0
 30
0.0
 40
1.8
  1
   MANCE AND SEALING.
 11
13.0
 21
272.0
 31
0.0
100
AcDbText
  0
TEXT
  5
61E
330
17
100
AcDbEntity
  8
NOTES
 62
7
100
AcDbText
 10
13.0
 20
267.5
 30
0.0
 40
1.8
  1
2. ENSURE STRICT CONCENTRICITY BETWEEN ALL BORED FEATURES AS PER DESIG
 11
13.0
 21
267.5
 31
0.0
100
AcDbText
  0
TEXT
  5
61F
330
17
100
AcDbEntity
  8
NOTES
 62
7
100
AcDbText
 10
13.0
 20
263.5
 30
0.0
 40
1.8
  1
   N SPECIFICATIONS.
 11
13.0
 21
263.5
 31
0.0
100
AcDbText
  0
TEXT
  5
620
330
17
100
AcDbEntity
  8
NOTES
 62
7
100
AcDbText
 10
13.0
 20
259.0
 30
0.0
 40
1.8
  1
3. ALL HOLES AND MACHINED EDGES MUST BE THOROUGHLY DEBURRED.
 11
13.0
 21
259.0
 31
0.0
100
AcDbText
  0
TEXT
  5
621
330
17
100
AcDbEntity
  8
NOTES
 62
7
100
AcDbText
 10
13.0
 20
254.5
 30
0.0
 40
1.8
  1
4. PERFORM COMPREHENSIVE DIMENSIONAL AND GEOMETRIC TOLERANCE INSPECTIO
 11
13.0
 21
254.5
 31
0.0
100
AcDbText
  0
TEXT
  5
622
330
17
100
AcDbEntity
  8
NOTES
 62
7
100
AcDbText
 10
13.0
 20
250.5
 30
0.0
 40
1.8
  1
   N, WITH PARTICULAR EMPHASIS ON BORE DIAMETERS AND CONCENTRICITY.
 11
13.0
 21
250.5
 31
0.0
100
AcDbText
  0
TEXT
  5
623
330
17
100
AcDbEntity
  8
DIMENSIONS
 62
3
100
AcDbText
 10
264.0
 20
39.0
 30
0.0
 40
3.0
  1
PART: PRECISION VALVE BODY
 11
264.0
 21
39.0
 31
0.0
100
AcDbText
  0
TEXT
  5
624
330
17
100
AcDbEntity
  8
DIMENSIONS
 62
7
100
AcDbText
 10
264.0
 20
25.0
 30
0.0
 40
2.0
  1
UNITS: MM
 11
264.0
 21
25.0
 31
0.0
100
AcDbText
  0
TEXT
  5
625
330
17
100
AcDbEntity
  8
DIMENSIONS
 62
7
100
AcDbText
 10
264.0
 20
14.0
 30
0.0
 40
2.0
  1
SCALE  1 : 1
 11
264.0
 21
14.0
 31
0.0
100
AcDbText
  0
TEXT
  5
626
330
17
100
AcDbEntity
  8
DIMENSIONS
 62
7
100
AcDbText
 10
344.0
 20
14.0
 30
0.0
 40
2.0
  1
DATE: 2026-05-17
 11
344.0
 21
14.0
 31
0.0
100
AcDbText
  0
ENDSEC
  0
SECTION
  2
OBJECTS
  0
DICTIONARY
  5
A
330
0
100
AcDbDictionary
281
1
  3
ACAD_COLOR
350
B
  3
ACAD_GROUP
350
C
  3
ACAD_LAYOUT
350
D
  3
ACAD_MATERIAL
350
E
  3
ACAD_MLEADERSTYLE
350
F
  3
ACAD_MLINESTYLE
350
10
  3
ACAD_PLOTSETTINGS
350
11
  3
ACAD_PLOTSTYLENAME
350
12
  3
ACAD_SCALELIST
350
14
  3
ACAD_TABLESTYLE
350
15
  3
ACAD_VISUALSTYLE
350
16
  3
EZDXF_META
350
2D
  0
DICTIONARY
  5
B
330
A
100
AcDbDictionary
281
1
  0
DICTIONARY
  5
C
330
A
100
AcDbDictionary
281
1
  0
DICTIONARY
  5
D
330
A
100
AcDbDictionary
281
1
  3
Model
350
1A
  3
Layout1
350
1E
  0
DICTIONARY
  5
E
330
A
100
AcDbDictionary
281
1
  3
ByBlock
350
1F
  3
ByLayer
350
20
  3
Global
350
21
  0
DICTIONARY
  5
F
330
A
100
AcDbDictionary
281
1
  3
Standard
350
2C
  0
DICTIONARY
  5
10
330
A
100
AcDbDictionary
281
1
  3
Standard
350
22
  0
DICTIONARY
  5
11
330
A
100
AcDbDictionary
281
1
  0
ACDBDICTIONARYWDFLT
  5
12
330
A
100
AcDbDictionary
281
1
  3
Normal
350
13
100
AcDbDictionaryWithDefault
340
13
  0
ACDBPLACEHOLDER
  5
13
330
12
  0
DICTIONARY
  5
14
330
A
100
AcDbDictionary
281
1
  0
DICTIONARY
  5
15
330
A
100
AcDbDictionary
281
1
  0
DICTIONARY
  5
16
330
A
100
AcDbDictionary
281
1
  0
LAYOUT
  5
1A
330
D
100
AcDbPlotSettings
  1

  4
A3
  6

 40
7.5
 41
20.0
 42
7.5
 43
20.0
 44
420.0
 45
297.0
 46
0.0
 47
0.0
 48
0.0
 49
0.0
140
0.0
141
0.0
142
1.0
143
1.0
 70
1024
 72
1
 73
0
 74
5
  7

 75
16
 76
0
 77
2
 78
300
147
1.0
148
0.0
149
0.0
100
AcDbLayout
  1
Model
 70
1
 71
0
 10
0.0
 20
0.0
 11
420.0
 21
297.0
 12
0.0
 22
0.0
 32
0.0
 14
1e+20
 24
1e+20
 34
1e+20
 15
-1e+20
 25
-1e+20
 35
-1e+20
146
0.0
 13
0.0
 23
0.0
 33
0.0
 16
1.0
 26
0.0
 36
0.0
 17
0.0
 27
1.0
 37
0.0
 76
1
330
17
  0
LAYOUT
  5
1E
330
D
100
AcDbPlotSettings
  1

  4
A3
  6

 40
7.5
 41
20.0
 42
7.5
 43
20.0
 44
420.0
 45
297.0
 46
0.0
 47
0.0
 48
0.0
 49
0.0
140
0.0
141
0.0
142
1.0
143
1.0
 70
0
 72
1
 73
0
 74
5
  7

 75
16
 76
0
 77
2
 78
300
147
1.0
148
0.0
149
0.0
100
AcDbLayout
  1
Layout1
 70
1
 71
1
 10
0.0
 20
0.0
 11
420.0
 21
297.0
 12
0.0
 22
0.0
 32
0.0
 14
1e+20
 24
1e+20
 34
1e+20
 15
-1e+20
 25
-1e+20
 35
-1e+20
146
0.0
 13
0.0
 23
0.0
 33
0.0
 16
1.0
 26
0.0
 36
0.0
 17
0.0
 27
1.0
 37
0.0
 76
1
330
1B
  0
MATERIAL
  5
1F
102
{ACAD_REACTORS
330
E
102
}
330
E
100
AcDbMaterial
  1
ByBlock
  2

 70
0
 40
1.0
 71
1
 41
1.0
 91
-1023410177
 42
1.0
 72
1
  3

 73
1
 74
1
 75
1
 44
0.5
 73
0
 45
1.0
 46
1.0
 77
1
  4

 78
1
 79
1
170
1
 48
1.0
171
1
  6

172
1
173
1
174
1
140
1.0
141
1.0
175
1
  7

176
1
177
1
178
1
143
1.0
179
1
  8

270
1
271
1
272
1
145
1.0
146
1.0
273
1
  9

274
1
275
1
276
1
 42
1.0
 72
1
  3

 73
1
 74
1
 75
1
 94
63
  0
MATERIAL
  5
20
102
{ACAD_REACTORS
330
E
102
}
330
E
100
AcDbMaterial
  1
ByLayer
  2

 70
0
 40
1.0
 71
1
 41
1.0
 91
-1023410177
 42
1.0
 72
1
  3

 73
1
 74
1
 75
1
 44
0.5
 73
0
 45
1.0
 46
1.0
 77
1
  4

 78
1
 79
1
170
1
 48
1.0
171
1
  6

172
1
173
1
174
1
140
1.0
141
1.0
175
1
  7

176
1
177
1
178
1
143
1.0
179
1
  8

270
1
271
1
272
1
145
1.0
146
1.0
273
1
  9

274
1
275
1
276
1
 42
1.0
 72
1
  3

 73
1
 74
1
 75
1
 94
63
  0
MATERIAL
  5
21
102
{ACAD_REACTORS
330
E
102
}
330
E
100
AcDbMaterial
  1
Global
  2

 70
0
 40
1.0
 71
1
 41
1.0
 91
-1023410177
 42
1.0
 72
1
  3

 73
1
 74
1
 75
1
 44
0.5
 73
0
 45
1.0
 46
1.0
 77
1
  4

 78
1
 79
1
170
1
 48
1.0
171
1
  6

172
1
173
1
174
1
140
1.0
141
1.0
175
1
  7

176
1
177
1
178
1
143
1.0
179
1
  8

270
1
271
1
272
1
145
1.0
146
1.0
273
1
  9

274
1
275
1
276
1
 42
1.0
 72
1
  3

 73
1
 74
1
 75
1
 94
63
  0
MLINESTYLE
  5
22
102
{ACAD_REACTORS
330
10
102
}
330
10
100
AcDbMlineStyle
  2
Standard
 70
0
  3

 62
256
 51
90.0
 52
90.0
 71
2
 49
0.5
 62
256
  6
BYLAYER
 49
-0.5
 62
256
  6
BYLAYER
  0
MLEADERSTYLE
  5
2C
102
{ACAD_REACTORS
330
F
102
}
330
F
100
AcDbMLeaderStyle
179
2
170
2
171
1
172
0
 90
2
 40
0.0
 41
0.0
173
1
 91
-1056964608
 92
-2
290
1
 42
2.0
291
1
 43
8.0
  3
Standard
 44
4.0
300

342
29
174
1
175
1
176
0
178
1
 93
-1056964608
 45
4.0
292
0
297
0
 46
4.0
 94
-1056964608
 47
1.0
 49
1.0
140
1.0
294
1
141
0.0
177
0
142
1.0
295
0
296
0
143
3.75
271
0
272
9
273
9
  0
DICTIONARY
  5
2D
330
A
100
AcDbDictionary
280
1
281
1
  3
CREATED_BY_EZDXF
350
2E
  3
WRITTEN_BY_EZDXF
350
629
  0
DICTIONARYVAR
  5
2E
330
2D
100
DictionaryVariables
280
0
  1
1.4.4 @ 2026-05-17T22:03:33.881176+00:00
  0
DICTIONARYVAR
  5
629
330
2D
100
DictionaryVariables
280
0
  1
1.4.4 @ 2026-05-17T22:03:33.912922+00:00
  0
ENDSEC
  0
EOF
