ISO-10303-21;
HEADER;
FILE_DESCRIPTION (( 'STEP AP214' ),
    '1' );
FILE_NAME ('Hinge_01.STEP',
    '2012-04-26T16:37:09',
    ( '' ),
    ( '' ),
    'SwSTEP 2.0',
    'SolidWorks 2011',
    '' );
FILE_SCHEMA (( 'AUTOMOTIVE_DESIGN' ));
ENDSEC;

DATA;
#1 = APPLICATION_CONTEXT ( 'automotive_design' ) ;
#2 = APPLICATION_CONTEXT ( 'automotive_design' ) ;
#3 = APPLICATION_CONTEXT ( 'automotive_design' ) ;
#4 = APPLICATION_CONTEXT ( 'automotive_design' ) ;
#5 =( REPRESENTATION_RELATIONSHIP ('NONE','NONE', #12, #10 ) REPRESENTATION_RELATIONSHIP_WITH_TRANSFORMATION ( #1182 )SHAPE_REPRESENTATION_RELATIONSHIP( ) );
#6 =( REPRESENTATION_RELATIONSHIP ('NONE','NONE', #12, #11 ) REPRESENTATION_RELATIONSHIP_WITH_TRANSFORMATION ( #1184 )SHAPE_REPRESENTATION_RELATIONSHIP( ) );
#7 =( REPRESENTATION_RELATIONSHIP ('NONE','NONE', #12, #10 ) REPRESENTATION_RELATIONSHIP_WITH_TRANSFORMATION ( #1180 )SHAPE_REPRESENTATION_RELATIONSHIP( ) );
#8 = APPLICATION_CONTEXT ( 'automotive_design' ) ;
#9 = APPLICATION_CONTEXT ( 'automotive_design' ) ;
#10 = SHAPE_REPRESENTATION ( 'Hinge_01', ( #1195 ), #1196 ) ;
#11 = SHAPE_REPRESENTATION ( 'Hinge_01_Pin', ( #1195 ), #1202 ) ;
#12 = SHAPE_REPRESENTATION ( 'Hinge_01', ( #1213, #1209, #1210, #1211 ), #1212 ) ;
#13 = EDGE_CURVE ( 'NONE', #1370, #1318, #409, .T. ) ;
#14 = EDGE_CURVE ( 'NONE', #1341, #1366, #412, .T. ) ;
#15 = EDGE_CURVE ( 'NONE', #1357, #1326, #416, .T. ) ;
#16 = EDGE_CURVE ( 'NONE', #1388, #1345, #413, .T. ) ;
#17 = EDGE_CURVE ( 'NONE', #1344, #1420, #422, .T. ) ;
#18 = EDGE_CURVE ( 'NONE', #1419, #1375, #1305, .T. ) ;
#19 = EDGE_CURVE ( 'NONE', #1334, #1317, #417, .T. ) ;
#20 = EDGE_CURVE ( 'NONE', #1419, #1344, #423, .T. ) ;
#21 = EDGE_CURVE ( 'NONE', #1324, #1337, #434, .T. ) ;
#22 = EDGE_CURVE ( 'NONE', #1398, #1397, #427, .T. ) ;
#23 = EDGE_CURVE ( 'NONE', #1343, #1381, #430, .T. ) ;
#24 = EDGE_CURVE ( 'NONE', #1339, #1343, #56, .T. ) ;
#25 = EDGE_CURVE ( 'NONE', #1327, #1339, #444, .T. ) ;
#26 = EDGE_CURVE ( 'NONE', #1324, #1327, #443, .T. ) ;
#27 = EDGE_CURVE ( 'NONE', #1398, #1324, #442, .T. ) ;
#28 = EDGE_CURVE ( 'NONE', #1334, #1398, #62, .T. ) ;
#29 = EDGE_CURVE ( 'NONE', #1362, #1321, #451, .T. ) ;
#30 = EDGE_CURVE ( 'NONE', #1381, #1362, #63, .T. ) ;
#31 = EDGE_CURVE ( 'NONE', #1370, #1334, #462, .T. ) ;
#32 = EDGE_CURVE ( 'NONE', #1339, #1401, #467, .T. ) ;
#33 = EDGE_CURVE ( 'NONE', #1321, #1419, #470, .T. ) ;
#34 = EDGE_CURVE ( 'NONE', #1327, #1415, #461, .T. ) ;
#35 = EDGE_CURVE ( 'NONE', #1321, #1402, #460, .T. ) ;
#36 = EDGE_CURVE ( 'NONE', #1345, #1344, #73, .T. ) ;
#37 = VECTOR ( 'NONE', #411, 39.37007874015748100 ) ;
#38 = AXIS2_PLACEMENT_3D ( 'NONE', #677, #678, #679 ) ;
#39 = CIRCLE ( 'NONE', #1559, 0.03000000000000008900 ) ;
#40 = CLOSED_SHELL ( 'NONE', ( #149, #150, #151, #152 ) ) ;
#41 = VECTOR ( 'NONE', #415, 39.37007874015748100 ) ;
#42 = VECTOR ( 'NONE', #421, 39.37007874015748100 ) ;
#43 = CLOSED_SHELL ( 'NONE', ( #1229, #1241, #1240, #1233, #1236, #1237, #1238, #1239, #1231, #1232, #1234, #1230, #1228, #1235, #118, #119, #120, #121, #122, #123, #124, #125, #126, #127, #128, #129, #130, #131, #132, #133, #134, #135, #136, #137, #138, #139, #140, #141, #142, #143, #144, #145, #146, #147, #148 ) ) ;
#44 = VECTOR ( 'NONE', #428, 39.37007874015748100 ) ;
#45 = VECTOR ( 'NONE', #425, 39.37007874015748100 ) ;
#46 = VECTOR ( 'NONE', #419, 39.37007874015748100 ) ;
#47 = AXIS2_PLACEMENT_3D ( 'NONE', #669, #670, #671 ) ;
#48 = VECTOR ( 'NONE', #680, 39.37007874015748900 ) ;
#49 = CIRCLE ( 'NONE', #1186, 0.5000000000000000000 ) ;
#50 = VECTOR ( 'NONE', #673, 39.37007874015748900 ) ;
#51 = AXIS2_PLACEMENT_3D ( 'NONE', #666, #667, #668 ) ;
#52 = VECTOR ( 'NONE', #431, 39.37007874015748100 ) ;
#53 = VECTOR ( 'NONE', #438, 39.37007874015748100 ) ;
#54 = VECTOR ( 'NONE', #433, 39.37007874015748100 ) ;
#55 = VECTOR ( 'NONE', #436, 39.37007874015748100 ) ;
#56 = CIRCLE ( 'NONE', #59, 0.02999999999999995400 ) ;
#57 = VECTOR ( 'NONE', #441, 39.37007874015748100 ) ;
#58 = VECTOR ( 'NONE', #449, 39.37007874015748100 ) ;
#59 = AXIS2_PLACEMENT_3D ( 'NONE', #445, #446, #447 ) ;
#60 = VECTOR ( 'NONE', #452, 39.37007874015748100 ) ;
#61 = VECTOR ( 'NONE', #454, 39.37007874015748100 ) ;
#62 = CIRCLE ( 'NONE', #66, 0.03000000000000022800 ) ;
#63 = CIRCLE ( 'NONE', #69, 0.03000000000000022800 ) ;
#64 = VECTOR ( 'NONE', #459, 39.37007874015748100 ) ;
#65 = VECTOR ( 'NONE', #466, 39.37007874015748100 ) ;
#66 = AXIS2_PLACEMENT_3D ( 'NONE', #455, #456, #457 ) ;
#67 = VECTOR ( 'NONE', #475, 39.37007874015748100 ) ;
#68 = VECTOR ( 'NONE', #469, 39.37007874015748100 ) ;
#69 = AXIS2_PLACEMENT_3D ( 'NONE', #463, #464, #465 ) ;
#70 = VECTOR ( 'NONE', #472, 39.37007874015748100 ) ;
#71 = VECTOR ( 'NONE', #484, 39.37007874015748100 ) ;
#72 = VECTOR ( 'NONE', #477, 39.37007874015748100 ) ;
#73 = CIRCLE ( 'NONE', #74, 0.5000000000000000000 ) ;
#74 = AXIS2_PLACEMENT_3D ( 'NONE', #481, #482, #483 ) ;
#75 = CIRCLE ( 'NONE', #51, 0.08999999999999983000 ) ;
#76 = VECTOR ( 'NONE', #488, 39.37007874015748100 ) ;
#77 = AXIS2_PLACEMENT_3D ( 'NONE', #662, #663, #664 ) ;
#78 = CIRCLE ( 'NONE', #77, 0.02999999999999981500 ) ;
#79 = CIRCLE ( 'NONE', #47, 0.08999999999999983000 ) ;
#80 = AXIS2_PLACEMENT_3D ( 'NONE', #489, #491, #492 ) ;
#81 = AXIS2_PLACEMENT_3D ( 'NONE', #490, #496, #497 ) ;
#82 = AXIS2_PLACEMENT_3D ( 'NONE', #493, #495, #501 ) ;
#83 = AXIS2_PLACEMENT_3D ( 'NONE', #500, #506, #507 ) ;
#84 = AXIS2_PLACEMENT_3D ( 'NONE', #505, #511, #512 ) ;
#85 = AXIS2_PLACEMENT_3D ( 'NONE', #510, #516, #517 ) ;
#86 = AXIS2_PLACEMENT_3D ( 'NONE', #515, #521, #522 ) ;
#87 = AXIS2_PLACEMENT_3D ( 'NONE', #520, #526, #527 ) ;
#88 = AXIS2_PLACEMENT_3D ( 'NONE', #523, #525, #531 ) ;
#89 = AXIS2_PLACEMENT_3D ( 'NONE', #530, #536, #537 ) ;
#90 = AXIS2_PLACEMENT_3D ( 'NONE', #532, #535, #541 ) ;
#91 = AXIS2_PLACEMENT_3D ( 'NONE', #540, #546, #547 ) ;
#92 = AXIS2_PLACEMENT_3D ( 'NONE', #545, #551, #552 ) ;
#93 = AXIS2_PLACEMENT_3D ( 'NONE', #548, #550, #556 ) ;
#94 = AXIS2_PLACEMENT_3D ( 'NONE', #560, #566, #567 ) ;
#95 = AXIS2_PLACEMENT_3D ( 'NONE', #559, #555, #561 ) ;
#96 = AXIS2_PLACEMENT_3D ( 'NONE', #570, #576, #577 ) ;
#97 = AXIS2_PLACEMENT_3D ( 'NONE', #565, #571, #572 ) ;
#98 = AXIS2_PLACEMENT_3D ( 'NONE', #584, #580, #586 ) ;
#99 = AXIS2_PLACEMENT_3D ( 'NONE', #573, #575, #581 ) ;
#100 = AXIS2_PLACEMENT_3D ( 'NONE', #590, #596, #597 ) ;
#101 = AXIS2_PLACEMENT_3D ( 'NONE', #585, #591, #592 ) ;
#102 = AXIS2_PLACEMENT_3D ( 'NONE', #593, #595, #601 ) ;
#103 = AXIS2_PLACEMENT_3D ( 'NONE', #604, #600, #606 ) ;
#104 = AXIS2_PLACEMENT_3D ( 'NONE', #653, #655, #660 ) ;
#105 = CIRCLE ( 'NONE', #38, 0.02999999999999981500 ) ;
#106 = AXIS2_PLACEMENT_3D ( 'NONE', #645, #651, #652 ) ;
#107 = AXIS2_PLACEMENT_3D ( 'NONE', #650, #656, #657 ) ;
#108 = AXIS2_PLACEMENT_3D ( 'NONE', #639, #635, #641 ) ;
#109 = AXIS2_PLACEMENT_3D ( 'NONE', #644, #640, #646 ) ;
#110 = AXIS2_PLACEMENT_3D ( 'NONE', #634, #630, #636 ) ;
#111 = AXIS2_PLACEMENT_3D ( 'NONE', #629, #625, #631 ) ;
#112 = AXIS2_PLACEMENT_3D ( 'NONE', #605, #611, #612 ) ;
#113 = AXIS2_PLACEMENT_3D ( 'NONE', #618, #620, #626 ) ;
#114 = AXIS2_PLACEMENT_3D ( 'NONE', #615, #621, #622 ) ;
#115 = AXIS2_PLACEMENT_3D ( 'NONE', #610, #616, #617 ) ;
#116 = EDGE_CURVE ( 'NONE', #1362, #1396, #480, .T. ) ;
#117 = EDGE_CURVE ( 'NONE', #1381, #1407, #485, .T. ) ;
#118 = ADVANCED_FACE ( 'NONE', ( #479 ), #486, .T. ) ;
#119 = ADVANCED_FACE ( 'NONE', ( #494 ), #478, .T. ) ;
#120 = ADVANCED_FACE ( 'NONE', ( #499 ), #498, .F. ) ;
#121 = ADVANCED_FACE ( 'NONE', ( #503 ), #504, .T. ) ;
#122 = ADVANCED_FACE ( 'NONE', ( #509 ), #502, .F. ) ;
#123 = ADVANCED_FACE ( 'NONE', ( #514 ), #508, .F. ) ;
#124 = ADVANCED_FACE ( 'NONE', ( #519 ), #513, .T. ) ;
#125 = ADVANCED_FACE ( 'NONE', ( #524 ), #518, .T. ) ;
#126 = ADVANCED_FACE ( 'NONE', ( #529 ), #528, .F. ) ;
#127 = ADVANCED_FACE ( 'NONE', ( #533 ), #534, .T. ) ;
#128 = ADVANCED_FACE ( 'NONE', ( #539 ), #538, .F. ) ;
#129 = ADVANCED_FACE ( 'NONE', ( #543 ), #544, .T. ) ;
#130 = ADVANCED_FACE ( 'NONE', ( #549 ), #542, .T. ) ;
#131 = ADVANCED_FACE ( 'NONE', ( #554 ), #553, .T. ) ;
#132 = ADVANCED_FACE ( 'NONE', ( #558 ), #557, .F. ) ;
#133 = ADVANCED_FACE ( 'NONE', ( #563 ), #564, .T. ) ;
#134 = ADVANCED_FACE ( 'NONE', ( #569 ), #562, .T. ) ;
#135 = ADVANCED_FACE ( 'NONE', ( #574 ), #568, .T. ) ;
#136 = ADVANCED_FACE ( 'NONE', ( #579 ), #578, .T. ) ;
#137 = ADVANCED_FACE ( 'NONE', ( #583 ), #582, .F. ) ;
#138 = ADVANCED_FACE ( 'NONE', ( #588 ), #589, .T. ) ;
#139 = ADVANCED_FACE ( 'NONE', ( #594 ), #587, .T. ) ;
#140 = ADVANCED_FACE ( 'NONE', ( #599 ), #598, .T. ) ;
#141 = ADVANCED_FACE ( 'NONE', ( #603 ), #602, .F. ) ;
#142 = ADVANCED_FACE ( 'NONE', ( #608 ), #609, .T. ) ;
#143 = ADVANCED_FACE ( 'NONE', ( #614 ), #607, .T. ) ;
#144 = ADVANCED_FACE ( 'NONE', ( #619 ), #613, .T. ) ;
#145 = ADVANCED_FACE ( 'NONE', ( #624 ), #623, .T. ) ;
#146 = ADVANCED_FACE ( 'NONE', ( #628 ), #627, .F. ) ;
#147 = ADVANCED_FACE ( 'NONE', ( #633 ), #632, .T. ) ;
#148 = ADVANCED_FACE ( 'NONE', ( #638 ), #637, .T. ) ;
#149 = ADVANCED_FACE ( 'NONE', ( #643 ), #642, .T. ) ;
#150 = ADVANCED_FACE ( 'NONE', ( #648 ), #649, .T. ) ;
#151 = ADVANCED_FACE ( 'NONE', ( #654 ), #647, .T. ) ;
#152 = ADVANCED_FACE ( 'NONE', ( #659 ), #658, .T. ) ;
#153 = EDGE_CURVE ( 'NONE', #1332, #1419, #78, .T. ) ;
#154 = EDGE_CURVE ( 'NONE', #1387, #1375, #75, .T. ) ;
#155 = EDGE_CURVE ( 'NONE', #1402, #1306, #79, .T. ) ;
#156 = EDGE_CURVE ( 'NONE', #1332, #1387, #661, .T. ) ;
#157 = EDGE_CURVE ( 'NONE', #1321, #1325, #105, .T. ) ;
#158 = EDGE_CURVE ( 'NONE', #1325, #1306, #676, .T. ) ;
#159 = EDGE_CURVE ( 'NONE', #1325, #1332, #681, .T. ) ;
#160 = EDGE_CURVE ( 'NONE', #1306, #1387, #675, .T. ) ;
#161 = EDGE_CURVE ( 'NONE', #1384, #1364, #687, .T. ) ;
#162 = EDGE_CURVE ( 'NONE', #1387, #1384, #1474, .T. ) ;
#163 = EDGE_CURVE ( 'NONE', #1384, #1316, #682, .T. ) ;
#164 = EDGE_CURVE ( 'NONE', #1332, #1364, #1548, .T. ) ;
#165 = EDGE_CURVE ( 'NONE', #1364, #212, #694, .T. ) ;
#166 = EDGE_CURVE ( 'NONE', #1316, #212, #701, .T. ) ;
#167 = EDGE_CURVE ( 'NONE', #212, #1325, #1480, .T. ) ;
#168 = EDGE_CURVE ( 'NONE', #1316, #1306, #1457, .T. ) ;
#169 = EDGE_CURVE ( 'NONE', #1371, #1363, #708, .T. ) ;
#170 = EDGE_CURVE ( 'NONE', #1371, #1327, #1477, .T. ) ;
#171 = EDGE_CURVE ( 'NONE', #1363, #1415, #1484, .T. ) ;
#172 = EDGE_CURVE ( 'NONE', #1343, #1406, #717, .T. ) ;
#173 = EDGE_CURVE ( 'NONE', #1324, #1400, #1489, .T. ) ;
#174 = EDGE_CURVE ( 'NONE', #1400, #1304, #724, .T. ) ;
#175 = EDGE_CURVE ( 'NONE', #1304, #1363, #729, .T. ) ;
#176 = EDGE_CURVE ( 'NONE', #1337, #1304, #1493, .T. ) ;
#177 = EDGE_CURVE ( 'NONE', #1400, #1371, #723, .T. ) ;
#178 = EDGE_CURVE ( 'NONE', #1363, #1314, #1491, .T. ) ;
#179 = EDGE_CURVE ( 'NONE', #1314, #1310, #736, .T. ) ;
#180 = EDGE_CURVE ( 'NONE', #1371, #1310, #1468, .T. ) ;
#181 = EDGE_CURVE ( 'NONE', #1314, #1329, #738, .T. ) ;
#182 = EDGE_CURVE ( 'NONE', #1329, #1315, #744, .T. ) ;
#183 = EDGE_CURVE ( 'NONE', #1310, #1315, #751, .T. ) ;
#184 = EDGE_CURVE ( 'NONE', #1329, #1304, #1462, .T. ) ;
#185 = EDGE_CURVE ( 'NONE', #1315, #1400, #1464, .T. ) ;
#186 = EDGE_CURVE ( 'NONE', #1301, #1298, #755, .T. ) ;
#187 = EDGE_CURVE ( 'NONE', #1296, #1301, #1463, .T. ) ;
#188 = EDGE_CURVE ( 'NONE', #1297, #1298, #1471, .T. ) ;
#189 = EDGE_CURVE ( 'NONE', #1296, #1297, #797, .T. ) ;
#190 = EDGE_CURVE ( 'NONE', #1301, #1296, #1482, .T. ) ;
#191 = EDGE_CURVE ( 'NONE', #1298, #1297, #1485, .T. ) ;
#192 = PRODUCT_DEFINITION ( 'UNKNOWN', '', #1214, #772 ) ;
#193 = PRODUCT_DEFINITION ( 'UNKNOWN', '', #1215, #773 ) ;
#194 = PRODUCT_DEFINITION ( 'UNKNOWN', '', #1217, #775 ) ;
#195 = PRODUCT_RELATED_PRODUCT_CATEGORY ( 'part', '', ( #789 ) ) ;
#196 = PRODUCT_RELATED_PRODUCT_CATEGORY ( 'part', '', ( #790 ) ) ;
#197 = PRODUCT_RELATED_PRODUCT_CATEGORY ( 'part', '', ( #791 ) ) ;
#198 = ORIENTED_EDGE ( 'NONE', *, *, #17, .F. ) ;
#199 = ORIENTED_EDGE ( 'NONE', *, *, #187, .T. ) ;
#200 = ORIENTED_EDGE ( 'NONE', *, *, #186, .T. ) ;
#201 = ORIENTED_EDGE ( 'NONE', *, *, #188, .F. ) ;
#202 = ORIENTED_EDGE ( 'NONE', *, *, #189, .F. ) ;
#203 = ORIENTED_EDGE ( 'NONE', *, *, #187, .F. ) ;
#204 = ORIENTED_EDGE ( 'NONE', *, *, #190, .F. ) ;
#205 = ORIENTED_EDGE ( 'NONE', *, *, #188, .T. ) ;
#206 = ORIENTED_EDGE ( 'NONE', *, *, #191, .T. ) ;
#207 = ORIENTED_EDGE ( 'NONE', *, *, #186, .F. ) ;
#208 = ORIENTED_EDGE ( 'NONE', *, *, #190, .T. ) ;
#209 = ORIENTED_EDGE ( 'NONE', *, *, #189, .T. ) ;
#210 = ORIENTED_EDGE ( 'NONE', *, *, #191, .F. ) ;
#211 = ORIENTED_EDGE ( 'NONE', *, *, #182, .F. ) ;
#212 = VERTEX_POINT ( 'NONE', #807 ) ;
#213 = ORIENTED_EDGE ( 'NONE', *, *, #180, .F. ) ;
#214 = ORIENTED_EDGE ( 'NONE', *, *, #179, .T. ) ;
#215 = ORIENTED_EDGE ( 'NONE', *, *, #178, .T. ) ;
#216 = ORIENTED_EDGE ( 'NONE', *, *, #169, .T. ) ;
#217 = ORIENTED_EDGE ( 'NONE', *, *, #173, .F. ) ;
#218 = ORIENTED_EDGE ( 'NONE', *, *, #177, .F. ) ;
#219 = ORIENTED_EDGE ( 'NONE', *, *, #170, .F. ) ;
#220 = ORIENTED_EDGE ( 'NONE', *, *, #1257, .F. ) ;
#221 = ORIENTED_EDGE ( 'NONE', *, *, #1258, .T. ) ;
#222 = ORIENTED_EDGE ( 'NONE', *, *, #1268, .F. ) ;
#223 = ORIENTED_EDGE ( 'NONE', *, *, #1275, .F. ) ;
#224 = ORIENTED_EDGE ( 'NONE', *, *, #1274, .F. ) ;
#225 = ORIENTED_EDGE ( 'NONE', *, *, #1273, .F. ) ;
#226 = ORIENTED_EDGE ( 'NONE', *, *, #1272, .T. ) ;
#227 = ORIENTED_EDGE ( 'NONE', *, *, #1276, .T. ) ;
#228 = ORIENTED_EDGE ( 'NONE', *, *, #1277, .F. ) ;
#229 = ORIENTED_EDGE ( 'NONE', *, *, #1278, .F. ) ;
#230 = ORIENTED_EDGE ( 'NONE', *, *, #1279, .F. ) ;
#231 = ORIENTED_EDGE ( 'NONE', *, *, #1280, .F. ) ;
#232 = ORIENTED_EDGE ( 'NONE', *, *, #1281, .F. ) ;
#233 = ORIENTED_EDGE ( 'NONE', *, *, #1282, .T. ) ;
#234 = ORIENTED_EDGE ( 'NONE', *, *, #1283, .F. ) ;
#235 = ORIENTED_EDGE ( 'NONE', *, *, #1284, .T. ) ;
#236 = ORIENTED_EDGE ( 'NONE', *, *, #1270, .T. ) ;
#237 = ORIENTED_EDGE ( 'NONE', *, *, #1285, .F. ) ;
#238 = ORIENTED_EDGE ( 'NONE', *, *, #1251, .T. ) ;
#239 = ORIENTED_EDGE ( 'NONE', *, *, #1271, .T. ) ;
#240 = ORIENTED_EDGE ( 'NONE', *, *, #1242, .F. ) ;
#241 = ORIENTED_EDGE ( 'NONE', *, *, #1252, .F. ) ;
#242 = ORIENTED_EDGE ( 'NONE', *, *, #1286, .T. ) ;
#243 = ORIENTED_EDGE ( 'NONE', *, *, #1288, .T. ) ;
#244 = ORIENTED_EDGE ( 'NONE', *, *, #1256, .F. ) ;
#245 = ORIENTED_EDGE ( 'NONE', *, *, #1245, .F. ) ;
#246 = ORIENTED_EDGE ( 'NONE', *, *, #1244, .T. ) ;
#247 = ORIENTED_EDGE ( 'NONE', *, *, #1286, .F. ) ;
#248 = ORIENTED_EDGE ( 'NONE', *, *, #1285, .T. ) ;
#249 = ORIENTED_EDGE ( 'NONE', *, *, #1248, .F. ) ;
#250 = ORIENTED_EDGE ( 'NONE', *, *, #1289, .T. ) ;
#251 = ORIENTED_EDGE ( 'NONE', *, *, #1260, .F. ) ;
#252 = ORIENTED_EDGE ( 'NONE', *, *, #1267, .F. ) ;
#253 = ORIENTED_EDGE ( 'NONE', *, *, #1287, .T. ) ;
#254 = ORIENTED_EDGE ( 'NONE', *, *, #36, .T. ) ;
#255 = ORIENTED_EDGE ( 'NONE', *, *, #20, .F. ) ;
#256 = ORIENTED_EDGE ( 'NONE', *, *, #24, .F. ) ;
#257 = ORIENTED_EDGE ( 'NONE', *, *, #23, .F. ) ;
#258 = ORIENTED_EDGE ( 'NONE', *, *, #29, .F. ) ;
#259 = ORIENTED_EDGE ( 'NONE', *, *, #30, .F. ) ;
#260 = ORIENTED_EDGE ( 'NONE', *, *, #33, .F. ) ;
#261 = ORIENTED_EDGE ( 'NONE', *, *, #26, .F. ) ;
#262 = ORIENTED_EDGE ( 'NONE', *, *, #25, .F. ) ;
#263 = ORIENTED_EDGE ( 'NONE', *, *, #27, .F. ) ;
#264 = ORIENTED_EDGE ( 'NONE', *, *, #28, .F. ) ;
#265 = ORIENTED_EDGE ( 'NONE', *, *, #32, .T. ) ;
#266 = ORIENTED_EDGE ( 'NONE', *, *, #31, .F. ) ;
#267 = ORIENTED_EDGE ( 'NONE', *, *, #21, .T. ) ;
#268 = ORIENTED_EDGE ( 'NONE', *, *, #25, .T. ) ;
#269 = ORIENTED_EDGE ( 'NONE', *, *, #34, .F. ) ;
#270 = ORIENTED_EDGE ( 'NONE', *, *, #1277, .T. ) ;
#271 = ORIENTED_EDGE ( 'NONE', *, *, #1275, .T. ) ;
#272 = ORIENTED_EDGE ( 'NONE', *, *, #22, .F. ) ;
#273 = ORIENTED_EDGE ( 'NONE', *, *, #27, .T. ) ;
#274 = ORIENTED_EDGE ( 'NONE', *, *, #28, .T. ) ;
#275 = ORIENTED_EDGE ( 'NONE', *, *, #19, .F. ) ;
#276 = ORIENTED_EDGE ( 'NONE', *, *, #1274, .T. ) ;
#277 = ORIENTED_EDGE ( 'NONE', *, *, #22, .T. ) ;
#278 = ORIENTED_EDGE ( 'NONE', *, *, #19, .T. ) ;
#279 = ORIENTED_EDGE ( 'NONE', *, *, #13, .F. ) ;
#280 = ORIENTED_EDGE ( 'NONE', *, *, #1273, .T. ) ;
#281 = ORIENTED_EDGE ( 'NONE', *, *, #31, .T. ) ;
#282 = ORIENTED_EDGE ( 'NONE', *, *, #1272, .F. ) ;
#283 = ORIENTED_EDGE ( 'NONE', *, *, #14, .T. ) ;
#284 = ORIENTED_EDGE ( 'NONE', *, *, #1287, .F. ) ;
#285 = ORIENTED_EDGE ( 'NONE', *, *, #13, .T. ) ;
#286 = ORIENTED_EDGE ( 'NONE', *, *, #1289, .F. ) ;
#287 = ORIENTED_EDGE ( 'NONE', *, *, #20, .T. ) ;
#288 = ORIENTED_EDGE ( 'NONE', *, *, #16, .T. ) ;
#289 = ORIENTED_EDGE ( 'NONE', *, *, #1257, .T. ) ;
#290 = ORIENTED_EDGE ( 'NONE', *, *, #15, .T. ) ;
#291 = ORIENTED_EDGE ( 'NONE', *, *, #17, .T. ) ;
#292 = ORIENTED_EDGE ( 'NONE', *, *, #1283, .T. ) ;
#293 = ORIENTED_EDGE ( 'NONE', *, *, #1270, .F. ) ;
#294 = ORIENTED_EDGE ( 'NONE', *, *, #1247, .T. ) ;
#295 = ORIENTED_EDGE ( 'NONE', *, *, #1264, .F. ) ;
#296 = ORIENTED_EDGE ( 'NONE', *, *, #1250, .F. ) ;
#297 = ORIENTED_EDGE ( 'NONE', *, *, #1265, .F. ) ;
#298 = ORIENTED_EDGE ( 'NONE', *, *, #1247, .F. ) ;
#299 = EDGE_LOOP ( 'NONE', ( #1389, #1390, #1395, #1369 ) ) ;
#300 = EDGE_LOOP ( 'NONE', ( #220, #239, #226, #225, #224, #223, #227, #228, #229, #230, #231, #232, #233, #234, #235 ) ) ;
#301 = EDGE_LOOP ( 'NONE', ( #1418, #1417, #1416, #1414 ) ) ;
#302 = EDGE_LOOP ( 'NONE', ( #389, #390, #391, #394 ) ) ;
#303 = EDGE_LOOP ( 'NONE', ( #386, #383, #387, #388 ) ) ;
#304 = EDGE_LOOP ( 'NONE', ( #1410, #1412, #1293, #1291 ) ) ;
#305 = EDGE_LOOP ( 'NONE', ( #1342, #1358, #1355, #1354 ) ) ;
#306 = EDGE_LOOP ( 'NONE', ( #1421, #219, #218, #217 ) ) ;
#307 = EDGE_LOOP ( 'NONE', ( #205, #206 ) ) ;
#308 = EDGE_LOOP ( 'NONE', ( #1360, #1346, #1347, #1350 ) ) ;
#309 = EDGE_LOOP ( 'NONE', ( #1303, #1299, #1302, #1300 ) ) ;
#310 = EDGE_LOOP ( 'NONE', ( #1292, #1290, #1295, #1294 ) ) ;
#311 = EDGE_LOOP ( 'NONE', ( #407, #408, #1352, #1351 ) ) ;
#312 = EDGE_LOOP ( 'NONE', ( #1220, #781, #1223, #198 ) ) ;
#313 = EDGE_LOOP ( 'NONE', ( #296, #295 ) ) ;
#314 = EDGE_LOOP ( 'NONE', ( #277, #276, #275, #274 ) ) ;
#315 = EDGE_LOOP ( 'NONE', ( #216, #215, #214, #213 ) ) ;
#316 = EDGE_LOOP ( 'NONE', ( #399, #402, #401, #400 ) ) ;
#317 = EDGE_LOOP ( 'NONE', ( #1385, #1383, #1379, #1378 ) ) ;
#318 = EDGE_LOOP ( 'NONE', ( #1399, #1394, #1392, #1391 ) ) ;
#319 = EDGE_LOOP ( 'NONE', ( #1353, #1373, #1348, #1349 ) ) ;
#320 = EDGE_LOOP ( 'NONE', ( #398, #356, #384, #385 ) ) ;
#321 = EDGE_LOOP ( 'NONE', ( #368, #367, #366, #365 ) ) ;
#322 = EDGE_LOOP ( 'NONE', ( #1372, #1393, #1368, #1367 ) ) ;
#323 = EDGE_LOOP ( 'NONE', ( #364, #363, #362, #361 ) ) ;
#324 = EDGE_LOOP ( 'NONE', ( #1365, #1361, #1359, #1356 ) ) ;
#325 = EDGE_LOOP ( 'NONE', ( #203, #204 ) ) ;
#326 = EDGE_LOOP ( 'NONE', ( #1413, #1411, #1409, #1403 ) ) ;
#327 = EDGE_LOOP ( 'NONE', ( #282, #283, #284, #285 ) ) ;
#328 = EDGE_LOOP ( 'NONE', ( #298, #297 ) ) ;
#329 = EDGE_LOOP ( 'NONE', ( #1377, #1374, #221, #294 ) ) ;
#330 = EDGE_LOOP ( 'NONE', ( #403, #406, #405, #404 ) ) ;
#331 = EDGE_LOOP ( 'NONE', ( #358, #359, #357, #355 ) ) ;
#332 = EDGE_LOOP ( 'NONE', ( #372, #371, #370, #369 ) ) ;
#333 = EDGE_LOOP ( 'NONE', ( #240, #237, #238, #236 ) ) ;
#334 = EDGE_LOOP ( 'NONE', ( #199, #200, #201, #202 ) ) ;
#335 = EDGE_LOOP ( 'NONE', ( #360, #381, #382, #397 ) ) ;
#336 = EDGE_LOOP ( 'NONE', ( #287, #291, #292, #354 ) ) ;
#337 = EDGE_LOOP ( 'NONE', ( #376, #375, #374, #373 ) ) ;
#338 = EDGE_LOOP ( 'NONE', ( #286, #290, #289, #288 ) ) ;
#339 = EDGE_LOOP ( 'NONE', ( #241, #242, #246, #248 ) ) ;
#340 = EDGE_LOOP ( 'NONE', ( #1225, #1226, #1224, #1221 ) ) ;
#341 = EDGE_LOOP ( 'NONE', ( #380, #379, #378, #377 ) ) ;
#342 = EDGE_LOOP ( 'NONE', ( #207, #208, #209, #210 ) ) ;
#343 = EDGE_LOOP ( 'NONE', ( #293, #222 ) ) ;
#344 = EDGE_LOOP ( 'NONE', ( #253, #243, #250, #254, #255, #260, #258, #259, #257, #256, #262, #261, #263, #264, #266 ) ) ;
#345 = EDGE_LOOP ( 'NONE', ( #244, #249 ) ) ;
#346 = EDGE_LOOP ( 'NONE', ( #252, #251 ) ) ;
#347 = EDGE_LOOP ( 'NONE', ( #211, #1404, #1405, #1408 ) ) ;
#348 = EDGE_LOOP ( 'NONE', ( #278, #280, #279, #281 ) ) ;
#349 = EDGE_LOOP ( 'NONE', ( #393, #392, #395, #396 ) ) ;
#350 = EDGE_LOOP ( 'NONE', ( #267, #271, #272, #273 ) ) ;
#351 = EDGE_LOOP ( 'NONE', ( #245, #247 ) ) ;
#352 = EDGE_LOOP ( 'NONE', ( #265, #270, #269, #268 ) ) ;
#353 = EDGE_LOOP ( 'NONE', ( #1380, #1376, #1382, #1386 ) ) ;
#354 = ORIENTED_EDGE ( 'NONE', *, *, #18, .F. ) ;
#355 = ORIENTED_EDGE ( 'NONE', *, *, #29, .T. ) ;
#356 = ORIENTED_EDGE ( 'NONE', *, *, #153, .F. ) ;
#357 = ORIENTED_EDGE ( 'NONE', *, *, #116, .F. ) ;
#358 = ORIENTED_EDGE ( 'NONE', *, *, #35, .T. ) ;
#359 = ORIENTED_EDGE ( 'NONE', *, *, #1281, .T. ) ;
#360 = ORIENTED_EDGE ( 'NONE', *, *, #1282, .F. ) ;
#361 = ORIENTED_EDGE ( 'NONE', *, *, #35, .F. ) ;
#362 = ORIENTED_EDGE ( 'NONE', *, *, #155, .F. ) ;
#363 = ORIENTED_EDGE ( 'NONE', *, *, #158, .T. ) ;
#364 = ORIENTED_EDGE ( 'NONE', *, *, #157, .T. ) ;
#365 = ORIENTED_EDGE ( 'NONE', *, *, #154, .F. ) ;
#366 = ORIENTED_EDGE ( 'NONE', *, *, #18, .T. ) ;
#367 = ORIENTED_EDGE ( 'NONE', *, *, #153, .T. ) ;
#368 = ORIENTED_EDGE ( 'NONE', *, *, #156, .F. ) ;
#369 = ORIENTED_EDGE ( 'NONE', *, *, #24, .T. ) ;
#370 = ORIENTED_EDGE ( 'NONE', *, *, #32, .F. ) ;
#371 = ORIENTED_EDGE ( 'NONE', *, *, #1278, .T. ) ;
#372 = ORIENTED_EDGE ( 'NONE', *, *, #172, .T. ) ;
#373 = ORIENTED_EDGE ( 'NONE', *, *, #23, .T. ) ;
#374 = ORIENTED_EDGE ( 'NONE', *, *, #172, .F. ) ;
#375 = ORIENTED_EDGE ( 'NONE', *, *, #1279, .T. ) ;
#376 = ORIENTED_EDGE ( 'NONE', *, *, #117, .T. ) ;
#377 = ORIENTED_EDGE ( 'NONE', *, *, #30, .T. ) ;
#378 = ORIENTED_EDGE ( 'NONE', *, *, #117, .F. ) ;
#379 = ORIENTED_EDGE ( 'NONE', *, *, #1280, .T. ) ;
#380 = ORIENTED_EDGE ( 'NONE', *, *, #116, .T. ) ;
#381 = ORIENTED_EDGE ( 'NONE', *, *, #155, .T. ) ;
#382 = ORIENTED_EDGE ( 'NONE', *, *, #160, .T. ) ;
#383 = ORIENTED_EDGE ( 'NONE', *, *, #162, .T. ) ;
#384 = ORIENTED_EDGE ( 'NONE', *, *, #159, .F. ) ;
#385 = ORIENTED_EDGE ( 'NONE', *, *, #157, .F. ) ;
#386 = ORIENTED_EDGE ( 'NONE', *, *, #156, .T. ) ;
#387 = ORIENTED_EDGE ( 'NONE', *, *, #161, .T. ) ;
#388 = ORIENTED_EDGE ( 'NONE', *, *, #164, .F. ) ;
#389 = ORIENTED_EDGE ( 'NONE', *, *, #161, .F. ) ;
#390 = ORIENTED_EDGE ( 'NONE', *, *, #163, .T. ) ;
#391 = ORIENTED_EDGE ( 'NONE', *, *, #166, .T. ) ;
#392 = ORIENTED_EDGE ( 'NONE', *, *, #168, .T. ) ;
#393 = ORIENTED_EDGE ( 'NONE', *, *, #166, .F. ) ;
#394 = ORIENTED_EDGE ( 'NONE', *, *, #165, .F. ) ;
#395 = ORIENTED_EDGE ( 'NONE', *, *, #158, .F. ) ;
#396 = ORIENTED_EDGE ( 'NONE', *, *, #167, .F. ) ;
#397 = ORIENTED_EDGE ( 'NONE', *, *, #154, .T. ) ;
#398 = ORIENTED_EDGE ( 'NONE', *, *, #33, .T. ) ;
#399 = ORIENTED_EDGE ( 'NONE', *, *, #167, .T. ) ;
#400 = ORIENTED_EDGE ( 'NONE', *, *, #165, .T. ) ;
#401 = ORIENTED_EDGE ( 'NONE', *, *, #164, .T. ) ;
#402 = ORIENTED_EDGE ( 'NONE', *, *, #159, .T. ) ;
#403 = ORIENTED_EDGE ( 'NONE', *, *, #168, .F. ) ;
#404 = ORIENTED_EDGE ( 'NONE', *, *, #160, .F. ) ;
#405 = ORIENTED_EDGE ( 'NONE', *, *, #162, .F. ) ;
#406 = ORIENTED_EDGE ( 'NONE', *, *, #163, .F. ) ;
#407 = ORIENTED_EDGE ( 'NONE', *, *, #169, .F. ) ;
#408 = ORIENTED_EDGE ( 'NONE', *, *, #170, .T. ) ;
#409 = LINE ( 'NONE', #414, #41 ) ;
#410 = CARTESIAN_POINT ( 'NONE',  ( -0.5000000000000002200, -5.675795616490077600, -2.500000000000000000 ) ) ;
#411 = DIRECTION ( 'NONE',  ( -6.356656405321522600E-018, -1.000000000000000000, -0.0000000000000000000 ) ) ;
#412 = LINE ( 'NONE', #410, #37 ) ;
#413 = LINE ( 'NONE', #420, #42 ) ;
#414 = CARTESIAN_POINT ( 'NONE',  ( -1.303005573347332000, -5.675795616490077600, -2.499999999999999600 ) ) ;
#415 = DIRECTION ( 'NONE',  ( 6.356656405321522600E-018, 1.000000000000000000, -0.0000000000000000000 ) ) ;
#416 = LINE ( 'NONE', #418, #46 ) ;
#417 = LINE ( 'NONE', #429, #52 ) ;
#418 = CARTESIAN_POINT ( 'NONE',  ( -3.092638819272838400E-016, -5.675795616490077600, -2.000000000000000000 ) ) ;
#419 = DIRECTION ( 'NONE',  ( 6.356656405321522600E-018, 1.000000000000000000, 0.0000000000000000000 ) ) ;
#420 = CARTESIAN_POINT ( 'NONE',  ( -2.735661987507455900E-016, -0.05999999999999990800, -0.5000000000000000000 ) ) ;
#421 = DIRECTION ( 'NONE',  ( -6.356656405321522600E-018, -1.000000000000000000, -0.0000000000000000000 ) ) ;
#422 = LINE ( 'NONE', #424, #45 ) ;
#423 = LINE ( 'NONE', #432, #54 ) ;
#424 = CARTESIAN_POINT ( 'NONE',  ( -0.5000000000000003300, 0.0000000000000000000, 0.0000000000000000000 ) ) ;
#425 = DIRECTION ( 'NONE',  ( 6.356656405321522600E-018, 1.000000000000000000, 0.0000000000000000000 ) ) ;
#426 = CARTESIAN_POINT ( 'NONE',  ( -1.343005573347332300, -5.675795616490077600, 0.0000000000000000000 ) ) ;
#427 = LINE ( 'NONE', #437, #53 ) ;
#428 = DIRECTION ( 'NONE',  ( 6.356656405321522600E-018, 1.000000000000000000, -0.0000000000000000000 ) ) ;
#429 = CARTESIAN_POINT ( 'NONE',  ( -1.303005573347332000, -5.675795616490077600, -1.900000000000000100 ) ) ;
#430 = LINE ( 'NONE', #439, #57 ) ;
#431 = DIRECTION ( 'NONE',  ( 6.356656405321522600E-018, 1.000000000000000000, -0.0000000000000000000 ) ) ;
#432 = CARTESIAN_POINT ( 'NONE',  ( -1.343005573347332300, -0.05999999999999999100, 0.0000000000000000000 ) ) ;
#433 = DIRECTION ( 'NONE',  ( 1.000000000000000000, -6.356656405321523400E-018, 0.0000000000000000000 ) ) ;
#434 = LINE ( 'NONE', #435, #55 ) ;
#435 = CARTESIAN_POINT ( 'NONE',  ( -1.343005573347332300, -5.675795616490077600, -1.870000000000000100 ) ) ;
#436 = DIRECTION ( 'NONE',  ( 6.356656405321522600E-018, 1.000000000000000000, -0.0000000000000000000 ) ) ;
#437 = CARTESIAN_POINT ( 'NONE',  ( -1.333005573347332100, -5.675795616490077600, -1.870000000000000100 ) ) ;
#438 = DIRECTION ( 'NONE',  ( 6.356656405321522600E-018, 1.000000000000000000, -0.0000000000000000000 ) ) ;
#439 = CARTESIAN_POINT ( 'NONE',  ( -1.303005573347332700, -0.05999999999999999100, -2.500000000000000000 ) ) ;
#440 = CARTESIAN_POINT ( 'NONE',  ( -1.343005573347332300, -0.05999999999999999100, -1.250000000000000000 ) ) ;
#441 = DIRECTION ( 'NONE',  ( 4.792715778358356500E-016, -3.046564745138717800E-033, 1.000000000000000000 ) ) ;
#442 = LINE ( 'NONE', #453, #61 ) ;
#443 = LINE ( 'NONE', #450, #60 ) ;
#444 = LINE ( 'NONE', #440, #58 ) ;
#445 = CARTESIAN_POINT ( 'NONE',  ( -1.333005573347331800, -0.05999999999999999100, -1.220000000000000200 ) ) ;
#446 = DIRECTION ( 'NONE',  ( -6.356656405321523400E-018, -1.000000000000000000, 0.0000000000000000000 ) ) ;
#447 = DIRECTION ( 'NONE',  ( 1.000000000000000000, 0.0000000000000000000, 0.0000000000000000000 ) ) ;
#448 = CARTESIAN_POINT ( 'NONE',  ( -1.343005573347332300, -0.05999999999999999100, -0.6200000000000000000 ) ) ;
#449 = DIRECTION ( 'NONE',  ( 1.000000000000000000, -6.356656405321523400E-018, 0.0000000000000000000 ) ) ;
#450 = CARTESIAN_POINT ( 'NONE',  ( -1.343005573347332300, -0.05999999999999999100, -2.500000000000000000 ) ) ;
#451 = LINE ( 'NONE', #448, #64 ) ;
#452 = DIRECTION ( 'NONE',  ( 0.0000000000000000000, 0.0000000000000000000, 1.000000000000000000 ) ) ;
#453 = CARTESIAN_POINT ( 'NONE',  ( -1.343005573347332300, -0.05999999999999999100, -1.870000000000000100 ) ) ;
#454 = DIRECTION ( 'NONE',  ( -1.000000000000000000, 6.356656405321523400E-018, 0.0000000000000000000 ) ) ;
#455 = CARTESIAN_POINT ( 'NONE',  ( -1.333005573347332100, -0.05999999999999999100, -1.900000000000000100 ) ) ;
#456 = DIRECTION ( 'NONE',  ( -6.356656405321523400E-018, -1.000000000000000000, 0.0000000000000000000 ) ) ;
#457 = DIRECTION ( 'NONE',  ( 1.000000000000000000, 0.0000000000000000000, 0.0000000000000000000 ) ) ;
#458 = CARTESIAN_POINT ( 'NONE',  ( -1.303005573347332000, -0.05999999999999999100, -2.500000000000000000 ) ) ;
#459 = DIRECTION ( 'NONE',  ( -1.000000000000000000, 6.356656405321523400E-018, 0.0000000000000000000 ) ) ;
#460 = LINE ( 'NONE', #476, #72 ) ;
#461 = LINE ( 'NONE', #473, #67 ) ;
#462 = LINE ( 'NONE', #458, #65 ) ;
#463 = CARTESIAN_POINT ( 'NONE',  ( -1.333005573347332100, -0.05999999999999999100, -0.6500000000000000200 ) ) ;
#464 = DIRECTION ( 'NONE',  ( -6.356656405321523400E-018, -1.000000000000000000, 0.0000000000000000000 ) ) ;
#465 = DIRECTION ( 'NONE',  ( 1.000000000000000000, 0.0000000000000000000, 0.0000000000000000000 ) ) ;
#466 = DIRECTION ( 'NONE',  ( 0.0000000000000000000, 0.0000000000000000000, 1.000000000000000000 ) ) ;
#467 = LINE ( 'NONE', #468, #68 ) ;
#468 = CARTESIAN_POINT ( 'NONE',  ( -1.333005573347331800, -5.675795616490077600, -1.250000000000000000 ) ) ;
#469 = DIRECTION ( 'NONE',  ( 6.356656405321522600E-018, 1.000000000000000000, -0.0000000000000000000 ) ) ;
#470 = LINE ( 'NONE', #471, #70 ) ;
#471 = CARTESIAN_POINT ( 'NONE',  ( -1.343005573347332300, -0.05999999999999999100, -2.500000000000000000 ) ) ;
#472 = DIRECTION ( 'NONE',  ( 0.0000000000000000000, 0.0000000000000000000, 1.000000000000000000 ) ) ;
#473 = CARTESIAN_POINT ( 'NONE',  ( -1.343005573347332300, -5.675795616490077600, -1.250000000000000000 ) ) ;
#474 = CARTESIAN_POINT ( 'NONE',  ( -1.333005573347332100, -5.675795616490077600, -0.6200000000000000000 ) ) ;
#475 = DIRECTION ( 'NONE',  ( 6.356656405321522600E-018, 1.000000000000000000, -0.0000000000000000000 ) ) ;
#476 = CARTESIAN_POINT ( 'NONE',  ( -1.343005573347332300, -5.675795616490077600, -0.6200000000000000000 ) ) ;
#477 = DIRECTION ( 'NONE',  ( 6.356656405321522600E-018, 1.000000000000000000, -0.0000000000000000000 ) ) ;
#478 = PLANE ( 'NONE',  #81 ) ;
#479 = FACE_OUTER_BOUND ( 'NONE', #352, .T. ) ;
#480 = LINE ( 'NONE', #474, #71 ) ;
#481 = CARTESIAN_POINT ( 'NONE',  ( -0.5000000000000003300, -0.05999999999999990800, -0.5000000000000000000 ) ) ;
#482 = DIRECTION ( 'NONE',  ( -6.356656405321523400E-018, -1.000000000000000000, 0.0000000000000000000 ) ) ;
#483 = DIRECTION ( 'NONE',  ( 1.000000000000000000, 0.0000000000000000000, 0.0000000000000000000 ) ) ;
#484 = DIRECTION ( 'NONE',  ( 6.356656405321522600E-018, 1.000000000000000000, -0.0000000000000000000 ) ) ;
#485 = LINE ( 'NONE', #487, #76 ) ;
#486 = PLANE ( 'NONE',  #80 ) ;
#487 = CARTESIAN_POINT ( 'NONE',  ( -1.303005573347331800, -5.675795616490077600, -0.6500000000000000200 ) ) ;
#488 = DIRECTION ( 'NONE',  ( 6.356656405321522600E-018, 1.000000000000000000, -0.0000000000000000000 ) ) ;
#489 = CARTESIAN_POINT ( 'NONE',  ( -1.343005573347332300, -5.675795616490077600, -1.250000000000000000 ) ) ;
#490 = CARTESIAN_POINT ( 'NONE',  ( -1.343005573347332300, -5.675795616490077600, -1.870000000000000100 ) ) ;
#491 = DIRECTION ( 'NONE',  ( 0.0000000000000000000, 0.0000000000000000000, 1.000000000000000000 ) ) ;
#492 = DIRECTION ( 'NONE',  ( 1.000000000000000000, 0.0000000000000000000, -0.0000000000000000000 ) ) ;
#493 = CARTESIAN_POINT ( 'NONE',  ( -1.333005573347332100, -5.675795616490077600, -1.900000000000000100 ) ) ;
#494 = FACE_OUTER_BOUND ( 'NONE', #350, .T. ) ;
#495 = DIRECTION ( 'NONE',  ( 6.356656405321522600E-018, 1.000000000000000000, -0.0000000000000000000 ) ) ;
#496 = DIRECTION ( 'NONE',  ( 0.0000000000000000000, 0.0000000000000000000, -1.000000000000000000 ) ) ;
#497 = DIRECTION ( 'NONE',  ( -1.000000000000000000, 0.0000000000000000000, 0.0000000000000000000 ) ) ;
#498 = CYLINDRICAL_SURFACE ( 'NONE', #82, 0.03000000000000022800 ) ;
#499 = FACE_OUTER_BOUND ( 'NONE', #314, .T. ) ;
#500 = CARTESIAN_POINT ( 'NONE',  ( -1.303005573347332000, -5.675795616490077600, -2.500000000000000000 ) ) ;
#501 = DIRECTION ( 'NONE',  ( -1.000000000000000000, 0.0000000000000000000, 0.0000000000000000000 ) ) ;
#502 = PLANE ( 'NONE',  #84 ) ;
#503 = FACE_OUTER_BOUND ( 'NONE', #348, .T. ) ;
#504 = PLANE ( 'NONE',  #83 ) ;
#505 = CARTESIAN_POINT ( 'NONE',  ( -1.343005573347332300, -5.675795616490077600, -2.500000000000000000 ) ) ;
#506 = DIRECTION ( 'NONE',  ( -1.000000000000000000, 6.356656405321522600E-018, 0.0000000000000000000 ) ) ;
#507 = DIRECTION ( 'NONE',  ( -6.356656405321522600E-018, -1.000000000000000000, 0.0000000000000000000 ) ) ;
#508 = PLANE ( 'NONE',  #85 ) ;
#509 = FACE_OUTER_BOUND ( 'NONE', #327, .T. ) ;
#510 = CARTESIAN_POINT ( 'NONE',  ( -3.092638819272838400E-016, -5.675795616490077600, -2.500000000000000000 ) ) ;
#511 = DIRECTION ( 'NONE',  ( 0.0000000000000000000, 0.0000000000000000000, 1.000000000000000000 ) ) ;
#512 = DIRECTION ( 'NONE',  ( 1.000000000000000000, 0.0000000000000000000, -0.0000000000000000000 ) ) ;
#513 = PLANE ( 'NONE',  #86 ) ;
#514 = FACE_OUTER_BOUND ( 'NONE', #338, .T. ) ;
#515 = CARTESIAN_POINT ( 'NONE',  ( -1.343005573347332300, -5.675795616490077600, 0.0000000000000000000 ) ) ;
#516 = DIRECTION ( 'NONE',  ( -1.000000000000000000, 6.356656405321522600E-018, 0.0000000000000000000 ) ) ;
#517 = DIRECTION ( 'NONE',  ( -6.356656405321522600E-018, -1.000000000000000000, 0.0000000000000000000 ) ) ;
#518 = PLANE ( 'NONE',  #87 ) ;
#519 = FACE_OUTER_BOUND ( 'NONE', #336, .T. ) ;
#520 = CARTESIAN_POINT ( 'NONE',  ( -1.343005573347332300, -5.675795616490077600, -0.6200000000000000000 ) ) ;
#521 = DIRECTION ( 'NONE',  ( 0.0000000000000000000, 0.0000000000000000000, 1.000000000000000000 ) ) ;
#522 = DIRECTION ( 'NONE',  ( 1.000000000000000000, 0.0000000000000000000, -0.0000000000000000000 ) ) ;
#523 = CARTESIAN_POINT ( 'NONE',  ( -1.333005573347332100, -5.675795616490077600, -0.6500000000000000200 ) ) ;
#524 = FACE_OUTER_BOUND ( 'NONE', #331, .T. ) ;
#525 = DIRECTION ( 'NONE',  ( 6.356656405321522600E-018, 1.000000000000000000, -0.0000000000000000000 ) ) ;
#526 = DIRECTION ( 'NONE',  ( 0.0000000000000000000, 0.0000000000000000000, -1.000000000000000000 ) ) ;
#527 = DIRECTION ( 'NONE',  ( -1.000000000000000000, 0.0000000000000000000, 0.0000000000000000000 ) ) ;
#528 = CYLINDRICAL_SURFACE ( 'NONE', #88, 0.03000000000000022800 ) ;
#529 = FACE_OUTER_BOUND ( 'NONE', #341, .T. ) ;
#530 = CARTESIAN_POINT ( 'NONE',  ( -1.303005573347332700, -5.675795616490077600, -2.500000000000000000 ) ) ;
#531 = DIRECTION ( 'NONE',  ( -1.000000000000000000, 0.0000000000000000000, 0.0000000000000000000 ) ) ;
#532 = CARTESIAN_POINT ( 'NONE',  ( -1.333005573347331800, -5.675795616490077600, -1.220000000000000200 ) ) ;
#533 = FACE_OUTER_BOUND ( 'NONE', #337, .T. ) ;
#534 = PLANE ( 'NONE',  #89 ) ;
#535 = DIRECTION ( 'NONE',  ( 6.356656405321522600E-018, 1.000000000000000000, -0.0000000000000000000 ) ) ;
#536 = DIRECTION ( 'NONE',  ( -1.000000000000000000, 6.356656405321522600E-018, 4.792715778358356500E-016 ) ) ;
#537 = DIRECTION ( 'NONE',  ( 4.792715778358356500E-016, 0.0000000000000000000, 1.000000000000000000 ) ) ;
#538 = CYLINDRICAL_SURFACE ( 'NONE', #90, 0.02999999999999995400 ) ;
#539 = FACE_OUTER_BOUND ( 'NONE', #332, .T. ) ;
#540 = CARTESIAN_POINT ( 'NONE',  ( -1.343005573347332500, -0.08999999999999971900, 0.0000000000000000000 ) ) ;
#541 = DIRECTION ( 'NONE',  ( -1.000000000000000000, 0.0000000000000000000, 0.0000000000000000000 ) ) ;
#542 = PLANE ( 'NONE',  #92 ) ;
#543 = FACE_OUTER_BOUND ( 'NONE', #321, .T. ) ;
#544 = PLANE ( 'NONE',  #91 ) ;
#545 = CARTESIAN_POINT ( 'NONE',  ( -1.343005573347332500, -0.09000000000000001100, -0.6200000000000000000 ) ) ;
#546 = DIRECTION ( 'NONE',  ( -5.843348287837203400E-016, 4.543900392687535200E-016, 1.000000000000000000 ) ) ;
#547 = DIRECTION ( 'NONE',  ( 1.000000000000000000, 0.0000000000000000000, 5.843348287837203400E-016 ) ) ;
#548 = CARTESIAN_POINT ( 'NONE',  ( -1.343005573347332500, -0.08999999999999824800, 3.240051952796138200 ) ) ;
#549 = FACE_OUTER_BOUND ( 'NONE', #323, .T. ) ;
#550 = DIRECTION ( 'NONE',  ( 0.0000000000000000000, -4.543900392687535200E-016, -1.000000000000000000 ) ) ;
#551 = DIRECTION ( 'NONE',  ( -1.232133813187736800E-030, -4.543900392687535200E-016, -1.000000000000000000 ) ) ;
#552 = DIRECTION ( 'NONE',  ( 0.0000000000000000000, 1.000000000000000000, -4.543900392687535200E-016 ) ) ;
#553 = CYLINDRICAL_SURFACE ( 'NONE', #93, 0.08999999999999983000 ) ;
#554 = FACE_OUTER_BOUND ( 'NONE', #335, .T. ) ;
#555 = DIRECTION ( 'NONE',  ( 0.0000000000000000000, -4.543900392687535200E-016, -1.000000000000000000 ) ) ;
#556 = DIRECTION ( 'NONE',  ( 0.0000000000000000000, 1.000000000000000000, 0.0000000000000000000 ) ) ;
#557 = CYLINDRICAL_SURFACE ( 'NONE', #95, 0.02999999999999981500 ) ;
#558 = FACE_OUTER_BOUND ( 'NONE', #320, .T. ) ;
#559 = CARTESIAN_POINT ( 'NONE',  ( -1.343005573347332500, -0.08999999999999824800, 3.240051952796138200 ) ) ;
#560 = CARTESIAN_POINT ( 'NONE',  ( -1.500000000000000700, 0.004999999999999989700, 1.092739197465705300E-015 ) ) ;
#561 = DIRECTION ( 'NONE',  ( 0.0000000000000000000, 1.000000000000000000, 0.0000000000000000000 ) ) ;
#562 = PLANE ( 'NONE',  #97 ) ;
#563 = FACE_OUTER_BOUND ( 'NONE', #303, .T. ) ;
#564 = PLANE ( 'NONE',  #94 ) ;
#565 = CARTESIAN_POINT ( 'NONE',  ( -1.383103319717451400, 0.02561203868906323700, -0.3100000000000000000 ) ) ;
#566 = DIRECTION ( 'NONE',  ( -7.284262547248629400E-016, -1.203777497045050600E-015, 1.000000000000000000 ) ) ;
#567 = DIRECTION ( 'NONE',  ( 0.0000000000000000000, -1.000000000000000000, -1.203777497045050600E-015 ) ) ;
#568 = PLANE ( 'NONE',  #96 ) ;
#569 = FACE_OUTER_BOUND ( 'NONE', #302, .T. ) ;
#570 = CARTESIAN_POINT ( 'NONE',  ( -1.500000000000000700, 0.004999999999999989700, -0.6200000000000000000 ) ) ;
#571 = DIRECTION ( 'NONE',  ( 0.1736481776669186500, -0.9848077530122102400, -6.731620833150850000E-016 ) ) ;
#572 = DIRECTION ( 'NONE',  ( -4.406206441393973500E-016, 6.058533856916713200E-016, -1.000000000000000000 ) ) ;
#573 = CARTESIAN_POINT ( 'NONE',  ( -1.500000000000000700, 0.004999999999999989700, -3.922026882022715100 ) ) ;
#574 = FACE_OUTER_BOUND ( 'NONE', #349, .T. ) ;
#575 = DIRECTION ( 'NONE',  ( 0.0000000000000000000, 0.0000000000000000000, 1.000000000000000000 ) ) ;
#576 = DIRECTION ( 'NONE',  ( -1.070628637829797600E-016, -1.769291885831742300E-016, -1.000000000000000000 ) ) ;
#577 = DIRECTION ( 'NONE',  ( 0.0000000000000000000, 1.000000000000000000, -1.769291885831742300E-016 ) ) ;
#578 = CYLINDRICAL_SURFACE ( 'NONE', #99, 0.1534999999999998900 ) ;
#579 = FACE_OUTER_BOUND ( 'NONE', #316, .T. ) ;
#580 = DIRECTION ( 'NONE',  ( 0.0000000000000000000, 0.0000000000000000000, 1.000000000000000000 ) ) ;
#581 = DIRECTION ( 'NONE',  ( 1.000000000000000000, 0.0000000000000000000, 0.0000000000000000000 ) ) ;
#582 = CYLINDRICAL_SURFACE ( 'NONE', #98, 0.09349999999999997200 ) ;
#583 = FACE_OUTER_BOUND ( 'NONE', #330, .T. ) ;
#584 = CARTESIAN_POINT ( 'NONE',  ( -1.500000000000000700, 0.004999999999999989700, -3.922026882022715100 ) ) ;
#585 = CARTESIAN_POINT ( 'NONE',  ( -1.343005573347332500, -0.09000000000000009400, -1.250000000000000000 ) ) ;
#586 = DIRECTION ( 'NONE',  ( 1.000000000000000000, 0.0000000000000000000, 0.0000000000000000000 ) ) ;
#587 = PLANE ( 'NONE',  #100 ) ;
#588 = FACE_OUTER_BOUND ( 'NONE', #311, .T. ) ;
#589 = PLANE ( 'NONE',  #101 ) ;
#590 = CARTESIAN_POINT ( 'NONE',  ( -1.343005573347332300, -0.09000000000000023300, -1.870000000000000100 ) ) ;
#591 = DIRECTION ( 'NONE',  ( -4.646430541314000400E-031, 2.203103220696986800E-016, 1.000000000000000000 ) ) ;
#592 = DIRECTION ( 'NONE',  ( 0.0000000000000000000, -1.000000000000000000, 2.203103220696986800E-016 ) ) ;
#593 = CARTESIAN_POINT ( 'NONE',  ( -1.343005573347333800, -0.08999999999999938600, 2.004010703242703700 ) ) ;
#594 = FACE_OUTER_BOUND ( 'NONE', #305, .T. ) ;
#595 = DIRECTION ( 'NONE',  ( 4.406206441393973500E-016, -2.203103220696986800E-016, -1.000000000000000000 ) ) ;
#596 = DIRECTION ( 'NONE',  ( 9.956636874244382300E-031, -2.203103220696986800E-016, -1.000000000000000000 ) ) ;
#597 = DIRECTION ( 'NONE',  ( 0.0000000000000000000, 1.000000000000000000, -2.203103220696986800E-016 ) ) ;
#598 = CYLINDRICAL_SURFACE ( 'NONE', #102, 0.08999999999999985800 ) ;
#599 = FACE_OUTER_BOUND ( 'NONE', #308, .T. ) ;
#600 = DIRECTION ( 'NONE',  ( 4.406206441393973500E-016, -2.203103220696986800E-016, -1.000000000000000000 ) ) ;
#601 = DIRECTION ( 'NONE',  ( -1.000000000000000000, 0.0000000000000000000, 0.0000000000000000000 ) ) ;
#602 = CYLINDRICAL_SURFACE ( 'NONE', #103, 0.02999999999999995400 ) ;
#603 = FACE_OUTER_BOUND ( 'NONE', #306, .T. ) ;
#604 = CARTESIAN_POINT ( 'NONE',  ( -1.343005573347333800, -0.08999999999999938600, 2.004010703242703700 ) ) ;
#605 = CARTESIAN_POINT ( 'NONE',  ( -1.500000000000000900, 0.004999999999999861300, -1.250000000000000000 ) ) ;
#606 = DIRECTION ( 'NONE',  ( -1.000000000000000000, 0.0000000000000000000, 0.0000000000000000000 ) ) ;
#607 = PLANE ( 'NONE',  #115 ) ;
#608 = FACE_OUTER_BOUND ( 'NONE', #315, .T. ) ;
#609 = PLANE ( 'NONE',  #112 ) ;
#610 = CARTESIAN_POINT ( 'NONE',  ( -1.383103319717451400, 0.02561203868906285200, -1.559999999999999800 ) ) ;
#611 = DIRECTION ( 'NONE',  ( 8.676674328497780900E-017, 4.309254665188972000E-016, 1.000000000000000000 ) ) ;
#612 = DIRECTION ( 'NONE',  ( 0.0000000000000000000, -1.000000000000000000, 4.309254665188972000E-016 ) ) ;
#613 = PLANE ( 'NONE',  #114 ) ;
#614 = FACE_OUTER_BOUND ( 'NONE', #309, .T. ) ;
#615 = CARTESIAN_POINT ( 'NONE',  ( -1.500000000000000700, 0.005000000000000134500, -1.869999999999999400 ) ) ;
#616 = DIRECTION ( 'NONE',  ( 0.1736481776669150400, -0.9848077530122108000, 7.545233257811549900E-016 ) ) ;
#617 = DIRECTION ( 'NONE',  ( 4.406206441393973500E-016, -6.884697564678084100E-016, -1.000000000000000000 ) ) ;
#618 = CARTESIAN_POINT ( 'NONE',  ( -1.499999999999999300, 0.005000000000001526700, -5.030917178179660000 ) ) ;
#619 = FACE_OUTER_BOUND ( 'NONE', #347, .T. ) ;
#620 = DIRECTION ( 'NONE',  ( -4.406206441393973500E-016, -4.406206441393973500E-016, 1.000000000000000000 ) ) ;
#621 = DIRECTION ( 'NONE',  ( -8.676674328497773500E-017, -4.309254665188971500E-016, -1.000000000000000000 ) ) ;
#622 = DIRECTION ( 'NONE',  ( 0.0000000000000000000, 1.000000000000000000, -4.309254665188971500E-016 ) ) ;
#623 = CYLINDRICAL_SURFACE ( 'NONE', #113, 0.1534999999999998900 ) ;
#624 = FACE_OUTER_BOUND ( 'NONE', #304, .T. ) ;
#625 = DIRECTION ( 'NONE',  ( -4.406206441393973500E-016, -4.406206441393973500E-016, 1.000000000000000000 ) ) ;
#626 = DIRECTION ( 'NONE',  ( 1.000000000000000000, 0.0000000000000000000, 0.0000000000000000000 ) ) ;
#627 = CYLINDRICAL_SURFACE ( 'NONE', #111, 0.09349999999999997200 ) ;
#628 = FACE_OUTER_BOUND ( 'NONE', #310, .T. ) ;
#629 = CARTESIAN_POINT ( 'NONE',  ( -1.499999999999999300, 0.005000000000001526700, -5.030917178179660000 ) ) ;
#630 = DIRECTION ( 'NONE',  ( 6.356656405321522600E-018, 1.000000000000000000, 0.0000000000000000000 ) ) ;
#631 = DIRECTION ( 'NONE',  ( 1.000000000000000000, 0.0000000000000000000, 0.0000000000000000000 ) ) ;
#632 = CYLINDRICAL_SURFACE ( 'NONE', #110, 0.4999999999999999400 ) ;
#633 = FACE_OUTER_BOUND ( 'NONE', #340, .T. ) ;
#634 = CARTESIAN_POINT ( 'NONE',  ( -0.5000000000000003300, -5.675795616490077600, -2.000000000000000000 ) ) ;
#635 = DIRECTION ( 'NONE',  ( -6.356656405321522600E-018, -1.000000000000000000, 0.0000000000000000000 ) ) ;
#636 = DIRECTION ( 'NONE',  ( -1.000000000000000000, 0.0000000000000000000, 0.0000000000000000000 ) ) ;
#637 = CYLINDRICAL_SURFACE ( 'NONE', #108, 0.5000000000000000000 ) ;
#638 = FACE_OUTER_BOUND ( 'NONE', #312, .T. ) ;
#639 = CARTESIAN_POINT ( 'NONE',  ( -0.5000000000000004400, -5.675795616490077600, -0.5000000000000000000 ) ) ;
#640 = DIRECTION ( 'NONE',  ( 0.0000000000000000000, 0.0000000000000000000, 1.000000000000000000 ) ) ;
#641 = DIRECTION ( 'NONE',  ( 1.000000000000000000, 0.0000000000000000000, 0.0000000000000000000 ) ) ;
#642 = CYLINDRICAL_SURFACE ( 'NONE', #109, 0.09349999999999997200 ) ;
#643 = FACE_OUTER_BOUND ( 'NONE', #334, .T. ) ;
#644 = CARTESIAN_POINT ( 'NONE',  ( -1.500000000000000700, 0.004999999999999989700, -2.764457936163772000 ) ) ;
#645 = CARTESIAN_POINT ( 'NONE',  ( -1.500000000000007800, 0.005000000000001449500, -2.500000000000003600 ) ) ;
#646 = DIRECTION ( 'NONE',  ( 1.000000000000000000, 0.0000000000000000000, 0.0000000000000000000 ) ) ;
#647 = PLANE ( 'NONE',  #107 ) ;
#648 = FACE_OUTER_BOUND ( 'NONE', #325, .T. ) ;
#649 = PLANE ( 'NONE',  #106 ) ;
#650 = CARTESIAN_POINT ( 'NONE',  ( -1.500000000000000700, 0.004999999999999989700, 0.0000000000000000000 ) ) ;
#651 = DIRECTION ( 'NONE',  ( -4.609632215800765700E-016, -1.329359988609200900E-015, -1.000000000000000000 ) ) ;
#652 = DIRECTION ( 'NONE',  ( -0.7694344384003591900, -0.6387257979786973300, 1.203777497045050400E-015 ) ) ;
#653 = CARTESIAN_POINT ( 'NONE',  ( -1.500000000000000700, 0.004999999999999989700, -2.764457936163772000 ) ) ;
#654 = FACE_OUTER_BOUND ( 'NONE', #307, .T. ) ;
#655 = DIRECTION ( 'NONE',  ( 0.0000000000000000000, 0.0000000000000000000, 1.000000000000000000 ) ) ;
#656 = DIRECTION ( 'NONE',  ( 0.0000000000000000000, 0.0000000000000000000, 1.000000000000000000 ) ) ;
#657 = DIRECTION ( 'NONE',  ( 1.000000000000000000, 0.0000000000000000000, -0.0000000000000000000 ) ) ;
#658 = CYLINDRICAL_SURFACE ( 'NONE', #104, 0.09349999999999997200 ) ;
#659 = FACE_OUTER_BOUND ( 'NONE', #342, .T. ) ;
#660 = DIRECTION ( 'NONE',  ( 1.000000000000000000, 0.0000000000000000000, 0.0000000000000000000 ) ) ;
#661 = LINE ( 'NONE', #665, #50 ) ;
#662 = CARTESIAN_POINT ( 'NONE',  ( -1.343005573347332500, -0.08999999999999971900, 1.092739197465705300E-015 ) ) ;
#663 = DIRECTION ( 'NONE',  ( 0.0000000000000000000, -4.543900392687535200E-016, -1.000000000000000000 ) ) ;
#664 = DIRECTION ( 'NONE',  ( 0.0000000000000000000, 1.000000000000000000, -4.543900392687554900E-016 ) ) ;
#665 = CARTESIAN_POINT ( 'NONE',  ( -1.368672237105261500, -0.07446866485013592400, -2.653959137392333800E-017 ) ) ;
#666 = CARTESIAN_POINT ( 'NONE',  ( -1.343005573347332500, -0.08999999999999971900, 1.092739197465705300E-015 ) ) ;
#667 = DIRECTION ( 'NONE',  ( 0.0000000000000000000, -4.543900392687535200E-016, -1.000000000000000000 ) ) ;
#668 = DIRECTION ( 'NONE',  ( 0.0000000000000000000, 1.000000000000000000, -4.543900392687535200E-016 ) ) ;
#669 = CARTESIAN_POINT ( 'NONE',  ( -1.343005573347332500, -0.09000000000000001100, -0.6199999999999988900 ) ) ;
#670 = DIRECTION ( 'NONE',  ( -0.0000000000000000000, 4.543900392687535200E-016, 1.000000000000000000 ) ) ;
#671 = DIRECTION ( 'NONE',  ( 0.0000000000000000000, 1.000000000000000000, 0.0000000000000000000 ) ) ;
#672 = CARTESIAN_POINT ( 'NONE',  ( -1.368672237105261800, -0.07446866485013620100, -0.6200000000000000000 ) ) ;
#673 = DIRECTION ( 'NONE',  ( -0.8555554585976474800, 0.5177111716621235500, 2.191472396473287100E-016 ) ) ;
#674 = CARTESIAN_POINT ( 'NONE',  ( -1.407920475093359200, 0.02123610461185687600, -3.922026882022715100 ) ) ;
#675 = LINE ( 'NONE', #685, #1424 ) ;
#676 = LINE ( 'NONE', #672, #48 ) ;
#677 = CARTESIAN_POINT ( 'NONE',  ( -1.343005573347332500, -0.09000000000000001100, -0.6199999999999988900 ) ) ;
#678 = DIRECTION ( 'NONE',  ( -0.0000000000000000000, 4.543900392687535200E-016, 1.000000000000000000 ) ) ;
#679 = DIRECTION ( 'NONE',  ( 0.0000000000000000000, 1.000000000000000000, 0.0000000000000000000 ) ) ;
#680 = DIRECTION ( 'NONE',  ( -0.8555554585976474800, 0.5177111716621235500, 2.191472396473287100E-016 ) ) ;
#681 = LINE ( 'NONE', #683, #1549 ) ;
#682 = LINE ( 'NONE', #674, #1546 ) ;
#683 = CARTESIAN_POINT ( 'NONE',  ( -1.368672237105261800, -0.07446866485013620100, -0.6200000000000000000 ) ) ;
#684 = DIRECTION ( 'NONE',  ( 2.002681797966450300E-016, 3.332043546152922800E-016, 1.000000000000000000 ) ) ;
#685 = CARTESIAN_POINT ( 'NONE',  ( -1.420005564621120700, -0.04340599455040875000, -0.6200000000000000000 ) ) ;
#686 = DIRECTION ( 'NONE',  ( 2.002681797966450300E-016, 3.332043546152922800E-016, 1.000000000000000000 ) ) ;
#687 = LINE ( 'NONE', #688, #1550 ) ;
#688 = CARTESIAN_POINT ( 'NONE',  ( -1.383103319717450900, 0.02561203868906305000, 0.0000000000000000000 ) ) ;
#689 = DIRECTION ( 'NONE',  ( 0.9848077530122103500, 0.1736481776669166800, 0.0000000000000000000 ) ) ;
#690 = CARTESIAN_POINT ( 'NONE',  ( -1.348832009912626300, 0.03165499527187200200, -3.922026882022715100 ) ) ;
#691 = CARTESIAN_POINT ( 'NONE',  ( -1.500000000000000700, 0.004999999999999989700, 1.092739197465705300E-015 ) ) ;
#692 = DIRECTION ( 'NONE',  ( -0.0000000000000000000, -0.0000000000000000000, -1.000000000000000000 ) ) ;
#693 = DIRECTION ( 'NONE',  ( 1.000000000000000000, -8.902245300209417600E-016, 0.0000000000000000000 ) ) ;
#694 = LINE ( 'NONE', #690, #1476 ) ;
#695 = DIRECTION ( 'NONE',  ( -0.0000000000000000000, -0.0000000000000000000, -1.000000000000000000 ) ) ;
#696 = CARTESIAN_POINT ( 'NONE',  ( -1.368672237105261500, -0.07446866485013634000, -1.870000000000000100 ) ) ;
#697 = CARTESIAN_POINT ( 'NONE',  ( -1.500000000000000700, 0.004999999999999989700, 1.092739197465705300E-015 ) ) ;
#698 = DIRECTION ( 'NONE',  ( -0.0000000000000000000, -0.0000000000000000000, -1.000000000000000000 ) ) ;
#699 = DIRECTION ( 'NONE',  ( 1.000000000000000000, 0.0000000000000000000, 0.0000000000000000000 ) ) ;
#700 = DIRECTION ( 'NONE',  ( -0.0000000000000000000, -0.0000000000000000000, -1.000000000000000000 ) ) ;
#701 = LINE ( 'NONE', #702, #1479 ) ;
#702 = CARTESIAN_POINT ( 'NONE',  ( -1.383103319717451400, 0.02561203868906340000, -0.6200000000000000000 ) ) ;
#703 = DIRECTION ( 'NONE',  ( 0.9848077530122098000, 0.1736481776669199500, 0.0000000000000000000 ) ) ;
#704 = CARTESIAN_POINT ( 'NONE',  ( -1.368672237105261800, -0.07446866485013647900, -1.250000000000000000 ) ) ;
#705 = CARTESIAN_POINT ( 'NONE',  ( -1.500000000000000700, 0.004999999999999989700, -0.6200000000000000000 ) ) ;
#706 = DIRECTION ( 'NONE',  ( 0.0000000000000000000, 0.0000000000000000000, 1.000000000000000000 ) ) ;
#707 = DIRECTION ( 'NONE',  ( 1.000000000000000000, 0.0000000000000000000, 0.0000000000000000000 ) ) ;
#708 = LINE ( 'NONE', #704, #1475 ) ;
#709 = CARTESIAN_POINT ( 'NONE',  ( -1.500000000000000700, 0.004999999999999989700, -0.6200000000000000000 ) ) ;
#710 = DIRECTION ( 'NONE',  ( 0.0000000000000000000, 0.0000000000000000000, 1.000000000000000000 ) ) ;
#711 = DIRECTION ( 'NONE',  ( 1.000000000000000000, 0.0000000000000000000, 0.0000000000000000000 ) ) ;
#712 = DIRECTION ( 'NONE',  ( -0.8555554585976478100, 0.5177111716621233300, -2.707221901625378800E-016 ) ) ;
#713 = CARTESIAN_POINT ( 'NONE',  ( -1.303005573347331800, -5.675795616490077600, -1.220000000000000200 ) ) ;
#714 = CARTESIAN_POINT ( 'NONE',  ( -1.343005573347332500, -0.09000000000000009400, -1.250000000000000000 ) ) ;
#715 = DIRECTION ( 'NONE',  ( 4.406206441393973500E-016, -2.203103220696986800E-016, -1.000000000000000000 ) ) ;
#716 = DIRECTION ( 'NONE',  ( -1.000000000000000000, 0.0000000000000000000, 0.0000000000000000000 ) ) ;
#717 = LINE ( 'NONE', #713, #1486 ) ;
#718 = CARTESIAN_POINT ( 'NONE',  ( -1.343005573347332500, -0.09000000000000009400, -1.250000000000000000 ) ) ;
#719 = DIRECTION ( 'NONE',  ( 4.406206441393973500E-016, -2.203103220696986800E-016, -1.000000000000000000 ) ) ;
#720 = DIRECTION ( 'NONE',  ( -1.000000000000000000, 0.0000000000000000000, 0.0000000000000000000 ) ) ;
#721 = DIRECTION ( 'NONE',  ( 6.356656405321522600E-018, 1.000000000000000000, -0.0000000000000000000 ) ) ;
#722 = CARTESIAN_POINT ( 'NONE',  ( -1.368672237105261500, -0.07446866485013634000, -1.870000000000000100 ) ) ;
#723 = LINE ( 'NONE', #722, #1494 ) ;
#724 = LINE ( 'NONE', #696, #1487 ) ;
#725 = CARTESIAN_POINT ( 'NONE',  ( -1.343005573347332300, -0.09000000000000023300, -1.870000000000000100 ) ) ;
#726 = DIRECTION ( 'NONE',  ( -4.406206441393973500E-016, 2.203103220696986800E-016, 1.000000000000000000 ) ) ;
#727 = DIRECTION ( 'NONE',  ( -1.000000000000000000, -6.829619984160668500E-015, 0.0000000000000000000 ) ) ;
#728 = DIRECTION ( 'NONE',  ( -0.8555554585976478100, 0.5177111716621233300, -2.707221901625378800E-016 ) ) ;
#729 = LINE ( 'NONE', #730, #1490 ) ;
#730 = CARTESIAN_POINT ( 'NONE',  ( -1.420005564621120300, -0.04340599455040902700, -1.870000000000000100 ) ) ;
#731 = DIRECTION ( 'NONE',  ( -6.687348740753243000E-016, -1.566650751945744500E-016, 1.000000000000000000 ) ) ;
#732 = CARTESIAN_POINT ( 'NONE',  ( -1.383103319717451400, 0.02561203868906306700, -1.249999999999999800 ) ) ;
#733 = CARTESIAN_POINT ( 'NONE',  ( -1.343005573347332300, -0.09000000000000023300, -1.870000000000000100 ) ) ;
#734 = DIRECTION ( 'NONE',  ( -4.406206441393973500E-016, 2.203103220696986800E-016, 1.000000000000000000 ) ) ;
#735 = DIRECTION ( 'NONE',  ( -1.000000000000000000, 6.260484985480612900E-015, 0.0000000000000000000 ) ) ;
#736 = LINE ( 'NONE', #732, #1460 ) ;
#737 = DIRECTION ( 'NONE',  ( -6.687348740753243000E-016, -1.566650751945744500E-016, 1.000000000000000000 ) ) ;
#738 = LINE ( 'NONE', #739, #1466 ) ;
#739 = CARTESIAN_POINT ( 'NONE',  ( -1.407920475093357400, 0.02123610461185809400, -5.030917178179660000 ) ) ;
#740 = CARTESIAN_POINT ( 'NONE',  ( -1.500000000000000900, 0.004999999999999861300, -1.250000000000000000 ) ) ;
#741 = DIRECTION ( 'NONE',  ( 4.406206441393973500E-016, 4.406206441393973500E-016, -1.000000000000000000 ) ) ;
#742 = DIRECTION ( 'NONE',  ( 1.000000000000000000, 8.902245300209417600E-016, 0.0000000000000000000 ) ) ;
#743 = DIRECTION ( 'NONE',  ( 0.9848077530122102400, 0.1736481776669178400, 0.0000000000000000000 ) ) ;
#744 = LINE ( 'NONE', #749, #1459 ) ;
#745 = CARTESIAN_POINT ( 'NONE',  ( -1.500000000000000900, 0.004999999999999861300, -1.250000000000000000 ) ) ;
#746 = DIRECTION ( 'NONE',  ( 4.406206441393973500E-016, 4.406206441393973500E-016, -1.000000000000000000 ) ) ;
#747 = DIRECTION ( 'NONE',  ( 1.000000000000000000, 0.0000000000000000000, 0.0000000000000000000 ) ) ;
#748 = DIRECTION ( 'NONE',  ( 4.406206441393973500E-016, 4.406206441393973500E-016, -1.000000000000000000 ) ) ;
#749 = CARTESIAN_POINT ( 'NONE',  ( -1.383103319717450900, 0.02561203868906262700, -1.869999999999999400 ) ) ;
#750 = DIRECTION ( 'NONE',  ( 0.9848077530122112400, 0.1736481776669120100, 0.0000000000000000000 ) ) ;
#751 = LINE ( 'NONE', #752, #1465 ) ;
#752 = CARTESIAN_POINT ( 'NONE',  ( -1.348832009912625000, 0.03165499527187300200, -5.030917178179660000 ) ) ;
#753 = DIRECTION ( 'NONE',  ( 4.406206441393973500E-016, 4.406206441393973500E-016, -1.000000000000000000 ) ) ;
#754 = CARTESIAN_POINT ( 'NONE',  ( -1.593500000000000600, 0.005000000000000001000, -2.764457936163772000 ) ) ;
#755 = LINE ( 'NONE', #754, #1554 ) ;
#756 = CARTESIAN_POINT ( 'NONE',  ( -1.500000000000000700, 0.005000000000000134500, -1.869999999999999400 ) ) ;
#757 = DIRECTION ( 'NONE',  ( -4.406206441393973500E-016, -4.406206441393973500E-016, 1.000000000000000000 ) ) ;
#758 = DIRECTION ( 'NONE',  ( 1.000000000000000000, 0.0000000000000000000, 0.0000000000000000000 ) ) ;
#759 = CARTESIAN_POINT ( 'NONE',  ( -1.500000000000000700, 0.005000000000000134500, -1.869999999999999400 ) ) ;
#760 = DIRECTION ( 'NONE',  ( -4.406206441393973500E-016, -4.406206441393973500E-016, 1.000000000000000000 ) ) ;
#761 = DIRECTION ( 'NONE',  ( 1.000000000000000000, 0.0000000000000000000, 0.0000000000000000000 ) ) ;
#762 = DIRECTION ( 'NONE',  ( 0.0000000000000000000, 0.0000000000000000000, 1.000000000000000000 ) ) ;
#763 = MANIFOLD_SOLID_BREP ( 'Fillet1', #43 ) ;
#764 = MANIFOLD_SOLID_BREP ( 'Extrude1', #40 ) ;
#765 = UNCERTAINTY_MEASURE_WITH_UNIT (LENGTH_MEASURE( 1.000000000000000100E-005 ), #819, 'distance_accuracy_value', 'NONE');
#766 = UNCERTAINTY_MEASURE_WITH_UNIT (LENGTH_MEASURE( 1.000000000000000100E-005 ), #830, 'distance_accuracy_value', 'NONE');
#767 = UNCERTAINTY_MEASURE_WITH_UNIT (LENGTH_MEASURE( 1.000000000000000100E-005 ), #1113, 'distance_accuracy_value', 'NONE');
#768 = UNCERTAINTY_MEASURE_WITH_UNIT (LENGTH_MEASURE( 1.000000000000000100E-005 ), #1127, 'distance_accuracy_value', 'NONE');
#769 = UNCERTAINTY_MEASURE_WITH_UNIT (LENGTH_MEASURE( 1.000000000000000100E-005 ), #1133, 'distance_accuracy_value', 'NONE');
#770 = UNCERTAINTY_MEASURE_WITH_UNIT (LENGTH_MEASURE( 1.000000000000000100E-005 ), #1144, 'distance_accuracy_value', 'NONE');
#771 = UNCERTAINTY_MEASURE_WITH_UNIT (LENGTH_MEASURE( 1.000000000000000100E-005 ), #1162, 'distance_accuracy_value', 'NONE');
#772 = PRODUCT_DEFINITION_CONTEXT ( 'detailed design', #1, 'design' ) ;
#773 = PRODUCT_DEFINITION_CONTEXT ( 'detailed design', #3, 'design' ) ;
#774 = PRODUCT_DEFINITION_SHAPE ( 'NONE', 'NONE',  #1216 ) ;
#775 = PRODUCT_DEFINITION_CONTEXT ( 'detailed design', #9, 'design' ) ;
#776 = PRODUCT_DEFINITION_SHAPE ( 'NONE', 'NONE',  #194 ) ;
#777 = PRODUCT_DEFINITION_SHAPE ( 'NONE', 'NONE',  #192 ) ;
#778 = PRODUCT_DEFINITION_SHAPE ( 'NONE', 'NONE',  #193 ) ;
#779 = PRODUCT_DEFINITION_SHAPE ( 'NONE', 'NONE',  #1218 ) ;
#780 = PRODUCT_DEFINITION_SHAPE ( 'NONE', 'NONE',  #1219 ) ;
#781 = ORIENTED_EDGE ( 'NONE', *, *, #16, .F. ) ;
#782 = DIMENSIONAL_EXPONENTS ( 1.000000000000000000, 0.0000000000000000000, 0.0000000000000000000, 0.0000000000000000000, 0.0000000000000000000, 0.0000000000000000000, 0.0000000000000000000 ) ;
#783 = DIMENSIONAL_EXPONENTS ( 1.000000000000000000, 0.0000000000000000000, 0.0000000000000000000, 0.0000000000000000000, 0.0000000000000000000, 0.0000000000000000000, 0.0000000000000000000 ) ;
#784 = DIMENSIONAL_EXPONENTS ( 1.000000000000000000, 0.0000000000000000000, 0.0000000000000000000, 0.0000000000000000000, 0.0000000000000000000, 0.0000000000000000000, 0.0000000000000000000 ) ;
#785 = DIMENSIONAL_EXPONENTS ( 1.000000000000000000, 0.0000000000000000000, 0.0000000000000000000, 0.0000000000000000000, 0.0000000000000000000, 0.0000000000000000000, 0.0000000000000000000 ) ;
#786 = DIMENSIONAL_EXPONENTS ( 1.000000000000000000, 0.0000000000000000000, 0.0000000000000000000, 0.0000000000000000000, 0.0000000000000000000, 0.0000000000000000000, 0.0000000000000000000 ) ;
#787 = DIMENSIONAL_EXPONENTS ( 1.000000000000000000, 0.0000000000000000000, 0.0000000000000000000, 0.0000000000000000000, 0.0000000000000000000, 0.0000000000000000000, 0.0000000000000000000 ) ;
#788 = DIMENSIONAL_EXPONENTS ( 1.000000000000000000, 0.0000000000000000000, 0.0000000000000000000, 0.0000000000000000000, 0.0000000000000000000, 0.0000000000000000000, 0.0000000000000000000 ) ;
#789 = PRODUCT ( 'Hinge_01', 'Hinge_01', '', ( #1172 ) ) ;
#790 = PRODUCT ( 'Hinge_01_Pin', 'Hinge_01_Pin', '', ( #1175 ) ) ;
#791 = PRODUCT ( 'Hinge_01', 'Hinge_01', '', ( #1178 ) ) ;
#792 = CARTESIAN_POINT ( 'NONE',  ( -1.406500000000000700, 0.004999999999999989700, -2.764457936163772000 ) ) ;
#793 = CARTESIAN_POINT ( 'NONE',  ( -1.500000000000000700, 0.004999999999999989700, -2.500000000000003600 ) ) ;
#794 = DIRECTION ( 'NONE',  ( 4.609632215800767700E-016, 1.329359988609201100E-015, 1.000000000000000000 ) ) ;
#795 = DIRECTION ( 'NONE',  ( 0.0000000000000000000, 1.000000000000000000, 0.0000000000000000000 ) ) ;
#796 = FILL_AREA_STYLE_COLOUR ( '', #1504 ) ;
#797 = LINE ( 'NONE', #792, #1470 ) ;
#798 = CARTESIAN_POINT ( 'NONE',  ( -1.500000000000000700, 0.004999999999999989700, 0.0000000000000000000 ) ) ;
#799 = DIRECTION ( 'NONE',  ( 0.0000000000000000000, 0.0000000000000000000, 1.000000000000000000 ) ) ;
#800 = DIRECTION ( 'NONE',  ( 1.000000000000000000, 0.0000000000000000000, 0.0000000000000000000 ) ) ;
#801 = DIRECTION ( 'NONE',  ( 0.0000000000000000000, 0.0000000000000000000, 1.000000000000000000 ) ) ;
#802 = DIRECTION ( 'NONE',  ( -0.0000000000000000000, 1.000000000000000000, -0.0000000000000000000 ) ) ;
#803 = CARTESIAN_POINT ( 'NONE',  ( -1.500000000000000700, 0.004999999999999989700, -2.500000000000003600 ) ) ;
#804 = DIRECTION ( 'NONE',  ( 4.609632215800767700E-016, 1.329359988609201100E-015, 1.000000000000000000 ) ) ;
#805 = DIRECTION ( 'NONE',  ( 0.0000000000000000000, 1.000000000000000000, 0.0000000000000000000 ) ) ;
#806 = FILL_AREA_STYLE_COLOUR ( '', #1501 ) ;
#807 = CARTESIAN_POINT ( 'NONE',  ( -1.348832009912626300, 0.03165499527187219700, -0.6200000000000000000 ) ) ;
#808 = CARTESIAN_POINT ( 'NONE',  ( -1.500000000000000700, 0.004999999999999989700, 0.0000000000000000000 ) ) ;
#809 = DIRECTION ( 'NONE',  ( 0.0000000000000000000, 0.0000000000000000000, 1.000000000000000000 ) ) ;
#810 = DIRECTION ( 'NONE',  ( 1.000000000000000000, 0.0000000000000000000, 0.0000000000000000000 ) ) ;
#811 = CYLINDRICAL_SURFACE ( 'NONE', #1516, 0.1089999999999999900 ) ;
#812 = FILL_AREA_STYLE ('',( #806 ) ) ;
#813 = SURFACE_STYLE_FILL_AREA ( #812 ) ;
#814 = SURFACE_SIDE_STYLE ('',( #813 ) ) ;
#815 = SURFACE_STYLE_USAGE ( .BOTH. , #814 ) ;
#816 = PRESENTATION_STYLE_ASSIGNMENT (( #815 ) ) ;
#817 =( LENGTH_UNIT ( ) NAMED_UNIT ( * ) SI_UNIT ( $, .METRE. ) );
#818 = LENGTH_MEASURE_WITH_UNIT ( LENGTH_MEASURE( 0.02539999999999999900 ), #817 );
#819 =( CONVERSION_BASED_UNIT ( 'INCH', #818 ) LENGTH_UNIT ( ) NAMED_UNIT ( #783 ) );
#820 =( NAMED_UNIT ( * ) PLANE_ANGLE_UNIT ( ) SI_UNIT ( $, .RADIAN. ) );
#821 =( NAMED_UNIT ( * ) SI_UNIT ( $, .STERADIAN. ) SOLID_ANGLE_UNIT ( ) );
#822 = CARTESIAN_POINT ( 'NONE',  ( -0.3750000000000000600, 0.0000000000000000000, -1.250000000000000000 ) ) ;
#823 = FILL_AREA_STYLE ('',( #796 ) ) ;
#824 = SURFACE_STYLE_FILL_AREA ( #823 ) ;
#825 = SURFACE_SIDE_STYLE ('',( #824 ) ) ;
#826 = SURFACE_STYLE_USAGE ( .BOTH. , #825 ) ;
#827 = PRESENTATION_STYLE_ASSIGNMENT (( #826 ) ) ;
#828 =( LENGTH_UNIT ( ) NAMED_UNIT ( * ) SI_UNIT ( $, .METRE. ) );
#829 = LENGTH_MEASURE_WITH_UNIT ( LENGTH_MEASURE( 0.02539999999999999900 ), #828 );
#830 =( CONVERSION_BASED_UNIT ( 'INCH', #829 ) LENGTH_UNIT ( ) NAMED_UNIT ( #784 ) );
#831 =( NAMED_UNIT ( * ) PLANE_ANGLE_UNIT ( ) SI_UNIT ( $, .RADIAN. ) );
#832 =( NAMED_UNIT ( * ) SI_UNIT ( $, .STERADIAN. ) SOLID_ANGLE_UNIT ( ) );
#833 = DIRECTION ( 'NONE',  ( -0.0000000000000000000, 1.000000000000000000, -0.0000000000000000000 ) ) ;
#834 = FACE_OUTER_BOUND ( 'NONE', #339, .T. ) ;
#835 = DIRECTION ( 'NONE',  ( 0.0000000000000000000, 0.0000000000000000000, 1.000000000000000000 ) ) ;
#836 = CYLINDRICAL_SURFACE ( 'NONE', #1518, 0.1089999999999999900 ) ;
#837 = FACE_OUTER_BOUND ( 'NONE', #353, .T. ) ;
#838 = CARTESIAN_POINT ( 'NONE',  ( -0.3750000000000000600, 0.0000000000000000000, -1.250000000000000000 ) ) ;
#839 = DIRECTION ( 'NONE',  ( 0.0000000000000000000, 0.0000000000000000000, 1.000000000000000000 ) ) ;
#840 = DIRECTION ( 'NONE',  ( 0.0000000000000000000, 0.0000000000000000000, 1.000000000000000000 ) ) ;
#841 = CARTESIAN_POINT ( 'NONE',  ( -0.3750000000000000600, 0.0000000000000000000, -1.250000000000000000 ) ) ;
#842 = FACE_OUTER_BOUND ( 'NONE', #333, .T. ) ;
#843 = DIRECTION ( 'NONE',  ( -0.0000000000000000000, 1.000000000000000000, -0.0000000000000000000 ) ) ;
#844 = DIRECTION ( 'NONE',  ( -0.0000000000000000000, 1.000000000000000000, -0.0000000000000000000 ) ) ;
#845 = CYLINDRICAL_SURFACE ( 'NONE', #1511, 0.1089999999999999900 ) ;
#846 = FACE_OUTER_BOUND ( 'NONE', #317, .T. ) ;
#847 = CARTESIAN_POINT ( 'NONE',  ( -1.000000000000000200, 0.0000000000000000000, -0.3750000000000000600 ) ) ;
#848 = DIRECTION ( 'NONE',  ( 0.0000000000000000000, 0.0000000000000000000, 1.000000000000000000 ) ) ;
#849 = DIRECTION ( 'NONE',  ( 0.0000000000000000000, 0.0000000000000000000, 1.000000000000000000 ) ) ;
#850 = CARTESIAN_POINT ( 'NONE',  ( -1.000000000000000200, 0.0000000000000000000, -0.3750000000000000600 ) ) ;
#851 = FACE_OUTER_BOUND ( 'NONE', #329, .T. ) ;
#852 = DIRECTION ( 'NONE',  ( -0.0000000000000000000, 1.000000000000000000, -0.0000000000000000000 ) ) ;
#853 = DIRECTION ( 'NONE',  ( -0.0000000000000000000, 1.000000000000000000, -0.0000000000000000000 ) ) ;
#854 = CYLINDRICAL_SURFACE ( 'NONE', #1519, 0.1089999999999999900 ) ;
#855 = FACE_OUTER_BOUND ( 'NONE', #324, .T. ) ;
#856 = CARTESIAN_POINT ( 'NONE',  ( -1.000000000000000200, 0.0000000000000000000, -0.3750000000000000600 ) ) ;
#857 = DIRECTION ( 'NONE',  ( 0.0000000000000000000, 1.000000000000000000, 0.0000000000000000000 ) ) ;
#858 = DIRECTION ( 'NONE',  ( 0.0000000000000000000, 0.0000000000000000000, 1.000000000000000000 ) ) ;
#859 = PLANE ( 'NONE',  #1512 ) ;
#860 = FACE_BOUND ( 'NONE', #343, .T. ) ;
#861 = DIRECTION ( 'NONE',  ( -6.356656405321523400E-018, -1.000000000000000000, 0.0000000000000000000 ) ) ;
#862 = FACE_BOUND ( 'NONE', #328, .T. ) ;
#863 = CARTESIAN_POINT ( 'NONE',  ( -1.343005573347332300, 0.0000000000000000000, -2.500000000000000000 ) ) ;
#864 = FACE_BOUND ( 'NONE', #313, .T. ) ;
#865 = FACE_BOUND ( 'NONE', #345, .T. ) ;
#866 = FACE_OUTER_BOUND ( 'NONE', #300, .T. ) ;
#867 = DIRECTION ( 'NONE',  ( 0.0000000000000000000, -0.0000000000000000000, 1.000000000000000000 ) ) ;
#868 = PLANE ( 'NONE',  #1513 ) ;
#869 = FACE_BOUND ( 'NONE', #351, .T. ) ;
#870 = DIRECTION ( 'NONE',  ( 0.0000000000000000000, 0.0000000000000000000, 1.000000000000000000 ) ) ;
#871 = CARTESIAN_POINT ( 'NONE',  ( -1.343005573347332300, -0.05999999999999999100, -2.500000000000000000 ) ) ;
#872 = FACE_BOUND ( 'NONE', #346, .T. ) ;
#873 = DIRECTION ( 'NONE',  ( -0.0000000000000000000, 1.000000000000000000, -0.0000000000000000000 ) ) ;
#874 = FACE_OUTER_BOUND ( 'NONE', #344, .T. ) ;
#875 = DIRECTION ( 'NONE',  ( 1.000000000000000000, -6.356656405321523400E-018, 0.0000000000000000000 ) ) ;
#876 = CARTESIAN_POINT ( 'NONE',  ( -1.000000000000000200, 0.0000000000000000000, -2.125000000000000000 ) ) ;
#877 = FACE_OUTER_BOUND ( 'NONE', #319, .T. ) ;
#878 = DIRECTION ( 'NONE',  ( -0.0000000000000000000, 1.000000000000000000, -0.0000000000000000000 ) ) ;
#879 = CYLINDRICAL_SURFACE ( 'NONE', #1510, 0.1090000000000001200 ) ;
#880 = FACE_OUTER_BOUND ( 'NONE', #301, .T. ) ;
#881 = CARTESIAN_POINT ( 'NONE',  ( -1.000000000000000200, 0.0000000000000000000, -2.125000000000000000 ) ) ;
#882 = DIRECTION ( 'NONE',  ( -0.0000000000000000000, 1.000000000000000000, -0.0000000000000000000 ) ) ;
#883 = DIRECTION ( 'NONE',  ( 0.0000000000000000000, 0.0000000000000000000, 1.000000000000000000 ) ) ;
#884 = CYLINDRICAL_SURFACE ( 'NONE', #1520, 0.1090000000000001200 ) ;
#885 = FACE_OUTER_BOUND ( 'NONE', #326, .T. ) ;
#886 = CARTESIAN_POINT ( 'NONE',  ( -1.000000000000000200, 0.0000000000000000000, -2.125000000000000000 ) ) ;
#887 = DIRECTION ( 'NONE',  ( 0.0000000000000000000, 0.0000000000000000000, 1.000000000000000000 ) ) ;
#888 = DIRECTION ( 'NONE',  ( 0.0000000000000000000, 0.0000000000000000000, 1.000000000000000000 ) ) ;
#889 = CARTESIAN_POINT ( 'NONE',  ( -1.000000000000000200, 0.0000000000000000000, -2.125000000000000000 ) ) ;
#890 = FACE_OUTER_BOUND ( 'NONE', #318, .T. ) ;
#891 = DIRECTION ( 'NONE',  ( -0.0000000000000000000, 1.000000000000000000, -0.0000000000000000000 ) ) ;
#892 = DIRECTION ( 'NONE',  ( 0.0000000000000000000, 0.0000000000000000000, 1.000000000000000000 ) ) ;
#893 = CARTESIAN_POINT ( 'NONE',  ( -1.000000000000000200, 0.0000000000000000000, -0.3750000000000000600 ) ) ;
#894 = FACE_OUTER_BOUND ( 'NONE', #322, .T. ) ;
#895 = DIRECTION ( 'NONE',  ( -0.0000000000000000000, 1.000000000000000000, -0.0000000000000000000 ) ) ;
#896 = DIRECTION ( 'NONE',  ( 0.0000000000000000000, 0.0000000000000000000, 1.000000000000000000 ) ) ;
#897 = CARTESIAN_POINT ( 'NONE',  ( -0.3750000000000000600, 0.0000000000000000000, -1.250000000000000000 ) ) ;
#898 = FACE_OUTER_BOUND ( 'NONE', #299, .T. ) ;
#899 = DIRECTION ( 'NONE',  ( -0.0000000000000000000, 1.000000000000000000, -0.0000000000000000000 ) ) ;
#900 = CARTESIAN_POINT ( 'NONE',  ( -0.3750000000000000600, 0.0000000000000000000, -1.141000000000000000 ) ) ;
#901 = LINE ( 'NONE', #902, #1506 ) ;
#902 = CARTESIAN_POINT ( 'NONE',  ( -0.3750000000000000600, 0.0000000000000000000, -1.400000000000000100 ) ) ;
#903 = DIRECTION ( 'NONE',  ( 8.034405899049450100E-017, 0.7547095802227722400, -0.6560590289905070500 ) ) ;
#904 = LINE ( 'NONE', #900, #1530 ) ;
#905 = CARTESIAN_POINT ( 'NONE',  ( -0.3750000000000000600, -0.04716510469606139500, -1.250000000000000000 ) ) ;
#906 = DIRECTION ( 'NONE',  ( -0.0000000000000000000, 1.000000000000000000, -0.0000000000000000000 ) ) ;
#907 = DIRECTION ( 'NONE',  ( 0.0000000000000000000, 0.0000000000000000000, 1.000000000000000000 ) ) ;
#908 = DIRECTION ( 'NONE',  ( -0.0000000000000000000, 1.000000000000000000, -0.0000000000000000000 ) ) ;
#909 = CARTESIAN_POINT ( 'NONE',  ( -0.3750000000000000600, -0.05999999999999999800, -1.250000000000000000 ) ) ;
#910 = DIRECTION ( 'NONE',  ( -6.356656405321523400E-018, -1.000000000000000000, 0.0000000000000000000 ) ) ;
#911 = DIRECTION ( 'NONE',  ( 1.000000000000000000, 0.0000000000000000000, 0.0000000000000000000 ) ) ;
#912 = CARTESIAN_POINT ( 'NONE',  ( -1.000000000000000200, -0.04716510469606139500, -0.3750000000000000600 ) ) ;
#913 = DIRECTION ( 'NONE',  ( -0.0000000000000000000, 1.000000000000000000, -0.0000000000000000000 ) ) ;
#914 = DIRECTION ( 'NONE',  ( 0.0000000000000000000, 0.0000000000000000000, 1.000000000000000000 ) ) ;
#915 = CARTESIAN_POINT ( 'NONE',  ( -0.3750000000000000600, 0.0000000000000000000, -1.100000000000000100 ) ) ;
#916 = CARTESIAN_POINT ( 'NONE',  ( -1.000000000000000200, 0.0000000000000000000, -0.3750000000000000600 ) ) ;
#917 = DIRECTION ( 'NONE',  ( -0.0000000000000000000, 1.000000000000000000, -0.0000000000000000000 ) ) ;
#918 = DIRECTION ( 'NONE',  ( 0.0000000000000000000, 0.0000000000000000000, 1.000000000000000000 ) ) ;
#919 = CARTESIAN_POINT ( 'NONE',  ( -1.000000000000000200, -0.05999999999999999100, -0.3750000000000000600 ) ) ;
#920 = DIRECTION ( 'NONE',  ( -6.356656405321523400E-018, -1.000000000000000000, 0.0000000000000000000 ) ) ;
#921 = DIRECTION ( 'NONE',  ( 1.000000000000000000, 0.0000000000000000000, 0.0000000000000000000 ) ) ;
#922 = CARTESIAN_POINT ( 'NONE',  ( -1.000000000000000200, -0.04716510469606139500, -2.125000000000000000 ) ) ;
#923 = DIRECTION ( 'NONE',  ( -0.0000000000000000000, 1.000000000000000000, -0.0000000000000000000 ) ) ;
#924 = DIRECTION ( 'NONE',  ( 0.0000000000000000000, 0.0000000000000000000, 1.000000000000000000 ) ) ;
#925 = LINE ( 'NONE', #932, #1431 ) ;
#926 = LINE ( 'NONE', #915, #1544 ) ;
#927 = CARTESIAN_POINT ( 'NONE',  ( -1.000000000000000200, 0.0000000000000000000, -2.125000000000000000 ) ) ;
#928 = DIRECTION ( 'NONE',  ( -0.0000000000000000000, 1.000000000000000000, -0.0000000000000000000 ) ) ;
#929 = DIRECTION ( 'NONE',  ( 0.0000000000000000000, 0.0000000000000000000, 1.000000000000000000 ) ) ;
#930 = CARTESIAN_POINT ( 'NONE',  ( -1.000000000000000200, 0.0000000000000000000, -0.5250000000000000200 ) ) ;
#931 = DIRECTION ( 'NONE',  ( 0.0000000000000000000, 0.7547095802227722400, 0.6560590289905070500 ) ) ;
#932 = CARTESIAN_POINT ( 'NONE',  ( -0.3750000000000000600, 0.0000000000000000000, -1.359000000000000000 ) ) ;
#933 = DIRECTION ( 'NONE',  ( -0.0000000000000000000, 1.000000000000000000, -0.0000000000000000000 ) ) ;
#934 = LINE ( 'NONE', #942, #1427 ) ;
#935 = CARTESIAN_POINT ( 'NONE',  ( -2.731847993664263200E-016, 0.0000000000000000000, -2.500000000000000000 ) ) ;
#936 = LINE ( 'NONE', #930, #1429 ) ;
#937 = CARTESIAN_POINT ( 'NONE',  ( -1.000000000000000200, -0.04716510469606139500, -0.3750000000000000600 ) ) ;
#938 = DIRECTION ( 'NONE',  ( -0.0000000000000000000, 1.000000000000000000, -0.0000000000000000000 ) ) ;
#939 = DIRECTION ( 'NONE',  ( 0.0000000000000000000, 0.0000000000000000000, 1.000000000000000000 ) ) ;
#940 = LINE ( 'NONE', #935, #1433 ) ;
#941 = DIRECTION ( 'NONE',  ( 8.034405899049458700E-017, 0.7547095802227716800, -0.6560590289905077200 ) ) ;
#942 = CARTESIAN_POINT ( 'NONE',  ( -1.000000000000000200, 0.0000000000000000000, -0.4840000000000000400 ) ) ;
#943 = DIRECTION ( 'NONE',  ( -0.0000000000000000000, 1.000000000000000000, -0.0000000000000000000 ) ) ;
#944 = LINE ( 'NONE', #945, #1438 ) ;
#945 = CARTESIAN_POINT ( 'NONE',  ( -1.000000000000000200, 0.0000000000000000000, -2.275000000000000400 ) ) ;
#946 = CARTESIAN_POINT ( 'NONE',  ( -1.000000000000000200, -0.05999999999999999100, -0.3750000000000000600 ) ) ;
#947 = DIRECTION ( 'NONE',  ( -6.356656405321523400E-018, -1.000000000000000000, 0.0000000000000000000 ) ) ;
#948 = DIRECTION ( 'NONE',  ( 1.000000000000000000, 0.0000000000000000000, 0.0000000000000000000 ) ) ;
#949 = DIRECTION ( 'NONE',  ( 0.0000000000000000000, 0.0000000000000000000, 1.000000000000000000 ) ) ;
#950 = LINE ( 'NONE', #951, #1435 ) ;
#951 = CARTESIAN_POINT ( 'NONE',  ( -1.000000000000000200, 0.0000000000000000000, -0.2249999999999999800 ) ) ;
#952 = DIRECTION ( 'NONE',  ( 0.0000000000000000000, 0.7547095802227716800, 0.6560590289905077200 ) ) ;
#953 = LINE ( 'NONE', #954, #1436 ) ;
#954 = CARTESIAN_POINT ( 'NONE',  ( -1.000000000000000200, 0.0000000000000000000, -2.016000000000000000 ) ) ;
#955 = DIRECTION ( 'NONE',  ( -0.0000000000000000000, 1.000000000000000000, -0.0000000000000000000 ) ) ;
#956 = CARTESIAN_POINT ( 'NONE',  ( -1.000000000000000200, -0.05999999999999999100, -2.125000000000000000 ) ) ;
#957 = DIRECTION ( 'NONE',  ( -6.356656405321523400E-018, -1.000000000000000000, 0.0000000000000000000 ) ) ;
#958 = DIRECTION ( 'NONE',  ( 1.000000000000000000, 0.0000000000000000000, 0.0000000000000000000 ) ) ;
#959 = CARTESIAN_POINT ( 'NONE',  ( -1.000000000000000200, 0.0000000000000000000, -1.975000000000000100 ) ) ;
#960 = DIRECTION ( 'NONE',  ( 8.034405899049458700E-017, 0.7547095802227716800, -0.6560590289905077200 ) ) ;
#961 = LINE ( 'NONE', #959, #1440 ) ;
#962 = CARTESIAN_POINT ( 'NONE',  ( -1.000000000000000200, -0.04716510469606139500, -2.125000000000000000 ) ) ;
#963 = DIRECTION ( 'NONE',  ( -0.0000000000000000000, 1.000000000000000000, -0.0000000000000000000 ) ) ;
#964 = DIRECTION ( 'NONE',  ( 0.0000000000000000000, 0.0000000000000000000, 1.000000000000000000 ) ) ;
#965 = DIRECTION ( 'NONE',  ( 0.0000000000000000000, 0.7547095802227716800, 0.6560590289905077200 ) ) ;
#966 = LINE ( 'NONE', #967, #1446 ) ;
#967 = CARTESIAN_POINT ( 'NONE',  ( -1.000000000000000200, 0.0000000000000000000, -2.234000000000000400 ) ) ;
#968 = CARTESIAN_POINT ( 'NONE',  ( -1.000000000000000200, 0.0000000000000000000, -2.125000000000000000 ) ) ;
#969 = DIRECTION ( 'NONE',  ( -0.0000000000000000000, 1.000000000000000000, -0.0000000000000000000 ) ) ;
#970 = DIRECTION ( 'NONE',  ( 0.0000000000000000000, 0.0000000000000000000, 1.000000000000000000 ) ) ;
#971 = CARTESIAN_POINT ( 'NONE',  ( -1.000000000000000200, 0.0000000000000000000, -0.3750000000000000600 ) ) ;
#972 = DIRECTION ( 'NONE',  ( -0.0000000000000000000, 1.000000000000000000, -0.0000000000000000000 ) ) ;
#973 = DIRECTION ( 'NONE',  ( 0.0000000000000000000, 0.0000000000000000000, 1.000000000000000000 ) ) ;
#974 = DIRECTION ( 'NONE',  ( -0.0000000000000000000, 1.000000000000000000, -0.0000000000000000000 ) ) ;
#975 = LINE ( 'NONE', #976, #1451 ) ;
#976 = CARTESIAN_POINT ( 'NONE',  ( -1.000000000000000200, 0.0000000000000000000, -0.2660000000000000700 ) ) ;
#977 = CARTESIAN_POINT ( 'NONE',  ( -1.000000000000000200, -0.05999999999999999100, -2.125000000000000000 ) ) ;
#978 = DIRECTION ( 'NONE',  ( -6.356656405321523400E-018, -1.000000000000000000, 0.0000000000000000000 ) ) ;
#979 = DIRECTION ( 'NONE',  ( 1.000000000000000000, 0.0000000000000000000, 0.0000000000000000000 ) ) ;
#980 = LINE ( 'NONE', #989, #1547 ) ;
#981 = CARTESIAN_POINT ( 'NONE',  ( -0.3750000000000000600, 0.0000000000000000000, -1.250000000000000000 ) ) ;
#982 = DIRECTION ( 'NONE',  ( -0.0000000000000000000, 1.000000000000000000, -0.0000000000000000000 ) ) ;
#983 = DIRECTION ( 'NONE',  ( 0.0000000000000000000, 0.0000000000000000000, 1.000000000000000000 ) ) ;
#984 = DIRECTION ( 'NONE',  ( -0.0000000000000000000, 1.000000000000000000, -0.0000000000000000000 ) ) ;
#985 = CARTESIAN_POINT ( 'NONE',  ( -1.343005573347332300, 0.0000000000000000000, -2.500000000000000000 ) ) ;
#986 = CARTESIAN_POINT ( 'NONE',  ( -0.3750000000000000600, 0.0000000000000000000, -1.250000000000000000 ) ) ;
#987 = DIRECTION ( 'NONE',  ( -0.0000000000000000000, 1.000000000000000000, -0.0000000000000000000 ) ) ;
#988 = DIRECTION ( 'NONE',  ( 0.0000000000000000000, 0.0000000000000000000, 1.000000000000000000 ) ) ;
#989 = CARTESIAN_POINT ( 'NONE',  ( -1.343005573347332300, 0.0000000000000000000, -1.870000000000000100 ) ) ;
#990 = LINE ( 'NONE', #985, #1441 ) ;
#991 = CARTESIAN_POINT ( 'NONE',  ( -0.5000000000000002200, 0.0000000000000000000, -2.000000000000000000 ) ) ;
#992 = DIRECTION ( 'NONE',  ( 0.0000000000000000000, 1.000000000000000000, 0.0000000000000000000 ) ) ;
#993 = DIRECTION ( 'NONE',  ( 0.0000000000000000000, 0.0000000000000000000, 1.000000000000000000 ) ) ;
#994 = DIRECTION ( 'NONE',  ( -1.000000000000000000, -0.0000000000000000000, -0.0000000000000000000 ) ) ;
#995 = LINE ( 'NONE', #996, #1453 ) ;
#996 = CARTESIAN_POINT ( 'NONE',  ( -1.303005573347332000, 0.0000000000000000000, -2.500000000000000000 ) ) ;
#997 = DIRECTION ( 'NONE',  ( 0.0000000000000000000, 0.0000000000000000000, -1.000000000000000000 ) ) ;
#998 = LINE ( 'NONE', #999, #1557 ) ;
#999 = CARTESIAN_POINT ( 'NONE',  ( -1.303005573347332700, 0.0000000000000000000, -2.500000000000000000 ) ) ;
#1000 = CARTESIAN_POINT ( 'NONE',  ( -1.333005573347332100, 0.0000000000000000000, -1.900000000000000100 ) ) ;
#1001 = DIRECTION ( 'NONE',  ( 0.0000000000000000000, 1.000000000000000000, 0.0000000000000000000 ) ) ;
#1002 = DIRECTION ( 'NONE',  ( 0.0000000000000000000, 0.0000000000000000000, 1.000000000000000000 ) ) ;
#1003 = DIRECTION ( 'NONE',  ( 1.000000000000000000, 0.0000000000000000000, 0.0000000000000000000 ) ) ;
#1004 = LINE ( 'NONE', #1005, #1551 ) ;
#1005 = CARTESIAN_POINT ( 'NONE',  ( -1.343005573347332300, 0.0000000000000000000, -2.500000000000000000 ) ) ;
#1006 = DIRECTION ( 'NONE',  ( 0.0000000000000000000, 0.0000000000000000000, 1.000000000000000000 ) ) ;
#1007 = LINE ( 'NONE', #1008, #1552 ) ;
#1008 = CARTESIAN_POINT ( 'NONE',  ( -1.343005573347332300, 0.0000000000000000000, -1.250000000000000000 ) ) ;
#1009 = DIRECTION ( 'NONE',  ( -1.000000000000000000, 0.0000000000000000000, 0.0000000000000000000 ) ) ;
#1010 = LINE ( 'NONE', #1011, #1555 ) ;
#1011 = CARTESIAN_POINT ( 'NONE',  ( -1.343005573347332300, 0.0000000000000000000, -0.6200000000000000000 ) ) ;
#1012 = CARTESIAN_POINT ( 'NONE',  ( -1.333005573347331800, 0.0000000000000000000, -1.220000000000000200 ) ) ;
#1013 = DIRECTION ( 'NONE',  ( 0.0000000000000000000, 1.000000000000000000, 0.0000000000000000000 ) ) ;
#1014 = DIRECTION ( 'NONE',  ( 0.0000000000000000000, 0.0000000000000000000, 1.000000000000000000 ) ) ;
#1015 = DIRECTION ( 'NONE',  ( -4.792715778358356500E-016, 0.0000000000000000000, -1.000000000000000000 ) ) ;
#1016 = CARTESIAN_POINT ( 'NONE',  ( -1.333005573347332100, 0.0000000000000000000, -0.6500000000000000200 ) ) ;
#1017 = DIRECTION ( 'NONE',  ( 0.0000000000000000000, 1.000000000000000000, 0.0000000000000000000 ) ) ;
#1018 = DIRECTION ( 'NONE',  ( 0.0000000000000000000, 0.0000000000000000000, 1.000000000000000000 ) ) ;
#1019 = DIRECTION ( 'NONE',  ( 1.000000000000000000, 0.0000000000000000000, 0.0000000000000000000 ) ) ;
#1020 = LINE ( 'NONE', #1021, #1227 ) ;
#1021 = CARTESIAN_POINT ( 'NONE',  ( -1.343005573347332300, 0.0000000000000000000, -2.500000000000000000 ) ) ;
#1022 = DIRECTION ( 'NONE',  ( 0.0000000000000000000, 0.0000000000000000000, 1.000000000000000000 ) ) ;
#1023 = LINE ( 'NONE', #1024, #1222 ) ;
#1024 = CARTESIAN_POINT ( 'NONE',  ( -1.343005573347332300, 0.0000000000000000000, 0.0000000000000000000 ) ) ;
#1025 = DIRECTION ( 'NONE',  ( -1.000000000000000000, -0.0000000000000000000, -0.0000000000000000000 ) ) ;
#1026 = CARTESIAN_POINT ( 'NONE',  ( -0.5000000000000003300, 0.0000000000000000000, -0.5000000000000000000 ) ) ;
#1027 = DIRECTION ( 'NONE',  ( 0.0000000000000000000, 1.000000000000000000, 0.0000000000000000000 ) ) ;
#1028 = DIRECTION ( 'NONE',  ( 0.0000000000000000000, 0.0000000000000000000, 1.000000000000000000 ) ) ;
#1029 = LINE ( 'NONE', #1030, #1190 ) ;
#1030 = CARTESIAN_POINT ( 'NONE',  ( -1.343005573347332300, -0.05999999999999999100, -2.500000000000000000 ) ) ;
#1031 = CARTESIAN_POINT ( 'NONE',  ( -0.3750000000000000600, -0.04716510469606139500, -1.250000000000000000 ) ) ;
#1032 = DIRECTION ( 'NONE',  ( -0.0000000000000000000, 1.000000000000000000, -0.0000000000000000000 ) ) ;
#1033 = DIRECTION ( 'NONE',  ( 0.0000000000000000000, 0.0000000000000000000, 1.000000000000000000 ) ) ;
#1034 = LINE ( 'NONE', #1035, #1193 ) ;
#1035 = CARTESIAN_POINT ( 'NONE',  ( -2.731847993664263200E-016, -0.05999999999999999800, -2.500000000000000000 ) ) ;
#1036 = CARTESIAN_POINT ( 'NONE',  ( -0.3750000000000000600, -0.05999999999999999800, -1.250000000000000000 ) ) ;
#1037 = DIRECTION ( 'NONE',  ( -6.356656405321523400E-018, -1.000000000000000000, 0.0000000000000000000 ) ) ;
#1038 = DIRECTION ( 'NONE',  ( 1.000000000000000000, 0.0000000000000000000, 0.0000000000000000000 ) ) ;
#1039 = DIRECTION ( 'NONE',  ( 1.000000000000000000, -6.356656405321523400E-018, 0.0000000000000000000 ) ) ;
#1040 = CARTESIAN_POINT ( 'NONE',  ( -1.593500000000000600, 0.005000000000000001000, -2.500000000000003600 ) ) ;
#1041 = CARTESIAN_POINT ( 'NONE',  ( -1.348832009912626500, 0.03165499527187174600, -1.250000000000000000 ) ) ;
#1042 = CARTESIAN_POINT ( 'NONE',  ( -0.5000000000000002200, -0.05999999999999990800, -2.000000000000000000 ) ) ;
#1043 = DIRECTION ( 'NONE',  ( -6.356656405321523400E-018, -1.000000000000000000, 0.0000000000000000000 ) ) ;
#1044 = DIRECTION ( 'NONE',  ( 1.000000000000000000, 0.0000000000000000000, 0.0000000000000000000 ) ) ;
#1045 = CARTESIAN_POINT ( 'NONE',  ( -1.406500000000000700, 0.004999999999999989700, -2.500000000000003600 ) ) ;
#1046 = DIRECTION ( 'NONE',  ( 0.0000000000000000000, 0.0000000000000000000, 1.000000000000000000 ) ) ;
#1047 = CARTESIAN_POINT ( 'NONE',  ( -1.000000000000000200, -0.04716510469606139500, -2.016000000000000000 ) ) ;
#1048 = CARTESIAN_POINT ( 'NONE',  ( -1.406500000000000700, 0.004999999999999989700, 0.0000000000000000000 ) ) ;
#1049 = CARTESIAN_POINT ( 'NONE',  ( -1.593500000000000600, 0.005000000000000001000, 0.0000000000000000000 ) ) ;
#1050 = CARTESIAN_POINT ( 'NONE',  ( -1.420005564621120300, -0.04340599455040902700, -1.870000000000000100 ) ) ;
#1051 = CARTESIAN_POINT ( 'NONE',  ( -0.3750000000000000600, -0.05999999999999999800, -1.141000000000000000 ) ) ;
#1052 = CARTESIAN_POINT ( 'NONE',  ( -1.420005564621120700, -0.04340599455040875000, -0.6200000000000000000 ) ) ;
#1053 = CARTESIAN_POINT ( 'NONE',  ( -0.3750000000000000600, -0.05999999999999999800, -1.359000000000000200 ) ) ;
#1054 = CARTESIAN_POINT ( 'NONE',  ( -0.3750000000000000600, 0.0000000000000000000, -1.400000000000000100 ) ) ;
#1055 = CARTESIAN_POINT ( 'NONE',  ( -0.3750000000000000600, -0.04716510469606139500, -1.359000000000000200 ) ) ;
#1056 = CARTESIAN_POINT ( 'NONE',  ( -0.3750000000000000600, -0.04716510469606139500, -1.141000000000000000 ) ) ;
#1057 = CARTESIAN_POINT ( 'NONE',  ( -1.407920475093359400, 0.02123610461185667900, -1.250000000000000000 ) ) ;
#1058 = CARTESIAN_POINT ( 'NONE',  ( -1.348832009912626300, 0.03165499527187112100, -1.869999999999999400 ) ) ;
#1059 = CARTESIAN_POINT ( 'NONE',  ( -1.407920475093359200, 0.02123610461185700500, -0.6200000000000000000 ) ) ;
#1060 = CARTESIAN_POINT ( 'NONE',  ( -1.303005573347332000, 0.0000000000000000000, -1.900000000000000100 ) ) ;
#1061 = CARTESIAN_POINT ( 'NONE',  ( -1.303005573347332000, 0.0000000000000000000, -2.500000000000000000 ) ) ;
#1062 = CARTESIAN_POINT ( 'NONE',  ( -1.000000000000000200, 0.0000000000000000000, -1.975000000000000100 ) ) ;
#1063 = CARTESIAN_POINT ( 'NONE',  ( -1.000000000000000200, -0.05999999999999999100, -2.016000000000000000 ) ) ;
#1064 = CARTESIAN_POINT ( 'NONE',  ( -1.343005573347332300, -0.06000000000000014300, -0.6200000000000000000 ) ) ;
#1065 = CARTESIAN_POINT ( 'NONE',  ( -1.000000000000000200, -0.04716510469606139500, -0.4840000000000000400 ) ) ;
#1066 = CARTESIAN_POINT ( 'NONE',  ( -1.000000000000000200, 0.0000000000000000000, -0.2249999999999999800 ) ) ;
#1067 = CARTESIAN_POINT ( 'NONE',  ( -1.343005573347332300, -0.06000000000000014300, -1.870000000000000100 ) ) ;
#1068 = CARTESIAN_POINT ( 'NONE',  ( -1.368672237105261800, -0.07446866485013620100, -0.6200000000000000000 ) ) ;
#1069 = CARTESIAN_POINT ( 'NONE',  ( -2.731847993664263200E-016, 0.0000000000000000000, -2.000000000000000000 ) ) ;
#1070 = CARTESIAN_POINT ( 'NONE',  ( -1.343005573347332500, -0.06000000000000013000, -1.250000000000000000 ) ) ;
#1071 = CARTESIAN_POINT ( 'NONE',  ( -1.000000000000000200, 0.0000000000000000000, -0.5250000000000000200 ) ) ;
#1072 = CARTESIAN_POINT ( 'NONE',  ( -1.407920475093358900, 0.02123610461185640800, -1.869999999999999400 ) ) ;
#1073 = CARTESIAN_POINT ( 'NONE',  ( -0.3750000000000000600, 0.0000000000000000000, -1.100000000000000100 ) ) ;
#1074 = CARTESIAN_POINT ( 'NONE',  ( -1.000000000000000200, -0.05999999999999999100, -0.2660000000000000700 ) ) ;
#1075 = CARTESIAN_POINT ( 'NONE',  ( -1.368672237105261500, -0.07446866485013554900, 1.092739197465705300E-015 ) ) ;
#1076 = CARTESIAN_POINT ( 'NONE',  ( -1.000000000000000200, -0.04716510469606139500, -2.234000000000000400 ) ) ;
#1077 = CARTESIAN_POINT ( 'NONE',  ( -1.303005573347332000, -0.05999999999999999100, -1.900000000000000100 ) ) ;
#1078 = CARTESIAN_POINT ( 'NONE',  ( -1.000000000000000200, -0.04716510469606139500, -0.2660000000000000700 ) ) ;
#1079 = CARTESIAN_POINT ( 'NONE',  ( -1.000000000000000200, -0.05999999999999999100, -2.234000000000000400 ) ) ;
#1080 = CARTESIAN_POINT ( 'NONE',  ( -1.343005573347332300, -6.829619984160658000E-017, -1.870000000000000100 ) ) ;
#1081 = CARTESIAN_POINT ( 'NONE',  ( -1.000000000000000200, 0.0000000000000000000, -2.275000000000000400 ) ) ;
#1082 = CARTESIAN_POINT ( 'NONE',  ( -1.333005573347331800, -0.05999999999999999100, -1.250000000000000000 ) ) ;
#1083 = CARTESIAN_POINT ( 'NONE',  ( -1.000000000000000200, -0.05999999999999999100, -0.4840000000000000400 ) ) ;
#1084 = CARTESIAN_POINT ( 'NONE',  ( -0.5000000000000002200, 0.0000000000000000000, -2.500000000000000000 ) ) ;
#1085 = CARTESIAN_POINT ( 'NONE',  ( -0.5000000000000002200, -0.05999999999999999800, -2.500000000000000000 ) ) ;
#1086 = CARTESIAN_POINT ( 'NONE',  ( -1.303005573347331800, -0.05999999999999990800, -1.220000000000000200 ) ) ;
#1087 = CARTESIAN_POINT ( 'NONE',  ( -0.5000000000000004400, -0.05999999999999999800, 0.0000000000000000000 ) ) ;
#1088 = CARTESIAN_POINT ( 'NONE',  ( -2.731847993664263200E-016, -0.05999999999999999800, -0.5000000000000001100 ) ) ;
#1089 = CARTESIAN_POINT ( 'NONE',  ( -1.333005573347332100, -0.05999999999999999100, -0.6200000000000000000 ) ) ;
#1090 = CARTESIAN_POINT ( 'NONE',  ( -2.731847993664263200E-016, -0.05999999999999999800, -2.000000000000000000 ) ) ;
#1091 = CARTESIAN_POINT ( 'NONE',  ( -1.407920475093359200, 0.02123610461185669900, 0.0000000000000000000 ) ) ;
#1092 = CARTESIAN_POINT ( 'NONE',  ( -1.333005573347332100, 0.0000000000000000000, -1.870000000000000100 ) ) ;
#1093 = CARTESIAN_POINT ( 'NONE',  ( -1.420005564621120700, -0.04340599455040899300, -1.250000000000000000 ) ) ;
#1094 = CARTESIAN_POINT ( 'NONE',  ( -1.348832009912626300, 0.03165499527187169700, 0.0000000000000000000 ) ) ;
#1095 = CARTESIAN_POINT ( 'NONE',  ( -1.303005573347332000, -0.05999999999999999100, -2.499999999999999600 ) ) ;
#1096 = CARTESIAN_POINT ( 'NONE',  ( -1.343005573347332300, 0.0000000000000000000, 0.0000000000000000000 ) ) ;
#1097 = CARTESIAN_POINT ( 'NONE',  ( -1.368672237105262200, -0.07446866485013627100, -1.250000000000000000 ) ) ;
#1098 = CARTESIAN_POINT ( 'NONE',  ( -1.333005573347332100, 0.0000000000000000000, -0.6200000000000000000 ) ) ;
#1099 = CARTESIAN_POINT ( 'NONE',  ( -1.303005573347331800, -0.05999999999999999100, -0.6500000000000000200 ) ) ;
#1100 = CARTESIAN_POINT ( 'NONE',  ( -1.343005573347332300, -6.829619984160658000E-017, -0.6200000000000000000 ) ) ;
#1101 = CARTESIAN_POINT ( 'NONE',  ( -1.420005564621120300, -0.04340599455040815300, 1.071567345499776800E-015 ) ) ;
#1102 = CARTESIAN_POINT ( 'NONE',  ( -2.731847993664263200E-016, 0.0000000000000000000, -0.5000000000000001100 ) ) ;
#1103 = CARTESIAN_POINT ( 'NONE',  ( -1.368672237105261500, -0.07446866485013634000, -1.870000000000000100 ) ) ;
#1104 = CARTESIAN_POINT ( 'NONE',  ( -1.333005573347331800, 0.0000000000000000000, -1.250000000000000000 ) ) ;
#1105 = CARTESIAN_POINT ( 'NONE',  ( -1.333005573347332100, -0.05999999999999999100, -1.870000000000000100 ) ) ;
#1106 = CARTESIAN_POINT ( 'NONE',  ( -1.303005573347331800, 0.0000000000000000000, -1.220000000000000200 ) ) ;
#1107 = CARTESIAN_POINT ( 'NONE',  ( -1.343005573347332300, -0.05999999999999990800, 1.079107496287642600E-015 ) ) ;
#1108 = CARTESIAN_POINT ( 'NONE',  ( -1.343005573347332300, -1.536664496436148200E-016, -1.250000000000000000 ) ) ;
#1109 = CARTESIAN_POINT ( 'NONE',  ( -1.303005573347331800, 0.0000000000000000000, -0.6500000000000000200 ) ) ;
#1110 = CARTESIAN_POINT ( 'NONE',  ( -0.5000000000000004400, 0.0000000000000000000, 0.0000000000000000000 ) ) ;
#1111 =( LENGTH_UNIT ( ) NAMED_UNIT ( * ) SI_UNIT ( $, .METRE. ) );
#1112 = LENGTH_MEASURE_WITH_UNIT ( LENGTH_MEASURE( 0.02539999999999999900 ), #1111 );
#1113 =( CONVERSION_BASED_UNIT ( 'INCH', #1112 ) LENGTH_UNIT ( ) NAMED_UNIT ( #785 ) );
#1114 =( NAMED_UNIT ( * ) PLANE_ANGLE_UNIT ( ) SI_UNIT ( $, .RADIAN. ) );
#1115 =( NAMED_UNIT ( * ) SI_UNIT ( $, .STERADIAN. ) SOLID_ANGLE_UNIT ( ) );
#1116 = CARTESIAN_POINT ( 'NONE',  ( 0.0000000000000000000, 0.0000000000000000000, 0.0000000000000000000 ) ) ;
#1117 = DIRECTION ( 'NONE',  ( 0.0000000000000000000, 0.0000000000000000000, 1.000000000000000000 ) ) ;
#1118 = DIRECTION ( 'NONE',  ( 1.000000000000000000, 0.0000000000000000000, 0.0000000000000000000 ) ) ;
#1119 = FILL_AREA_STYLE_COLOUR ( '', #1198 ) ;
#1120 = FILL_AREA_STYLE ('',( #1119 ) ) ;
#1121 = SURFACE_STYLE_FILL_AREA ( #1120 ) ;
#1122 = SURFACE_SIDE_STYLE ('',( #1121 ) ) ;
#1123 = SURFACE_STYLE_USAGE ( .BOTH. , #1122 ) ;
#1124 = PRESENTATION_STYLE_ASSIGNMENT (( #1123 ) ) ;
#1125 =( LENGTH_UNIT ( ) NAMED_UNIT ( * ) SI_UNIT ( $, .METRE. ) );
#1126 = LENGTH_MEASURE_WITH_UNIT ( LENGTH_MEASURE( 0.02539999999999999900 ), #1125 );
#1127 =( CONVERSION_BASED_UNIT ( 'INCH', #1126 ) LENGTH_UNIT ( ) NAMED_UNIT ( #782 ) );
#1128 =( NAMED_UNIT ( * ) PLANE_ANGLE_UNIT ( ) SI_UNIT ( $, .RADIAN. ) );
#1129 =( NAMED_UNIT ( * ) SI_UNIT ( $, .STERADIAN. ) SOLID_ANGLE_UNIT ( ) );
#1130 = SHAPE_REPRESENTATION_RELATIONSHIP ( 'NONE' , 'NONE' ,  #10, #1560 ) ;
#1131 =( LENGTH_UNIT ( ) NAMED_UNIT ( * ) SI_UNIT ( $, .METRE. ) );
#1132 = LENGTH_MEASURE_WITH_UNIT ( LENGTH_MEASURE( 0.02539999999999999900 ), #1131 );
#1133 =( CONVERSION_BASED_UNIT ( 'INCH', #1132 ) LENGTH_UNIT ( ) NAMED_UNIT ( #786 ) );
#1134 =( NAMED_UNIT ( * ) PLANE_ANGLE_UNIT ( ) SI_UNIT ( $, .RADIAN. ) );
#1135 =( NAMED_UNIT ( * ) SI_UNIT ( $, .STERADIAN. ) SOLID_ANGLE_UNIT ( ) );
#1136 = FILL_AREA_STYLE_COLOUR ( '', #1203 ) ;
#1137 = FILL_AREA_STYLE ('',( #1136 ) ) ;
#1138 = SURFACE_STYLE_FILL_AREA ( #1137 ) ;
#1139 = SURFACE_SIDE_STYLE ('',( #1138 ) ) ;
#1140 = SURFACE_STYLE_USAGE ( .BOTH. , #1139 ) ;
#1141 = PRESENTATION_STYLE_ASSIGNMENT (( #1140 ) ) ;
#1142 =( LENGTH_UNIT ( ) NAMED_UNIT ( * ) SI_UNIT ( $, .METRE. ) );
#1143 = LENGTH_MEASURE_WITH_UNIT ( LENGTH_MEASURE( 0.02539999999999999900 ), #1142 );
#1144 =( CONVERSION_BASED_UNIT ( 'INCH', #1143 ) LENGTH_UNIT ( ) NAMED_UNIT ( #787 ) );
#1145 =( NAMED_UNIT ( * ) PLANE_ANGLE_UNIT ( ) SI_UNIT ( $, .RADIAN. ) );
#1146 =( NAMED_UNIT ( * ) SI_UNIT ( $, .STERADIAN. ) SOLID_ANGLE_UNIT ( ) );
#1147 = SHAPE_REPRESENTATION_RELATIONSHIP ( 'NONE' , 'NONE' ,  #11, #1561 ) ;
#1148 = CARTESIAN_POINT ( 'NONE',  ( 0.0000000000000000000, 0.0000000000000000000, 0.0000000000000000000 ) ) ;
#1149 = DIRECTION ( 'NONE',  ( 0.0000000000000000000, 0.0000000000000000000, 1.000000000000000000 ) ) ;
#1150 = DIRECTION ( 'NONE',  ( 1.000000000000000000, 0.0000000000000000000, 0.0000000000000000000 ) ) ;
#1151 = CARTESIAN_POINT ( 'NONE',  ( 0.0000000000000000000, 0.0000000000000000000, 0.0000000000000000000 ) ) ;
#1152 = DIRECTION ( 'NONE',  ( 0.0000000000000000000, 0.0000000000000000000, 1.000000000000000000 ) ) ;
#1153 = DIRECTION ( 'NONE',  ( 1.000000000000000000, 0.0000000000000000000, 0.0000000000000000000 ) ) ;
#1154 = CARTESIAN_POINT ( 'NONE',  ( -2.461935869160055000, 1.155958028610650600, -2.500000000000000000 ) ) ;
#1155 = DIRECTION ( 'NONE',  ( 0.0000000000000000000, 0.0000000000000000000, -1.000000000000000000 ) ) ;
#1156 = DIRECTION ( 'NONE',  ( -0.6387257979786974400, 0.7694344384003594100, 0.0000000000000000000 ) ) ;
#1157 = CARTESIAN_POINT ( 'NONE',  ( -2.461935869160054600, 1.155958028610650300, -2.500000000000002200 ) ) ;
#1158 = DIRECTION ( 'NONE',  ( 0.0000000000000000000, 0.0000000000000000000, -1.000000000000000000 ) ) ;
#1159 = DIRECTION ( 'NONE',  ( -0.6387257979786974400, 0.7694344384003594100, 0.0000000000000000000 ) ) ;
#1160 =( LENGTH_UNIT ( ) NAMED_UNIT ( * ) SI_UNIT ( $, .METRE. ) );
#1161 = LENGTH_MEASURE_WITH_UNIT ( LENGTH_MEASURE( 0.02539999999999999900 ), #1160 );
#1162 =( CONVERSION_BASED_UNIT ( 'INCH', #1161 ) LENGTH_UNIT ( ) NAMED_UNIT ( #788 ) );
#1163 =( NAMED_UNIT ( * ) PLANE_ANGLE_UNIT ( ) SI_UNIT ( $, .RADIAN. ) );
#1164 =( NAMED_UNIT ( * ) SI_UNIT ( $, .STERADIAN. ) SOLID_ANGLE_UNIT ( ) );
#1165 = CARTESIAN_POINT ( 'NONE',  ( 0.0000000000000000000, 0.0000000000000000000, 0.0000000000000000000 ) ) ;
#1166 = DIRECTION ( 'NONE',  ( 0.0000000000000000000, 0.0000000000000000000, 1.000000000000000000 ) ) ;
#1167 = DIRECTION ( 'NONE',  ( 1.000000000000000000, 0.0000000000000000000, 0.0000000000000000000 ) ) ;
#1168 = SHAPE_DEFINITION_REPRESENTATION ( #776, #12 ) ;
#1169 = SHAPE_DEFINITION_REPRESENTATION ( #777, #11 ) ;
#1170 = SHAPE_DEFINITION_REPRESENTATION ( #778, #10 ) ;
#1171 = APPLICATION_PROTOCOL_DEFINITION ( 'draft international standard', 'automotive_design', 1998, #8 ) ;
#1172 = PRODUCT_CONTEXT ( 'NONE', #8, 'mechanical' ) ;
#1173 = APPLICATION_PROTOCOL_DEFINITION ( 'draft international standard', 'automotive_design', 1998, #9 ) ;
#1174 = APPLICATION_PROTOCOL_DEFINITION ( 'draft international standard', 'automotive_design', 1998, #2 ) ;
#1175 = PRODUCT_CONTEXT ( 'NONE', #2, 'mechanical' ) ;
#1176 = APPLICATION_PROTOCOL_DEFINITION ( 'draft international standard', 'automotive_design', 1998, #1 ) ;
#1177 = APPLICATION_PROTOCOL_DEFINITION ( 'draft international standard', 'automotive_design', 1998, #4 ) ;
#1178 = PRODUCT_CONTEXT ( 'NONE', #4, 'mechanical' ) ;
#1179 = APPLICATION_PROTOCOL_DEFINITION ( 'draft international standard', 'automotive_design', 1998, #3 ) ;
#1180 = ITEM_DEFINED_TRANSFORMATION ( 'NONE', 'NONE', #1209,  #1195 ) ;
#1181 = CONTEXT_DEPENDENT_SHAPE_REPRESENTATION ( #7, #774 ) ;
#1182 = ITEM_DEFINED_TRANSFORMATION ( 'NONE', 'NONE', #1210,  #1195 ) ;
#1183 = CONTEXT_DEPENDENT_SHAPE_REPRESENTATION ( #5, #779 ) ;
#1184 = ITEM_DEFINED_TRANSFORMATION ( 'NONE', 'NONE', #1211,  #1195 ) ;
#1185 = CONTEXT_DEPENDENT_SHAPE_REPRESENTATION ( #6, #780 ) ;
#1186 = AXIS2_PLACEMENT_3D ( 'NONE', #1026, #1027, #1028 ) ;
#1187 = CIRCLE ( 'NONE', #1191, 0.1089999999999999900 ) ;
#1188 = CIRCLE ( 'NONE', #1189, 0.1089999999999999900 ) ;
#1189 = AXIS2_PLACEMENT_3D ( 'NONE', #1031, #1032, #1033 ) ;
#1190 = VECTOR ( 'NONE', #1039, 39.37007874015748100 ) ;
#1191 = AXIS2_PLACEMENT_3D ( 'NONE', #1036, #1037, #1038 ) ;
#1192 = CIRCLE ( 'NONE', #1194, 0.5000000000000000000 ) ;
#1193 = VECTOR ( 'NONE', #1046, 39.37007874015748100 ) ;
#1194 = AXIS2_PLACEMENT_3D ( 'NONE', #1042, #1043, #1044 ) ;
#1195 = AXIS2_PLACEMENT_3D ( 'NONE', #1116, #1117, #1118 ) ;
#1196 =( GEOMETRIC_REPRESENTATION_CONTEXT ( 3 ) GLOBAL_UNCERTAINTY_ASSIGNED_CONTEXT ( ( #767 ) ) GLOBAL_UNIT_ASSIGNED_CONTEXT ( ( #1113, #1114, #1115 ) ) REPRESENTATION_CONTEXT ( 'NONE', 'WORKASPACE' ) );
#1197 = STYLED_ITEM ( 'NONE', ( #1124 ), #1560 ) ;
#1198 = COLOUR_RGB ( '',0.6470588235294118000, 0.5176470588235293500, 0.0000000000000000000 ) ;
#1199 = PRESENTATION_LAYER_ASSIGNMENT (  '', '', ( #1197 ) ) ;
#1200 = MECHANICAL_DESIGN_GEOMETRIC_PRESENTATION_REPRESENTATION (  '', ( #1197 ), #1201 ) ;
#1201 =( GEOMETRIC_REPRESENTATION_CONTEXT ( 3 ) GLOBAL_UNCERTAINTY_ASSIGNED_CONTEXT ( ( #768 ) ) GLOBAL_UNIT_ASSIGNED_CONTEXT ( ( #1127, #1128, #1129 ) ) REPRESENTATION_CONTEXT ( 'NONE', 'WORKASPACE' ) );
#1202 =( GEOMETRIC_REPRESENTATION_CONTEXT ( 3 ) GLOBAL_UNCERTAINTY_ASSIGNED_CONTEXT ( ( #769 ) ) GLOBAL_UNIT_ASSIGNED_CONTEXT ( ( #1133, #1134, #1135 ) ) REPRESENTATION_CONTEXT ( 'NONE', 'WORKASPACE' ) );
#1203 = COLOUR_RGB ( '',0.8666666666666667000, 0.9098039215686274400, 1.000000000000000000 ) ;
#1204 = STYLED_ITEM ( 'NONE', ( #1141 ), #1561 ) ;
#1205 = PRESENTATION_LAYER_ASSIGNMENT (  '', '', ( #1204 ) ) ;
#1206 = MECHANICAL_DESIGN_GEOMETRIC_PRESENTATION_REPRESENTATION (  '', ( #1204 ), #1207 ) ;
#1207 =( GEOMETRIC_REPRESENTATION_CONTEXT ( 3 ) GLOBAL_UNCERTAINTY_ASSIGNED_CONTEXT ( ( #770 ) ) GLOBAL_UNIT_ASSIGNED_CONTEXT ( ( #1144, #1145, #1146 ) ) REPRESENTATION_CONTEXT ( 'NONE', 'WORKASPACE' ) );
#1208 = AXIS2_PLACEMENT_3D ( 'NONE', #1148, #1149, #1150 ) ;
#1209 = AXIS2_PLACEMENT_3D ( 'NONE', #1151, #1152, #1153 ) ;
#1210 = AXIS2_PLACEMENT_3D ( 'NONE', #1154, #1155, #1156 ) ;
#1211 = AXIS2_PLACEMENT_3D ( 'NONE', #1157, #1158, #1159 ) ;
#1212 =( GEOMETRIC_REPRESENTATION_CONTEXT ( 3 ) GLOBAL_UNCERTAINTY_ASSIGNED_CONTEXT ( ( #771 ) ) GLOBAL_UNIT_ASSIGNED_CONTEXT ( ( #1162, #1163, #1164 ) ) REPRESENTATION_CONTEXT ( 'NONE', 'WORKASPACE' ) );
#1213 = AXIS2_PLACEMENT_3D ( 'NONE', #1165, #1166, #1167 ) ;
#1214 = PRODUCT_DEFINITION_FORMATION_WITH_SPECIFIED_SOURCE ( 'ANY', '', #790, .NOT_KNOWN. ) ;
#1215 = PRODUCT_DEFINITION_FORMATION_WITH_SPECIFIED_SOURCE ( 'ANY', '', #791, .NOT_KNOWN. ) ;
#1216 = NEXT_ASSEMBLY_USAGE_OCCURRENCE ( 'NAUO1', ' ', ' ', #194, #193, $ ) ;
#1217 = PRODUCT_DEFINITION_FORMATION_WITH_SPECIFIED_SOURCE ( 'ANY', '', #789, .NOT_KNOWN. ) ;
#1218 = NEXT_ASSEMBLY_USAGE_OCCURRENCE ( 'NAUO2', ' ', ' ', #194, #193, $ ) ;
#1219 = NEXT_ASSEMBLY_USAGE_OCCURRENCE ( 'NAUO3', ' ', ' ', #194, #192, $ ) ;
#1220 = ORIENTED_EDGE ( 'NONE', *, *, #36, .F. ) ;
#1221 = ORIENTED_EDGE ( 'NONE', *, *, #15, .F. ) ;
#1222 = VECTOR ( 'NONE', #1025, 39.37007874015748100 ) ;
#1223 = ORIENTED_EDGE ( 'NONE', *, *, #1284, .F. ) ;
#1224 = ORIENTED_EDGE ( 'NONE', *, *, #1271, .F. ) ;
#1225 = ORIENTED_EDGE ( 'NONE', *, *, #1288, .F. ) ;
#1226 = ORIENTED_EDGE ( 'NONE', *, *, #14, .F. ) ;
#1227 = VECTOR ( 'NONE', #1022, 39.37007874015748100 ) ;
#1228 = ADVANCED_FACE ( 'NONE', ( #834 ), #811, .F. ) ;
#1229 = ADVANCED_FACE ( 'NONE', ( #837 ), #836, .F. ) ;
#1230 = ADVANCED_FACE ( 'NONE', ( #842 ), #1521, .F. ) ;
#1231 = ADVANCED_FACE ( 'NONE', ( #846 ), #845, .F. ) ;
#1232 = ADVANCED_FACE ( 'NONE', ( #851 ), #1514, .F. ) ;
#1233 = ADVANCED_FACE ( 'NONE', ( #855 ), #854, .F. ) ;
#1234 = ADVANCED_FACE ( 'NONE', ( #860, #862, #864, #866 ), #859, .T. ) ;
#1235 = ADVANCED_FACE ( 'NONE', ( #869, #865, #872, #874 ), #868, .T. ) ;
#1236 = ADVANCED_FACE ( 'NONE', ( #877 ), #1525, .F. ) ;
#1237 = ADVANCED_FACE ( 'NONE', ( #880 ), #879, .F. ) ;
#1238 = ADVANCED_FACE ( 'NONE', ( #885 ), #884, .F. ) ;
#1239 = ADVANCED_FACE ( 'NONE', ( #890 ), #1531, .F. ) ;
#1240 = ADVANCED_FACE ( 'NONE', ( #894 ), #1532, .F. ) ;
#1241 = ADVANCED_FACE ( 'NONE', ( #898 ), #1529, .F. ) ;
#1242 = EDGE_CURVE ( 'NONE', #1311, #1309, #901, .T. ) ;
#1243 = EDGE_CURVE ( 'NONE', #1311, #1313, #1517, .T. ) ;
#1244 = EDGE_CURVE ( 'NONE', #1312, #1313, #904, .T. ) ;
#1245 = EDGE_CURVE ( 'NONE', #1312, #1308, #1527, .T. ) ;
#1246 = EDGE_CURVE ( 'NONE', #1335, #1322, #1535, .T. ) ;
#1247 = EDGE_CURVE ( 'NONE', #1323, #1328, #1524, .T. ) ;
#1248 = EDGE_CURVE ( 'NONE', #1340, #1331, #1537, .T. ) ;
#1249 = EDGE_CURVE ( 'NONE', #1307, #1333, #1539, .T. ) ;
#1250 = EDGE_CURVE ( 'NONE', #1319, #1338, #1541, .T. ) ;
#1251 = EDGE_CURVE ( 'NONE', #1313, #1330, #926, .T. ) ;
#1252 = EDGE_CURVE ( 'NONE', #1308, #1311, #925, .T. ) ;
#1253 = EDGE_CURVE ( 'NONE', #1322, #1335, #1428, .T. ) ;
#1254 = EDGE_CURVE ( 'NONE', #1322, #1328, #936, .T. ) ;
#1255 = EDGE_CURVE ( 'NONE', #1340, #1322, #934, .T. ) ;
#1256 = EDGE_CURVE ( 'NONE', #1331, #1340, #1432, .T. ) ;
#1257 = EDGE_CURVE ( 'NONE', #1326, #1388, #940, .T. ) ;
#1258 = EDGE_CURVE ( 'NONE', #1335, #1323, #950, .T. ) ;
#1259 = EDGE_CURVE ( 'NONE', #1320, #1307, #953, .T. ) ;
#1260 = EDGE_CURVE ( 'NONE', #1336, #1320, #1437, .T. ) ;
#1261 = EDGE_CURVE ( 'NONE', #1333, #1338, #944, .T. ) ;
#1262 = EDGE_CURVE ( 'NONE', #1333, #1307, #1425, .T. ) ;
#1263 = EDGE_CURVE ( 'NONE', #1307, #1319, #961, .T. ) ;
#1264 = EDGE_CURVE ( 'NONE', #1338, #1319, #1443, .T. ) ;
#1265 = EDGE_CURVE ( 'NONE', #1328, #1323, #1444, .T. ) ;
#1266 = EDGE_CURVE ( 'NONE', #1336, #1333, #966, .T. ) ;
#1267 = EDGE_CURVE ( 'NONE', #1320, #1336, #1448, .T. ) ;
#1268 = EDGE_CURVE ( 'NONE', #1309, #1330, #1449, .T. ) ;
#1269 = EDGE_CURVE ( 'NONE', #1331, #1335, #975, .T. ) ;
#1270 = EDGE_CURVE ( 'NONE', #1330, #1309, #1422, .T. ) ;
#1271 = EDGE_CURVE ( 'NONE', #1326, #1341, #1456, .T. ) ;
#1272 = EDGE_CURVE ( 'NONE', #1341, #1318, #990, .T. ) ;
#1273 = EDGE_CURVE ( 'NONE', #1317, #1318, #995, .T. ) ;
#1274 = EDGE_CURVE ( 'NONE', #1397, #1317, #1455, .T. ) ;
#1275 = EDGE_CURVE ( 'NONE', #1337, #1397, #980, .T. ) ;
#1276 = EDGE_CURVE ( 'NONE', #1337, #1415, #1004, .T. ) ;
#1277 = EDGE_CURVE ( 'NONE', #1401, #1415, #1007, .T. ) ;
#1278 = EDGE_CURVE ( 'NONE', #1406, #1401, #1558, .T. ) ;
#1279 = EDGE_CURVE ( 'NONE', #1407, #1406, #998, .T. ) ;
#1280 = EDGE_CURVE ( 'NONE', #1396, #1407, #39, .T. ) ;
#1281 = EDGE_CURVE ( 'NONE', #1402, #1396, #1010, .T. ) ;
#1282 = EDGE_CURVE ( 'NONE', #1402, #1375, #1020, .T. ) ;
#1283 = EDGE_CURVE ( 'NONE', #1420, #1375, #1023, .T. ) ;
#1284 = EDGE_CURVE ( 'NONE', #1420, #1388, #49, .T. ) ;
#1285 = EDGE_CURVE ( 'NONE', #1313, #1311, #1188, .T. ) ;
#1286 = EDGE_CURVE ( 'NONE', #1308, #1312, #1187, .T. ) ;
#1287 = EDGE_CURVE ( 'NONE', #1370, #1366, #1029, .T. ) ;
#1288 = EDGE_CURVE ( 'NONE', #1366, #1357, #1192, .T. ) ;
#1289 = EDGE_CURVE ( 'NONE', #1357, #1345, #1034, .T. ) ;
#1290 = ORIENTED_EDGE ( 'NONE', *, *, #181, .F. ) ;
#1291 = ORIENTED_EDGE ( 'NONE', *, *, #183, .T. ) ;
#1292 = ORIENTED_EDGE ( 'NONE', *, *, #184, .F. ) ;
#1293 = ORIENTED_EDGE ( 'NONE', *, *, #180, .T. ) ;
#1294 = ORIENTED_EDGE ( 'NONE', *, *, #175, .F. ) ;
#1295 = ORIENTED_EDGE ( 'NONE', *, *, #178, .F. ) ;
#1296 = VERTEX_POINT ( 'NONE', #1045 ) ;
#1297 = VERTEX_POINT ( 'NONE', #1048 ) ;
#1298 = VERTEX_POINT ( 'NONE', #1049 ) ;
#1299 = ORIENTED_EDGE ( 'NONE', *, *, #181, .T. ) ;
#1300 = ORIENTED_EDGE ( 'NONE', *, *, #183, .F. ) ;
#1301 = VERTEX_POINT ( 'NONE', #1040 ) ;
#1302 = ORIENTED_EDGE ( 'NONE', *, *, #182, .T. ) ;
#1303 = ORIENTED_EDGE ( 'NONE', *, *, #179, .F. ) ;
#1304 = VERTEX_POINT ( 'NONE', #1050 ) ;
#1305 = LINE ( 'NONE', #426, #44 ) ;
#1306 = VERTEX_POINT ( 'NONE', #1052 ) ;
#1307 = VERTEX_POINT ( 'NONE', #1047 ) ;
#1308 = VERTEX_POINT ( 'NONE', #1053 ) ;
#1309 = VERTEX_POINT ( 'NONE', #1054 ) ;
#1310 = VERTEX_POINT ( 'NONE', #1041 ) ;
#1311 = VERTEX_POINT ( 'NONE', #1055 ) ;
#1312 = VERTEX_POINT ( 'NONE', #1051 ) ;
#1313 = VERTEX_POINT ( 'NONE', #1056 ) ;
#1314 = VERTEX_POINT ( 'NONE', #1057 ) ;
#1315 = VERTEX_POINT ( 'NONE', #1058 ) ;
#1316 = VERTEX_POINT ( 'NONE', #1059 ) ;
#1317 = VERTEX_POINT ( 'NONE', #1060 ) ;
#1318 = VERTEX_POINT ( 'NONE', #1061 ) ;
#1319 = VERTEX_POINT ( 'NONE', #1062 ) ;
#1320 = VERTEX_POINT ( 'NONE', #1063 ) ;
#1321 = VERTEX_POINT ( 'NONE', #1064 ) ;
#1322 = VERTEX_POINT ( 'NONE', #1065 ) ;
#1323 = VERTEX_POINT ( 'NONE', #1066 ) ;
#1324 = VERTEX_POINT ( 'NONE', #1067 ) ;
#1325 = VERTEX_POINT ( 'NONE', #1068 ) ;
#1326 = VERTEX_POINT ( 'NONE', #1069 ) ;
#1327 = VERTEX_POINT ( 'NONE', #1070 ) ;
#1328 = VERTEX_POINT ( 'NONE', #1071 ) ;
#1329 = VERTEX_POINT ( 'NONE', #1072 ) ;
#1330 = VERTEX_POINT ( 'NONE', #1073 ) ;
#1331 = VERTEX_POINT ( 'NONE', #1074 ) ;
#1332 = VERTEX_POINT ( 'NONE', #1075 ) ;
#1333 = VERTEX_POINT ( 'NONE', #1076 ) ;
#1334 = VERTEX_POINT ( 'NONE', #1077 ) ;
#1335 = VERTEX_POINT ( 'NONE', #1078 ) ;
#1336 = VERTEX_POINT ( 'NONE', #1079 ) ;
#1337 = VERTEX_POINT ( 'NONE', #1080 ) ;
#1338 = VERTEX_POINT ( 'NONE', #1081 ) ;
#1339 = VERTEX_POINT ( 'NONE', #1082 ) ;
#1340 = VERTEX_POINT ( 'NONE', #1083 ) ;
#1341 = VERTEX_POINT ( 'NONE', #1084 ) ;
#1342 = ORIENTED_EDGE ( 'NONE', *, *, #173, .T. ) ;
#1343 = VERTEX_POINT ( 'NONE', #1086 ) ;
#1344 = VERTEX_POINT ( 'NONE', #1087 ) ;
#1345 = VERTEX_POINT ( 'NONE', #1088 ) ;
#1346 = ORIENTED_EDGE ( 'NONE', *, *, #176, .T. ) ;
#1347 = ORIENTED_EDGE ( 'NONE', *, *, #175, .T. ) ;
#1348 = ORIENTED_EDGE ( 'NONE', *, *, #1264, .T. ) ;
#1349 = ORIENTED_EDGE ( 'NONE', *, *, #1263, .F. ) ;
#1350 = ORIENTED_EDGE ( 'NONE', *, *, #171, .T. ) ;
#1351 = ORIENTED_EDGE ( 'NONE', *, *, #171, .F. ) ;
#1352 = ORIENTED_EDGE ( 'NONE', *, *, #34, .T. ) ;
#1353 = ORIENTED_EDGE ( 'NONE', *, *, #1262, .F. ) ;
#1354 = ORIENTED_EDGE ( 'NONE', *, *, #21, .F. ) ;
#1355 = ORIENTED_EDGE ( 'NONE', *, *, #176, .F. ) ;
#1356 = ORIENTED_EDGE ( 'NONE', *, *, #1269, .F. ) ;
#1357 = VERTEX_POINT ( 'NONE', #1090 ) ;
#1358 = ORIENTED_EDGE ( 'NONE', *, *, #174, .T. ) ;
#1359 = ORIENTED_EDGE ( 'NONE', *, *, #1253, .T. ) ;
#1360 = ORIENTED_EDGE ( 'NONE', *, *, #1276, .F. ) ;
#1361 = ORIENTED_EDGE ( 'NONE', *, *, #1255, .T. ) ;
#1362 = VERTEX_POINT ( 'NONE', #1089 ) ;
#1363 = VERTEX_POINT ( 'NONE', #1093 ) ;
#1364 = VERTEX_POINT ( 'NONE', #1094 ) ;
#1365 = ORIENTED_EDGE ( 'NONE', *, *, #1256, .T. ) ;
#1366 = VERTEX_POINT ( 'NONE', #1085 ) ;
#1367 = ORIENTED_EDGE ( 'NONE', *, *, #1258, .F. ) ;
#1368 = ORIENTED_EDGE ( 'NONE', *, *, #1265, .T. ) ;
#1369 = ORIENTED_EDGE ( 'NONE', *, *, #1251, .F. ) ;
#1370 = VERTEX_POINT ( 'NONE', #1095 ) ;
#1371 = VERTEX_POINT ( 'NONE', #1097 ) ;
#1372 = ORIENTED_EDGE ( 'NONE', *, *, #1253, .F. ) ;
#1373 = ORIENTED_EDGE ( 'NONE', *, *, #1261, .T. ) ;
#1374 = ORIENTED_EDGE ( 'NONE', *, *, #1246, .F. ) ;
#1375 = VERTEX_POINT ( 'NONE', #1096 ) ;
#1376 = ORIENTED_EDGE ( 'NONE', *, *, #1252, .T. ) ;
#1377 = ORIENTED_EDGE ( 'NONE', *, *, #1254, .F. ) ;
#1378 = ORIENTED_EDGE ( 'NONE', *, *, #1246, .T. ) ;
#1379 = ORIENTED_EDGE ( 'NONE', *, *, #1269, .T. ) ;
#1380 = ORIENTED_EDGE ( 'NONE', *, *, #1245, .T. ) ;
#1381 = VERTEX_POINT ( 'NONE', #1099 ) ;
#1382 = ORIENTED_EDGE ( 'NONE', *, *, #1243, .T. ) ;
#1383 = ORIENTED_EDGE ( 'NONE', *, *, #1248, .T. ) ;
#1384 = VERTEX_POINT ( 'NONE', #1091 ) ;
#1385 = ORIENTED_EDGE ( 'NONE', *, *, #1255, .F. ) ;
#1386 = ORIENTED_EDGE ( 'NONE', *, *, #1244, .F. ) ;
#1387 = VERTEX_POINT ( 'NONE', #1101 ) ;
#1388 = VERTEX_POINT ( 'NONE', #1102 ) ;
#1389 = ORIENTED_EDGE ( 'NONE', *, *, #1243, .F. ) ;
#1390 = ORIENTED_EDGE ( 'NONE', *, *, #1242, .T. ) ;
#1391 = ORIENTED_EDGE ( 'NONE', *, *, #1250, .T. ) ;
#1392 = ORIENTED_EDGE ( 'NONE', *, *, #1263, .T. ) ;
#1393 = ORIENTED_EDGE ( 'NONE', *, *, #1254, .T. ) ;
#1394 = ORIENTED_EDGE ( 'NONE', *, *, #1249, .F. ) ;
#1395 = ORIENTED_EDGE ( 'NONE', *, *, #1268, .T. ) ;
#1396 = VERTEX_POINT ( 'NONE', #1098 ) ;
#1397 = VERTEX_POINT ( 'NONE', #1092 ) ;
#1398 = VERTEX_POINT ( 'NONE', #1105 ) ;
#1399 = ORIENTED_EDGE ( 'NONE', *, *, #1261, .F. ) ;
#1400 = VERTEX_POINT ( 'NONE', #1103 ) ;
#1401 = VERTEX_POINT ( 'NONE', #1104 ) ;
#1402 = VERTEX_POINT ( 'NONE', #1100 ) ;
#1403 = ORIENTED_EDGE ( 'NONE', *, *, #1249, .T. ) ;
#1404 = ORIENTED_EDGE ( 'NONE', *, *, #184, .T. ) ;
#1405 = ORIENTED_EDGE ( 'NONE', *, *, #174, .F. ) ;
#1406 = VERTEX_POINT ( 'NONE', #1106 ) ;
#1407 = VERTEX_POINT ( 'NONE', #1109 ) ;
#1408 = ORIENTED_EDGE ( 'NONE', *, *, #185, .F. ) ;
#1409 = ORIENTED_EDGE ( 'NONE', *, *, #1259, .T. ) ;
#1410 = ORIENTED_EDGE ( 'NONE', *, *, #185, .T. ) ;
#1411 = ORIENTED_EDGE ( 'NONE', *, *, #1260, .T. ) ;
#1412 = ORIENTED_EDGE ( 'NONE', *, *, #177, .T. ) ;
#1413 = ORIENTED_EDGE ( 'NONE', *, *, #1266, .F. ) ;
#1414 = ORIENTED_EDGE ( 'NONE', *, *, #1259, .F. ) ;
#1415 = VERTEX_POINT ( 'NONE', #1108 ) ;
#1416 = ORIENTED_EDGE ( 'NONE', *, *, #1262, .T. ) ;
#1417 = ORIENTED_EDGE ( 'NONE', *, *, #1266, .T. ) ;
#1418 = ORIENTED_EDGE ( 'NONE', *, *, #1267, .T. ) ;
#1419 = VERTEX_POINT ( 'NONE', #1107 ) ;
#1420 = VERTEX_POINT ( 'NONE', #1110 ) ;
#1421 = ORIENTED_EDGE ( 'NONE', *, *, #26, .T. ) ;
#1422 = CIRCLE ( 'NONE', #1458, 0.1500000000000000500 ) ;
#1423 = AXIS2_PLACEMENT_3D ( 'NONE', #991, #992, #993 ) ;
#1424 = VECTOR ( 'NONE', #686, 39.37007874015748100 ) ;
#1425 = CIRCLE ( 'NONE', #1442, 0.1090000000000001200 ) ;
#1426 = AXIS2_PLACEMENT_3D ( 'NONE', #937, #938, #939 ) ;
#1427 = VECTOR ( 'NONE', #943, 39.37007874015748100 ) ;
#1428 = CIRCLE ( 'NONE', #1426, 0.1089999999999999900 ) ;
#1429 = VECTOR ( 'NONE', #941, 39.37007874015748900 ) ;
#1430 = AXIS2_PLACEMENT_3D ( 'NONE', #927, #928, #929 ) ;
#1431 = VECTOR ( 'NONE', #933, 39.37007874015748100 ) ;
#1432 = CIRCLE ( 'NONE', #1434, 0.1089999999999999900 ) ;
#1433 = VECTOR ( 'NONE', #949, 39.37007874015748100 ) ;
#1434 = AXIS2_PLACEMENT_3D ( 'NONE', #946, #947, #948 ) ;
#1435 = VECTOR ( 'NONE', #952, 39.37007874015748900 ) ;
#1436 = VECTOR ( 'NONE', #955, 39.37007874015748100 ) ;
#1437 = CIRCLE ( 'NONE', #1439, 0.1089999999999999900 ) ;
#1438 = VECTOR ( 'NONE', #960, 39.37007874015748900 ) ;
#1439 = AXIS2_PLACEMENT_3D ( 'NONE', #956, #957, #958 ) ;
#1440 = VECTOR ( 'NONE', #965, 39.37007874015748900 ) ;
#1441 = VECTOR ( 'NONE', #994, 39.37007874015748100 ) ;
#1442 = AXIS2_PLACEMENT_3D ( 'NONE', #962, #963, #964 ) ;
#1443 = CIRCLE ( 'NONE', #1445, 0.1500000000000000500 ) ;
#1444 = CIRCLE ( 'NONE', #1447, 0.1500000000000000500 ) ;
#1445 = AXIS2_PLACEMENT_3D ( 'NONE', #968, #969, #970 ) ;
#1446 = VECTOR ( 'NONE', #974, 39.37007874015748100 ) ;
#1447 = AXIS2_PLACEMENT_3D ( 'NONE', #971, #972, #973 ) ;
#1448 = CIRCLE ( 'NONE', #1450, 0.1089999999999999900 ) ;
#1449 = CIRCLE ( 'NONE', #1452, 0.1500000000000000500 ) ;
#1450 = AXIS2_PLACEMENT_3D ( 'NONE', #977, #978, #979 ) ;
#1451 = VECTOR ( 'NONE', #984, 39.37007874015748100 ) ;
#1452 = AXIS2_PLACEMENT_3D ( 'NONE', #981, #982, #983 ) ;
#1453 = VECTOR ( 'NONE', #997, 39.37007874015748100 ) ;
#1454 = AXIS2_PLACEMENT_3D ( 'NONE', #759, #760, #761 ) ;
#1455 = CIRCLE ( 'NONE', #1469, 0.03000000000000022800 ) ;
#1456 = CIRCLE ( 'NONE', #1423, 0.5000000000000001100 ) ;
#1457 = CIRCLE ( 'NONE', #1481, 0.09349999999999997200 ) ;
#1458 = AXIS2_PLACEMENT_3D ( 'NONE', #986, #987, #988 ) ;
#1459 = VECTOR ( 'NONE', #750, 39.37007874015748900 ) ;
#1460 = VECTOR ( 'NONE', #743, 39.37007874015748100 ) ;
#1461 = AXIS2_PLACEMENT_3D ( 'NONE', #740, #741, #742 ) ;
#1462 = CIRCLE ( 'NONE', #1553, 0.09349999999999997200 ) ;
#1463 = CIRCLE ( 'NONE', #1472, 0.09349999999999994400 ) ;
#1464 = CIRCLE ( 'NONE', #1454, 0.1534999999999998900 ) ;
#1465 = VECTOR ( 'NONE', #753, 39.37007874015748100 ) ;
#1466 = VECTOR ( 'NONE', #748, 39.37007874015748100 ) ;
#1467 = AXIS2_PLACEMENT_3D ( 'NONE', #745, #746, #747 ) ;
#1468 = CIRCLE ( 'NONE', #1467, 0.1534999999999998900 ) ;
#1469 = AXIS2_PLACEMENT_3D ( 'NONE', #1000, #1001, #1002 ) ;
#1470 = VECTOR ( 'NONE', #801, 39.37007874015748100 ) ;
#1471 = CIRCLE ( 'NONE', #1495, 0.09349999999999997200 ) ;
#1472 = AXIS2_PLACEMENT_3D ( 'NONE', #793, #794, #795 ) ;
#1473 = AXIS2_PLACEMENT_3D ( 'NONE', #691, #692, #693 ) ;
#1474 = CIRCLE ( 'NONE', #1473, 0.09349999999999997200 ) ;
#1475 = VECTOR ( 'NONE', #712, 39.37007874015748100 ) ;
#1476 = VECTOR ( 'NONE', #700, 39.37007874015748100 ) ;
#1477 = CIRCLE ( 'NONE', #1483, 0.02999999999999995400 ) ;
#1478 = AXIS2_PLACEMENT_3D ( 'NONE', #705, #706, #707 ) ;
#1479 = VECTOR ( 'NONE', #703, 39.37007874015748900 ) ;
#1480 = CIRCLE ( 'NONE', #1478, 0.1534999999999998900 ) ;
#1481 = AXIS2_PLACEMENT_3D ( 'NONE', #709, #710, #711 ) ;
#1482 = CIRCLE ( 'NONE', #1497, 0.09349999999999994400 ) ;
#1483 = AXIS2_PLACEMENT_3D ( 'NONE', #714, #715, #716 ) ;
#1484 = CIRCLE ( 'NONE', #1488, 0.08999999999999985800 ) ;
#1485 = CIRCLE ( 'NONE', #1503, 0.09349999999999997200 ) ;
#1486 = VECTOR ( 'NONE', #721, 39.37007874015748100 ) ;
#1487 = VECTOR ( 'NONE', #728, 39.37007874015748100 ) ;
#1488 = AXIS2_PLACEMENT_3D ( 'NONE', #718, #719, #720 ) ;
#1489 = CIRCLE ( 'NONE', #1492, 0.02999999999999995400 ) ;
#1490 = VECTOR ( 'NONE', #731, 39.37007874015748100 ) ;
#1491 = CIRCLE ( 'NONE', #1461, 0.09349999999999997200 ) ;
#1492 = AXIS2_PLACEMENT_3D ( 'NONE', #725, #726, #727 ) ;
#1493 = CIRCLE ( 'NONE', #1498, 0.08999999999999985800 ) ;
#1494 = VECTOR ( 'NONE', #737, 39.37007874015748100 ) ;
#1495 = AXIS2_PLACEMENT_3D ( 'NONE', #798, #799, #800 ) ;
#1496 = PRESENTATION_LAYER_ASSIGNMENT (  '', '', ( #1502 ) ) ;
#1497 = AXIS2_PLACEMENT_3D ( 'NONE', #803, #804, #805 ) ;
#1498 = AXIS2_PLACEMENT_3D ( 'NONE', #733, #734, #735 ) ;
#1499 = MECHANICAL_DESIGN_GEOMETRIC_PRESENTATION_REPRESENTATION (  '', ( #1502 ), #1500 ) ;
#1500 =( GEOMETRIC_REPRESENTATION_CONTEXT ( 3 ) GLOBAL_UNCERTAINTY_ASSIGNED_CONTEXT ( ( #765 ) ) GLOBAL_UNIT_ASSIGNED_CONTEXT ( ( #819, #820, #821 ) ) REPRESENTATION_CONTEXT ( 'NONE', 'WORKASPACE' ) );
#1501 = COLOUR_RGB ( '',0.6470588235294118000, 0.5176470588235293500, 0.0000000000000000000 ) ;
#1502 = STYLED_ITEM ( 'NONE', ( #816 ), #763 ) ;
#1503 = AXIS2_PLACEMENT_3D ( 'NONE', #808, #809, #810 ) ;
#1504 = COLOUR_RGB ( '',0.8666666666666667000, 0.9098039215686274400, 1.000000000000000000 ) ;
#1505 = STYLED_ITEM ( 'NONE', ( #827 ), #764 ) ;
#1506 = VECTOR ( 'NONE', #903, 39.37007874015748900 ) ;
#1507 = MECHANICAL_DESIGN_GEOMETRIC_PRESENTATION_REPRESENTATION (  '', ( #1505 ), #1509 ) ;
#1508 = PRESENTATION_LAYER_ASSIGNMENT (  '', '', ( #1505 ) ) ;
#1509 =( GEOMETRIC_REPRESENTATION_CONTEXT ( 3 ) GLOBAL_UNCERTAINTY_ASSIGNED_CONTEXT ( ( #766 ) ) GLOBAL_UNIT_ASSIGNED_CONTEXT ( ( #830, #831, #832 ) ) REPRESENTATION_CONTEXT ( 'NONE', 'WORKASPACE' ) );
#1510 = AXIS2_PLACEMENT_3D ( 'NONE', #881, #878, #883 ) ;
#1511 = AXIS2_PLACEMENT_3D ( 'NONE', #847, #844, #849 ) ;
#1512 = AXIS2_PLACEMENT_3D ( 'NONE', #863, #857, #867 ) ;
#1513 = AXIS2_PLACEMENT_3D ( 'NONE', #871, #861, #875 ) ;
#1514 = CONICAL_SURFACE ( 'NONE', #1515, 0.1500000000000000500, 0.7155849933176757800 ) ;
#1515 = AXIS2_PLACEMENT_3D ( 'NONE', #850, #852, #848 ) ;
#1516 = AXIS2_PLACEMENT_3D ( 'NONE', #822, #802, #835 ) ;
#1517 = CIRCLE ( 'NONE', #1523, 0.1089999999999999900 ) ;
#1518 = AXIS2_PLACEMENT_3D ( 'NONE', #838, #833, #840 ) ;
#1519 = AXIS2_PLACEMENT_3D ( 'NONE', #856, #853, #858 ) ;
#1520 = AXIS2_PLACEMENT_3D ( 'NONE', #886, #882, #888 ) ;
#1521 = CONICAL_SURFACE ( 'NONE', #1522, 0.1500000000000000500, 0.7155849933176748900 ) ;
#1522 = AXIS2_PLACEMENT_3D ( 'NONE', #841, #843, #839 ) ;
#1523 = AXIS2_PLACEMENT_3D ( 'NONE', #905, #906, #907 ) ;
#1524 = CIRCLE ( 'NONE', #1540, 0.1500000000000000500 ) ;
#1525 = CONICAL_SURFACE ( 'NONE', #1526, 0.1500000000000000500, 0.7155849933176757800 ) ;
#1526 = AXIS2_PLACEMENT_3D ( 'NONE', #876, #873, #870 ) ;
#1527 = CIRCLE ( 'NONE', #1536, 0.1089999999999999900 ) ;
#1528 = AXIS2_PLACEMENT_3D ( 'NONE', #893, #895, #892 ) ;
#1529 = CONICAL_SURFACE ( 'NONE', #1534, 0.1500000000000000500, 0.7155849933176748900 ) ;
#1530 = VECTOR ( 'NONE', #908, 39.37007874015748100 ) ;
#1531 = CONICAL_SURFACE ( 'NONE', #1533, 0.1500000000000000500, 0.7155849933176757800 ) ;
#1532 = CONICAL_SURFACE ( 'NONE', #1528, 0.1500000000000000500, 0.7155849933176757800 ) ;
#1533 = AXIS2_PLACEMENT_3D ( 'NONE', #889, #891, #887 ) ;
#1534 = AXIS2_PLACEMENT_3D ( 'NONE', #897, #899, #896 ) ;
#1535 = CIRCLE ( 'NONE', #1542, 0.1089999999999999900 ) ;
#1536 = AXIS2_PLACEMENT_3D ( 'NONE', #909, #910, #911 ) ;
#1537 = CIRCLE ( 'NONE', #1538, 0.1089999999999999900 ) ;
#1538 = AXIS2_PLACEMENT_3D ( 'NONE', #919, #920, #921 ) ;
#1539 = CIRCLE ( 'NONE', #1543, 0.1090000000000001200 ) ;
#1540 = AXIS2_PLACEMENT_3D ( 'NONE', #916, #917, #918 ) ;
#1541 = CIRCLE ( 'NONE', #1430, 0.1500000000000000500 ) ;
#1542 = AXIS2_PLACEMENT_3D ( 'NONE', #912, #913, #914 ) ;
#1543 = AXIS2_PLACEMENT_3D ( 'NONE', #922, #923, #924 ) ;
#1544 = VECTOR ( 'NONE', #931, 39.37007874015748900 ) ;
#1545 = AXIS2_PLACEMENT_3D ( 'NONE', #697, #698, #699 ) ;
#1546 = VECTOR ( 'NONE', #695, 39.37007874015748100 ) ;
#1547 = VECTOR ( 'NONE', #1003, 39.37007874015748100 ) ;
#1548 = CIRCLE ( 'NONE', #1545, 0.1534999999999998900 ) ;
#1549 = VECTOR ( 'NONE', #684, 39.37007874015748100 ) ;
#1550 = VECTOR ( 'NONE', #689, 39.37007874015748900 ) ;
#1551 = VECTOR ( 'NONE', #1006, 39.37007874015748100 ) ;
#1552 = VECTOR ( 'NONE', #1009, 39.37007874015748100 ) ;
#1553 = AXIS2_PLACEMENT_3D ( 'NONE', #756, #757, #758 ) ;
#1554 = VECTOR ( 'NONE', #762, 39.37007874015748100 ) ;
#1555 = VECTOR ( 'NONE', #1019, 39.37007874015748100 ) ;
#1556 = AXIS2_PLACEMENT_3D ( 'NONE', #1012, #1013, #1014 ) ;
#1557 = VECTOR ( 'NONE', #1015, 39.37007874015748100 ) ;
#1558 = CIRCLE ( 'NONE', #1556, 0.02999999999999981500 ) ;
#1559 = AXIS2_PLACEMENT_3D ( 'NONE', #1016, #1017, #1018 ) ;
#1560 = ADVANCED_BREP_SHAPE_REPRESENTATION ( '', ( #763, #1195 ), #1196 ) ;
#1561 = ADVANCED_BREP_SHAPE_REPRESENTATION ( '', ( #764, #1195 ), #1202 ) ;
ENDSEC;
END-ISO-10303-21;
