  0
SECTION
  2
HEADER
  9
$ACADVER
  1
AC1024
  9
$ACADMAINTVER
 70
6
  9
$DWGCODEPAGE
  3
ANSI_1252
  9
$LASTSAVEDBY
  1
ezdxf
  9
$INSBASE
 10
0.0
 20
0.0
 30
0.0
  9
$EXTMIN
 10
1e+20
 20
1e+20
 30
1e+20
  9
$EXTMAX
 10
-1e+20
 20
-1e+20
 30
-1e+20
  9
$LIMMIN
 10
0.0
 20
0.0
  9
$LIMMAX
 10
420.0
 20
297.0
  9
$ORTHOMODE
 70
0
  9
$REGENMODE
 70
1
  9
$FILLMODE
 70
1
  9
$QTEXTMODE
 70
0
  9
$MIRRTEXT
 70
1
  9
$LTSCALE
 40
0.5
  9
$ATTMODE
 70
1
  9
$TEXTSIZE
 40
2.5
  9
$TRACEWID
 40
1.0
  9
$TEXTSTYLE
  7
Standard
  9
$CLAYER
  8
0
  9
$CELTYPE
  6
ByLayer
  9
$CECOLOR
 62
256
  9
$CELTSCALE
 40
1.0
  9
$DISPSILH
 70
0
  9
$DIMSCALE
 40
1.0
  9
$DIMASZ
 40
2.5
  9
$DIMEXO
 40
0.625
  9
$DIMDLI
 40
3.75
  9
$DIMRND
 40
0.0
  9
$DIMDLE
 40
0.0
  9
$DIMEXE
 40
1.25
  9
$DIMTP
 40
0.0
  9
$DIMTM
 40
0.0
  9
$DIMTXT
 40
2.5
  9
$DIMCEN
 40
2.5
  9
$DIMTSZ
 40
0.0
  9
$DIMTOL
 70
0
  9
$DIMLIM
 70
0
  9
$DIMTIH
 70
0
  9
$DIMTOH
 70
0
  9
$DIMSE1
 70
0
  9
$DIMSE2
 70
0
  9
$DIMTAD
 70
1
  9
$DIMZIN
 70
8
  9
$DIMBLK
  1

  9
$DIMASO
 70
1
  9
$DIMSHO
 70
1
  9
$DIMPOST
  1

  9
$DIMAPOST
  1

  9
$DIMALT
 70
0
  9
$DIMALTD
 70
3
  9
$DIMALTF
 40
0.03937007874
  9
$DIMLFAC
 40
1.0
  9
$DIMTOFL
 70
1
  9
$DIMTVP
 40
0.0
  9
$DIMTIX
 70
0
  9
$DIMSOXD
 70
0
  9
$DIMSAH
 70
0
  9
$DIMBLK1
  1

  9
$DIMBLK2
  1

  9
$DIMSTYLE
  2
ISO-25
  9
$DIMCLRD
 70
0
  9
$DIMCLRE
 70
0
  9
$DIMCLRT
 70
0
  9
$DIMTFAC
 40
1.0
  9
$DIMGAP
 40
0.625
  9
$DIMJUST
 70
0
  9
$DIMSD1
 70
0
  9
$DIMSD2
 70
0
  9
$DIMTOLJ
 70
0
  9
$DIMTZIN
 70
8
  9
$DIMALTZ
 70
0
  9
$DIMALTTZ
 70
0
  9
$DIMUPT
 70
0
  9
$DIMDEC
 70
2
  9
$DIMTDEC
 70
2
  9
$DIMALTU
 70
2
  9
$DIMALTTD
 70
3
  9
$DIMTXSTY
  7
Standard
  9
$DIMAUNIT
 70
0
  9
$DIMADEC
 70
0
  9
$DIMALTRND
 40
0.0
  9
$DIMAZIN
 70
0
  9
$DIMDSEP
 70
44
  9
$DIMATFIT
 70
3
  9
$DIMFRAC
 70
0
  9
$DIMLDRBLK
  1

  9
$DIMLUNIT
 70
2
  9
$DIMLWD
 70
-2
  9
$DIMLWE
 70
-2
  9
$DIMTMOVE
 70
0
  9
$DIMFXL
 40
1.0
  9
$DIMFXLON
 70
0
  9
$DIMJOGANG
 40
0.785398163397
  9
$DIMTFILL
 70
0
  9
$DIMTFILLCLR
 70
0
  9
$DIMARCSYM
 70
0
  9
$DIMLTYPE
  6

  9
$DIMLTEX1
  6

  9
$DIMLTEX2
  6

  9
$DIMTXTDIRECTION
 70
0
  9
$LUNITS
 70
2
  9
$LUPREC
 70
4
  9
$SKETCHINC
 40
1.0
  9
$FILLETRAD
 40
10.0
  9
$AUNITS
 70
0
  9
$AUPREC
 70
2
  9
$MENU
  1
.
  9
$ELEVATION
 40
0.0
  9
$PELEVATION
 40
0.0
  9
$THICKNESS
 40
0.0
  9
$LIMCHECK
 70
0
  9
$CHAMFERA
 40
0.0
  9
$CHAMFERB
 40
0.0
  9
$CHAMFERC
 40
0.0
  9
$CHAMFERD
 40
0.0
  9
$SKPOLY
 70
0
  9
$TDCREATE
 40
2461186.027025463
  9
$TDUCREATE
 40
2458532.153996898
  9
$TDUPDATE
 40
2461186.027025463
  9
$TDUUPDATE
 40
2458532.1544311
  9
$TDINDWG
 40
0.0
  9
$TDUSRTIMER
 40
0.0
  9
$USRTIMER
 70
1
  9
$ANGBASE
 50
0.0
  9
$ANGDIR
 70
0
  9
$PDMODE
 70
0
  9
$PDSIZE
 40
0.0
  9
$PLINEWID
 40
0.0
  9
$SPLFRAME
 70
0
  9
$SPLINETYPE
 70
6
  9
$SPLINESEGS
 70
8
  9
$HANDSEED
  5
1220
  9
$SURFTAB1
 70
6
  9
$SURFTAB2
 70
6
  9
$SURFTYPE
 70
6
  9
$SURFU
 70
6
  9
$SURFV
 70
6
  9
$UCSBASE
  2

  9
$UCSNAME
  2

  9
$UCSORG
 10
0.0
 20
0.0
 30
0.0
  9
$UCSXDIR
 10
1.0
 20
0.0
 30
0.0
  9
$UCSYDIR
 10
0.0
 20
1.0
 30
0.0
  9
$UCSORTHOREF
  2

  9
$UCSORTHOVIEW
 70
0
  9
$UCSORGTOP
 10
0.0
 20
0.0
 30
0.0
  9
$UCSORGBOTTOM
 10
0.0
 20
0.0
 30
0.0
  9
$UCSORGLEFT
 10
0.0
 20
0.0
 30
0.0
  9
$UCSORGRIGHT
 10
0.0
 20
0.0
 30
0.0
  9
$UCSORGFRONT
 10
0.0
 20
0.0
 30
0.0
  9
$UCSORGBACK
 10
0.0
 20
0.0
 30
0.0
  9
$PUCSBASE
  2

  9
$PUCSNAME
  2

  9
$PUCSORG
 10
0.0
 20
0.0
 30
0.0
  9
$PUCSXDIR
 10
1.0
 20
0.0
 30
0.0
  9
$PUCSYDIR
 10
0.0
 20
1.0
 30
0.0
  9
$PUCSORTHOREF
  2

  9
$PUCSORTHOVIEW
 70
0
  9
$PUCSORGTOP
 10
0.0
 20
0.0
 30
0.0
  9
$PUCSORGBOTTOM
 10
0.0
 20
0.0
 30
0.0
  9
$PUCSORGLEFT
 10
0.0
 20
0.0
 30
0.0
  9
$PUCSORGRIGHT
 10
0.0
 20
0.0
 30
0.0
  9
$PUCSORGFRONT
 10
0.0
 20
0.0
 30
0.0
  9
$PUCSORGBACK
 10
0.0
 20
0.0
 30
0.0
  9
$USERI1
 70
0
  9
$USERI2
 70
0
  9
$USERI3
 70
0
  9
$USERI4
 70
0
  9
$USERI5
 70
0
  9
$USERR1
 40
0.0
  9
$USERR2
 40
0.0
  9
$USERR3
 40
0.0
  9
$USERR4
 40
0.0
  9
$USERR5
 40
0.0
  9
$WORLDVIEW
 70
1
  9
$SHADEDGE
 70
3
  9
$SHADEDIF
 70
70
  9
$TILEMODE
 70
1
  9
$MAXACTVP
 70
64
  9
$PINSBASE
 10
0.0
 20
0.0
 30
0.0
  9
$PLIMCHECK
 70
0
  9
$PEXTMIN
 10
1e+20
 20
1e+20
 30
1e+20
  9
$PEXTMAX
 10
-1e+20
 20
-1e+20
 30
-1e+20
  9
$PLIMMIN
 10
0.0
 20
0.0
  9
$PLIMMAX
 10
420.0
 20
297.0
  9
$UNITMODE
 70
0
  9
$VISRETAIN
 70
1
  9
$PLINEGEN
 70
0
  9
$PSLTSCALE
 70
1
  9
$TREEDEPTH
 70
3020
  9
$CMLSTYLE
  2
Standard
  9
$CMLJUST
 70
0
  9
$CMLSCALE
 40
20.0
  9
$PROXYGRAPHICS
 70
1
  9
$MEASUREMENT
 70
1
  9
$CELWEIGHT
370
-1
  9
$ENDCAPS
280
0
  9
$JOINSTYLE
280
0
  9
$LWDISPLAY
290
0
  9
$INSUNITS
 70
6
  9
$HYPERLINKBASE
  1

  9
$STYLESHEET
  1

  9
$XEDIT
290
1
  9
$CEPSNTYPE
380
0
  9
$PSTYLEMODE
290
1
  9
$FINGERPRINTGUID
  2
{4D2A161B-7AB2-4BD6-88B6-4497CD7F5D1E}
  9
$VERSIONGUID
  2
{4DB868BA-C731-411B-A54C-60355CA696A0}
  9
$EXTNAMES
290
1
  9
$PSVPSCALE
 40
0.0
  9
$OLESTARTUP
290
0
  9
$SORTENTS
280
127
  9
$INDEXCTL
280
0
  9
$HIDETEXT
280
1
  9
$XCLIPFRAME
280
1
  9
$HALOGAP
280
0
  9
$OBSCOLOR
 70
257
  9
$OBSLTYPE
280
0
  9
$INTERSECTIONDISPLAY
280
0
  9
$INTERSECTIONCOLOR
 70
257
  9
$DIMASSOC
280
2
  9
$PROJECTNAME
  1

  9
$CAMERADISPLAY
290
0
  9
$LENSLENGTH
 40
50.0
  9
$CAMERAHEIGHT
 40
0.0
  9
$STEPSPERSEC
 40
24.0
  9
$STEPSIZE
 40
100.0
  9
$3DDWFPREC
 40
2.0
  9
$PSOLWIDTH
 40
0.005
  9
$PSOLHEIGHT
 40
0.08
  9
$LOFTANG1
 40
1.570796326795
  9
$LOFTANG2
 40
1.570796326795
  9
$LOFTMAG1
 40
0.0
  9
$LOFTMAG2
 40
0.0
  9
$LOFTPARAM
 70
7
  9
$LOFTNORMALS
280
1
  9
$LATITUDE
 40
37.795
  9
$LONGITUDE
 40
-122.394
  9
$NORTHDIRECTION
 40
0.0
  9
$TIMEZONE
 70
-8000
  9
$LIGHTGLYPHDISPLAY
280
1
  9
$TILEMODELIGHTSYNCH
280
1
  9
$CMATERIAL
347
20
  9
$SOLIDHIST
280
0
  9
$SHOWHIST
280
1
  9
$DWFFRAME
280
2
  9
$DGNFRAME
280
2
  9
$REALWORLDSCALE
290
1
  9
$INTERFERECOLOR
 62
256
  9
$CSHADOW
280
0
  9
$SHADOWPLANELOCATION
 40
0.0
  0
ENDSEC
  0
SECTION
  2
CLASSES
  0
CLASS
  1
ACDBDICTIONARYWDFLT
  2
AcDbDictionaryWithDefault
  3
ObjectDBX Classes
 90
0
 91
0
280
0
281
0
  0
CLASS
  1
SUN
  2
AcDbSun
  3
SCENEOE
 90
1153
 91
0
280
0
281
0
  0
CLASS
  1
VISUALSTYLE
  2
AcDbVisualStyle
  3
ObjectDBX Classes
 90
4095
 91
0
280
0
281
0
  0
CLASS
  1
MATERIAL
  2
AcDbMaterial
  3
ObjectDBX Classes
 90
1153
 91
0
280
0
281
0
  0
CLASS
  1
SCALE
  2
AcDbScale
  3
ObjectDBX Classes
 90
1153
 91
0
280
0
281
0
  0
CLASS
  1
TABLESTYLE
  2
AcDbTableStyle
  3
ObjectDBX Classes
 90
4095
 91
0
280
0
281
0
  0
CLASS
  1
MLEADERSTYLE
  2
AcDbMLeaderStyle
  3
ACDB_MLEADERSTYLE_CLASS
 90
4095
 91
0
280
0
281
0
  0
CLASS
  1
DICTIONARYVAR
  2
AcDbDictionaryVar
  3
ObjectDBX Classes
 90
0
 91
0
280
0
281
0
  0
CLASS
  1
CELLSTYLEMAP
  2
AcDbCellStyleMap
  3
ObjectDBX Classes
 90
1152
 91
0
280
0
281
0
  0
CLASS
  1
MENTALRAYRENDERSETTINGS
  2
AcDbMentalRayRenderSettings
  3
SCENEOE
 90
1024
 91
0
280
0
281
0
  0
CLASS
  1
ACDBDETAILVIEWSTYLE
  2
AcDbDetailViewStyle
  3
ObjectDBX Classes
 90
1025
 91
0
280
0
281
0
  0
CLASS
  1
ACDBSECTIONVIEWSTYLE
  2
AcDbSectionViewStyle
  3
ObjectDBX Classes
 90
1025
 91
0
280
0
281
0
  0
CLASS
  1
RASTERVARIABLES
  2
AcDbRasterVariables
  3
ISM
 90
0
 91
0
280
0
281
0
  0
CLASS
  1
LAYOUT
  2
AcDbLayout
  3
ObjectDBX Classes
 90
0
 91
0
280
0
281
0
  0
CLASS
  1
ACDBPLACEHOLDER
  2
AcDbPlaceHolder
  3
ObjectDBX Classes
 90
0
 91
0
280
0
281
0
  0
ENDSEC
  0
SECTION
  2
TABLES
  0
TABLE
  2
VPORT
  5
8
330
0
100
AcDbSymbolTable
 70
1
  0
VPORT
  5
23
330
8
100
AcDbSymbolTableRecord
100
AcDbViewportTableRecord
  2
*Active
 70
0
 10
0.0
 20
0.0
 11
1.0
 21
1.0
 12
0.0
 22
0.0
 13
0.0
 23
0.0
 14
0.5
 24
0.5
 15
0.5
 25
0.5
 16
0.0
 26
0.0
 36
1.0
 17
0.0
 27
0.0
 37
0.0
 40
1000.0
 41
1.34
 42
50.0
 43
0.0
 44
0.0
 50
0.0
 51
0.0
 71
0
 72
1000
 73
1
 74
3
 75
0
 76
0
 77
0
 78
0
281
0
 65
0
146
0.0
  0
ENDTAB
  0
TABLE
  2
LTYPE
  5
2
330
0
100
AcDbSymbolTable
 70
4
  0
LTYPE
  5
24
330
2
100
AcDbSymbolTableRecord
100
AcDbLinetypeTableRecord
  2
ByBlock
 70
0
  3

 72
65
 73
0
 40
0.0
  0
LTYPE
  5
25
330
2
100
AcDbSymbolTableRecord
100
AcDbLinetypeTableRecord
  2
ByLayer
 70
0
  3

 72
65
 73
0
 40
0.0
  0
LTYPE
  5
26
330
2
100
AcDbSymbolTableRecord
100
AcDbLinetypeTableRecord
  2
Continuous
 70
0
  3

 72
65
 73
0
 40
0.0
  0
LTYPE
  5
2F
330
2
100
AcDbSymbolTableRecord
100
AcDbLinetypeTableRecord
  2
DASHED
 70
0
  3
Hidden Line __ __ __ __ __
 72
65
 73
1
 40
4.0
 49
-2.0
 74
0
  0
ENDTAB
  0
TABLE
  2
LAYER
  5
1
330
0
100
AcDbSymbolTable
 70
8
  0
LAYER
  5
27
330
1
100
AcDbSymbolTableRecord
100
AcDbLayerTableRecord
  2
0
 70
0
 62
7
  6
Continuous
370
-3
390
13
347
21
  0
LAYER
  5
28
330
1
100
AcDbSymbolTableRecord
100
AcDbLayerTableRecord
  2
Defpoints
 70
0
 62
7
  6
Continuous
290
0
370
-3
390
13
347
21
  0
LAYER
  5
30
330
1
100
AcDbSymbolTableRecord
100
AcDbLayerTableRecord
  2
BORDER
 70
0
 62
7
  6
Continuous
370
-3
390
13
347
21
  0
LAYER
  5
31
330
1
100
AcDbSymbolTableRecord
100
AcDbLayerTableRecord
  2
GEOMETRY
 70
0
 62
7
  6
Continuous
370
-3
390
13
347
21
  0
LAYER
  5
32
330
1
100
AcDbSymbolTableRecord
100
AcDbLayerTableRecord
  2
HIDDEN_LINES
 70
0
 62
8
  6
DASHED
370
-3
390
13
347
21
  0
LAYER
  5
33
330
1
100
AcDbSymbolTableRecord
100
AcDbLayerTableRecord
  2
CENTER_LINES
 70
0
 62
1
  6
Continuous
370
-3
390
13
347
21
  0
LAYER
  5
34
330
1
100
AcDbSymbolTableRecord
100
AcDbLayerTableRecord
  2
DIMENSIONS
 70
0
 62
2
  6
Continuous
370
-3
390
13
347
21
  0
LAYER
  5
35
330
1
100
AcDbSymbolTableRecord
100
AcDbLayerTableRecord
  2
NOTES
 70
0
 62
3
  6
Continuous
370
-3
390
13
347
21
  0
ENDTAB
  0
TABLE
  2
STYLE
  5
5
330
0
100
AcDbSymbolTable
 70
1
  0
STYLE
  5
29
330
5
100
AcDbSymbolTableRecord
100
AcDbTextStyleTableRecord
  2
Standard
 70
0
 40
0.0
 41
1.0
 50
0.0
 71
0
 42
2.5
  3
txt
  4

  0
ENDTAB
  0
TABLE
  2
VIEW
  5
7
330
0
100
AcDbSymbolTable
 70
0
  0
ENDTAB
  0
TABLE
  2
UCS
  5
6
330
0
100
AcDbSymbolTable
 70
0
  0
ENDTAB
  0
TABLE
  2
APPID
  5
3
330
0
100
AcDbSymbolTable
 70
3
  0
APPID
  5
2A
330
3
100
AcDbSymbolTableRecord
100
AcDbRegAppTableRecord
  2
ACAD
 70
0
  0
APPID
  5
121D
330
3
100
AcDbSymbolTableRecord
100
AcDbRegAppTableRecord
  2
HATCHBACKGROUNDCOLOR
 70
0
  0
APPID
  5
121E
330
3
100
AcDbSymbolTableRecord
100
AcDbRegAppTableRecord
  2
EZDXF
 70
0
  0
ENDTAB
  0
TABLE
  2
DIMSTYLE
  5
4
330
0
100
AcDbSymbolTable
 70
1
100
AcDbDimStyleTable
  0
DIMSTYLE
105
2B
330
4
100
AcDbSymbolTableRecord
100
AcDbDimStyleTableRecord
  2
Standard
 70
0
 40
1.0
 41
2.5
 42
0.625
 43
3.75
 44
1.25
 45
0.0
 46
0.0
 47
0.0
 48
0.0
 49
2.5
140
2.5
141
2.5
142
0.0
143
0.03937007874
144
1.0
145
0.0
146
1.0
147
0.625
148
0.0
 69
0
 70
0
 71
0
 72
0
 73
0
 74
0
 75
0
 76
0
 77
1
 78
8
 79
3
170
0
171
3
172
1
173
0
174
0
175
0
176
0
177
0
178
0
179
2
271
2
272
2
273
2
274
3
275
0
276
0
277
2
278
44
279
0
280
0
281
0
282
0
283
0
284
8
285
0
286
0
288
0
289
3
290
0
371
-2
372
-2
  0
ENDTAB
  0
TABLE
  2
BLOCK_RECORD
  5
9
330
0
100
AcDbSymbolTable
 70
2
  0
BLOCK_RECORD
  5
17
330
9
100
AcDbSymbolTableRecord
100
AcDbBlockTableRecord
  2
*Model_Space
340
1A
 70
0
280
1
281
0
  0
BLOCK_RECORD
  5
1B
330
9
100
AcDbSymbolTableRecord
100
AcDbBlockTableRecord
  2
*Paper_Space
340
1E
 70
0
280
1
281
0
  0
ENDTAB
  0
ENDSEC
  0
SECTION
  2
BLOCKS
  0
BLOCK
  5
18
330
17
100
AcDbEntity
  8
0
100
AcDbBlockBegin
  2
*Model_Space
 70
0
 10
0.0
 20
0.0
 30
0.0
  3
*Model_Space
  1

  0
ENDBLK
  5
19
330
17
100
AcDbEntity
  8
0
100
AcDbBlockEnd
  0
BLOCK
  5
1C
330
1B
100
AcDbEntity
  8
0
100
AcDbBlockBegin
  2
*Paper_Space
 70
0
 10
0.0
 20
0.0
 30
0.0
  3
*Paper_Space
  1

  0
ENDBLK
  5
1D
330
1B
100
AcDbEntity
  8
0
100
AcDbBlockEnd
  0
ENDSEC
  0
SECTION
  2
ENTITIES
  0
LWPOLYLINE
  5
36
330
17
100
AcDbEntity
  8
BORDER
100
AcDbPolyline
 90
4
 70
1
 10
0.0
 20
0.0
 10
420.0
 20
0.0
 10
420.0
 20
297.0
 10
0.0
 20
297.0
  0
LWPOLYLINE
  5
37
330
17
100
AcDbEntity
  8
BORDER
100
AcDbPolyline
 90
4
 70
1
 10
10.0
 20
10.0
 10
410.0
 20
10.0
 10
410.0
 20
287.0
 10
10.0
 20
287.0
  0
LWPOLYLINE
  5
38
330
17
100
AcDbEntity
  8
BORDER
100
AcDbPolyline
 90
4
 70
1
 10
260.0
 20
10.0
 10
410.0
 20
10.0
 10
410.0
 20
55.0
 10
260.0
 20
55.0
  0
LINE
  5
39
330
17
100
AcDbEntity
  8
BORDER
100
AcDbLine
 10
260.0
 20
23.0
 30
0.0
 11
410.0
 21
23.0
 31
0.0
  0
LINE
  5
3A
330
17
100
AcDbEntity
  8
BORDER
100
AcDbLine
 10
260.0
 20
36.0
 30
0.0
 11
410.0
 21
36.0
 31
0.0
  0
CIRCLE
  5
3B
330
17
100
AcDbEntity
  8
GEOMETRY
100
AcDbCircle
 10
193.5
 20
81.99999999999997
 30
0.0
 40
3.25
  0
LINE
  5
3C
330
17
100
AcDbEntity
  8
CENTER_LINES
 62
1
100
AcDbLine
 10
188.25
 20
81.99999999999997
 30
0.0
 11
198.75
 21
81.99999999999997
 31
0.0
  0
LINE
  5
3D
330
17
100
AcDbEntity
  8
CENTER_LINES
 62
1
100
AcDbLine
 10
193.5
 20
76.74999999999997
 30
0.0
 11
193.5
 21
87.24999999999997
 31
0.0
  0
CIRCLE
  5
3E
330
17
100
AcDbEntity
  8
GEOMETRY
100
AcDbCircle
 10
133.5
 20
81.99999999999997
 30
0.0
 40
3.25
  0
LINE
  5
3F
330
17
100
AcDbEntity
  8
CENTER_LINES
 62
1
100
AcDbLine
 10
128.25
 20
81.99999999999997
 30
0.0
 11
138.75
 21
81.99999999999997
 31
0.0
  0
LINE
  5
40
330
17
100
AcDbEntity
  8
CENTER_LINES
 62
1
100
AcDbLine
 10
133.5
 20
76.74999999999997
 30
0.0
 11
133.5
 21
87.24999999999997
 31
0.0
  0
LINE
  5
41
330
17
100
AcDbEntity
  8
GEOMETRY
100
AcDbLine
 10
126.0
 20
89.99999999999997
 30
0.0
 11
126.0
 21
75.99999999999997
 31
0.0
  0
LINE
  5
42
330
17
100
AcDbEntity
  8
GEOMETRY
100
AcDbLine
 10
126.0
 20
75.99999999999997
 30
0.0
 11
126.00107082504726
 21
75.93456183435642
 31
0.0
  0
LINE
  5
43
330
17
100
AcDbEntity
  8
GEOMETRY
100
AcDbLine
 10
126.00107082504726
 20
75.93456183435642
 30
0.0
 11
126.00428215352278
 21
75.86919374153969
 31
0.0
  0
LINE
  5
44
330
17
100
AcDbEntity
  8
GEOMETRY
100
AcDbLine
 10
126.00428215352278
 20
75.86919374153969
 30
0.0
 11
126.0096305466556
 21
75.80396571934085
 31
0.0
  0
LINE
  5
45
330
17
100
AcDbEntity
  8
GEOMETRY
100
AcDbLine
 10
126.0096305466556
 20
75.80396571934085
 30
0.0
 11
126.01711027725237
 21
75.73894761555987
 31
0.0
  0
LINE
  5
46
330
17
100
AcDbEntity
  8
GEOMETRY
100
AcDbLine
 10
126.01711027725237
 20
75.73894761555987
 30
0.0
 11
126.02671333583024
 21
75.6742090532108
 31
0.0
  0
LINE
  5
47
330
17
100
AcDbEntity
  8
GEOMETRY
100
AcDbLine
 10
126.02671333583024
 20
75.6742090532108
 30
0.0
 11
126.03842943919352
 21
75.60981935596772
 31
0.0
  0
LINE
  5
48
330
17
100
AcDbEntity
  8
GEOMETRY
100
AcDbLine
 10
126.03842943919352
 20
75.60981935596772
 30
0.0
 11
126.05224604144533
 21
75.54584747393122
 31
0.0
  0
LINE
  5
49
330
17
100
AcDbEntity
  8
GEOMETRY
100
AcDbLine
 10
126.05224604144533
 20
75.54584747393122
 30
0.0
 11
126.06814834742185
 21
75.48236190979493
 31
0.0
  0
LINE
  5
4A
330
17
100
AcDbEntity
  8
GEOMETRY
100
AcDbLine
 10
126.06814834742185
 20
75.48236190979493
 30
0.0
 11
126.08611932853557
 21
75.41943064549105
 31
0.0
  0
LINE
  5
4B
330
17
100
AcDbEntity
  8
GEOMETRY
100
AcDbLine
 10
126.08611932853557
 20
75.41943064549105
 30
0.0
 11
126.10613974100978
 21
75.35712106939366
 31
0.0
  0
LINE
  5
4C
330
17
100
AcDbEntity
  8
GEOMETRY
100
AcDbLine
 10
126.10613974100978
 20
75.35712106939366
 30
0.0
 11
126.12818814648534
 21
75.29549990415751
 31
0.0
  0
LINE
  5
4D
330
17
100
AcDbEntity
  8
GEOMETRY
100
AcDbLine
 10
126.12818814648534
 20
75.29549990415751
 30
0.0
 11
126.15224093497741
 21
75.23463313526979
 31
0.0
  0
LINE
  5
4E
330
17
100
AcDbEntity
  8
GEOMETRY
100
AcDbLine
 10
126.15224093497741
 20
75.23463313526979
 30
0.0
 11
126.17827235015764
 21
75.17458594039118
 31
0.0
  0
LINE
  5
4F
330
17
100
AcDbEntity
  8
GEOMETRY
100
AcDbLine
 10
126.17827235015764
 20
75.17458594039118
 30
0.0
 11
126.20625451693462
 21
75.11542261956197
 31
0.0
  0
LINE
  5
50
330
17
100
AcDbEntity
  8
GEOMETRY
100
AcDbLine
 10
126.20625451693462
 20
75.11542261956197
 30
0.0
 11
126.23615747130327
 21
75.05720652634798
 31
0.0
  0
LINE
  5
51
330
17
100
AcDbEntity
  8
GEOMETRY
100
AcDbLine
 10
126.23615747130327
 20
75.05720652634798
 30
0.0
 11
126.26794919243112
 21
74.99999999999997
 31
0.0
  0
LINE
  5
52
330
17
100
AcDbEntity
  8
GEOMETRY
100
AcDbLine
 10
126.26794919243112
 20
74.99999999999997
 30
0.0
 11
126.30159563694684
 21
74.94386429869924
 31
0.0
  0
LINE
  5
53
330
17
100
AcDbEntity
  8
GEOMETRY
100
AcDbLine
 10
126.30159563694684
 20
74.94386429869924
 30
0.0
 11
126.3370607753949
 21
74.88885953396077
 31
0.0
  0
LINE
  5
54
330
17
100
AcDbEntity
  8
GEOMETRY
100
AcDbLine
 10
126.3370607753949
 20
74.88885953396077
 30
0.0
 11
126.37430663081676
 21
74.83504460626438
 31
0.0
  0
LINE
  5
55
330
17
100
AcDbEntity
  8
GEOMETRY
100
AcDbLine
 10
126.37430663081676
 20
74.83504460626438
 30
0.0
 11
126.41329331941752
 21
74.78247714198253
 31
0.0
  0
LINE
  5
56
330
17
100
AcDbEntity
  8
GEOMETRY
100
AcDbLine
 10
126.41329331941752
 20
74.78247714198253
 30
0.0
 11
126.45397909327451
 21
74.73121343167269
 31
0.0
  0
LINE
  5
57
330
17
100
AcDbEntity
  8
GEOMETRY
100
AcDbLine
 10
126.45397909327451
 20
74.73121343167269
 30
0.0
 11
126.49632038504204
 21
74.68130836979984
 31
0.0
  0
LINE
  5
58
330
17
100
AcDbEntity
  8
GEOMETRY
100
AcDbLine
 10
126.49632038504204
 20
74.68130836979984
 30
0.0
 11
126.54027185460433
 21
74.63281539595422
 31
0.0
  0
LINE
  5
59
330
17
100
AcDbEntity
  8
GEOMETRY
100
AcDbLine
 10
126.54027185460433
 20
74.63281539595422
 30
0.0
 11
126.5857864376269
 21
74.58578643762688
 31
0.0
  0
LINE
  5
5A
330
17
100
AcDbEntity
  8
GEOMETRY
100
AcDbLine
 10
126.5857864376269
 20
74.58578643762688
 30
0.0
 11
126.63281539595425
 21
74.5402718546043
 31
0.0
  0
LINE
  5
5B
330
17
100
AcDbEntity
  8
GEOMETRY
100
AcDbLine
 10
126.63281539595425
 20
74.5402718546043
 30
0.0
 11
126.68130836979986
 21
74.49632038504203
 31
0.0
  0
LINE
  5
5C
330
17
100
AcDbEntity
  8
GEOMETRY
100
AcDbLine
 10
126.68130836979986
 20
74.49632038504203
 30
0.0
 11
126.7312134316727
 21
74.4539790932745
 31
0.0
  0
LINE
  5
5D
330
17
100
AcDbEntity
  8
GEOMETRY
100
AcDbLine
 10
126.7312134316727
 20
74.4539790932745
 30
0.0
 11
126.78247714198255
 21
74.4132933194175
 31
0.0
  0
LINE
  5
5E
330
17
100
AcDbEntity
  8
GEOMETRY
100
AcDbLine
 10
126.78247714198255
 20
74.4132933194175
 30
0.0
 11
126.83504460626439
 21
74.37430663081673
 31
0.0
  0
LINE
  5
5F
330
17
100
AcDbEntity
  8
GEOMETRY
100
AcDbLine
 10
126.83504460626439
 20
74.37430663081673
 30
0.0
 11
126.88885953396078
 21
74.33706077539489
 31
0.0
  0
LINE
  5
60
330
17
100
AcDbEntity
  8
GEOMETRY
100
AcDbLine
 10
126.88885953396078
 20
74.33706077539489
 30
0.0
 11
126.94386429869925
 21
74.30159563694681
 31
0.0
  0
LINE
  5
61
330
17
100
AcDbEntity
  8
GEOMETRY
100
AcDbLine
 10
126.94386429869925
 20
74.30159563694681
 30
0.0
 11
127.0
 21
74.26794919243109
 31
0.0
  0
LINE
  5
62
330
17
100
AcDbEntity
  8
GEOMETRY
100
AcDbLine
 10
127.0
 20
74.26794919243109
 30
0.0
 11
127.057206526348
 21
74.23615747130326
 31
0.0
  0
LINE
  5
63
330
17
100
AcDbEntity
  8
GEOMETRY
100
AcDbLine
 10
127.057206526348
 20
74.23615747130326
 30
0.0
 11
127.115422619562
 21
74.20625451693459
 31
0.0
  0
LINE
  5
64
330
17
100
AcDbEntity
  8
GEOMETRY
100
AcDbLine
 10
127.115422619562
 20
74.20625451693459
 30
0.0
 11
127.17458594039121
 21
74.17827235015761
 31
0.0
  0
LINE
  5
65
330
17
100
AcDbEntity
  8
GEOMETRY
100
AcDbLine
 10
127.17458594039121
 20
74.17827235015761
 30
0.0
 11
127.2346331352698
 21
74.1522409349774
 31
0.0
  0
LINE
  5
66
330
17
100
AcDbEntity
  8
GEOMETRY
100
AcDbLine
 10
127.2346331352698
 20
74.1522409349774
 30
0.0
 11
127.29549990415752
 21
74.12818814648531
 31
0.0
  0
LINE
  5
67
330
17
100
AcDbEntity
  8
GEOMETRY
100
AcDbLine
 10
127.29549990415752
 20
74.12818814648531
 30
0.0
 11
127.35712106939367
 21
74.10613974100976
 31
0.0
  0
LINE
  5
68
330
17
100
AcDbEntity
  8
GEOMETRY
100
AcDbLine
 10
127.35712106939367
 20
74.10613974100976
 30
0.0
 11
127.41943064549108
 21
74.08611932853555
 31
0.0
  0
LINE
  5
69
330
17
100
AcDbEntity
  8
GEOMETRY
100
AcDbLine
 10
127.41943064549108
 20
74.08611932853555
 30
0.0
 11
127.48236190979495
 21
74.06814834742184
 31
0.0
  0
LINE
  5
6A
330
17
100
AcDbEntity
  8
GEOMETRY
100
AcDbLine
 10
127.48236190979495
 20
74.06814834742184
 30
0.0
 11
127.54584747393125
 21
74.0522460414453
 31
0.0
  0
LINE
  5
6B
330
17
100
AcDbEntity
  8
GEOMETRY
100
AcDbLine
 10
127.54584747393125
 20
74.0522460414453
 30
0.0
 11
127.60981935596774
 21
74.03842943919351
 31
0.0
  0
LINE
  5
6C
330
17
100
AcDbEntity
  8
GEOMETRY
100
AcDbLine
 10
127.60981935596774
 20
74.03842943919351
 30
0.0
 11
127.67420905321082
 21
74.02671333583021
 31
0.0
  0
LINE
  5
6D
330
17
100
AcDbEntity
  8
GEOMETRY
100
AcDbLine
 10
127.67420905321082
 20
74.02671333583021
 30
0.0
 11
127.73894761555988
 21
74.01711027725236
 31
0.0
  0
LINE
  5
6E
330
17
100
AcDbEntity
  8
GEOMETRY
100
AcDbLine
 10
127.73894761555988
 20
74.01711027725236
 30
0.0
 11
127.80396571934088
 21
74.00963054665559
 31
0.0
  0
LINE
  5
6F
330
17
100
AcDbEntity
  8
GEOMETRY
100
AcDbLine
 10
127.80396571934088
 20
74.00963054665559
 30
0.0
 11
127.8691937415397
 21
74.00428215352277
 31
0.0
  0
LINE
  5
70
330
17
100
AcDbEntity
  8
GEOMETRY
100
AcDbLine
 10
127.8691937415397
 20
74.00428215352277
 30
0.0
 11
127.93456183435643
 21
74.00107082504724
 31
0.0
  0
LINE
  5
71
330
17
100
AcDbEntity
  8
GEOMETRY
100
AcDbLine
 10
127.93456183435643
 20
74.00107082504724
 30
0.0
 11
128.0
 21
73.99999999999997
 31
0.0
  0
LINE
  5
72
330
17
100
AcDbEntity
  8
GEOMETRY
100
AcDbLine
 10
128.0
 20
73.99999999999997
 30
0.0
 11
199.0
 21
73.99999999999997
 31
0.0
  0
LINE
  5
73
330
17
100
AcDbEntity
  8
GEOMETRY
100
AcDbLine
 10
199.0
 20
73.99999999999996
 30
0.0
 11
199.06543816564354
 21
74.00107082504724
 31
0.0
  0
LINE
  5
74
330
17
100
AcDbEntity
  8
GEOMETRY
100
AcDbLine
 10
199.06543816564354
 20
74.00107082504724
 30
0.0
 11
199.13080625846027
 21
74.00428215352275
 31
0.0
  0
LINE
  5
75
330
17
100
AcDbEntity
  8
GEOMETRY
100
AcDbLine
 10
199.13080625846027
 20
74.00428215352275
 30
0.0
 11
199.19603428065912
 21
74.00963054665557
 31
0.0
  0
LINE
  5
76
330
17
100
AcDbEntity
  8
GEOMETRY
100
AcDbLine
 10
199.19603428065912
 20
74.00963054665557
 30
0.0
 11
199.2610523844401
 21
74.01711027725234
 31
0.0
  0
LINE
  5
77
330
17
100
AcDbEntity
  8
GEOMETRY
100
AcDbLine
 10
199.2610523844401
 20
74.01711027725234
 30
0.0
 11
199.32579094678917
 21
74.02671333583021
 31
0.0
  0
LINE
  5
78
330
17
100
AcDbEntity
  8
GEOMETRY
100
AcDbLine
 10
199.32579094678917
 20
74.02671333583021
 30
0.0
 11
199.39018064403226
 21
74.0384294391935
 31
0.0
  0
LINE
  5
79
330
17
100
AcDbEntity
  8
GEOMETRY
100
AcDbLine
 10
199.39018064403226
 20
74.0384294391935
 30
0.0
 11
199.45415252606875
 21
74.0522460414453
 31
0.0
  0
LINE
  5
7A
330
17
100
AcDbEntity
  8
GEOMETRY
100
AcDbLine
 10
199.45415252606875
 20
74.0522460414453
 30
0.0
 11
199.51763809020503
 21
74.06814834742183
 31
0.0
  0
LINE
  5
7B
330
17
100
AcDbEntity
  8
GEOMETRY
100
AcDbLine
 10
199.51763809020503
 20
74.06814834742183
 30
0.0
 11
199.58056935450892
 21
74.08611932853555
 31
0.0
  0
LINE
  5
7C
330
17
100
AcDbEntity
  8
GEOMETRY
100
AcDbLine
 10
199.58056935450892
 20
74.08611932853555
 30
0.0
 11
199.64287893060632
 21
74.10613974100976
 31
0.0
  0
LINE
  5
7D
330
17
100
AcDbEntity
  8
GEOMETRY
100
AcDbLine
 10
199.64287893060632
 20
74.10613974100976
 30
0.0
 11
199.70450009584246
 21
74.12818814648531
 31
0.0
  0
LINE
  5
7E
330
17
100
AcDbEntity
  8
GEOMETRY
100
AcDbLine
 10
199.70450009584246
 20
74.12818814648531
 30
0.0
 11
199.76536686473017
 21
74.15224093497739
 31
0.0
  0
LINE
  5
7F
330
17
100
AcDbEntity
  8
GEOMETRY
100
AcDbLine
 10
199.76536686473017
 20
74.15224093497739
 30
0.0
 11
199.8254140596088
 21
74.17827235015761
 31
0.0
  0
LINE
  5
80
330
17
100
AcDbEntity
  8
GEOMETRY
100
AcDbLine
 10
199.8254140596088
 20
74.17827235015761
 30
0.0
 11
199.884577380438
 21
74.20625451693459
 31
0.0
  0
LINE
  5
81
330
17
100
AcDbEntity
  8
GEOMETRY
100
AcDbLine
 10
199.884577380438
 20
74.20625451693459
 30
0.0
 11
199.942793473652
 21
74.23615747130324
 31
0.0
  0
LINE
  5
82
330
17
100
AcDbEntity
  8
GEOMETRY
100
AcDbLine
 10
199.942793473652
 20
74.23615747130324
 30
0.0
 11
200.0
 21
74.26794919243109
 31
0.0
  0
LINE
  5
83
330
17
100
AcDbEntity
  8
GEOMETRY
100
AcDbLine
 10
200.0
 20
74.26794919243109
 30
0.0
 11
200.05613570130072
 21
74.30159563694681
 31
0.0
  0
LINE
  5
84
330
17
100
AcDbEntity
  8
GEOMETRY
100
AcDbLine
 10
200.05613570130072
 20
74.30159563694681
 30
0.0
 11
200.11114046603922
 21
74.33706077539487
 31
0.0
  0
LINE
  5
85
330
17
100
AcDbEntity
  8
GEOMETRY
100
AcDbLine
 10
200.11114046603922
 20
74.33706077539487
 30
0.0
 11
200.1649553937356
 21
74.37430663081673
 31
0.0
  0
LINE
  5
86
330
17
100
AcDbEntity
  8
GEOMETRY
100
AcDbLine
 10
200.1649553937356
 20
74.37430663081673
 30
0.0
 11
200.21752285801745
 21
74.41329331941749
 31
0.0
  0
LINE
  5
87
330
17
100
AcDbEntity
  8
GEOMETRY
100
AcDbLine
 10
200.21752285801745
 20
74.41329331941749
 30
0.0
 11
200.2687865683273
 21
74.45397909327448
 31
0.0
  0
LINE
  5
88
330
17
100
AcDbEntity
  8
GEOMETRY
100
AcDbLine
 10
200.2687865683273
 20
74.45397909327448
 30
0.0
 11
200.31869163020014
 21
74.49632038504201
 31
0.0
  0
LINE
  5
89
330
17
100
AcDbEntity
  8
GEOMETRY
100
AcDbLine
 10
200.31869163020014
 20
74.49632038504201
 30
0.0
 11
200.36718460404575
 21
74.5402718546043
 31
0.0
  0
LINE
  5
8A
330
17
100
AcDbEntity
  8
GEOMETRY
100
AcDbLine
 10
200.36718460404575
 20
74.5402718546043
 30
0.0
 11
200.4142135623731
 21
74.58578643762687
 31
0.0
  0
LINE
  5
8B
330
17
100
AcDbEntity
  8
GEOMETRY
100
AcDbLine
 10
200.4142135623731
 20
74.58578643762687
 30
0.0
 11
200.45972814539567
 21
74.63281539595422
 31
0.0
  0
LINE
  5
8C
330
17
100
AcDbEntity
  8
GEOMETRY
100
AcDbLine
 10
200.45972814539567
 20
74.63281539595422
 30
0.0
 11
200.50367961495795
 21
74.68130836979982
 31
0.0
  0
LINE
  5
8D
330
17
100
AcDbEntity
  8
GEOMETRY
100
AcDbLine
 10
200.50367961495795
 20
74.68130836979982
 30
0.0
 11
200.54602090672546
 21
74.73121343167267
 31
0.0
  0
LINE
  5
8E
330
17
100
AcDbEntity
  8
GEOMETRY
100
AcDbLine
 10
200.54602090672546
 20
74.73121343167267
 30
0.0
 11
200.58670668058247
 21
74.78247714198253
 31
0.0
  0
LINE
  5
8F
330
17
100
AcDbEntity
  8
GEOMETRY
100
AcDbLine
 10
200.58670668058247
 20
74.78247714198253
 30
0.0
 11
200.62569336918324
 21
74.83504460626436
 31
0.0
  0
LINE
  5
90
330
17
100
AcDbEntity
  8
GEOMETRY
100
AcDbLine
 10
200.62569336918324
 20
74.83504460626436
 30
0.0
 11
200.66293922460508
 21
74.88885953396075
 31
0.0
  0
LINE
  5
91
330
17
100
AcDbEntity
  8
GEOMETRY
100
AcDbLine
 10
200.66293922460508
 20
74.88885953396075
 30
0.0
 11
200.69840436305316
 21
74.94386429869922
 31
0.0
  0
LINE
  5
92
330
17
100
AcDbEntity
  8
GEOMETRY
100
AcDbLine
 10
200.69840436305316
 20
74.94386429869922
 30
0.0
 11
200.73205080756887
 21
74.99999999999997
 31
0.0
  0
LINE
  5
93
330
17
100
AcDbEntity
  8
GEOMETRY
100
AcDbLine
 10
200.73205080756887
 20
74.99999999999997
 30
0.0
 11
200.76384252869673
 21
75.05720652634797
 31
0.0
  0
LINE
  5
94
330
17
100
AcDbEntity
  8
GEOMETRY
100
AcDbLine
 10
200.76384252869673
 20
75.05720652634797
 30
0.0
 11
200.79374548306538
 21
75.11542261956197
 31
0.0
  0
LINE
  5
95
330
17
100
AcDbEntity
  8
GEOMETRY
100
AcDbLine
 10
200.79374548306538
 20
75.11542261956197
 30
0.0
 11
200.82172764984236
 21
75.17458594039118
 31
0.0
  0
LINE
  5
96
330
17
100
AcDbEntity
  8
GEOMETRY
100
AcDbLine
 10
200.82172764984236
 20
75.17458594039118
 30
0.0
 11
200.84775906502256
 21
75.23463313526979
 31
0.0
  0
LINE
  5
97
330
17
100
AcDbEntity
  8
GEOMETRY
100
AcDbLine
 10
200.84775906502256
 20
75.23463313526979
 30
0.0
 11
200.87181185351466
 21
75.2954999041575
 31
0.0
  0
LINE
  5
98
330
17
100
AcDbEntity
  8
GEOMETRY
100
AcDbLine
 10
200.87181185351466
 20
75.2954999041575
 30
0.0
 11
200.89386025899023
 21
75.35712106939364
 31
0.0
  0
LINE
  5
99
330
17
100
AcDbEntity
  8
GEOMETRY
100
AcDbLine
 10
200.89386025899023
 20
75.35712106939364
 30
0.0
 11
200.91388067146443
 21
75.41943064549105
 31
0.0
  0
LINE
  5
9A
330
17
100
AcDbEntity
  8
GEOMETRY
100
AcDbLine
 10
200.91388067146443
 20
75.41943064549105
 30
0.0
 11
200.93185165257813
 21
75.48236190979493
 31
0.0
  0
LINE
  5
9B
330
17
100
AcDbEntity
  8
GEOMETRY
100
AcDbLine
 10
200.93185165257813
 20
75.48236190979493
 30
0.0
 11
200.94775395855467
 21
75.54584747393122
 31
0.0
  0
LINE
  5
9C
330
17
100
AcDbEntity
  8
GEOMETRY
100
AcDbLine
 10
200.94775395855467
 20
75.54584747393122
 30
0.0
 11
200.96157056080648
 21
75.60981935596772
 31
0.0
  0
LINE
  5
9D
330
17
100
AcDbEntity
  8
GEOMETRY
100
AcDbLine
 10
200.96157056080648
 20
75.60981935596772
 30
0.0
 11
200.97328666416976
 21
75.67420905321079
 31
0.0
  0
LINE
  5
9E
330
17
100
AcDbEntity
  8
GEOMETRY
100
AcDbLine
 10
200.97328666416976
 20
75.67420905321079
 30
0.0
 11
200.98288972274761
 21
75.73894761555987
 31
0.0
  0
LINE
  5
9F
330
17
100
AcDbEntity
  8
GEOMETRY
100
AcDbLine
 10
200.98288972274761
 20
75.73894761555987
 30
0.0
 11
200.99036945334439
 21
75.80396571934085
 31
0.0
  0
LINE
  5
A0
330
17
100
AcDbEntity
  8
GEOMETRY
100
AcDbLine
 10
200.99036945334439
 20
75.80396571934085
 30
0.0
 11
200.99571784647722
 21
75.86919374153968
 31
0.0
  0
LINE
  5
A1
330
17
100
AcDbEntity
  8
GEOMETRY
100
AcDbLine
 10
200.99571784647722
 20
75.86919374153968
 30
0.0
 11
200.99892917495274
 21
75.93456183435642
 31
0.0
  0
LINE
  5
A2
330
17
100
AcDbEntity
  8
GEOMETRY
100
AcDbLine
 10
200.99892917495274
 20
75.93456183435642
 30
0.0
 11
201.0
 21
75.99999999999997
 31
0.0
  0
LINE
  5
A3
330
17
100
AcDbEntity
  8
GEOMETRY
100
AcDbLine
 10
201.0
 20
89.99999999999997
 30
0.0
 11
201.0
 21
75.99999999999997
 31
0.0
  0
CIRCLE
  5
A4
330
17
100
AcDbEntity
  8
GEOMETRY
100
AcDbCircle
 10
193.5
 20
81.99999999999997
 30
0.0
 40
3.25
  0
LINE
  5
A5
330
17
100
AcDbEntity
  8
CENTER_LINES
 62
1
100
AcDbLine
 10
188.25
 20
81.99999999999997
 30
0.0
 11
198.75
 21
81.99999999999997
 31
0.0
  0
LINE
  5
A6
330
17
100
AcDbEntity
  8
CENTER_LINES
 62
1
100
AcDbLine
 10
193.5
 20
76.74999999999997
 30
0.0
 11
193.5
 21
87.24999999999997
 31
0.0
  0
CIRCLE
  5
A7
330
17
100
AcDbEntity
  8
GEOMETRY
100
AcDbCircle
 10
133.5
 20
81.99999999999997
 30
0.0
 40
3.25
  0
LINE
  5
A8
330
17
100
AcDbEntity
  8
CENTER_LINES
 62
1
100
AcDbLine
 10
128.25
 20
81.99999999999997
 30
0.0
 11
138.75
 21
81.99999999999997
 31
0.0
  0
LINE
  5
A9
330
17
100
AcDbEntity
  8
CENTER_LINES
 62
1
100
AcDbLine
 10
133.5
 20
76.74999999999997
 30
0.0
 11
133.5
 21
87.24999999999997
 31
0.0
  0
LINE
  5
AA
330
17
100
AcDbEntity
  8
GEOMETRY
100
AcDbLine
 10
126.0
 20
75.99999999999997
 30
0.0
 11
126.0
 21
89.99999999999997
 31
0.0
  0
LINE
  5
AB
330
17
100
AcDbEntity
  8
GEOMETRY
100
AcDbLine
 10
201.0
 20
75.99999999999997
 30
0.0
 11
201.0
 21
89.99999999999997
 31
0.0
  0
LINE
  5
AC
330
17
100
AcDbEntity
  8
GEOMETRY
100
AcDbLine
 10
199.0
 20
73.99999999999996
 30
0.0
 11
199.06543816564354
 21
74.00107082504724
 31
0.0
  0
LINE
  5
AD
330
17
100
AcDbEntity
  8
GEOMETRY
100
AcDbLine
 10
199.06543816564354
 20
74.00107082504724
 30
0.0
 11
199.13080625846027
 21
74.00428215352275
 31
0.0
  0
LINE
  5
AE
330
17
100
AcDbEntity
  8
GEOMETRY
100
AcDbLine
 10
199.13080625846027
 20
74.00428215352275
 30
0.0
 11
199.19603428065912
 21
74.00963054665557
 31
0.0
  0
LINE
  5
AF
330
17
100
AcDbEntity
  8
GEOMETRY
100
AcDbLine
 10
199.19603428065912
 20
74.00963054665557
 30
0.0
 11
199.2610523844401
 21
74.01711027725234
 31
0.0
  0
LINE
  5
B0
330
17
100
AcDbEntity
  8
GEOMETRY
100
AcDbLine
 10
199.2610523844401
 20
74.01711027725234
 30
0.0
 11
199.32579094678917
 21
74.02671333583021
 31
0.0
  0
LINE
  5
B1
330
17
100
AcDbEntity
  8
GEOMETRY
100
AcDbLine
 10
199.32579094678917
 20
74.02671333583021
 30
0.0
 11
199.39018064403226
 21
74.0384294391935
 31
0.0
  0
LINE
  5
B2
330
17
100
AcDbEntity
  8
GEOMETRY
100
AcDbLine
 10
199.39018064403226
 20
74.0384294391935
 30
0.0
 11
199.45415252606875
 21
74.0522460414453
 31
0.0
  0
LINE
  5
B3
330
17
100
AcDbEntity
  8
GEOMETRY
100
AcDbLine
 10
199.45415252606875
 20
74.0522460414453
 30
0.0
 11
199.51763809020503
 21
74.06814834742183
 31
0.0
  0
LINE
  5
B4
330
17
100
AcDbEntity
  8
GEOMETRY
100
AcDbLine
 10
199.51763809020503
 20
74.06814834742183
 30
0.0
 11
199.58056935450892
 21
74.08611932853555
 31
0.0
  0
LINE
  5
B5
330
17
100
AcDbEntity
  8
GEOMETRY
100
AcDbLine
 10
199.58056935450892
 20
74.08611932853555
 30
0.0
 11
199.64287893060632
 21
74.10613974100976
 31
0.0
  0
LINE
  5
B6
330
17
100
AcDbEntity
  8
GEOMETRY
100
AcDbLine
 10
199.64287893060632
 20
74.10613974100976
 30
0.0
 11
199.70450009584246
 21
74.12818814648531
 31
0.0
  0
LINE
  5
B7
330
17
100
AcDbEntity
  8
GEOMETRY
100
AcDbLine
 10
199.70450009584246
 20
74.12818814648531
 30
0.0
 11
199.76536686473017
 21
74.15224093497739
 31
0.0
  0
LINE
  5
B8
330
17
100
AcDbEntity
  8
GEOMETRY
100
AcDbLine
 10
199.76536686473017
 20
74.15224093497739
 30
0.0
 11
199.8254140596088
 21
74.17827235015761
 31
0.0
  0
LINE
  5
B9
330
17
100
AcDbEntity
  8
GEOMETRY
100
AcDbLine
 10
199.8254140596088
 20
74.17827235015761
 30
0.0
 11
199.884577380438
 21
74.20625451693459
 31
0.0
  0
LINE
  5
BA
330
17
100
AcDbEntity
  8
GEOMETRY
100
AcDbLine
 10
199.884577380438
 20
74.20625451693459
 30
0.0
 11
199.942793473652
 21
74.23615747130324
 31
0.0
  0
LINE
  5
BB
330
17
100
AcDbEntity
  8
GEOMETRY
100
AcDbLine
 10
199.942793473652
 20
74.23615747130324
 30
0.0
 11
200.0
 21
74.26794919243109
 31
0.0
  0
LINE
  5
BC
330
17
100
AcDbEntity
  8
GEOMETRY
100
AcDbLine
 10
200.0
 20
74.26794919243109
 30
0.0
 11
200.05613570130072
 21
74.30159563694681
 31
0.0
  0
LINE
  5
BD
330
17
100
AcDbEntity
  8
GEOMETRY
100
AcDbLine
 10
200.05613570130072
 20
74.30159563694681
 30
0.0
 11
200.11114046603922
 21
74.33706077539487
 31
0.0
  0
LINE
  5
BE
330
17
100
AcDbEntity
  8
GEOMETRY
100
AcDbLine
 10
200.11114046603922
 20
74.33706077539487
 30
0.0
 11
200.1649553937356
 21
74.37430663081673
 31
0.0
  0
LINE
  5
BF
330
17
100
AcDbEntity
  8
GEOMETRY
100
AcDbLine
 10
200.1649553937356
 20
74.37430663081673
 30
0.0
 11
200.21752285801745
 21
74.41329331941749
 31
0.0
  0
LINE
  5
C0
330
17
100
AcDbEntity
  8
GEOMETRY
100
AcDbLine
 10
200.21752285801745
 20
74.41329331941749
 30
0.0
 11
200.2687865683273
 21
74.45397909327448
 31
0.0
  0
LINE
  5
C1
330
17
100
AcDbEntity
  8
GEOMETRY
100
AcDbLine
 10
200.2687865683273
 20
74.45397909327448
 30
0.0
 11
200.31869163020014
 21
74.49632038504201
 31
0.0
  0
LINE
  5
C2
330
17
100
AcDbEntity
  8
GEOMETRY
100
AcDbLine
 10
200.31869163020014
 20
74.49632038504201
 30
0.0
 11
200.36718460404575
 21
74.5402718546043
 31
0.0
  0
LINE
  5
C3
330
17
100
AcDbEntity
  8
GEOMETRY
100
AcDbLine
 10
200.36718460404575
 20
74.5402718546043
 30
0.0
 11
200.4142135623731
 21
74.58578643762687
 31
0.0
  0
LINE
  5
C4
330
17
100
AcDbEntity
  8
GEOMETRY
100
AcDbLine
 10
200.4142135623731
 20
74.58578643762687
 30
0.0
 11
200.45972814539567
 21
74.63281539595422
 31
0.0
  0
LINE
  5
C5
330
17
100
AcDbEntity
  8
GEOMETRY
100
AcDbLine
 10
200.45972814539567
 20
74.63281539595422
 30
0.0
 11
200.50367961495795
 21
74.68130836979982
 31
0.0
  0
LINE
  5
C6
330
17
100
AcDbEntity
  8
GEOMETRY
100
AcDbLine
 10
200.50367961495795
 20
74.68130836979982
 30
0.0
 11
200.54602090672546
 21
74.73121343167267
 31
0.0
  0
LINE
  5
C7
330
17
100
AcDbEntity
  8
GEOMETRY
100
AcDbLine
 10
200.54602090672546
 20
74.73121343167267
 30
0.0
 11
200.58670668058247
 21
74.78247714198253
 31
0.0
  0
LINE
  5
C8
330
17
100
AcDbEntity
  8
GEOMETRY
100
AcDbLine
 10
200.58670668058247
 20
74.78247714198253
 30
0.0
 11
200.62569336918324
 21
74.83504460626436
 31
0.0
  0
LINE
  5
C9
330
17
100
AcDbEntity
  8
GEOMETRY
100
AcDbLine
 10
200.62569336918324
 20
74.83504460626436
 30
0.0
 11
200.66293922460508
 21
74.88885953396075
 31
0.0
  0
LINE
  5
CA
330
17
100
AcDbEntity
  8
GEOMETRY
100
AcDbLine
 10
200.66293922460508
 20
74.88885953396075
 30
0.0
 11
200.69840436305316
 21
74.94386429869922
 31
0.0
  0
LINE
  5
CB
330
17
100
AcDbEntity
  8
GEOMETRY
100
AcDbLine
 10
200.69840436305316
 20
74.94386429869922
 30
0.0
 11
200.73205080756887
 21
74.99999999999997
 31
0.0
  0
LINE
  5
CC
330
17
100
AcDbEntity
  8
GEOMETRY
100
AcDbLine
 10
200.73205080756887
 20
74.99999999999997
 30
0.0
 11
200.76384252869673
 21
75.05720652634797
 31
0.0
  0
LINE
  5
CD
330
17
100
AcDbEntity
  8
GEOMETRY
100
AcDbLine
 10
200.76384252869673
 20
75.05720652634797
 30
0.0
 11
200.79374548306538
 21
75.11542261956197
 31
0.0
  0
LINE
  5
CE
330
17
100
AcDbEntity
  8
GEOMETRY
100
AcDbLine
 10
200.79374548306538
 20
75.11542261956197
 30
0.0
 11
200.82172764984236
 21
75.17458594039118
 31
0.0
  0
LINE
  5
CF
330
17
100
AcDbEntity
  8
GEOMETRY
100
AcDbLine
 10
200.82172764984236
 20
75.17458594039118
 30
0.0
 11
200.84775906502256
 21
75.23463313526979
 31
0.0
  0
LINE
  5
D0
330
17
100
AcDbEntity
  8
GEOMETRY
100
AcDbLine
 10
200.84775906502256
 20
75.23463313526979
 30
0.0
 11
200.87181185351466
 21
75.2954999041575
 31
0.0
  0
LINE
  5
D1
330
17
100
AcDbEntity
  8
GEOMETRY
100
AcDbLine
 10
200.87181185351466
 20
75.2954999041575
 30
0.0
 11
200.89386025899023
 21
75.35712106939364
 31
0.0
  0
LINE
  5
D2
330
17
100
AcDbEntity
  8
GEOMETRY
100
AcDbLine
 10
200.89386025899023
 20
75.35712106939364
 30
0.0
 11
200.91388067146443
 21
75.41943064549105
 31
0.0
  0
LINE
  5
D3
330
17
100
AcDbEntity
  8
GEOMETRY
100
AcDbLine
 10
200.91388067146443
 20
75.41943064549105
 30
0.0
 11
200.93185165257813
 21
75.48236190979493
 31
0.0
  0
LINE
  5
D4
330
17
100
AcDbEntity
  8
GEOMETRY
100
AcDbLine
 10
200.93185165257813
 20
75.48236190979493
 30
0.0
 11
200.94775395855467
 21
75.54584747393122
 31
0.0
  0
LINE
  5
D5
330
17
100
AcDbEntity
  8
GEOMETRY
100
AcDbLine
 10
200.94775395855467
 20
75.54584747393122
 30
0.0
 11
200.96157056080648
 21
75.60981935596772
 31
0.0
  0
LINE
  5
D6
330
17
100
AcDbEntity
  8
GEOMETRY
100
AcDbLine
 10
200.96157056080648
 20
75.60981935596772
 30
0.0
 11
200.97328666416976
 21
75.67420905321079
 31
0.0
  0
LINE
  5
D7
330
17
100
AcDbEntity
  8
GEOMETRY
100
AcDbLine
 10
200.97328666416976
 20
75.67420905321079
 30
0.0
 11
200.98288972274761
 21
75.73894761555987
 31
0.0
  0
LINE
  5
D8
330
17
100
AcDbEntity
  8
GEOMETRY
100
AcDbLine
 10
200.98288972274761
 20
75.73894761555987
 30
0.0
 11
200.99036945334439
 21
75.80396571934085
 31
0.0
  0
LINE
  5
D9
330
17
100
AcDbEntity
  8
GEOMETRY
100
AcDbLine
 10
200.99036945334439
 20
75.80396571934085
 30
0.0
 11
200.99571784647722
 21
75.86919374153968
 31
0.0
  0
LINE
  5
DA
330
17
100
AcDbEntity
  8
GEOMETRY
100
AcDbLine
 10
200.99571784647722
 20
75.86919374153968
 30
0.0
 11
200.99892917495274
 21
75.93456183435642
 31
0.0
  0
LINE
  5
DB
330
17
100
AcDbEntity
  8
GEOMETRY
100
AcDbLine
 10
200.99892917495274
 20
75.93456183435642
 30
0.0
 11
201.0
 21
75.99999999999997
 31
0.0
  0
LINE
  5
DC
330
17
100
AcDbEntity
  8
GEOMETRY
100
AcDbLine
 10
128.0
 20
73.99999999999997
 30
0.0
 11
199.0
 21
73.99999999999997
 31
0.0
  0
LINE
  5
DD
330
17
100
AcDbEntity
  8
GEOMETRY
100
AcDbLine
 10
126.0
 20
75.99999999999997
 30
0.0
 11
126.00107082504726
 21
75.93456183435642
 31
0.0
  0
LINE
  5
DE
330
17
100
AcDbEntity
  8
GEOMETRY
100
AcDbLine
 10
126.00107082504726
 20
75.93456183435642
 30
0.0
 11
126.00428215352278
 21
75.86919374153969
 31
0.0
  0
LINE
  5
DF
330
17
100
AcDbEntity
  8
GEOMETRY
100
AcDbLine
 10
126.00428215352278
 20
75.86919374153969
 30
0.0
 11
126.0096305466556
 21
75.80396571934085
 31
0.0
  0
LINE
  5
E0
330
17
100
AcDbEntity
  8
GEOMETRY
100
AcDbLine
 10
126.0096305466556
 20
75.80396571934085
 30
0.0
 11
126.01711027725237
 21
75.73894761555987
 31
0.0
  0
LINE
  5
E1
330
17
100
AcDbEntity
  8
GEOMETRY
100
AcDbLine
 10
126.01711027725237
 20
75.73894761555987
 30
0.0
 11
126.02671333583024
 21
75.6742090532108
 31
0.0
  0
LINE
  5
E2
330
17
100
AcDbEntity
  8
GEOMETRY
100
AcDbLine
 10
126.02671333583024
 20
75.6742090532108
 30
0.0
 11
126.03842943919352
 21
75.60981935596772
 31
0.0
  0
LINE
  5
E3
330
17
100
AcDbEntity
  8
GEOMETRY
100
AcDbLine
 10
126.03842943919352
 20
75.60981935596772
 30
0.0
 11
126.05224604144533
 21
75.54584747393122
 31
0.0
  0
LINE
  5
E4
330
17
100
AcDbEntity
  8
GEOMETRY
100
AcDbLine
 10
126.05224604144533
 20
75.54584747393122
 30
0.0
 11
126.06814834742185
 21
75.48236190979493
 31
0.0
  0
LINE
  5
E5
330
17
100
AcDbEntity
  8
GEOMETRY
100
AcDbLine
 10
126.06814834742185
 20
75.48236190979493
 30
0.0
 11
126.08611932853557
 21
75.41943064549105
 31
0.0
  0
LINE
  5
E6
330
17
100
AcDbEntity
  8
GEOMETRY
100
AcDbLine
 10
126.08611932853557
 20
75.41943064549105
 30
0.0
 11
126.10613974100978
 21
75.35712106939366
 31
0.0
  0
LINE
  5
E7
330
17
100
AcDbEntity
  8
GEOMETRY
100
AcDbLine
 10
126.10613974100978
 20
75.35712106939366
 30
0.0
 11
126.12818814648534
 21
75.29549990415751
 31
0.0
  0
LINE
  5
E8
330
17
100
AcDbEntity
  8
GEOMETRY
100
AcDbLine
 10
126.12818814648534
 20
75.29549990415751
 30
0.0
 11
126.15224093497741
 21
75.23463313526979
 31
0.0
  0
LINE
  5
E9
330
17
100
AcDbEntity
  8
GEOMETRY
100
AcDbLine
 10
126.15224093497741
 20
75.23463313526979
 30
0.0
 11
126.17827235015764
 21
75.17458594039118
 31
0.0
  0
LINE
  5
EA
330
17
100
AcDbEntity
  8
GEOMETRY
100
AcDbLine
 10
126.17827235015764
 20
75.17458594039118
 30
0.0
 11
126.20625451693462
 21
75.11542261956197
 31
0.0
  0
LINE
  5
EB
330
17
100
AcDbEntity
  8
GEOMETRY
100
AcDbLine
 10
126.20625451693462
 20
75.11542261956197
 30
0.0
 11
126.23615747130327
 21
75.05720652634798
 31
0.0
  0
LINE
  5
EC
330
17
100
AcDbEntity
  8
GEOMETRY
100
AcDbLine
 10
126.23615747130327
 20
75.05720652634798
 30
0.0
 11
126.26794919243112
 21
74.99999999999997
 31
0.0
  0
LINE
  5
ED
330
17
100
AcDbEntity
  8
GEOMETRY
100
AcDbLine
 10
126.26794919243112
 20
74.99999999999997
 30
0.0
 11
126.30159563694684
 21
74.94386429869924
 31
0.0
  0
LINE
  5
EE
330
17
100
AcDbEntity
  8
GEOMETRY
100
AcDbLine
 10
126.30159563694684
 20
74.94386429869924
 30
0.0
 11
126.3370607753949
 21
74.88885953396077
 31
0.0
  0
LINE
  5
EF
330
17
100
AcDbEntity
  8
GEOMETRY
100
AcDbLine
 10
126.3370607753949
 20
74.88885953396077
 30
0.0
 11
126.37430663081676
 21
74.83504460626438
 31
0.0
  0
LINE
  5
F0
330
17
100
AcDbEntity
  8
GEOMETRY
100
AcDbLine
 10
126.37430663081676
 20
74.83504460626438
 30
0.0
 11
126.41329331941752
 21
74.78247714198253
 31
0.0
  0
LINE
  5
F1
330
17
100
AcDbEntity
  8
GEOMETRY
100
AcDbLine
 10
126.41329331941752
 20
74.78247714198253
 30
0.0
 11
126.45397909327451
 21
74.73121343167269
 31
0.0
  0
LINE
  5
F2
330
17
100
AcDbEntity
  8
GEOMETRY
100
AcDbLine
 10
126.45397909327451
 20
74.73121343167269
 30
0.0
 11
126.49632038504204
 21
74.68130836979984
 31
0.0
  0
LINE
  5
F3
330
17
100
AcDbEntity
  8
GEOMETRY
100
AcDbLine
 10
126.49632038504204
 20
74.68130836979984
 30
0.0
 11
126.54027185460433
 21
74.63281539595422
 31
0.0
  0
LINE
  5
F4
330
17
100
AcDbEntity
  8
GEOMETRY
100
AcDbLine
 10
126.54027185460433
 20
74.63281539595422
 30
0.0
 11
126.5857864376269
 21
74.58578643762688
 31
0.0
  0
LINE
  5
F5
330
17
100
AcDbEntity
  8
GEOMETRY
100
AcDbLine
 10
126.5857864376269
 20
74.58578643762688
 30
0.0
 11
126.63281539595425
 21
74.5402718546043
 31
0.0
  0
LINE
  5
F6
330
17
100
AcDbEntity
  8
GEOMETRY
100
AcDbLine
 10
126.63281539595425
 20
74.5402718546043
 30
0.0
 11
126.68130836979986
 21
74.49632038504203
 31
0.0
  0
LINE
  5
F7
330
17
100
AcDbEntity
  8
GEOMETRY
100
AcDbLine
 10
126.68130836979986
 20
74.49632038504203
 30
0.0
 11
126.7312134316727
 21
74.4539790932745
 31
0.0
  0
LINE
  5
F8
330
17
100
AcDbEntity
  8
GEOMETRY
100
AcDbLine
 10
126.7312134316727
 20
74.4539790932745
 30
0.0
 11
126.78247714198255
 21
74.4132933194175
 31
0.0
  0
LINE
  5
F9
330
17
100
AcDbEntity
  8
GEOMETRY
100
AcDbLine
 10
126.78247714198255
 20
74.4132933194175
 30
0.0
 11
126.83504460626439
 21
74.37430663081673
 31
0.0
  0
LINE
  5
FA
330
17
100
AcDbEntity
  8
GEOMETRY
100
AcDbLine
 10
126.83504460626439
 20
74.37430663081673
 30
0.0
 11
126.88885953396078
 21
74.33706077539489
 31
0.0
  0
LINE
  5
FB
330
17
100
AcDbEntity
  8
GEOMETRY
100
AcDbLine
 10
126.88885953396078
 20
74.33706077539489
 30
0.0
 11
126.94386429869925
 21
74.30159563694681
 31
0.0
  0
LINE
  5
FC
330
17
100
AcDbEntity
  8
GEOMETRY
100
AcDbLine
 10
126.94386429869925
 20
74.30159563694681
 30
0.0
 11
127.0
 21
74.26794919243109
 31
0.0
  0
LINE
  5
FD
330
17
100
AcDbEntity
  8
GEOMETRY
100
AcDbLine
 10
127.0
 20
74.26794919243109
 30
0.0
 11
127.057206526348
 21
74.23615747130326
 31
0.0
  0
LINE
  5
FE
330
17
100
AcDbEntity
  8
GEOMETRY
100
AcDbLine
 10
127.057206526348
 20
74.23615747130326
 30
0.0
 11
127.115422619562
 21
74.20625451693459
 31
0.0
  0
LINE
  5
FF
330
17
100
AcDbEntity
  8
GEOMETRY
100
AcDbLine
 10
127.115422619562
 20
74.20625451693459
 30
0.0
 11
127.17458594039121
 21
74.17827235015761
 31
0.0
  0
LINE
  5
100
330
17
100
AcDbEntity
  8
GEOMETRY
100
AcDbLine
 10
127.17458594039121
 20
74.17827235015761
 30
0.0
 11
127.2346331352698
 21
74.1522409349774
 31
0.0
  0
LINE
  5
101
330
17
100
AcDbEntity
  8
GEOMETRY
100
AcDbLine
 10
127.2346331352698
 20
74.1522409349774
 30
0.0
 11
127.29549990415752
 21
74.12818814648531
 31
0.0
  0
LINE
  5
102
330
17
100
AcDbEntity
  8
GEOMETRY
100
AcDbLine
 10
127.29549990415752
 20
74.12818814648531
 30
0.0
 11
127.35712106939367
 21
74.10613974100976
 31
0.0
  0
LINE
  5
103
330
17
100
AcDbEntity
  8
GEOMETRY
100
AcDbLine
 10
127.35712106939367
 20
74.10613974100976
 30
0.0
 11
127.41943064549108
 21
74.08611932853555
 31
0.0
  0
LINE
  5
104
330
17
100
AcDbEntity
  8
GEOMETRY
100
AcDbLine
 10
127.41943064549108
 20
74.08611932853555
 30
0.0
 11
127.48236190979495
 21
74.06814834742184
 31
0.0
  0
LINE
  5
105
330
17
100
AcDbEntity
  8
GEOMETRY
100
AcDbLine
 10
127.48236190979495
 20
74.06814834742184
 30
0.0
 11
127.54584747393125
 21
74.0522460414453
 31
0.0
  0
LINE
  5
106
330
17
100
AcDbEntity
  8
GEOMETRY
100
AcDbLine
 10
127.54584747393125
 20
74.0522460414453
 30
0.0
 11
127.60981935596774
 21
74.03842943919351
 31
0.0
  0
LINE
  5
107
330
17
100
AcDbEntity
  8
GEOMETRY
100
AcDbLine
 10
127.60981935596774
 20
74.03842943919351
 30
0.0
 11
127.67420905321082
 21
74.02671333583021
 31
0.0
  0
LINE
  5
108
330
17
100
AcDbEntity
  8
GEOMETRY
100
AcDbLine
 10
127.67420905321082
 20
74.02671333583021
 30
0.0
 11
127.73894761555988
 21
74.01711027725236
 31
0.0
  0
LINE
  5
109
330
17
100
AcDbEntity
  8
GEOMETRY
100
AcDbLine
 10
127.73894761555988
 20
74.01711027725236
 30
0.0
 11
127.80396571934088
 21
74.00963054665559
 31
0.0
  0
LINE
  5
10A
330
17
100
AcDbEntity
  8
GEOMETRY
100
AcDbLine
 10
127.80396571934088
 20
74.00963054665559
 30
0.0
 11
127.8691937415397
 21
74.00428215352277
 31
0.0
  0
LINE
  5
10B
330
17
100
AcDbEntity
  8
GEOMETRY
100
AcDbLine
 10
127.8691937415397
 20
74.00428215352277
 30
0.0
 11
127.93456183435643
 21
74.00107082504724
 31
0.0
  0
LINE
  5
10C
330
17
100
AcDbEntity
  8
GEOMETRY
100
AcDbLine
 10
127.93456183435643
 20
74.00107082504724
 30
0.0
 11
128.0
 21
73.99999999999997
 31
0.0
  0
LINE
  5
10D
330
17
100
AcDbEntity
  8
GEOMETRY
100
AcDbLine
 10
126.0
 20
89.99999999999997
 30
0.0
 11
126.0
 21
90.09796891659036
 31
0.0
  0
LINE
  5
10E
330
17
100
AcDbEntity
  8
GEOMETRY
100
AcDbLine
 10
126.0
 20
90.09796891659036
 30
0.0
 11
126.0
 21
90.19593783318076
 31
0.0
  0
LINE
  5
10F
330
17
100
AcDbEntity
  8
GEOMETRY
100
AcDbLine
 10
126.0
 20
90.19593783318076
 30
0.0
 11
126.0
 21
90.29390674977115
 31
0.0
  0
LINE
  5
110
330
17
100
AcDbEntity
  8
GEOMETRY
100
AcDbLine
 10
126.0
 20
90.29390674977115
 30
0.0
 11
126.0
 21
90.39187566636154
 31
0.0
  0
LINE
  5
111
330
17
100
AcDbEntity
  8
GEOMETRY
100
AcDbLine
 10
126.0
 20
90.39187566636154
 30
0.0
 11
126.0
 21
90.48931657610808
 31
0.0
  0
LINE
  5
112
330
17
100
AcDbEntity
  8
GEOMETRY
100
AcDbLine
 10
126.0
 20
90.48931657610808
 30
0.0
 11
126.0
 21
90.58605347672946
 31
0.0
  0
LINE
  5
113
330
17
100
AcDbEntity
  8
GEOMETRY
100
AcDbLine
 10
126.0
 20
90.58605347672946
 30
0.0
 11
126.0
 21
90.68279037735084
 31
0.0
  0
LINE
  5
114
330
17
100
AcDbEntity
  8
GEOMETRY
100
AcDbLine
 10
126.0
 20
90.68279037735084
 30
0.0
 11
126.0
 21
90.77952727797222
 31
0.0
  0
LINE
  5
115
330
17
100
AcDbEntity
  8
GEOMETRY
100
AcDbLine
 10
126.0
 20
90.77952727797222
 30
0.0
 11
126.0
 21
90.8762641785936
 31
0.0
  0
LINE
  5
116
330
17
100
AcDbEntity
  8
GEOMETRY
100
AcDbLine
 10
126.0
 20
90.8762641785936
 30
0.0
 11
126.0
 21
90.97090233182436
 31
0.0
  0
LINE
  5
117
330
17
100
AcDbEntity
  8
GEOMETRY
100
AcDbLine
 10
126.0
 20
90.97090233182436
 30
0.0
 11
126.0
 21
91.06519069382337
 31
0.0
  0
LINE
  5
118
330
17
100
AcDbEntity
  8
GEOMETRY
100
AcDbLine
 10
126.0
 20
91.06519069382337
 30
0.0
 11
126.0
 21
91.15947905582236
 31
0.0
  0
LINE
  5
119
330
17
100
AcDbEntity
  8
GEOMETRY
100
AcDbLine
 10
126.0
 20
91.15947905582236
 30
0.0
 11
126.0
 21
91.25376741782135
 31
0.0
  0
LINE
  5
11A
330
17
100
AcDbEntity
  8
GEOMETRY
100
AcDbLine
 10
126.0
 20
91.25376741782135
 30
0.0
 11
126.0
 21
91.34701741711123
 31
0.0
  0
LINE
  5
11B
330
17
100
AcDbEntity
  8
GEOMETRY
100
AcDbLine
 10
126.0
 20
91.34701741711123
 30
0.0
 11
126.0
 21
91.43767150962833
 31
0.0
  0
LINE
  5
11C
330
17
100
AcDbEntity
  8
GEOMETRY
100
AcDbLine
 10
126.0
 20
91.43767150962833
 30
0.0
 11
126.0
 21
91.52832560214543
 31
0.0
  0
LINE
  5
11D
330
17
100
AcDbEntity
  8
GEOMETRY
100
AcDbLine
 10
126.0
 20
91.52832560214543
 30
0.0
 11
126.0
 21
91.61897969466251
 31
0.0
  0
LINE
  5
11E
330
17
100
AcDbEntity
  8
GEOMETRY
100
AcDbLine
 10
126.0
 20
91.61897969466251
 30
0.0
 11
126.0
 21
91.70963378717961
 31
0.0
  0
LINE
  5
11F
330
17
100
AcDbEntity
  8
GEOMETRY
100
AcDbLine
 10
126.0
 20
91.70963378717961
 30
0.0
 11
126.0
 21
91.79687766734382
 31
0.0
  0
LINE
  5
120
330
17
100
AcDbEntity
  8
GEOMETRY
100
AcDbLine
 10
126.0
 20
91.79687766734382
 30
0.0
 11
126.0
 21
91.88275746256687
 31
0.0
  0
LINE
  5
121
330
17
100
AcDbEntity
  8
GEOMETRY
100
AcDbLine
 10
126.0
 20
91.88275746256687
 30
0.0
 11
126.0
 21
91.96863725778992
 31
0.0
  0
LINE
  5
122
330
17
100
AcDbEntity
  8
GEOMETRY
100
AcDbLine
 10
126.0
 20
91.96863725778992
 30
0.0
 11
126.0
 21
92.05451705301299
 31
0.0
  0
LINE
  5
123
330
17
100
AcDbEntity
  8
GEOMETRY
100
AcDbLine
 10
126.0
 20
92.05451705301299
 30
0.0
 11
126.0
 21
92.13956052172924
 31
0.0
  0
LINE
  5
124
330
17
100
AcDbEntity
  8
GEOMETRY
100
AcDbLine
 10
126.0
 20
92.13956052172924
 30
0.0
 11
126.0
 21
92.21958603140472
 31
0.0
  0
LINE
  5
125
330
17
100
AcDbEntity
  8
GEOMETRY
100
AcDbLine
 10
126.0
 20
92.21958603140472
 30
0.0
 11
126.0
 21
92.29961154108018
 31
0.0
  0
LINE
  5
126
330
17
100
AcDbEntity
  8
GEOMETRY
100
AcDbLine
 10
126.0
 20
92.29961154108018
 30
0.0
 11
126.0
 21
92.37963705075566
 31
0.0
  0
LINE
  5
127
330
17
100
AcDbEntity
  8
GEOMETRY
100
AcDbLine
 10
126.0
 20
92.37963705075566
 30
0.0
 11
126.0
 21
92.45966256043113
 31
0.0
  0
LINE
  5
128
330
17
100
AcDbEntity
  8
GEOMETRY
100
AcDbLine
 10
126.0
 20
92.45966256043113
 30
0.0
 11
126.0
 21
92.53576769709882
 31
0.0
  0
LINE
  5
129
330
17
100
AcDbEntity
  8
GEOMETRY
100
AcDbLine
 10
126.0
 20
92.53576769709882
 30
0.0
 11
126.0
 21
92.60893255401065
 31
0.0
  0
LINE
  5
12A
330
17
100
AcDbEntity
  8
GEOMETRY
100
AcDbLine
 10
126.0
 20
92.60893255401065
 30
0.0
 11
126.0
 21
92.68209741092248
 31
0.0
  0
LINE
  5
12B
330
17
100
AcDbEntity
  8
GEOMETRY
100
AcDbLine
 10
126.0
 20
92.68209741092248
 30
0.0
 11
126.0
 21
92.75526226783433
 31
0.0
  0
LINE
  5
12C
330
17
100
AcDbEntity
  8
GEOMETRY
100
AcDbLine
 10
126.0
 20
92.75526226783433
 30
0.0
 11
126.0
 21
92.82842712474616
 31
0.0
  0
LINE
  5
12D
330
17
100
AcDbEntity
  8
GEOMETRY
100
AcDbLine
 10
126.0
 20
92.82842712474616
 30
0.0
 11
126.0
 21
92.89381123836746
 31
0.0
  0
LINE
  5
12E
330
17
100
AcDbEntity
  8
GEOMETRY
100
AcDbLine
 10
126.0
 20
92.89381123836746
 30
0.0
 11
126.0
 21
92.95919535198875
 31
0.0
  0
LINE
  5
12F
330
17
100
AcDbEntity
  8
GEOMETRY
100
AcDbLine
 10
126.0
 20
92.95919535198875
 30
0.0
 11
126.0
 21
93.02457946561005
 31
0.0
  0
LINE
  5
130
330
17
100
AcDbEntity
  8
GEOMETRY
100
AcDbLine
 10
126.0
 20
93.02457946561005
 30
0.0
 11
126.0
 21
93.08996357923135
 31
0.0
  0
LINE
  5
131
330
17
100
AcDbEntity
  8
GEOMETRY
100
AcDbLine
 10
126.0
 20
93.08996357923135
 30
0.0
 11
126.0
 21
93.15166069865718
 31
0.0
  0
LINE
  5
132
330
17
100
AcDbEntity
  8
GEOMETRY
100
AcDbLine
 10
126.0
 20
93.15166069865718
 30
0.0
 11
126.0
 21
93.2084418258224
 31
0.0
  0
LINE
  5
133
330
17
100
AcDbEntity
  8
GEOMETRY
100
AcDbLine
 10
126.0
 20
93.2084418258224
 30
0.0
 11
126.0
 21
93.26522295298763
 31
0.0
  0
LINE
  5
134
330
17
100
AcDbEntity
  8
GEOMETRY
100
AcDbLine
 10
126.0
 20
93.26522295298763
 30
0.0
 11
126.0
 21
93.32200408015285
 31
0.0
  0
LINE
  5
135
330
17
100
AcDbEntity
  8
GEOMETRY
100
AcDbLine
 10
126.0
 20
93.32200408015285
 30
0.0
 11
126.0
 21
93.37878520731807
 31
0.0
  0
LINE
  5
136
330
17
100
AcDbEntity
  8
GEOMETRY
100
AcDbLine
 10
126.0
 20
93.37878520731807
 30
0.0
 11
126.0
 21
93.4275802984187
 31
0.0
  0
LINE
  5
137
330
17
100
AcDbEntity
  8
GEOMETRY
100
AcDbLine
 10
126.0
 20
93.4275802984187
 30
0.0
 11
126.0
 21
93.47504438350857
 31
0.0
  0
LINE
  5
138
330
17
100
AcDbEntity
  8
GEOMETRY
100
AcDbLine
 10
126.0
 20
93.47504438350857
 30
0.0
 11
126.0
 21
93.52250846859845
 31
0.0
  0
LINE
  5
139
330
17
100
AcDbEntity
  8
GEOMETRY
100
AcDbLine
 10
126.0
 20
93.52250846859845
 30
0.0
 11
126.0
 21
93.56997255368832
 31
0.0
  0
LINE
  5
13A
330
17
100
AcDbEntity
  8
GEOMETRY
100
AcDbLine
 10
126.0
 20
93.56997255368832
 30
0.0
 11
126.0
 21
93.61460408721113
 31
0.0
  0
LINE
  5
13B
330
17
100
AcDbEntity
  8
GEOMETRY
100
AcDbLine
 10
126.0
 20
93.61460408721113
 30
0.0
 11
126.0
 21
93.65215424181633
 31
0.0
  0
LINE
  5
13C
330
17
100
AcDbEntity
  8
GEOMETRY
100
AcDbLine
 10
126.0
 20
93.65215424181633
 30
0.0
 11
126.0
 21
93.68970439642155
 31
0.0
  0
LINE
  5
13D
330
17
100
AcDbEntity
  8
GEOMETRY
100
AcDbLine
 10
126.0
 20
93.68970439642155
 30
0.0
 11
126.0
 21
93.72725455102675
 31
0.0
  0
LINE
  5
13E
330
17
100
AcDbEntity
  8
GEOMETRY
100
AcDbLine
 10
126.0
 20
93.72725455102675
 30
0.0
 11
126.0
 21
93.76480470563196
 31
0.0
  0
LINE
  5
13F
330
17
100
AcDbEntity
  8
GEOMETRY
100
AcDbLine
 10
126.0
 20
93.76480470563196
 30
0.0
 11
126.0
 21
93.79493618490436
 31
0.0
  0
LINE
  5
140
330
17
100
AcDbEntity
  8
GEOMETRY
100
AcDbLine
 10
126.0
 20
93.79493618490436
 30
0.0
 11
126.0
 21
93.82210019404363
 31
0.0
  0
LINE
  5
141
330
17
100
AcDbEntity
  8
GEOMETRY
100
AcDbLine
 10
126.0
 20
93.82210019404363
 30
0.0
 11
126.0
 21
93.8492642031829
 31
0.0
  0
LINE
  5
142
330
17
100
AcDbEntity
  8
GEOMETRY
100
AcDbLine
 10
126.0
 20
93.8492642031829
 30
0.0
 11
126.0
 21
93.87642821232217
 31
0.0
  0
LINE
  5
143
330
17
100
AcDbEntity
  8
GEOMETRY
100
AcDbLine
 10
126.0
 20
93.87642821232217
 30
0.0
 11
126.0
 21
93.9020596859412
 31
0.0
  0
LINE
  5
144
330
17
100
AcDbEntity
  8
GEOMETRY
100
AcDbLine
 10
126.0
 20
93.9020596859412
 30
0.0
 11
126.0
 21
93.91849594643868
 31
0.0
  0
LINE
  5
145
330
17
100
AcDbEntity
  8
GEOMETRY
100
AcDbLine
 10
126.0
 20
93.91849594643868
 30
0.0
 11
126.0
 21
93.93493220693618
 31
0.0
  0
LINE
  5
146
330
17
100
AcDbEntity
  8
GEOMETRY
100
AcDbLine
 10
126.0
 20
93.93493220693618
 30
0.0
 11
126.0
 21
93.95136846743367
 31
0.0
  0
LINE
  5
147
330
17
100
AcDbEntity
  8
GEOMETRY
100
AcDbLine
 10
126.0
 20
93.95136846743367
 30
0.0
 11
126.0
 21
93.96780472793115
 31
0.0
  0
LINE
  5
148
330
17
100
AcDbEntity
  8
GEOMETRY
100
AcDbLine
 10
126.0
 20
93.96780472793115
 30
0.0
 11
126.0
 21
93.97799273462633
 31
0.0
  0
LINE
  5
149
330
17
100
AcDbEntity
  8
GEOMETRY
100
AcDbLine
 10
126.0
 20
93.97799273462633
 30
0.0
 11
126.0
 21
93.98349455096974
 31
0.0
  0
LINE
  5
14A
330
17
100
AcDbEntity
  8
GEOMETRY
100
AcDbLine
 10
126.0
 20
93.98349455096974
 30
0.0
 11
126.0
 21
93.98899636731315
 31
0.0
  0
LINE
  5
14B
330
17
100
AcDbEntity
  8
GEOMETRY
100
AcDbLine
 10
126.0
 20
93.98899636731315
 30
0.0
 11
126.0
 21
93.99449818365656
 31
0.0
  0
LINE
  5
14C
330
17
100
AcDbEntity
  8
GEOMETRY
100
AcDbLine
 10
126.0
 20
93.99449818365656
 30
0.0
 11
126.0
 21
93.99999999999997
 31
0.0
  0
LINE
  5
14D
330
17
100
AcDbEntity
  8
GEOMETRY
100
AcDbLine
 10
201.0
 20
93.99999999999997
 30
0.0
 11
126.0
 21
93.99999999999997
 31
0.0
  0
LINE
  5
14E
330
17
100
AcDbEntity
  8
GEOMETRY
100
AcDbLine
 10
201.0
 20
89.99999999999997
 30
0.0
 11
201.0
 21
90.09796891659036
 31
0.0
  0
LINE
  5
14F
330
17
100
AcDbEntity
  8
GEOMETRY
100
AcDbLine
 10
201.0
 20
90.09796891659036
 30
0.0
 11
201.0
 21
90.19593783318076
 31
0.0
  0
LINE
  5
150
330
17
100
AcDbEntity
  8
GEOMETRY
100
AcDbLine
 10
201.0
 20
90.19593783318076
 30
0.0
 11
201.0
 21
90.29390674977115
 31
0.0
  0
LINE
  5
151
330
17
100
AcDbEntity
  8
GEOMETRY
100
AcDbLine
 10
201.0
 20
90.29390674977115
 30
0.0
 11
201.0
 21
90.39187566636154
 31
0.0
  0
LINE
  5
152
330
17
100
AcDbEntity
  8
GEOMETRY
100
AcDbLine
 10
201.0
 20
90.39187566636154
 30
0.0
 11
201.0
 21
90.48931657610808
 31
0.0
  0
LINE
  5
153
330
17
100
AcDbEntity
  8
GEOMETRY
100
AcDbLine
 10
201.0
 20
90.48931657610808
 30
0.0
 11
201.0
 21
90.58605347672946
 31
0.0
  0
LINE
  5
154
330
17
100
AcDbEntity
  8
GEOMETRY
100
AcDbLine
 10
201.0
 20
90.58605347672946
 30
0.0
 11
201.0
 21
90.68279037735084
 31
0.0
  0
LINE
  5
155
330
17
100
AcDbEntity
  8
GEOMETRY
100
AcDbLine
 10
201.0
 20
90.68279037735084
 30
0.0
 11
201.0
 21
90.77952727797222
 31
0.0
  0
LINE
  5
156
330
17
100
AcDbEntity
  8
GEOMETRY
100
AcDbLine
 10
201.0
 20
90.77952727797222
 30
0.0
 11
201.0
 21
90.8762641785936
 31
0.0
  0
LINE
  5
157
330
17
100
AcDbEntity
  8
GEOMETRY
100
AcDbLine
 10
201.0
 20
90.8762641785936
 30
0.0
 11
201.0
 21
90.97090233182436
 31
0.0
  0
LINE
  5
158
330
17
100
AcDbEntity
  8
GEOMETRY
100
AcDbLine
 10
201.0
 20
90.97090233182436
 30
0.0
 11
201.0
 21
91.06519069382337
 31
0.0
  0
LINE
  5
159
330
17
100
AcDbEntity
  8
GEOMETRY
100
AcDbLine
 10
201.0
 20
91.06519069382337
 30
0.0
 11
201.0
 21
91.15947905582236
 31
0.0
  0
LINE
  5
15A
330
17
100
AcDbEntity
  8
GEOMETRY
100
AcDbLine
 10
201.0
 20
91.15947905582236
 30
0.0
 11
201.0
 21
91.25376741782135
 31
0.0
  0
LINE
  5
15B
330
17
100
AcDbEntity
  8
GEOMETRY
100
AcDbLine
 10
201.0
 20
91.25376741782135
 30
0.0
 11
201.0
 21
91.34701741711123
 31
0.0
  0
LINE
  5
15C
330
17
100
AcDbEntity
  8
GEOMETRY
100
AcDbLine
 10
201.0
 20
91.34701741711123
 30
0.0
 11
201.0
 21
91.43767150962833
 31
0.0
  0
LINE
  5
15D
330
17
100
AcDbEntity
  8
GEOMETRY
100
AcDbLine
 10
201.0
 20
91.43767150962833
 30
0.0
 11
201.0
 21
91.52832560214543
 31
0.0
  0
LINE
  5
15E
330
17
100
AcDbEntity
  8
GEOMETRY
100
AcDbLine
 10
201.0
 20
91.52832560214543
 30
0.0
 11
201.0
 21
91.61897969466251
 31
0.0
  0
LINE
  5
15F
330
17
100
AcDbEntity
  8
GEOMETRY
100
AcDbLine
 10
201.0
 20
91.61897969466251
 30
0.0
 11
201.0
 21
91.70963378717961
 31
0.0
  0
LINE
  5
160
330
17
100
AcDbEntity
  8
GEOMETRY
100
AcDbLine
 10
201.0
 20
91.70963378717961
 30
0.0
 11
201.0
 21
91.79687766734382
 31
0.0
  0
LINE
  5
161
330
17
100
AcDbEntity
  8
GEOMETRY
100
AcDbLine
 10
201.0
 20
91.79687766734382
 30
0.0
 11
201.0
 21
91.88275746256687
 31
0.0
  0
LINE
  5
162
330
17
100
AcDbEntity
  8
GEOMETRY
100
AcDbLine
 10
201.0
 20
91.88275746256687
 30
0.0
 11
201.0
 21
91.96863725778992
 31
0.0
  0
LINE
  5
163
330
17
100
AcDbEntity
  8
GEOMETRY
100
AcDbLine
 10
201.0
 20
91.96863725778992
 30
0.0
 11
201.0
 21
92.05451705301299
 31
0.0
  0
LINE
  5
164
330
17
100
AcDbEntity
  8
GEOMETRY
100
AcDbLine
 10
201.0
 20
92.05451705301299
 30
0.0
 11
201.0
 21
92.13956052172924
 31
0.0
  0
LINE
  5
165
330
17
100
AcDbEntity
  8
GEOMETRY
100
AcDbLine
 10
201.0
 20
92.13956052172924
 30
0.0
 11
201.0
 21
92.21958603140472
 31
0.0
  0
LINE
  5
166
330
17
100
AcDbEntity
  8
GEOMETRY
100
AcDbLine
 10
201.0
 20
92.21958603140472
 30
0.0
 11
201.0
 21
92.29961154108018
 31
0.0
  0
LINE
  5
167
330
17
100
AcDbEntity
  8
GEOMETRY
100
AcDbLine
 10
201.0
 20
92.29961154108018
 30
0.0
 11
201.0
 21
92.37963705075566
 31
0.0
  0
LINE
  5
168
330
17
100
AcDbEntity
  8
GEOMETRY
100
AcDbLine
 10
201.0
 20
92.37963705075566
 30
0.0
 11
201.0
 21
92.45966256043113
 31
0.0
  0
LINE
  5
169
330
17
100
AcDbEntity
  8
GEOMETRY
100
AcDbLine
 10
201.0
 20
92.45966256043113
 30
0.0
 11
201.0
 21
92.53576769709882
 31
0.0
  0
LINE
  5
16A
330
17
100
AcDbEntity
  8
GEOMETRY
100
AcDbLine
 10
201.0
 20
92.53576769709882
 30
0.0
 11
201.0
 21
92.60893255401065
 31
0.0
  0
LINE
  5
16B
330
17
100
AcDbEntity
  8
GEOMETRY
100
AcDbLine
 10
201.0
 20
92.60893255401065
 30
0.0
 11
201.0
 21
92.68209741092248
 31
0.0
  0
LINE
  5
16C
330
17
100
AcDbEntity
  8
GEOMETRY
100
AcDbLine
 10
201.0
 20
92.68209741092248
 30
0.0
 11
201.0
 21
92.75526226783433
 31
0.0
  0
LINE
  5
16D
330
17
100
AcDbEntity
  8
GEOMETRY
100
AcDbLine
 10
201.0
 20
92.75526226783433
 30
0.0
 11
201.0
 21
92.82842712474616
 31
0.0
  0
LINE
  5
16E
330
17
100
AcDbEntity
  8
GEOMETRY
100
AcDbLine
 10
201.0
 20
92.82842712474616
 30
0.0
 11
201.0
 21
92.89381123836746
 31
0.0
  0
LINE
  5
16F
330
17
100
AcDbEntity
  8
GEOMETRY
100
AcDbLine
 10
201.0
 20
92.89381123836746
 30
0.0
 11
201.0
 21
92.95919535198875
 31
0.0
  0
LINE
  5
170
330
17
100
AcDbEntity
  8
GEOMETRY
100
AcDbLine
 10
201.0
 20
92.95919535198875
 30
0.0
 11
201.0
 21
93.02457946561005
 31
0.0
  0
LINE
  5
171
330
17
100
AcDbEntity
  8
GEOMETRY
100
AcDbLine
 10
201.0
 20
93.02457946561005
 30
0.0
 11
201.0
 21
93.08996357923135
 31
0.0
  0
LINE
  5
172
330
17
100
AcDbEntity
  8
GEOMETRY
100
AcDbLine
 10
201.0
 20
93.08996357923135
 30
0.0
 11
201.0
 21
93.15166069865718
 31
0.0
  0
LINE
  5
173
330
17
100
AcDbEntity
  8
GEOMETRY
100
AcDbLine
 10
201.0
 20
93.15166069865718
 30
0.0
 11
201.0
 21
93.2084418258224
 31
0.0
  0
LINE
  5
174
330
17
100
AcDbEntity
  8
GEOMETRY
100
AcDbLine
 10
201.0
 20
93.2084418258224
 30
0.0
 11
201.0
 21
93.26522295298763
 31
0.0
  0
LINE
  5
175
330
17
100
AcDbEntity
  8
GEOMETRY
100
AcDbLine
 10
201.0
 20
93.26522295298763
 30
0.0
 11
201.0
 21
93.32200408015285
 31
0.0
  0
LINE
  5
176
330
17
100
AcDbEntity
  8
GEOMETRY
100
AcDbLine
 10
201.0
 20
93.32200408015285
 30
0.0
 11
201.0
 21
93.37878520731807
 31
0.0
  0
LINE
  5
177
330
17
100
AcDbEntity
  8
GEOMETRY
100
AcDbLine
 10
201.0
 20
93.37878520731807
 30
0.0
 11
201.0
 21
93.4275802984187
 31
0.0
  0
LINE
  5
178
330
17
100
AcDbEntity
  8
GEOMETRY
100
AcDbLine
 10
201.0
 20
93.4275802984187
 30
0.0
 11
201.0
 21
93.47504438350857
 31
0.0
  0
LINE
  5
179
330
17
100
AcDbEntity
  8
GEOMETRY
100
AcDbLine
 10
201.0
 20
93.47504438350857
 30
0.0
 11
201.0
 21
93.52250846859845
 31
0.0
  0
LINE
  5
17A
330
17
100
AcDbEntity
  8
GEOMETRY
100
AcDbLine
 10
201.0
 20
93.52250846859845
 30
0.0
 11
201.0
 21
93.56997255368832
 31
0.0
  0
LINE
  5
17B
330
17
100
AcDbEntity
  8
GEOMETRY
100
AcDbLine
 10
201.0
 20
93.56997255368832
 30
0.0
 11
201.0
 21
93.61460408721113
 31
0.0
  0
LINE
  5
17C
330
17
100
AcDbEntity
  8
GEOMETRY
100
AcDbLine
 10
201.0
 20
93.61460408721113
 30
0.0
 11
201.0
 21
93.65215424181633
 31
0.0
  0
LINE
  5
17D
330
17
100
AcDbEntity
  8
GEOMETRY
100
AcDbLine
 10
201.0
 20
93.65215424181633
 30
0.0
 11
201.0
 21
93.68970439642155
 31
0.0
  0
LINE
  5
17E
330
17
100
AcDbEntity
  8
GEOMETRY
100
AcDbLine
 10
201.0
 20
93.68970439642155
 30
0.0
 11
201.0
 21
93.72725455102675
 31
0.0
  0
LINE
  5
17F
330
17
100
AcDbEntity
  8
GEOMETRY
100
AcDbLine
 10
201.0
 20
93.72725455102675
 30
0.0
 11
201.0
 21
93.76480470563196
 31
0.0
  0
LINE
  5
180
330
17
100
AcDbEntity
  8
GEOMETRY
100
AcDbLine
 10
201.0
 20
93.76480470563196
 30
0.0
 11
201.0
 21
93.79493618490436
 31
0.0
  0
LINE
  5
181
330
17
100
AcDbEntity
  8
GEOMETRY
100
AcDbLine
 10
201.0
 20
93.79493618490436
 30
0.0
 11
201.0
 21
93.82210019404363
 31
0.0
  0
LINE
  5
182
330
17
100
AcDbEntity
  8
GEOMETRY
100
AcDbLine
 10
201.0
 20
93.82210019404363
 30
0.0
 11
201.0
 21
93.8492642031829
 31
0.0
  0
LINE
  5
183
330
17
100
AcDbEntity
  8
GEOMETRY
100
AcDbLine
 10
201.0
 20
93.8492642031829
 30
0.0
 11
201.0
 21
93.87642821232217
 31
0.0
  0
LINE
  5
184
330
17
100
AcDbEntity
  8
GEOMETRY
100
AcDbLine
 10
201.0
 20
93.87642821232217
 30
0.0
 11
201.0
 21
93.9020596859412
 31
0.0
  0
LINE
  5
185
330
17
100
AcDbEntity
  8
GEOMETRY
100
AcDbLine
 10
201.0
 20
93.9020596859412
 30
0.0
 11
201.0
 21
93.91849594643868
 31
0.0
  0
LINE
  5
186
330
17
100
AcDbEntity
  8
GEOMETRY
100
AcDbLine
 10
201.0
 20
93.91849594643868
 30
0.0
 11
201.0
 21
93.93493220693618
 31
0.0
  0
LINE
  5
187
330
17
100
AcDbEntity
  8
GEOMETRY
100
AcDbLine
 10
201.0
 20
93.93493220693618
 30
0.0
 11
201.0
 21
93.95136846743367
 31
0.0
  0
LINE
  5
188
330
17
100
AcDbEntity
  8
GEOMETRY
100
AcDbLine
 10
201.0
 20
93.95136846743367
 30
0.0
 11
201.0
 21
93.96780472793115
 31
0.0
  0
LINE
  5
189
330
17
100
AcDbEntity
  8
GEOMETRY
100
AcDbLine
 10
201.0
 20
93.96780472793115
 30
0.0
 11
201.0
 21
93.97799273462633
 31
0.0
  0
LINE
  5
18A
330
17
100
AcDbEntity
  8
GEOMETRY
100
AcDbLine
 10
201.0
 20
93.97799273462633
 30
0.0
 11
201.0
 21
93.98349455096974
 31
0.0
  0
LINE
  5
18B
330
17
100
AcDbEntity
  8
GEOMETRY
100
AcDbLine
 10
201.0
 20
93.98349455096974
 30
0.0
 11
201.0
 21
93.98899636731315
 31
0.0
  0
LINE
  5
18C
330
17
100
AcDbEntity
  8
GEOMETRY
100
AcDbLine
 10
201.0
 20
93.98899636731315
 30
0.0
 11
201.0
 21
93.99449818365656
 31
0.0
  0
LINE
  5
18D
330
17
100
AcDbEntity
  8
GEOMETRY
100
AcDbLine
 10
201.0
 20
93.99449818365656
 30
0.0
 11
201.0
 21
93.99999999999997
 31
0.0
  0
LINE
  5
18E
330
17
100
AcDbEntity
  8
GEOMETRY
100
AcDbLine
 10
174.5
 20
93.99999999999997
 30
0.0
 11
174.43967028868752
 21
93.99999999999997
 31
0.0
  0
LINE
  5
18F
330
17
100
AcDbEntity
  8
GEOMETRY
100
AcDbLine
 10
174.43967028868752
 20
93.99999999999997
 30
0.0
 11
174.37934057737502
 21
93.99999999999997
 31
0.0
  0
LINE
  5
190
330
17
100
AcDbEntity
  8
GEOMETRY
100
AcDbLine
 10
174.37934057737502
 20
93.99999999999997
 30
0.0
 11
174.31901086606254
 21
93.99999999999997
 31
0.0
  0
LINE
  5
191
330
17
100
AcDbEntity
  8
GEOMETRY
100
AcDbLine
 10
174.31901086606254
 20
93.99999999999997
 30
0.0
 11
174.25868115475004
 21
93.99999999999997
 31
0.0
  0
LINE
  5
192
330
17
100
AcDbEntity
  8
GEOMETRY
100
AcDbLine
 10
174.25868115475004
 20
93.99999999999997
 30
0.0
 11
174.14793676958692
 21
93.99999999999997
 31
0.0
  0
LINE
  5
193
330
17
100
AcDbEntity
  8
GEOMETRY
100
AcDbLine
 10
174.14793676958692
 20
93.99999999999997
 30
0.0
 11
173.9699728192896
 21
93.99999999999997
 31
0.0
  0
LINE
  5
194
330
17
100
AcDbEntity
  8
GEOMETRY
100
AcDbLine
 10
173.9699728192896
 20
93.99999999999997
 30
0.0
 11
173.7920088689923
 21
93.99999999999997
 31
0.0
  0
LINE
  5
195
330
17
100
AcDbEntity
  8
GEOMETRY
100
AcDbLine
 10
173.7920088689923
 20
93.99999999999997
 30
0.0
 11
173.61404491869496
 21
93.99999999999997
 31
0.0
  0
LINE
  5
196
330
17
100
AcDbEntity
  8
GEOMETRY
100
AcDbLine
 10
173.61404491869496
 20
93.99999999999997
 30
0.0
 11
173.43608096839765
 21
93.99999999999997
 31
0.0
  0
LINE
  5
197
330
17
100
AcDbEntity
  8
GEOMETRY
100
AcDbLine
 10
173.43608096839765
 20
93.99999999999997
 30
0.0
 11
173.16493668946816
 21
93.99999999999997
 31
0.0
  0
LINE
  5
198
330
17
100
AcDbEntity
  8
GEOMETRY
100
AcDbLine
 10
173.16493668946816
 20
93.99999999999997
 30
0.0
 11
172.87826235576668
 21
93.99999999999997
 31
0.0
  0
LINE
  5
199
330
17
100
AcDbEntity
  8
GEOMETRY
100
AcDbLine
 10
172.87826235576668
 20
93.99999999999997
 30
0.0
 11
172.5915880220652
 21
93.99999999999997
 31
0.0
  0
LINE
  5
19A
330
17
100
AcDbEntity
  8
GEOMETRY
100
AcDbLine
 10
172.5915880220652
 20
93.99999999999997
 30
0.0
 11
172.30491368836368
 21
93.99999999999997
 31
0.0
  0
LINE
  5
19B
330
17
100
AcDbEntity
  8
GEOMETRY
100
AcDbLine
 10
172.30491368836368
 20
93.99999999999997
 30
0.0
 11
171.99128640172944
 21
93.99999999999997
 31
0.0
  0
LINE
  5
19C
330
17
100
AcDbEntity
  8
GEOMETRY
100
AcDbLine
 10
171.99128640172944
 20
93.99999999999997
 30
0.0
 11
171.6102767327633
 21
93.99999999999997
 31
0.0
  0
LINE
  5
19D
330
17
100
AcDbEntity
  8
GEOMETRY
100
AcDbLine
 10
171.6102767327633
 20
93.99999999999997
 30
0.0
 11
171.22926706379718
 21
93.99999999999997
 31
0.0
  0
LINE
  5
19E
330
17
100
AcDbEntity
  8
GEOMETRY
100
AcDbLine
 10
171.22926706379718
 20
93.99999999999997
 30
0.0
 11
170.84825739483108
 21
93.99999999999997
 31
0.0
  0
LINE
  5
19F
330
17
100
AcDbEntity
  8
GEOMETRY
100
AcDbLine
 10
170.84825739483108
 20
93.99999999999997
 30
0.0
 11
170.46724772586495
 21
93.99999999999997
 31
0.0
  0
LINE
  5
1A0
330
17
100
AcDbEntity
  8
GEOMETRY
100
AcDbLine
 10
170.46724772586495
 20
93.99999999999997
 30
0.0
 11
170.03250240010968
 21
93.99999999999997
 31
0.0
  0
LINE
  5
1A1
330
17
100
AcDbEntity
  8
GEOMETRY
100
AcDbLine
 10
170.03250240010968
 20
93.99999999999997
 30
0.0
 11
169.5762628116387
 21
93.99999999999997
 31
0.0
  0
LINE
  5
1A2
330
17
100
AcDbEntity
  8
GEOMETRY
100
AcDbLine
 10
169.5762628116387
 20
93.99999999999997
 30
0.0
 11
169.12002322316778
 21
93.99999999999997
 31
0.0
  0
LINE
  5
1A3
330
17
100
AcDbEntity
  8
GEOMETRY
100
AcDbLine
 10
169.12002322316778
 20
93.99999999999997
 30
0.0
 11
168.6637836346968
 21
93.99999999999997
 31
0.0
  0
LINE
  5
1A4
330
17
100
AcDbEntity
  8
GEOMETRY
100
AcDbLine
 10
168.6637836346968
 20
93.99999999999997
 30
0.0
 11
168.20006516601896
 21
93.99999999999997
 31
0.0
  0
LINE
  5
1A5
330
17
100
AcDbEntity
  8
GEOMETRY
100
AcDbLine
 10
168.20006516601896
 20
93.99999999999997
 30
0.0
 11
167.6914734160997
 21
93.99999999999997
 31
0.0
  0
LINE
  5
1A6
330
17
100
AcDbEntity
  8
GEOMETRY
100
AcDbLine
 10
167.6914734160997
 20
93.99999999999997
 30
0.0
 11
167.18288166618046
 21
93.99999999999997
 31
0.0
  0
LINE
  5
1A7
330
17
100
AcDbEntity
  8
GEOMETRY
100
AcDbLine
 10
167.18288166618046
 20
93.99999999999997
 30
0.0
 11
166.67428991626122
 21
93.99999999999997
 31
0.0
  0
LINE
  5
1A8
330
17
100
AcDbEntity
  8
GEOMETRY
100
AcDbLine
 10
166.67428991626122
 20
93.99999999999997
 30
0.0
 11
166.165698166342
 21
93.99999999999997
 31
0.0
  0
LINE
  5
1A9
330
17
100
AcDbEntity
  8
GEOMETRY
100
AcDbLine
 10
166.165698166342
 20
93.99999999999997
 30
0.0
 11
165.64176398932952
 21
93.99999999999997
 31
0.0
  0
LINE
  5
1AA
330
17
100
AcDbEntity
  8
GEOMETRY
100
AcDbLine
 10
165.64176398932952
 20
93.99999999999997
 30
0.0
 11
165.10632299199713
 21
93.99999999999997
 31
0.0
  0
LINE
  5
1AB
330
17
100
AcDbEntity
  8
GEOMETRY
100
AcDbLine
 10
165.10632299199713
 20
93.99999999999997
 30
0.0
 11
164.57088199466477
 21
93.99999999999997
 31
0.0
  0
LINE
  5
1AC
330
17
100
AcDbEntity
  8
GEOMETRY
100
AcDbLine
 10
164.57088199466477
 20
93.99999999999997
 30
0.0
 11
164.0354409973324
 21
93.99999999999997
 31
0.0
  0
LINE
  5
1AD
330
17
100
AcDbEntity
  8
GEOMETRY
100
AcDbLine
 10
164.0354409973324
 20
93.99999999999997
 30
0.0
 11
163.5
 21
93.99999999999997
 31
0.0
  0
LINE
  5
1AE
330
17
100
AcDbEntity
  8
GEOMETRY
100
AcDbLine
 10
163.5
 20
93.99999999999997
 30
0.0
 11
162.9645590026676
 21
93.99999999999997
 31
0.0
  0
LINE
  5
1AF
330
17
100
AcDbEntity
  8
GEOMETRY
100
AcDbLine
 10
162.9645590026676
 20
93.99999999999997
 30
0.0
 11
162.42911800533523
 21
93.99999999999997
 31
0.0
  0
LINE
  5
1B0
330
17
100
AcDbEntity
  8
GEOMETRY
100
AcDbLine
 10
162.42911800533523
 20
93.99999999999997
 30
0.0
 11
161.89367700800284
 21
93.99999999999997
 31
0.0
  0
LINE
  5
1B1
330
17
100
AcDbEntity
  8
GEOMETRY
100
AcDbLine
 10
161.89367700800284
 20
93.99999999999997
 30
0.0
 11
161.35823601067045
 21
93.99999999999997
 31
0.0
  0
LINE
  5
1B2
330
17
100
AcDbEntity
  8
GEOMETRY
100
AcDbLine
 10
161.35823601067045
 20
93.99999999999997
 30
0.0
 11
160.834301833658
 21
93.99999999999997
 31
0.0
  0
LINE
  5
1B3
330
17
100
AcDbEntity
  8
GEOMETRY
100
AcDbLine
 10
160.834301833658
 20
93.99999999999997
 30
0.0
 11
160.32571008373876
 21
93.99999999999997
 31
0.0
  0
LINE
  5
1B4
330
17
100
AcDbEntity
  8
GEOMETRY
100
AcDbLine
 10
160.32571008373876
 20
93.99999999999997
 30
0.0
 11
159.8171183338195
 21
93.99999999999997
 31
0.0
  0
LINE
  5
1B5
330
17
100
AcDbEntity
  8
GEOMETRY
100
AcDbLine
 10
159.8171183338195
 20
93.99999999999997
 30
0.0
 11
159.3085265839003
 21
93.99999999999997
 31
0.0
  0
LINE
  5
1B6
330
17
100
AcDbEntity
  8
GEOMETRY
100
AcDbLine
 10
159.3085265839003
 20
93.99999999999997
 30
0.0
 11
158.79993483398104
 21
93.99999999999997
 31
0.0
  0
LINE
  5
1B7
330
17
100
AcDbEntity
  8
GEOMETRY
100
AcDbLine
 10
158.79993483398104
 20
93.99999999999997
 30
0.0
 11
158.3362163653032
 21
93.99999999999997
 31
0.0
  0
LINE
  5
1B8
330
17
100
AcDbEntity
  8
GEOMETRY
100
AcDbLine
 10
158.3362163653032
 20
93.99999999999997
 30
0.0
 11
157.87997677683222
 21
93.99999999999997
 31
0.0
  0
LINE
  5
1B9
330
17
100
AcDbEntity
  8
GEOMETRY
100
AcDbLine
 10
157.87997677683222
 20
93.99999999999997
 30
0.0
 11
157.4237371883613
 21
93.99999999999997
 31
0.0
  0
LINE
  5
1BA
330
17
100
AcDbEntity
  8
GEOMETRY
100
AcDbLine
 10
157.4237371883613
 20
93.99999999999997
 30
0.0
 11
156.96749759989032
 21
93.99999999999997
 31
0.0
  0
LINE
  5
1BB
330
17
100
AcDbEntity
  8
GEOMETRY
100
AcDbLine
 10
156.96749759989032
 20
93.99999999999997
 30
0.0
 11
156.53275227413502
 21
93.99999999999997
 31
0.0
  0
LINE
  5
1BC
330
17
100
AcDbEntity
  8
GEOMETRY
100
AcDbLine
 10
156.53275227413502
 20
93.99999999999997
 30
0.0
 11
156.15174260516892
 21
93.99999999999997
 31
0.0
  0
LINE
  5
1BD
330
17
100
AcDbEntity
  8
GEOMETRY
100
AcDbLine
 10
156.15174260516892
 20
93.99999999999997
 30
0.0
 11
155.7707329362028
 21
93.99999999999997
 31
0.0
  0
LINE
  5
1BE
330
17
100
AcDbEntity
  8
GEOMETRY
100
AcDbLine
 10
155.7707329362028
 20
93.99999999999997
 30
0.0
 11
155.38972326723666
 21
93.99999999999997
 31
0.0
  0
LINE
  5
1BF
330
17
100
AcDbEntity
  8
GEOMETRY
100
AcDbLine
 10
155.38972326723666
 20
93.99999999999997
 30
0.0
 11
155.00871359827056
 21
93.99999999999997
 31
0.0
  0
LINE
  5
1C0
330
17
100
AcDbEntity
  8
GEOMETRY
100
AcDbLine
 10
155.00871359827056
 20
93.99999999999997
 30
0.0
 11
154.69508631163632
 21
93.99999999999997
 31
0.0
  0
LINE
  5
1C1
330
17
100
AcDbEntity
  8
GEOMETRY
100
AcDbLine
 10
154.69508631163632
 20
93.99999999999997
 30
0.0
 11
154.4084119779348
 21
93.99999999999997
 31
0.0
  0
LINE
  5
1C2
330
17
100
AcDbEntity
  8
GEOMETRY
100
AcDbLine
 10
154.4084119779348
 20
93.99999999999997
 30
0.0
 11
154.12173764423332
 21
93.99999999999997
 31
0.0
  0
LINE
  5
1C3
330
17
100
AcDbEntity
  8
GEOMETRY
100
AcDbLine
 10
154.12173764423332
 20
93.99999999999997
 30
0.0
 11
153.8350633105318
 21
93.99999999999997
 31
0.0
  0
LINE
  5
1C4
330
17
100
AcDbEntity
  8
GEOMETRY
100
AcDbLine
 10
153.8350633105318
 20
93.99999999999997
 30
0.0
 11
153.56391903160232
 21
93.99999999999997
 31
0.0
  0
LINE
  5
1C5
330
17
100
AcDbEntity
  8
GEOMETRY
100
AcDbLine
 10
153.56391903160232
 20
93.99999999999997
 30
0.0
 11
153.385955081305
 21
93.99999999999997
 31
0.0
  0
LINE
  5
1C6
330
17
100
AcDbEntity
  8
GEOMETRY
100
AcDbLine
 10
153.385955081305
 20
93.99999999999997
 30
0.0
 11
153.2079911310077
 21
93.99999999999997
 31
0.0
  0
LINE
  5
1C7
330
17
100
AcDbEntity
  8
GEOMETRY
100
AcDbLine
 10
153.2079911310077
 20
93.99999999999997
 30
0.0
 11
153.0300271807104
 21
93.99999999999997
 31
0.0
  0
LINE
  5
1C8
330
17
100
AcDbEntity
  8
GEOMETRY
100
AcDbLine
 10
153.0300271807104
 20
93.99999999999997
 30
0.0
 11
152.85206323041308
 21
93.99999999999997
 31
0.0
  0
LINE
  5
1C9
330
17
100
AcDbEntity
  8
GEOMETRY
100
AcDbLine
 10
152.85206323041308
 20
93.99999999999997
 30
0.0
 11
152.74131884524994
 21
93.99999999999997
 31
0.0
  0
LINE
  5
1CA
330
17
100
AcDbEntity
  8
GEOMETRY
100
AcDbLine
 10
152.74131884524994
 20
93.99999999999997
 30
0.0
 11
152.68098913393746
 21
93.99999999999997
 31
0.0
  0
LINE
  5
1CB
330
17
100
AcDbEntity
  8
GEOMETRY
100
AcDbLine
 10
152.68098913393746
 20
93.99999999999997
 30
0.0
 11
152.62065942262495
 21
93.99999999999997
 31
0.0
  0
LINE
  5
1CC
330
17
100
AcDbEntity
  8
GEOMETRY
100
AcDbLine
 10
152.62065942262495
 20
93.99999999999997
 30
0.0
 11
152.56032971131248
 21
93.99999999999997
 31
0.0
  0
LINE
  5
1CD
330
17
100
AcDbEntity
  8
GEOMETRY
100
AcDbLine
 10
152.56032971131248
 20
93.99999999999997
 30
0.0
 11
152.5
 21
93.99999999999997
 31
0.0
  0
LINE
  5
1CE
330
17
100
AcDbEntity
  8
GEOMETRY
100
AcDbLine
 10
152.5
 20
93.99999999999997
 30
0.0
 11
152.56032971131248
 21
93.99999999999997
 31
0.0
  0
LINE
  5
1CF
330
17
100
AcDbEntity
  8
GEOMETRY
100
AcDbLine
 10
152.56032971131248
 20
93.99999999999997
 30
0.0
 11
152.62065942262495
 21
93.99999999999997
 31
0.0
  0
LINE
  5
1D0
330
17
100
AcDbEntity
  8
GEOMETRY
100
AcDbLine
 10
152.62065942262495
 20
93.99999999999997
 30
0.0
 11
152.68098913393746
 21
93.99999999999997
 31
0.0
  0
LINE
  5
1D1
330
17
100
AcDbEntity
  8
GEOMETRY
100
AcDbLine
 10
152.68098913393746
 20
93.99999999999997
 30
0.0
 11
152.74131884524994
 21
93.99999999999997
 31
0.0
  0
LINE
  5
1D2
330
17
100
AcDbEntity
  8
GEOMETRY
100
AcDbLine
 10
152.74131884524994
 20
93.99999999999997
 30
0.0
 11
152.85206323041308
 21
93.99999999999997
 31
0.0
  0
LINE
  5
1D3
330
17
100
AcDbEntity
  8
GEOMETRY
100
AcDbLine
 10
152.85206323041308
 20
93.99999999999997
 30
0.0
 11
153.0300271807104
 21
93.99999999999997
 31
0.0
  0
LINE
  5
1D4
330
17
100
AcDbEntity
  8
GEOMETRY
100
AcDbLine
 10
153.0300271807104
 20
93.99999999999997
 30
0.0
 11
153.2079911310077
 21
93.99999999999997
 31
0.0
  0
LINE
  5
1D5
330
17
100
AcDbEntity
  8
GEOMETRY
100
AcDbLine
 10
153.2079911310077
 20
93.99999999999997
 30
0.0
 11
153.385955081305
 21
93.99999999999997
 31
0.0
  0
LINE
  5
1D6
330
17
100
AcDbEntity
  8
GEOMETRY
100
AcDbLine
 10
153.385955081305
 20
93.99999999999997
 30
0.0
 11
153.56391903160232
 21
93.99999999999997
 31
0.0
  0
LINE
  5
1D7
330
17
100
AcDbEntity
  8
GEOMETRY
100
AcDbLine
 10
153.56391903160232
 20
93.99999999999997
 30
0.0
 11
153.8350633105318
 21
93.99999999999997
 31
0.0
  0
LINE
  5
1D8
330
17
100
AcDbEntity
  8
GEOMETRY
100
AcDbLine
 10
153.8350633105318
 20
93.99999999999997
 30
0.0
 11
154.1217376442333
 21
93.99999999999997
 31
0.0
  0
LINE
  5
1D9
330
17
100
AcDbEntity
  8
GEOMETRY
100
AcDbLine
 10
154.1217376442333
 20
93.99999999999997
 30
0.0
 11
154.4084119779348
 21
93.99999999999997
 31
0.0
  0
LINE
  5
1DA
330
17
100
AcDbEntity
  8
GEOMETRY
100
AcDbLine
 10
154.4084119779348
 20
93.99999999999997
 30
0.0
 11
154.69508631163632
 21
93.99999999999997
 31
0.0
  0
LINE
  5
1DB
330
17
100
AcDbEntity
  8
GEOMETRY
100
AcDbLine
 10
154.69508631163632
 20
93.99999999999997
 30
0.0
 11
155.00871359827056
 21
93.99999999999997
 31
0.0
  0
LINE
  5
1DC
330
17
100
AcDbEntity
  8
GEOMETRY
100
AcDbLine
 10
155.00871359827056
 20
93.99999999999997
 30
0.0
 11
155.38972326723666
 21
93.99999999999997
 31
0.0
  0
LINE
  5
1DD
330
17
100
AcDbEntity
  8
GEOMETRY
100
AcDbLine
 10
155.38972326723666
 20
93.99999999999997
 30
0.0
 11
155.7707329362028
 21
93.99999999999997
 31
0.0
  0
LINE
  5
1DE
330
17
100
AcDbEntity
  8
GEOMETRY
100
AcDbLine
 10
155.7707329362028
 20
93.99999999999997
 30
0.0
 11
156.15174260516892
 21
93.99999999999997
 31
0.0
  0
LINE
  5
1DF
330
17
100
AcDbEntity
  8
GEOMETRY
100
AcDbLine
 10
156.15174260516892
 20
93.99999999999997
 30
0.0
 11
156.53275227413502
 21
93.99999999999997
 31
0.0
  0
LINE
  5
1E0
330
17
100
AcDbEntity
  8
GEOMETRY
100
AcDbLine
 10
156.53275227413502
 20
93.99999999999997
 30
0.0
 11
156.96749759989032
 21
93.99999999999997
 31
0.0
  0
LINE
  5
1E1
330
17
100
AcDbEntity
  8
GEOMETRY
100
AcDbLine
 10
156.96749759989032
 20
93.99999999999997
 30
0.0
 11
157.42373718836126
 21
93.99999999999997
 31
0.0
  0
LINE
  5
1E2
330
17
100
AcDbEntity
  8
GEOMETRY
100
AcDbLine
 10
157.42373718836126
 20
93.99999999999997
 30
0.0
 11
157.87997677683222
 21
93.99999999999997
 31
0.0
  0
LINE
  5
1E3
330
17
100
AcDbEntity
  8
GEOMETRY
100
AcDbLine
 10
157.87997677683222
 20
93.99999999999997
 30
0.0
 11
158.3362163653032
 21
93.99999999999997
 31
0.0
  0
LINE
  5
1E4
330
17
100
AcDbEntity
  8
GEOMETRY
100
AcDbLine
 10
158.3362163653032
 20
93.99999999999997
 30
0.0
 11
158.799934833981
 21
93.99999999999997
 31
0.0
  0
LINE
  5
1E5
330
17
100
AcDbEntity
  8
GEOMETRY
100
AcDbLine
 10
158.799934833981
 20
93.99999999999997
 30
0.0
 11
159.30852658390026
 21
93.99999999999997
 31
0.0
  0
LINE
  5
1E6
330
17
100
AcDbEntity
  8
GEOMETRY
100
AcDbLine
 10
159.30852658390026
 20
93.99999999999997
 30
0.0
 11
159.8171183338195
 21
93.99999999999997
 31
0.0
  0
LINE
  5
1E7
330
17
100
AcDbEntity
  8
GEOMETRY
100
AcDbLine
 10
159.8171183338195
 20
93.99999999999997
 30
0.0
 11
160.32571008373876
 21
93.99999999999997
 31
0.0
  0
LINE
  5
1E8
330
17
100
AcDbEntity
  8
GEOMETRY
100
AcDbLine
 10
160.32571008373876
 20
93.99999999999997
 30
0.0
 11
160.834301833658
 21
93.99999999999997
 31
0.0
  0
LINE
  5
1E9
330
17
100
AcDbEntity
  8
GEOMETRY
100
AcDbLine
 10
160.834301833658
 20
93.99999999999997
 30
0.0
 11
161.35823601067045
 21
93.99999999999997
 31
0.0
  0
LINE
  5
1EA
330
17
100
AcDbEntity
  8
GEOMETRY
100
AcDbLine
 10
161.35823601067045
 20
93.99999999999997
 30
0.0
 11
161.89367700800284
 21
93.99999999999997
 31
0.0
  0
LINE
  5
1EB
330
17
100
AcDbEntity
  8
GEOMETRY
100
AcDbLine
 10
161.89367700800284
 20
93.99999999999997
 30
0.0
 11
162.42911800533523
 21
93.99999999999997
 31
0.0
  0
LINE
  5
1EC
330
17
100
AcDbEntity
  8
GEOMETRY
100
AcDbLine
 10
162.42911800533523
 20
93.99999999999997
 30
0.0
 11
162.9645590026676
 21
93.99999999999997
 31
0.0
  0
LINE
  5
1ED
330
17
100
AcDbEntity
  8
GEOMETRY
100
AcDbLine
 10
162.9645590026676
 20
93.99999999999997
 30
0.0
 11
163.5
 21
93.99999999999997
 31
0.0
  0
LINE
  5
1EE
330
17
100
AcDbEntity
  8
GEOMETRY
100
AcDbLine
 10
163.5
 20
93.99999999999997
 30
0.0
 11
164.0354409973324
 21
93.99999999999997
 31
0.0
  0
LINE
  5
1EF
330
17
100
AcDbEntity
  8
GEOMETRY
100
AcDbLine
 10
164.0354409973324
 20
93.99999999999997
 30
0.0
 11
164.57088199466475
 21
93.99999999999997
 31
0.0
  0
LINE
  5
1F0
330
17
100
AcDbEntity
  8
GEOMETRY
100
AcDbLine
 10
164.57088199466475
 20
93.99999999999997
 30
0.0
 11
165.10632299199713
 21
93.99999999999997
 31
0.0
  0
LINE
  5
1F1
330
17
100
AcDbEntity
  8
GEOMETRY
100
AcDbLine
 10
165.10632299199713
 20
93.99999999999997
 30
0.0
 11
165.64176398932952
 21
93.99999999999997
 31
0.0
  0
LINE
  5
1F2
330
17
100
AcDbEntity
  8
GEOMETRY
100
AcDbLine
 10
165.64176398932952
 20
93.99999999999997
 30
0.0
 11
166.165698166342
 21
93.99999999999997
 31
0.0
  0
LINE
  5
1F3
330
17
100
AcDbEntity
  8
GEOMETRY
100
AcDbLine
 10
166.165698166342
 20
93.99999999999997
 30
0.0
 11
166.67428991626122
 21
93.99999999999997
 31
0.0
  0
LINE
  5
1F4
330
17
100
AcDbEntity
  8
GEOMETRY
100
AcDbLine
 10
166.67428991626122
 20
93.99999999999997
 30
0.0
 11
167.18288166618046
 21
93.99999999999997
 31
0.0
  0
LINE
  5
1F5
330
17
100
AcDbEntity
  8
GEOMETRY
100
AcDbLine
 10
167.18288166618046
 20
93.99999999999997
 30
0.0
 11
167.6914734160997
 21
93.99999999999997
 31
0.0
  0
LINE
  5
1F6
330
17
100
AcDbEntity
  8
GEOMETRY
100
AcDbLine
 10
167.6914734160997
 20
93.99999999999997
 30
0.0
 11
168.20006516601896
 21
93.99999999999997
 31
0.0
  0
LINE
  5
1F7
330
17
100
AcDbEntity
  8
GEOMETRY
100
AcDbLine
 10
168.20006516601896
 20
93.99999999999997
 30
0.0
 11
168.6637836346968
 21
93.99999999999997
 31
0.0
  0
LINE
  5
1F8
330
17
100
AcDbEntity
  8
GEOMETRY
100
AcDbLine
 10
168.6637836346968
 20
93.99999999999997
 30
0.0
 11
169.12002322316775
 21
93.99999999999997
 31
0.0
  0
LINE
  5
1F9
330
17
100
AcDbEntity
  8
GEOMETRY
100
AcDbLine
 10
169.12002322316775
 20
93.99999999999997
 30
0.0
 11
169.5762628116387
 21
93.99999999999997
 31
0.0
  0
LINE
  5
1FA
330
17
100
AcDbEntity
  8
GEOMETRY
100
AcDbLine
 10
169.5762628116387
 20
93.99999999999997
 30
0.0
 11
170.03250240010965
 21
93.99999999999997
 31
0.0
  0
LINE
  5
1FB
330
17
100
AcDbEntity
  8
GEOMETRY
100
AcDbLine
 10
170.03250240010965
 20
93.99999999999997
 30
0.0
 11
170.46724772586495
 21
93.99999999999997
 31
0.0
  0
LINE
  5
1FC
330
17
100
AcDbEntity
  8
GEOMETRY
100
AcDbLine
 10
170.46724772586495
 20
93.99999999999997
 30
0.0
 11
170.84825739483108
 21
93.99999999999997
 31
0.0
  0
LINE
  5
1FD
330
17
100
AcDbEntity
  8
GEOMETRY
100
AcDbLine
 10
170.84825739483108
 20
93.99999999999997
 30
0.0
 11
171.22926706379718
 21
93.99999999999997
 31
0.0
  0
LINE
  5
1FE
330
17
100
AcDbEntity
  8
GEOMETRY
100
AcDbLine
 10
171.22926706379718
 20
93.99999999999997
 30
0.0
 11
171.6102767327633
 21
93.99999999999997
 31
0.0
  0
LINE
  5
1FF
330
17
100
AcDbEntity
  8
GEOMETRY
100
AcDbLine
 10
171.6102767327633
 20
93.99999999999997
 30
0.0
 11
171.99128640172944
 21
93.99999999999997
 31
0.0
  0
LINE
  5
200
330
17
100
AcDbEntity
  8
GEOMETRY
100
AcDbLine
 10
171.99128640172944
 20
93.99999999999997
 30
0.0
 11
172.30491368836368
 21
93.99999999999997
 31
0.0
  0
LINE
  5
201
330
17
100
AcDbEntity
  8
GEOMETRY
100
AcDbLine
 10
172.30491368836368
 20
93.99999999999997
 30
0.0
 11
172.5915880220652
 21
93.99999999999997
 31
0.0
  0
LINE
  5
202
330
17
100
AcDbEntity
  8
GEOMETRY
100
AcDbLine
 10
172.5915880220652
 20
93.99999999999997
 30
0.0
 11
172.87826235576668
 21
93.99999999999997
 31
0.0
  0
LINE
  5
203
330
17
100
AcDbEntity
  8
GEOMETRY
100
AcDbLine
 10
172.87826235576668
 20
93.99999999999997
 30
0.0
 11
173.16493668946816
 21
93.99999999999997
 31
0.0
  0
LINE
  5
204
330
17
100
AcDbEntity
  8
GEOMETRY
100
AcDbLine
 10
173.16493668946816
 20
93.99999999999997
 30
0.0
 11
173.43608096839765
 21
93.99999999999997
 31
0.0
  0
LINE
  5
205
330
17
100
AcDbEntity
  8
GEOMETRY
100
AcDbLine
 10
173.43608096839765
 20
93.99999999999997
 30
0.0
 11
173.61404491869496
 21
93.99999999999997
 31
0.0
  0
LINE
  5
206
330
17
100
AcDbEntity
  8
GEOMETRY
100
AcDbLine
 10
173.61404491869496
 20
93.99999999999997
 30
0.0
 11
173.7920088689923
 21
93.99999999999997
 31
0.0
  0
LINE
  5
207
330
17
100
AcDbEntity
  8
GEOMETRY
100
AcDbLine
 10
173.7920088689923
 20
93.99999999999997
 30
0.0
 11
173.9699728192896
 21
93.99999999999997
 31
0.0
  0
LINE
  5
208
330
17
100
AcDbEntity
  8
GEOMETRY
100
AcDbLine
 10
173.9699728192896
 20
93.99999999999997
 30
0.0
 11
174.14793676958692
 21
93.99999999999997
 31
0.0
  0
LINE
  5
209
330
17
100
AcDbEntity
  8
GEOMETRY
100
AcDbLine
 10
174.14793676958692
 20
93.99999999999997
 30
0.0
 11
174.25868115475004
 21
93.99999999999997
 31
0.0
  0
LINE
  5
20A
330
17
100
AcDbEntity
  8
GEOMETRY
100
AcDbLine
 10
174.25868115475004
 20
93.99999999999997
 30
0.0
 11
174.31901086606254
 21
93.99999999999997
 31
0.0
  0
LINE
  5
20B
330
17
100
AcDbEntity
  8
GEOMETRY
100
AcDbLine
 10
174.31901086606254
 20
93.99999999999997
 30
0.0
 11
174.37934057737502
 21
93.99999999999997
 31
0.0
  0
LINE
  5
20C
330
17
100
AcDbEntity
  8
GEOMETRY
100
AcDbLine
 10
174.37934057737502
 20
93.99999999999997
 30
0.0
 11
174.43967028868752
 21
93.99999999999997
 31
0.0
  0
LINE
  5
20D
330
17
100
AcDbEntity
  8
GEOMETRY
100
AcDbLine
 10
174.43967028868752
 20
93.99999999999997
 30
0.0
 11
174.5
 21
93.99999999999997
 31
0.0
  0
LINE
  5
20E
330
17
100
AcDbEntity
  8
GEOMETRY
100
AcDbLine
 10
128.0
 20
93.99999999999997
 30
0.0
 11
127.9510155417048
 21
93.99999999999997
 31
0.0
  0
LINE
  5
20F
330
17
100
AcDbEntity
  8
GEOMETRY
100
AcDbLine
 10
127.9510155417048
 20
93.99999999999997
 30
0.0
 11
127.9020310834096
 21
93.99999999999997
 31
0.0
  0
LINE
  5
210
330
17
100
AcDbEntity
  8
GEOMETRY
100
AcDbLine
 10
127.9020310834096
 20
93.99999999999997
 30
0.0
 11
127.8530466251144
 21
93.99999999999997
 31
0.0
  0
LINE
  5
211
330
17
100
AcDbEntity
  8
GEOMETRY
100
AcDbLine
 10
127.8530466251144
 20
93.99999999999997
 30
0.0
 11
127.8040621668192
 21
93.99999999999997
 31
0.0
  0
LINE
  5
212
330
17
100
AcDbEntity
  8
GEOMETRY
100
AcDbLine
 10
127.8040621668192
 20
93.99999999999997
 30
0.0
 11
127.75534171194593
 21
93.99999999999997
 31
0.0
  0
LINE
  5
213
330
17
100
AcDbEntity
  8
GEOMETRY
100
AcDbLine
 10
127.75534171194593
 20
93.99999999999997
 30
0.0
 11
127.70697326163524
 21
93.99999999999997
 31
0.0
  0
LINE
  5
214
330
17
100
AcDbEntity
  8
GEOMETRY
100
AcDbLine
 10
127.70697326163524
 20
93.99999999999997
 30
0.0
 11
127.65860481132455
 21
93.99999999999997
 31
0.0
  0
LINE
  5
215
330
17
100
AcDbEntity
  8
GEOMETRY
100
AcDbLine
 10
127.65860481132455
 20
93.99999999999997
 30
0.0
 11
127.61023636101386
 21
93.99999999999997
 31
0.0
  0
LINE
  5
216
330
17
100
AcDbEntity
  8
GEOMETRY
100
AcDbLine
 10
127.61023636101386
 20
93.99999999999997
 30
0.0
 11
127.56186791070317
 21
93.99999999999997
 31
0.0
  0
LINE
  5
217
330
17
100
AcDbEntity
  8
GEOMETRY
100
AcDbLine
 10
127.56186791070317
 20
93.99999999999997
 30
0.0
 11
127.51454883408779
 21
93.99999999999997
 31
0.0
  0
LINE
  5
218
330
17
100
AcDbEntity
  8
GEOMETRY
100
AcDbLine
 10
127.51454883408779
 20
93.99999999999997
 30
0.0
 11
127.4674046530883
 21
93.99999999999997
 31
0.0
  0
LINE
  5
219
330
17
100
AcDbEntity
  8
GEOMETRY
100
AcDbLine
 10
127.4674046530883
 20
93.99999999999997
 30
0.0
 11
127.42026047208878
 21
93.99999999999997
 31
0.0
  0
LINE
  5
21A
330
17
100
AcDbEntity
  8
GEOMETRY
100
AcDbLine
 10
127.42026047208878
 20
93.99999999999997
 30
0.0
 11
127.3731162910893
 21
93.99999999999997
 31
0.0
  0
LINE
  5
21B
330
17
100
AcDbEntity
  8
GEOMETRY
100
AcDbLine
 10
127.3731162910893
 20
93.99999999999997
 30
0.0
 11
127.32649129144436
 21
93.99999999999997
 31
0.0
  0
LINE
  5
21C
330
17
100
AcDbEntity
  8
GEOMETRY
100
AcDbLine
 10
127.32649129144436
 20
93.99999999999997
 30
0.0
 11
127.2811642451858
 21
93.99999999999997
 31
0.0
  0
LINE
  5
21D
330
17
100
AcDbEntity
  8
GEOMETRY
100
AcDbLine
 10
127.2811642451858
 20
93.99999999999997
 30
0.0
 11
127.23583719892726
 21
93.99999999999997
 31
0.0
  0
LINE
  5
21E
330
17
100
AcDbEntity
  8
GEOMETRY
100
AcDbLine
 10
127.23583719892726
 20
93.99999999999997
 30
0.0
 11
127.19051015266871
 21
93.99999999999997
 31
0.0
  0
LINE
  5
21F
330
17
100
AcDbEntity
  8
GEOMETRY
100
AcDbLine
 10
127.19051015266871
 20
93.99999999999997
 30
0.0
 11
127.14518310641017
 21
93.99999999999997
 31
0.0
  0
LINE
  5
220
330
17
100
AcDbEntity
  8
GEOMETRY
100
AcDbLine
 10
127.14518310641017
 20
93.99999999999997
 30
0.0
 11
127.10156116632805
 21
93.99999999999997
 31
0.0
  0
LINE
  5
221
330
17
100
AcDbEntity
  8
GEOMETRY
100
AcDbLine
 10
127.10156116632805
 20
93.99999999999997
 30
0.0
 11
127.05862126871654
 21
93.99999999999997
 31
0.0
  0
LINE
  5
222
330
17
100
AcDbEntity
  8
GEOMETRY
100
AcDbLine
 10
127.05862126871654
 20
93.99999999999997
 30
0.0
 11
127.015681371105
 21
93.99999999999997
 31
0.0
  0
LINE
  5
223
330
17
100
AcDbEntity
  8
GEOMETRY
100
AcDbLine
 10
127.015681371105
 20
93.99999999999997
 30
0.0
 11
126.97274147349347
 21
93.99999999999997
 31
0.0
  0
LINE
  5
224
330
17
100
AcDbEntity
  8
GEOMETRY
100
AcDbLine
 10
126.97274147349347
 20
93.99999999999997
 30
0.0
 11
126.93021973913534
 21
93.99999999999997
 31
0.0
  0
LINE
  5
225
330
17
100
AcDbEntity
  8
GEOMETRY
100
AcDbLine
 10
126.93021973913534
 20
93.99999999999997
 30
0.0
 11
126.8902069842976
 21
93.99999999999997
 31
0.0
  0
LINE
  5
226
330
17
100
AcDbEntity
  8
GEOMETRY
100
AcDbLine
 10
126.8902069842976
 20
93.99999999999997
 30
0.0
 11
126.85019422945987
 21
93.99999999999997
 31
0.0
  0
LINE
  5
227
330
17
100
AcDbEntity
  8
GEOMETRY
100
AcDbLine
 10
126.85019422945987
 20
93.99999999999997
 30
0.0
 11
126.81018147462214
 21
93.99999999999997
 31
0.0
  0
LINE
  5
228
330
17
100
AcDbEntity
  8
GEOMETRY
100
AcDbLine
 10
126.81018147462214
 20
93.99999999999997
 30
0.0
 11
126.77016871978441
 21
93.99999999999997
 31
0.0
  0
LINE
  5
229
330
17
100
AcDbEntity
  8
GEOMETRY
100
AcDbLine
 10
126.77016871978441
 20
93.99999999999997
 30
0.0
 11
126.73211615145055
 21
93.99999999999997
 31
0.0
  0
LINE
  5
22A
330
17
100
AcDbEntity
  8
GEOMETRY
100
AcDbLine
 10
126.73211615145055
 20
93.99999999999997
 30
0.0
 11
126.69553372299464
 21
93.99999999999997
 31
0.0
  0
LINE
  5
22B
330
17
100
AcDbEntity
  8
GEOMETRY
100
AcDbLine
 10
126.69553372299464
 20
93.99999999999997
 30
0.0
 11
126.65895129453872
 21
93.99999999999997
 31
0.0
  0
LINE
  5
22C
330
17
100
AcDbEntity
  8
GEOMETRY
100
AcDbLine
 10
126.65895129453872
 20
93.99999999999997
 30
0.0
 11
126.62236886608281
 21
93.99999999999997
 31
0.0
  0
LINE
  5
22D
330
17
100
AcDbEntity
  8
GEOMETRY
100
AcDbLine
 10
126.62236886608281
 20
93.99999999999997
 30
0.0
 11
126.5857864376269
 21
93.99999999999997
 31
0.0
  0
LINE
  5
22E
330
17
100
AcDbEntity
  8
GEOMETRY
100
AcDbLine
 10
126.5857864376269
 20
93.99999999999997
 30
0.0
 11
126.55309438081625
 21
93.99999999999997
 31
0.0
  0
LINE
  5
22F
330
17
100
AcDbEntity
  8
GEOMETRY
100
AcDbLine
 10
126.55309438081625
 20
93.99999999999997
 30
0.0
 11
126.52040232400559
 21
93.99999999999997
 31
0.0
  0
LINE
  5
230
330
17
100
AcDbEntity
  8
GEOMETRY
100
AcDbLine
 10
126.52040232400559
 20
93.99999999999997
 30
0.0
 11
126.48771026719494
 21
93.99999999999997
 31
0.0
  0
LINE
  5
231
330
17
100
AcDbEntity
  8
GEOMETRY
100
AcDbLine
 10
126.48771026719494
 20
93.99999999999997
 30
0.0
 11
126.45501821038428
 21
93.99999999999997
 31
0.0
  0
LINE
  5
232
330
17
100
AcDbEntity
  8
GEOMETRY
100
AcDbLine
 10
126.45501821038428
 20
93.99999999999997
 30
0.0
 11
126.42416965067137
 21
93.99999999999997
 31
0.0
  0
LINE
  5
233
330
17
100
AcDbEntity
  8
GEOMETRY
100
AcDbLine
 10
126.42416965067137
 20
93.99999999999997
 30
0.0
 11
126.39577908708875
 21
93.99999999999997
 31
0.0
  0
LINE
  5
234
330
17
100
AcDbEntity
  8
GEOMETRY
100
AcDbLine
 10
126.39577908708875
 20
93.99999999999997
 30
0.0
 11
126.36738852350615
 21
93.99999999999997
 31
0.0
  0
LINE
  5
235
330
17
100
AcDbEntity
  8
GEOMETRY
100
AcDbLine
 10
126.36738852350615
 20
93.99999999999997
 30
0.0
 11
126.33899795992355
 21
93.99999999999997
 31
0.0
  0
LINE
  5
236
330
17
100
AcDbEntity
  8
GEOMETRY
100
AcDbLine
 10
126.33899795992355
 20
93.99999999999997
 30
0.0
 11
126.31060739634093
 21
93.99999999999997
 31
0.0
  0
LINE
  5
237
330
17
100
AcDbEntity
  8
GEOMETRY
100
AcDbLine
 10
126.31060739634093
 20
93.99999999999997
 30
0.0
 11
126.28620985079061
 21
93.99999999999997
 31
0.0
  0
LINE
  5
238
330
17
100
AcDbEntity
  8
GEOMETRY
100
AcDbLine
 10
126.28620985079061
 20
93.99999999999997
 30
0.0
 11
126.26247780824568
 21
93.99999999999997
 31
0.0
  0
LINE
  5
239
330
17
100
AcDbEntity
  8
GEOMETRY
100
AcDbLine
 10
126.26247780824568
 20
93.99999999999997
 30
0.0
 11
126.23874576570074
 21
93.99999999999997
 31
0.0
  0
LINE
  5
23A
330
17
100
AcDbEntity
  8
GEOMETRY
100
AcDbLine
 10
126.23874576570074
 20
93.99999999999997
 30
0.0
 11
126.2150137231558
 21
93.99999999999997
 31
0.0
  0
LINE
  5
23B
330
17
100
AcDbEntity
  8
GEOMETRY
100
AcDbLine
 10
126.2150137231558
 20
93.99999999999997
 30
0.0
 11
126.1926979563944
 21
93.99999999999997
 31
0.0
  0
LINE
  5
23C
330
17
100
AcDbEntity
  8
GEOMETRY
100
AcDbLine
 10
126.1926979563944
 20
93.99999999999997
 30
0.0
 11
126.17392287909179
 21
93.99999999999997
 31
0.0
  0
LINE
  5
23D
330
17
100
AcDbEntity
  8
GEOMETRY
100
AcDbLine
 10
126.17392287909179
 20
93.99999999999997
 30
0.0
 11
126.15514780178918
 21
93.99999999999997
 31
0.0
  0
LINE
  5
23E
330
17
100
AcDbEntity
  8
GEOMETRY
100
AcDbLine
 10
126.15514780178918
 20
93.99999999999997
 30
0.0
 11
126.13637272448659
 21
93.99999999999997
 31
0.0
  0
LINE
  5
23F
330
17
100
AcDbEntity
  8
GEOMETRY
100
AcDbLine
 10
126.13637272448659
 20
93.99999999999997
 30
0.0
 11
126.11759764718398
 21
93.99999999999997
 31
0.0
  0
LINE
  5
240
330
17
100
AcDbEntity
  8
GEOMETRY
100
AcDbLine
 10
126.11759764718398
 20
93.99999999999997
 30
0.0
 11
126.10253190754779
 21
93.99999999999997
 31
0.0
  0
LINE
  5
241
330
17
100
AcDbEntity
  8
GEOMETRY
100
AcDbLine
 10
126.10253190754779
 20
93.99999999999997
 30
0.0
 11
126.08894990297814
 21
93.99999999999997
 31
0.0
  0
LINE
  5
242
330
17
100
AcDbEntity
  8
GEOMETRY
100
AcDbLine
 10
126.08894990297814
 20
93.99999999999997
 30
0.0
 11
126.0753678984085
 21
93.99999999999997
 31
0.0
  0
LINE
  5
243
330
17
100
AcDbEntity
  8
GEOMETRY
100
AcDbLine
 10
126.0753678984085
 20
93.99999999999997
 30
0.0
 11
126.06178589383887
 21
93.99999999999997
 31
0.0
  0
LINE
  5
244
330
17
100
AcDbEntity
  8
GEOMETRY
100
AcDbLine
 10
126.06178589383887
 20
93.99999999999997
 30
0.0
 11
126.04897015702937
 21
93.99999999999997
 31
0.0
  0
LINE
  5
245
330
17
100
AcDbEntity
  8
GEOMETRY
100
AcDbLine
 10
126.04897015702937
 20
93.99999999999997
 30
0.0
 11
126.04075202678061
 21
93.99999999999997
 31
0.0
  0
LINE
  5
246
330
17
100
AcDbEntity
  8
GEOMETRY
100
AcDbLine
 10
126.04075202678061
 20
93.99999999999997
 30
0.0
 11
126.03253389653187
 21
93.99999999999997
 31
0.0
  0
LINE
  5
247
330
17
100
AcDbEntity
  8
GEOMETRY
100
AcDbLine
 10
126.03253389653187
 20
93.99999999999997
 30
0.0
 11
126.02431576628312
 21
93.99999999999997
 31
0.0
  0
LINE
  5
248
330
17
100
AcDbEntity
  8
GEOMETRY
100
AcDbLine
 10
126.02431576628312
 20
93.99999999999997
 30
0.0
 11
126.01609763603437
 21
93.99999999999997
 31
0.0
  0
LINE
  5
249
330
17
100
AcDbEntity
  8
GEOMETRY
100
AcDbLine
 10
126.01609763603437
 20
93.99999999999997
 30
0.0
 11
126.0110036326868
 21
93.99999999999997
 31
0.0
  0
LINE
  5
24A
330
17
100
AcDbEntity
  8
GEOMETRY
100
AcDbLine
 10
126.0110036326868
 20
93.99999999999997
 30
0.0
 11
126.00825272451509
 21
93.99999999999997
 31
0.0
  0
LINE
  5
24B
330
17
100
AcDbEntity
  8
GEOMETRY
100
AcDbLine
 10
126.00825272451509
 20
93.99999999999997
 30
0.0
 11
126.00550181634338
 21
93.99999999999997
 31
0.0
  0
LINE
  5
24C
330
17
100
AcDbEntity
  8
GEOMETRY
100
AcDbLine
 10
126.00550181634338
 20
93.99999999999997
 30
0.0
 11
126.00275090817168
 21
93.99999999999997
 31
0.0
  0
LINE
  5
24D
330
17
100
AcDbEntity
  8
GEOMETRY
100
AcDbLine
 10
126.00275090817168
 20
93.99999999999997
 30
0.0
 11
125.99999999999997
 21
93.99999999999997
 31
0.0
  0
LINE
  5
24E
330
17
100
AcDbEntity
  8
GEOMETRY
100
AcDbLine
 10
199.0
 20
93.99999999999997
 30
0.0
 11
128.0
 21
93.99999999999997
 31
0.0
  0
LINE
  5
24F
330
17
100
AcDbEntity
  8
GEOMETRY
100
AcDbLine
 10
201.0
 20
93.99999999999997
 30
0.0
 11
200.9972490918283
 21
93.99999999999997
 31
0.0
  0
LINE
  5
250
330
17
100
AcDbEntity
  8
GEOMETRY
100
AcDbLine
 10
200.9972490918283
 20
93.99999999999997
 30
0.0
 11
200.99449818365662
 21
93.99999999999997
 31
0.0
  0
LINE
  5
251
330
17
100
AcDbEntity
  8
GEOMETRY
100
AcDbLine
 10
200.99449818365662
 20
93.99999999999997
 30
0.0
 11
200.9917472754849
 21
93.99999999999997
 31
0.0
  0
LINE
  5
252
330
17
100
AcDbEntity
  8
GEOMETRY
100
AcDbLine
 10
200.9917472754849
 20
93.99999999999997
 30
0.0
 11
200.98899636731318
 21
93.99999999999997
 31
0.0
  0
LINE
  5
253
330
17
100
AcDbEntity
  8
GEOMETRY
100
AcDbLine
 10
200.98899636731318
 20
93.99999999999997
 30
0.0
 11
200.9839023639656
 21
93.99999999999997
 31
0.0
  0
LINE
  5
254
330
17
100
AcDbEntity
  8
GEOMETRY
100
AcDbLine
 10
200.9839023639656
 20
93.99999999999997
 30
0.0
 11
200.97568423371686
 21
93.99999999999997
 31
0.0
  0
LINE
  5
255
330
17
100
AcDbEntity
  8
GEOMETRY
100
AcDbLine
 10
200.97568423371686
 20
93.99999999999997
 30
0.0
 11
200.9674661034681
 21
93.99999999999997
 31
0.0
  0
LINE
  5
256
330
17
100
AcDbEntity
  8
GEOMETRY
100
AcDbLine
 10
200.9674661034681
 20
93.99999999999997
 30
0.0
 11
200.95924797321936
 21
93.99999999999997
 31
0.0
  0
LINE
  5
257
330
17
100
AcDbEntity
  8
GEOMETRY
100
AcDbLine
 10
200.95924797321936
 20
93.99999999999997
 30
0.0
 11
200.95102984297063
 21
93.99999999999997
 31
0.0
  0
LINE
  5
258
330
17
100
AcDbEntity
  8
GEOMETRY
100
AcDbLine
 10
200.95102984297063
 20
93.99999999999997
 30
0.0
 11
200.93821410616113
 21
93.99999999999997
 31
0.0
  0
LINE
  5
259
330
17
100
AcDbEntity
  8
GEOMETRY
100
AcDbLine
 10
200.93821410616113
 20
93.99999999999997
 30
0.0
 11
200.92463210159147
 21
93.99999999999997
 31
0.0
  0
LINE
  5
25A
330
17
100
AcDbEntity
  8
GEOMETRY
100
AcDbLine
 10
200.92463210159147
 20
93.99999999999997
 30
0.0
 11
200.91105009702184
 21
93.99999999999997
 31
0.0
  0
LINE
  5
25B
330
17
100
AcDbEntity
  8
GEOMETRY
100
AcDbLine
 10
200.91105009702184
 20
93.99999999999997
 30
0.0
 11
200.8974680924522
 21
93.99999999999997
 31
0.0
  0
LINE
  5
25C
330
17
100
AcDbEntity
  8
GEOMETRY
100
AcDbLine
 10
200.8974680924522
 20
93.99999999999997
 30
0.0
 11
200.882402352816
 21
93.99999999999997
 31
0.0
  0
LINE
  5
25D
330
17
100
AcDbEntity
  8
GEOMETRY
100
AcDbLine
 10
200.882402352816
 20
93.99999999999997
 30
0.0
 11
200.8636272755134
 21
93.99999999999997
 31
0.0
  0
LINE
  5
25E
330
17
100
AcDbEntity
  8
GEOMETRY
100
AcDbLine
 10
200.8636272755134
 20
93.99999999999997
 30
0.0
 11
200.8448521982108
 21
93.99999999999997
 31
0.0
  0
LINE
  5
25F
330
17
100
AcDbEntity
  8
GEOMETRY
100
AcDbLine
 10
200.8448521982108
 20
93.99999999999997
 30
0.0
 11
200.8260771209082
 21
93.99999999999997
 31
0.0
  0
LINE
  5
260
330
17
100
AcDbEntity
  8
GEOMETRY
100
AcDbLine
 10
200.8260771209082
 20
93.99999999999997
 30
0.0
 11
200.8073020436056
 21
93.99999999999997
 31
0.0
  0
LINE
  5
261
330
17
100
AcDbEntity
  8
GEOMETRY
100
AcDbLine
 10
200.8073020436056
 20
93.99999999999997
 30
0.0
 11
200.78498627684417
 21
93.99999999999997
 31
0.0
  0
LINE
  5
262
330
17
100
AcDbEntity
  8
GEOMETRY
100
AcDbLine
 10
200.78498627684417
 20
93.99999999999997
 30
0.0
 11
200.76125423429926
 21
93.99999999999997
 31
0.0
  0
LINE
  5
263
330
17
100
AcDbEntity
  8
GEOMETRY
100
AcDbLine
 10
200.76125423429926
 20
93.99999999999997
 30
0.0
 11
200.73752219175432
 21
93.99999999999997
 31
0.0
  0
LINE
  5
264
330
17
100
AcDbEntity
  8
GEOMETRY
100
AcDbLine
 10
200.73752219175432
 20
93.99999999999997
 30
0.0
 11
200.7137901492094
 21
93.99999999999997
 31
0.0
  0
LINE
  5
265
330
17
100
AcDbEntity
  8
GEOMETRY
100
AcDbLine
 10
200.7137901492094
 20
93.99999999999997
 30
0.0
 11
200.68939260365906
 21
93.99999999999997
 31
0.0
  0
LINE
  5
266
330
17
100
AcDbEntity
  8
GEOMETRY
100
AcDbLine
 10
200.68939260365906
 20
93.99999999999997
 30
0.0
 11
200.66100204007645
 21
93.99999999999997
 31
0.0
  0
LINE
  5
267
330
17
100
AcDbEntity
  8
GEOMETRY
100
AcDbLine
 10
200.66100204007645
 20
93.99999999999997
 30
0.0
 11
200.63261147649385
 21
93.99999999999997
 31
0.0
  0
LINE
  5
268
330
17
100
AcDbEntity
  8
GEOMETRY
100
AcDbLine
 10
200.63261147649385
 20
93.99999999999997
 30
0.0
 11
200.60422091291122
 21
93.99999999999997
 31
0.0
  0
LINE
  5
269
330
17
100
AcDbEntity
  8
GEOMETRY
100
AcDbLine
 10
200.60422091291122
 20
93.99999999999997
 30
0.0
 11
200.5758303493286
 21
93.99999999999997
 31
0.0
  0
LINE
  5
26A
330
17
100
AcDbEntity
  8
GEOMETRY
100
AcDbLine
 10
200.5758303493286
 20
93.99999999999997
 30
0.0
 11
200.5449817896157
 21
93.99999999999997
 31
0.0
  0
LINE
  5
26B
330
17
100
AcDbEntity
  8
GEOMETRY
100
AcDbLine
 10
200.5449817896157
 20
93.99999999999997
 30
0.0
 11
200.51228973280504
 21
93.99999999999997
 31
0.0
  0
LINE
  5
26C
330
17
100
AcDbEntity
  8
GEOMETRY
100
AcDbLine
 10
200.51228973280504
 20
93.99999999999997
 30
0.0
 11
200.4795976759944
 21
93.99999999999997
 31
0.0
  0
LINE
  5
26D
330
17
100
AcDbEntity
  8
GEOMETRY
100
AcDbLine
 10
200.4795976759944
 20
93.99999999999997
 30
0.0
 11
200.44690561918375
 21
93.99999999999997
 31
0.0
  0
LINE
  5
26E
330
17
100
AcDbEntity
  8
GEOMETRY
100
AcDbLine
 10
200.44690561918375
 20
93.99999999999997
 30
0.0
 11
200.4142135623731
 21
93.99999999999997
 31
0.0
  0
LINE
  5
26F
330
17
100
AcDbEntity
  8
GEOMETRY
100
AcDbLine
 10
200.4142135623731
 20
93.99999999999997
 30
0.0
 11
200.3776311339172
 21
93.99999999999997
 31
0.0
  0
LINE
  5
270
330
17
100
AcDbEntity
  8
GEOMETRY
100
AcDbLine
 10
200.3776311339172
 20
93.99999999999997
 30
0.0
 11
200.34104870546128
 21
93.99999999999997
 31
0.0
  0
LINE
  5
271
330
17
100
AcDbEntity
  8
GEOMETRY
100
AcDbLine
 10
200.34104870546128
 20
93.99999999999997
 30
0.0
 11
200.30446627700536
 21
93.99999999999997
 31
0.0
  0
LINE
  5
272
330
17
100
AcDbEntity
  8
GEOMETRY
100
AcDbLine
 10
200.30446627700536
 20
93.99999999999997
 30
0.0
 11
200.26788384854942
 21
93.99999999999997
 31
0.0
  0
LINE
  5
273
330
17
100
AcDbEntity
  8
GEOMETRY
100
AcDbLine
 10
200.26788384854942
 20
93.99999999999997
 30
0.0
 11
200.2298312802156
 21
93.99999999999997
 31
0.0
  0
LINE
  5
274
330
17
100
AcDbEntity
  8
GEOMETRY
100
AcDbLine
 10
200.2298312802156
 20
93.99999999999997
 30
0.0
 11
200.18981852537786
 21
93.99999999999997
 31
0.0
  0
LINE
  5
275
330
17
100
AcDbEntity
  8
GEOMETRY
100
AcDbLine
 10
200.18981852537786
 20
93.99999999999997
 30
0.0
 11
200.14980577054013
 21
93.99999999999997
 31
0.0
  0
LINE
  5
276
330
17
100
AcDbEntity
  8
GEOMETRY
100
AcDbLine
 10
200.14980577054013
 20
93.99999999999997
 30
0.0
 11
200.10979301570237
 21
93.99999999999997
 31
0.0
  0
LINE
  5
277
330
17
100
AcDbEntity
  8
GEOMETRY
100
AcDbLine
 10
200.10979301570237
 20
93.99999999999997
 30
0.0
 11
200.06978026086463
 21
93.99999999999997
 31
0.0
  0
LINE
  5
278
330
17
100
AcDbEntity
  8
GEOMETRY
100
AcDbLine
 10
200.06978026086463
 20
93.99999999999997
 30
0.0
 11
200.0272585265065
 21
93.99999999999997
 31
0.0
  0
LINE
  5
279
330
17
100
AcDbEntity
  8
GEOMETRY
100
AcDbLine
 10
200.0272585265065
 20
93.99999999999997
 30
0.0
 11
199.98431862889498
 21
93.99999999999997
 31
0.0
  0
LINE
  5
27A
330
17
100
AcDbEntity
  8
GEOMETRY
100
AcDbLine
 10
199.98431862889498
 20
93.99999999999997
 30
0.0
 11
199.94137873128346
 21
93.99999999999997
 31
0.0
  0
LINE
  5
27B
330
17
100
AcDbEntity
  8
GEOMETRY
100
AcDbLine
 10
199.94137873128346
 20
93.99999999999997
 30
0.0
 11
199.89843883367192
 21
93.99999999999997
 31
0.0
  0
LINE
  5
27C
330
17
100
AcDbEntity
  8
GEOMETRY
100
AcDbLine
 10
199.89843883367192
 20
93.99999999999997
 30
0.0
 11
199.85481689358983
 21
93.99999999999997
 31
0.0
  0
LINE
  5
27D
330
17
100
AcDbEntity
  8
GEOMETRY
100
AcDbLine
 10
199.85481689358983
 20
93.99999999999997
 30
0.0
 11
199.80948984733126
 21
93.99999999999997
 31
0.0
  0
LINE
  5
27E
330
17
100
AcDbEntity
  8
GEOMETRY
100
AcDbLine
 10
199.80948984733126
 20
93.99999999999997
 30
0.0
 11
199.76416280107273
 21
93.99999999999997
 31
0.0
  0
LINE
  5
27F
330
17
100
AcDbEntity
  8
GEOMETRY
100
AcDbLine
 10
199.76416280107273
 20
93.99999999999997
 30
0.0
 11
199.71883575481417
 21
93.99999999999997
 31
0.0
  0
LINE
  5
280
330
17
100
AcDbEntity
  8
GEOMETRY
100
AcDbLine
 10
199.71883575481417
 20
93.99999999999997
 30
0.0
 11
199.67350870855563
 21
93.99999999999997
 31
0.0
  0
LINE
  5
281
330
17
100
AcDbEntity
  8
GEOMETRY
100
AcDbLine
 10
199.67350870855563
 20
93.99999999999997
 30
0.0
 11
199.6268837089107
 21
93.99999999999997
 31
0.0
  0
LINE
  5
282
330
17
100
AcDbEntity
  8
GEOMETRY
100
AcDbLine
 10
199.6268837089107
 20
93.99999999999997
 30
0.0
 11
199.5797395279112
 21
93.99999999999997
 31
0.0
  0
LINE
  5
283
330
17
100
AcDbEntity
  8
GEOMETRY
100
AcDbLine
 10
199.5797395279112
 20
93.99999999999997
 30
0.0
 11
199.5325953469117
 21
93.99999999999997
 31
0.0
  0
LINE
  5
284
330
17
100
AcDbEntity
  8
GEOMETRY
100
AcDbLine
 10
199.5325953469117
 20
93.99999999999997
 30
0.0
 11
199.4854511659122
 21
93.99999999999997
 31
0.0
  0
LINE
  5
285
330
17
100
AcDbEntity
  8
GEOMETRY
100
AcDbLine
 10
199.4854511659122
 20
93.99999999999997
 30
0.0
 11
199.4381320892968
 21
93.99999999999997
 31
0.0
  0
LINE
  5
286
330
17
100
AcDbEntity
  8
GEOMETRY
100
AcDbLine
 10
199.4381320892968
 20
93.99999999999997
 30
0.0
 11
199.38976363898612
 21
93.99999999999997
 31
0.0
  0
LINE
  5
287
330
17
100
AcDbEntity
  8
GEOMETRY
100
AcDbLine
 10
199.38976363898612
 20
93.99999999999997
 30
0.0
 11
199.34139518867545
 21
93.99999999999997
 31
0.0
  0
LINE
  5
288
330
17
100
AcDbEntity
  8
GEOMETRY
100
AcDbLine
 10
199.34139518867545
 20
93.99999999999997
 30
0.0
 11
199.29302673836474
 21
93.99999999999997
 31
0.0
  0
LINE
  5
289
330
17
100
AcDbEntity
  8
GEOMETRY
100
AcDbLine
 10
199.29302673836474
 20
93.99999999999997
 30
0.0
 11
199.24465828805404
 21
93.99999999999997
 31
0.0
  0
LINE
  5
28A
330
17
100
AcDbEntity
  8
GEOMETRY
100
AcDbLine
 10
199.24465828805404
 20
93.99999999999997
 30
0.0
 11
199.19593783318078
 21
93.99999999999997
 31
0.0
  0
LINE
  5
28B
330
17
100
AcDbEntity
  8
GEOMETRY
100
AcDbLine
 10
199.19593783318078
 20
93.99999999999997
 30
0.0
 11
199.14695337488558
 21
93.99999999999997
 31
0.0
  0
LINE
  5
28C
330
17
100
AcDbEntity
  8
GEOMETRY
100
AcDbLine
 10
199.14695337488558
 20
93.99999999999997
 30
0.0
 11
199.0979689165904
 21
93.99999999999997
 31
0.0
  0
LINE
  5
28D
330
17
100
AcDbEntity
  8
GEOMETRY
100
AcDbLine
 10
199.0979689165904
 20
93.99999999999997
 30
0.0
 11
199.0489844582952
 21
93.99999999999997
 31
0.0
  0
LINE
  5
28E
330
17
100
AcDbEntity
  8
GEOMETRY
100
AcDbLine
 10
199.0489844582952
 20
93.99999999999997
 30
0.0
 11
199.0
 21
93.99999999999997
 31
0.0
  0
LINE
  5
28F
330
17
100
AcDbEntity
  8
GEOMETRY
100
AcDbLine
 10
174.5
 20
91.99999999999997
 30
0.0
 11
174.43967028868752
 21
91.99999999999997
 31
0.0
  0
LINE
  5
290
330
17
100
AcDbEntity
  8
GEOMETRY
100
AcDbLine
 10
174.43967028868752
 20
91.99999999999997
 30
0.0
 11
174.37934057737502
 21
91.99999999999997
 31
0.0
  0
LINE
  5
291
330
17
100
AcDbEntity
  8
GEOMETRY
100
AcDbLine
 10
174.37934057737502
 20
91.99999999999997
 30
0.0
 11
174.31901086606254
 21
91.99999999999997
 31
0.0
  0
LINE
  5
292
330
17
100
AcDbEntity
  8
GEOMETRY
100
AcDbLine
 10
174.31901086606254
 20
91.99999999999997
 30
0.0
 11
174.25868115475004
 21
91.99999999999997
 31
0.0
  0
LINE
  5
293
330
17
100
AcDbEntity
  8
GEOMETRY
100
AcDbLine
 10
174.25868115475004
 20
91.99999999999997
 30
0.0
 11
174.14793676958692
 21
91.99999999999997
 31
0.0
  0
LINE
  5
294
330
17
100
AcDbEntity
  8
GEOMETRY
100
AcDbLine
 10
174.14793676958692
 20
91.99999999999997
 30
0.0
 11
173.9699728192896
 21
91.99999999999997
 31
0.0
  0
LINE
  5
295
330
17
100
AcDbEntity
  8
GEOMETRY
100
AcDbLine
 10
173.9699728192896
 20
91.99999999999997
 30
0.0
 11
173.7920088689923
 21
91.99999999999997
 31
0.0
  0
LINE
  5
296
330
17
100
AcDbEntity
  8
GEOMETRY
100
AcDbLine
 10
173.7920088689923
 20
91.99999999999997
 30
0.0
 11
173.61404491869496
 21
91.99999999999997
 31
0.0
  0
LINE
  5
297
330
17
100
AcDbEntity
  8
GEOMETRY
100
AcDbLine
 10
173.61404491869496
 20
91.99999999999997
 30
0.0
 11
173.43608096839765
 21
91.99999999999997
 31
0.0
  0
LINE
  5
298
330
17
100
AcDbEntity
  8
GEOMETRY
100
AcDbLine
 10
173.43608096839765
 20
91.99999999999997
 30
0.0
 11
173.16493668946816
 21
91.99999999999997
 31
0.0
  0
LINE
  5
299
330
17
100
AcDbEntity
  8
GEOMETRY
100
AcDbLine
 10
173.16493668946816
 20
91.99999999999997
 30
0.0
 11
172.87826235576668
 21
91.99999999999997
 31
0.0
  0
LINE
  5
29A
330
17
100
AcDbEntity
  8
GEOMETRY
100
AcDbLine
 10
172.87826235576668
 20
91.99999999999997
 30
0.0
 11
172.5915880220652
 21
91.99999999999997
 31
0.0
  0
LINE
  5
29B
330
17
100
AcDbEntity
  8
GEOMETRY
100
AcDbLine
 10
172.5915880220652
 20
91.99999999999997
 30
0.0
 11
172.30491368836368
 21
91.99999999999997
 31
0.0
  0
LINE
  5
29C
330
17
100
AcDbEntity
  8
GEOMETRY
100
AcDbLine
 10
172.30491368836368
 20
91.99999999999997
 30
0.0
 11
171.99128640172944
 21
91.99999999999997
 31
0.0
  0
LINE
  5
29D
330
17
100
AcDbEntity
  8
GEOMETRY
100
AcDbLine
 10
171.99128640172944
 20
91.99999999999997
 30
0.0
 11
171.6102767327633
 21
91.99999999999997
 31
0.0
  0
LINE
  5
29E
330
17
100
AcDbEntity
  8
GEOMETRY
100
AcDbLine
 10
171.6102767327633
 20
91.99999999999997
 30
0.0
 11
171.22926706379718
 21
91.99999999999997
 31
0.0
  0
LINE
  5
29F
330
17
100
AcDbEntity
  8
GEOMETRY
100
AcDbLine
 10
171.22926706379718
 20
91.99999999999997
 30
0.0
 11
170.84825739483108
 21
91.99999999999997
 31
0.0
  0
LINE
  5
2A0
330
17
100
AcDbEntity
  8
GEOMETRY
100
AcDbLine
 10
170.84825739483108
 20
91.99999999999997
 30
0.0
 11
170.46724772586495
 21
91.99999999999997
 31
0.0
  0
LINE
  5
2A1
330
17
100
AcDbEntity
  8
GEOMETRY
100
AcDbLine
 10
170.46724772586495
 20
91.99999999999997
 30
0.0
 11
170.03250240010968
 21
91.99999999999997
 31
0.0
  0
LINE
  5
2A2
330
17
100
AcDbEntity
  8
GEOMETRY
100
AcDbLine
 10
170.03250240010968
 20
91.99999999999997
 30
0.0
 11
169.5762628116387
 21
91.99999999999997
 31
0.0
  0
LINE
  5
2A3
330
17
100
AcDbEntity
  8
GEOMETRY
100
AcDbLine
 10
169.5762628116387
 20
91.99999999999997
 30
0.0
 11
169.12002322316778
 21
91.99999999999997
 31
0.0
  0
LINE
  5
2A4
330
17
100
AcDbEntity
  8
GEOMETRY
100
AcDbLine
 10
169.12002322316778
 20
91.99999999999997
 30
0.0
 11
168.6637836346968
 21
91.99999999999997
 31
0.0
  0
LINE
  5
2A5
330
17
100
AcDbEntity
  8
GEOMETRY
100
AcDbLine
 10
168.6637836346968
 20
91.99999999999997
 30
0.0
 11
168.20006516601896
 21
91.99999999999997
 31
0.0
  0
LINE
  5
2A6
330
17
100
AcDbEntity
  8
GEOMETRY
100
AcDbLine
 10
168.20006516601896
 20
91.99999999999997
 30
0.0
 11
167.6914734160997
 21
91.99999999999997
 31
0.0
  0
LINE
  5
2A7
330
17
100
AcDbEntity
  8
GEOMETRY
100
AcDbLine
 10
167.6914734160997
 20
91.99999999999997
 30
0.0
 11
167.18288166618046
 21
91.99999999999997
 31
0.0
  0
LINE
  5
2A8
330
17
100
AcDbEntity
  8
GEOMETRY
100
AcDbLine
 10
167.18288166618046
 20
91.99999999999997
 30
0.0
 11
166.67428991626122
 21
91.99999999999997
 31
0.0
  0
LINE
  5
2A9
330
17
100
AcDbEntity
  8
GEOMETRY
100
AcDbLine
 10
166.67428991626122
 20
91.99999999999997
 30
0.0
 11
166.165698166342
 21
91.99999999999997
 31
0.0
  0
LINE
  5
2AA
330
17
100
AcDbEntity
  8
GEOMETRY
100
AcDbLine
 10
166.165698166342
 20
91.99999999999997
 30
0.0
 11
165.64176398932952
 21
91.99999999999997
 31
0.0
  0
LINE
  5
2AB
330
17
100
AcDbEntity
  8
GEOMETRY
100
AcDbLine
 10
165.64176398932952
 20
91.99999999999997
 30
0.0
 11
165.10632299199713
 21
91.99999999999997
 31
0.0
  0
LINE
  5
2AC
330
17
100
AcDbEntity
  8
GEOMETRY
100
AcDbLine
 10
165.10632299199713
 20
91.99999999999997
 30
0.0
 11
164.57088199466477
 21
91.99999999999997
 31
0.0
  0
LINE
  5
2AD
330
17
100
AcDbEntity
  8
GEOMETRY
100
AcDbLine
 10
164.57088199466477
 20
91.99999999999997
 30
0.0
 11
164.0354409973324
 21
91.99999999999997
 31
0.0
  0
LINE
  5
2AE
330
17
100
AcDbEntity
  8
GEOMETRY
100
AcDbLine
 10
164.0354409973324
 20
91.99999999999997
 30
0.0
 11
163.5
 21
91.99999999999997
 31
0.0
  0
LINE
  5
2AF
330
17
100
AcDbEntity
  8
GEOMETRY
100
AcDbLine
 10
163.5
 20
91.99999999999997
 30
0.0
 11
162.9645590026676
 21
91.99999999999997
 31
0.0
  0
LINE
  5
2B0
330
17
100
AcDbEntity
  8
GEOMETRY
100
AcDbLine
 10
162.9645590026676
 20
91.99999999999997
 30
0.0
 11
162.42911800533523
 21
91.99999999999997
 31
0.0
  0
LINE
  5
2B1
330
17
100
AcDbEntity
  8
GEOMETRY
100
AcDbLine
 10
162.42911800533523
 20
91.99999999999997
 30
0.0
 11
161.89367700800284
 21
91.99999999999997
 31
0.0
  0
LINE
  5
2B2
330
17
100
AcDbEntity
  8
GEOMETRY
100
AcDbLine
 10
161.89367700800284
 20
91.99999999999997
 30
0.0
 11
161.35823601067045
 21
91.99999999999997
 31
0.0
  0
LINE
  5
2B3
330
17
100
AcDbEntity
  8
GEOMETRY
100
AcDbLine
 10
161.35823601067045
 20
91.99999999999997
 30
0.0
 11
160.834301833658
 21
91.99999999999997
 31
0.0
  0
LINE
  5
2B4
330
17
100
AcDbEntity
  8
GEOMETRY
100
AcDbLine
 10
160.834301833658
 20
91.99999999999997
 30
0.0
 11
160.32571008373876
 21
91.99999999999997
 31
0.0
  0
LINE
  5
2B5
330
17
100
AcDbEntity
  8
GEOMETRY
100
AcDbLine
 10
160.32571008373876
 20
91.99999999999997
 30
0.0
 11
159.8171183338195
 21
91.99999999999997
 31
0.0
  0
LINE
  5
2B6
330
17
100
AcDbEntity
  8
GEOMETRY
100
AcDbLine
 10
159.8171183338195
 20
91.99999999999997
 30
0.0
 11
159.3085265839003
 21
91.99999999999997
 31
0.0
  0
LINE
  5
2B7
330
17
100
AcDbEntity
  8
GEOMETRY
100
AcDbLine
 10
159.3085265839003
 20
91.99999999999997
 30
0.0
 11
158.79993483398104
 21
91.99999999999997
 31
0.0
  0
LINE
  5
2B8
330
17
100
AcDbEntity
  8
GEOMETRY
100
AcDbLine
 10
158.79993483398104
 20
91.99999999999997
 30
0.0
 11
158.3362163653032
 21
91.99999999999997
 31
0.0
  0
LINE
  5
2B9
330
17
100
AcDbEntity
  8
GEOMETRY
100
AcDbLine
 10
158.3362163653032
 20
91.99999999999997
 30
0.0
 11
157.87997677683222
 21
91.99999999999997
 31
0.0
  0
LINE
  5
2BA
330
17
100
AcDbEntity
  8
GEOMETRY
100
AcDbLine
 10
157.87997677683222
 20
91.99999999999997
 30
0.0
 11
157.4237371883613
 21
91.99999999999997
 31
0.0
  0
LINE
  5
2BB
330
17
100
AcDbEntity
  8
GEOMETRY
100
AcDbLine
 10
157.4237371883613
 20
91.99999999999997
 30
0.0
 11
156.96749759989032
 21
91.99999999999997
 31
0.0
  0
LINE
  5
2BC
330
17
100
AcDbEntity
  8
GEOMETRY
100
AcDbLine
 10
156.96749759989032
 20
91.99999999999997
 30
0.0
 11
156.53275227413502
 21
91.99999999999997
 31
0.0
  0
LINE
  5
2BD
330
17
100
AcDbEntity
  8
GEOMETRY
100
AcDbLine
 10
156.53275227413502
 20
91.99999999999997
 30
0.0
 11
156.15174260516892
 21
91.99999999999997
 31
0.0
  0
LINE
  5
2BE
330
17
100
AcDbEntity
  8
GEOMETRY
100
AcDbLine
 10
156.15174260516892
 20
91.99999999999997
 30
0.0
 11
155.7707329362028
 21
91.99999999999997
 31
0.0
  0
LINE
  5
2BF
330
17
100
AcDbEntity
  8
GEOMETRY
100
AcDbLine
 10
155.7707329362028
 20
91.99999999999997
 30
0.0
 11
155.38972326723666
 21
91.99999999999997
 31
0.0
  0
LINE
  5
2C0
330
17
100
AcDbEntity
  8
GEOMETRY
100
AcDbLine
 10
155.38972326723666
 20
91.99999999999997
 30
0.0
 11
155.00871359827056
 21
91.99999999999997
 31
0.0
  0
LINE
  5
2C1
330
17
100
AcDbEntity
  8
GEOMETRY
100
AcDbLine
 10
155.00871359827056
 20
91.99999999999997
 30
0.0
 11
154.69508631163632
 21
91.99999999999997
 31
0.0
  0
LINE
  5
2C2
330
17
100
AcDbEntity
  8
GEOMETRY
100
AcDbLine
 10
154.69508631163632
 20
91.99999999999997
 30
0.0
 11
154.4084119779348
 21
91.99999999999997
 31
0.0
  0
LINE
  5
2C3
330
17
100
AcDbEntity
  8
GEOMETRY
100
AcDbLine
 10
154.4084119779348
 20
91.99999999999997
 30
0.0
 11
154.12173764423332
 21
91.99999999999997
 31
0.0
  0
LINE
  5
2C4
330
17
100
AcDbEntity
  8
GEOMETRY
100
AcDbLine
 10
154.12173764423332
 20
91.99999999999997
 30
0.0
 11
153.8350633105318
 21
91.99999999999997
 31
0.0
  0
LINE
  5
2C5
330
17
100
AcDbEntity
  8
GEOMETRY
100
AcDbLine
 10
153.8350633105318
 20
91.99999999999997
 30
0.0
 11
153.56391903160232
 21
91.99999999999997
 31
0.0
  0
LINE
  5
2C6
330
17
100
AcDbEntity
  8
GEOMETRY
100
AcDbLine
 10
153.56391903160232
 20
91.99999999999997
 30
0.0
 11
153.385955081305
 21
91.99999999999997
 31
0.0
  0
LINE
  5
2C7
330
17
100
AcDbEntity
  8
GEOMETRY
100
AcDbLine
 10
153.385955081305
 20
91.99999999999997
 30
0.0
 11
153.2079911310077
 21
91.99999999999997
 31
0.0
  0
LINE
  5
2C8
330
17
100
AcDbEntity
  8
GEOMETRY
100
AcDbLine
 10
153.2079911310077
 20
91.99999999999997
 30
0.0
 11
153.0300271807104
 21
91.99999999999997
 31
0.0
  0
LINE
  5
2C9
330
17
100
AcDbEntity
  8
GEOMETRY
100
AcDbLine
 10
153.0300271807104
 20
91.99999999999997
 30
0.0
 11
152.85206323041308
 21
91.99999999999997
 31
0.0
  0
LINE
  5
2CA
330
17
100
AcDbEntity
  8
GEOMETRY
100
AcDbLine
 10
152.85206323041308
 20
91.99999999999997
 30
0.0
 11
152.74131884524994
 21
91.99999999999997
 31
0.0
  0
LINE
  5
2CB
330
17
100
AcDbEntity
  8
GEOMETRY
100
AcDbLine
 10
152.74131884524994
 20
91.99999999999997
 30
0.0
 11
152.68098913393746
 21
91.99999999999997
 31
0.0
  0
LINE
  5
2CC
330
17
100
AcDbEntity
  8
GEOMETRY
100
AcDbLine
 10
152.68098913393746
 20
91.99999999999997
 30
0.0
 11
152.62065942262495
 21
91.99999999999997
 31
0.0
  0
LINE
  5
2CD
330
17
100
AcDbEntity
  8
GEOMETRY
100
AcDbLine
 10
152.62065942262495
 20
91.99999999999997
 30
0.0
 11
152.56032971131248
 21
91.99999999999997
 31
0.0
  0
LINE
  5
2CE
330
17
100
AcDbEntity
  8
GEOMETRY
100
AcDbLine
 10
152.56032971131248
 20
91.99999999999997
 30
0.0
 11
152.5
 21
91.99999999999997
 31
0.0
  0
LINE
  5
2CF
330
17
100
AcDbEntity
  8
GEOMETRY
100
AcDbLine
 10
152.5
 20
91.99999999999997
 30
0.0
 11
152.56032971131248
 21
91.99999999999997
 31
0.0
  0
LINE
  5
2D0
330
17
100
AcDbEntity
  8
GEOMETRY
100
AcDbLine
 10
152.56032971131248
 20
91.99999999999997
 30
0.0
 11
152.62065942262495
 21
91.99999999999997
 31
0.0
  0
LINE
  5
2D1
330
17
100
AcDbEntity
  8
GEOMETRY
100
AcDbLine
 10
152.62065942262495
 20
91.99999999999997
 30
0.0
 11
152.68098913393746
 21
91.99999999999997
 31
0.0
  0
LINE
  5
2D2
330
17
100
AcDbEntity
  8
GEOMETRY
100
AcDbLine
 10
152.68098913393746
 20
91.99999999999997
 30
0.0
 11
152.74131884524994
 21
91.99999999999997
 31
0.0
  0
LINE
  5
2D3
330
17
100
AcDbEntity
  8
GEOMETRY
100
AcDbLine
 10
152.74131884524994
 20
91.99999999999997
 30
0.0
 11
152.85206323041308
 21
91.99999999999997
 31
0.0
  0
LINE
  5
2D4
330
17
100
AcDbEntity
  8
GEOMETRY
100
AcDbLine
 10
152.85206323041308
 20
91.99999999999997
 30
0.0
 11
153.0300271807104
 21
91.99999999999997
 31
0.0
  0
LINE
  5
2D5
330
17
100
AcDbEntity
  8
GEOMETRY
100
AcDbLine
 10
153.0300271807104
 20
91.99999999999997
 30
0.0
 11
153.2079911310077
 21
91.99999999999997
 31
0.0
  0
LINE
  5
2D6
330
17
100
AcDbEntity
  8
GEOMETRY
100
AcDbLine
 10
153.2079911310077
 20
91.99999999999997
 30
0.0
 11
153.385955081305
 21
91.99999999999997
 31
0.0
  0
LINE
  5
2D7
330
17
100
AcDbEntity
  8
GEOMETRY
100
AcDbLine
 10
153.385955081305
 20
91.99999999999997
 30
0.0
 11
153.56391903160232
 21
91.99999999999997
 31
0.0
  0
LINE
  5
2D8
330
17
100
AcDbEntity
  8
GEOMETRY
100
AcDbLine
 10
153.56391903160232
 20
91.99999999999997
 30
0.0
 11
153.8350633105318
 21
91.99999999999997
 31
0.0
  0
LINE
  5
2D9
330
17
100
AcDbEntity
  8
GEOMETRY
100
AcDbLine
 10
153.8350633105318
 20
91.99999999999997
 30
0.0
 11
154.1217376442333
 21
91.99999999999997
 31
0.0
  0
LINE
  5
2DA
330
17
100
AcDbEntity
  8
GEOMETRY
100
AcDbLine
 10
154.1217376442333
 20
91.99999999999997
 30
0.0
 11
154.4084119779348
 21
91.99999999999997
 31
0.0
  0
LINE
  5
2DB
330
17
100
AcDbEntity
  8
GEOMETRY
100
AcDbLine
 10
154.4084119779348
 20
91.99999999999997
 30
0.0
 11
154.69508631163632
 21
91.99999999999997
 31
0.0
  0
LINE
  5
2DC
330
17
100
AcDbEntity
  8
GEOMETRY
100
AcDbLine
 10
154.69508631163632
 20
91.99999999999997
 30
0.0
 11
155.00871359827056
 21
91.99999999999997
 31
0.0
  0
LINE
  5
2DD
330
17
100
AcDbEntity
  8
GEOMETRY
100
AcDbLine
 10
155.00871359827056
 20
91.99999999999997
 30
0.0
 11
155.38972326723666
 21
91.99999999999997
 31
0.0
  0
LINE
  5
2DE
330
17
100
AcDbEntity
  8
GEOMETRY
100
AcDbLine
 10
155.38972326723666
 20
91.99999999999997
 30
0.0
 11
155.7707329362028
 21
91.99999999999997
 31
0.0
  0
LINE
  5
2DF
330
17
100
AcDbEntity
  8
GEOMETRY
100
AcDbLine
 10
155.7707329362028
 20
91.99999999999997
 30
0.0
 11
156.15174260516892
 21
91.99999999999997
 31
0.0
  0
LINE
  5
2E0
330
17
100
AcDbEntity
  8
GEOMETRY
100
AcDbLine
 10
156.15174260516892
 20
91.99999999999997
 30
0.0
 11
156.53275227413502
 21
91.99999999999997
 31
0.0
  0
LINE
  5
2E1
330
17
100
AcDbEntity
  8
GEOMETRY
100
AcDbLine
 10
156.53275227413502
 20
91.99999999999997
 30
0.0
 11
156.96749759989032
 21
91.99999999999997
 31
0.0
  0
LINE
  5
2E2
330
17
100
AcDbEntity
  8
GEOMETRY
100
AcDbLine
 10
156.96749759989032
 20
91.99999999999997
 30
0.0
 11
157.42373718836126
 21
91.99999999999997
 31
0.0
  0
LINE
  5
2E3
330
17
100
AcDbEntity
  8
GEOMETRY
100
AcDbLine
 10
157.42373718836126
 20
91.99999999999997
 30
0.0
 11
157.87997677683222
 21
91.99999999999997
 31
0.0
  0
LINE
  5
2E4
330
17
100
AcDbEntity
  8
GEOMETRY
100
AcDbLine
 10
157.87997677683222
 20
91.99999999999997
 30
0.0
 11
158.3362163653032
 21
91.99999999999997
 31
0.0
  0
LINE
  5
2E5
330
17
100
AcDbEntity
  8
GEOMETRY
100
AcDbLine
 10
158.3362163653032
 20
91.99999999999997
 30
0.0
 11
158.799934833981
 21
91.99999999999997
 31
0.0
  0
LINE
  5
2E6
330
17
100
AcDbEntity
  8
GEOMETRY
100
AcDbLine
 10
158.799934833981
 20
91.99999999999997
 30
0.0
 11
159.30852658390026
 21
91.99999999999997
 31
0.0
  0
LINE
  5
2E7
330
17
100
AcDbEntity
  8
GEOMETRY
100
AcDbLine
 10
159.30852658390026
 20
91.99999999999997
 30
0.0
 11
159.8171183338195
 21
91.99999999999997
 31
0.0
  0
LINE
  5
2E8
330
17
100
AcDbEntity
  8
GEOMETRY
100
AcDbLine
 10
159.8171183338195
 20
91.99999999999997
 30
0.0
 11
160.32571008373876
 21
91.99999999999997
 31
0.0
  0
LINE
  5
2E9
330
17
100
AcDbEntity
  8
GEOMETRY
100
AcDbLine
 10
160.32571008373876
 20
91.99999999999997
 30
0.0
 11
160.834301833658
 21
91.99999999999997
 31
0.0
  0
LINE
  5
2EA
330
17
100
AcDbEntity
  8
GEOMETRY
100
AcDbLine
 10
160.834301833658
 20
91.99999999999997
 30
0.0
 11
161.35823601067045
 21
91.99999999999997
 31
0.0
  0
LINE
  5
2EB
330
17
100
AcDbEntity
  8
GEOMETRY
100
AcDbLine
 10
161.35823601067045
 20
91.99999999999997
 30
0.0
 11
161.89367700800284
 21
91.99999999999997
 31
0.0
  0
LINE
  5
2EC
330
17
100
AcDbEntity
  8
GEOMETRY
100
AcDbLine
 10
161.89367700800284
 20
91.99999999999997
 30
0.0
 11
162.42911800533523
 21
91.99999999999997
 31
0.0
  0
LINE
  5
2ED
330
17
100
AcDbEntity
  8
GEOMETRY
100
AcDbLine
 10
162.42911800533523
 20
91.99999999999997
 30
0.0
 11
162.9645590026676
 21
91.99999999999997
 31
0.0
  0
LINE
  5
2EE
330
17
100
AcDbEntity
  8
GEOMETRY
100
AcDbLine
 10
162.9645590026676
 20
91.99999999999997
 30
0.0
 11
163.5
 21
91.99999999999997
 31
0.0
  0
LINE
  5
2EF
330
17
100
AcDbEntity
  8
GEOMETRY
100
AcDbLine
 10
163.5
 20
91.99999999999997
 30
0.0
 11
164.0354409973324
 21
91.99999999999997
 31
0.0
  0
LINE
  5
2F0
330
17
100
AcDbEntity
  8
GEOMETRY
100
AcDbLine
 10
164.0354409973324
 20
91.99999999999997
 30
0.0
 11
164.57088199466475
 21
91.99999999999997
 31
0.0
  0
LINE
  5
2F1
330
17
100
AcDbEntity
  8
GEOMETRY
100
AcDbLine
 10
164.57088199466475
 20
91.99999999999997
 30
0.0
 11
165.10632299199713
 21
91.99999999999997
 31
0.0
  0
LINE
  5
2F2
330
17
100
AcDbEntity
  8
GEOMETRY
100
AcDbLine
 10
165.10632299199713
 20
91.99999999999997
 30
0.0
 11
165.64176398932952
 21
91.99999999999997
 31
0.0
  0
LINE
  5
2F3
330
17
100
AcDbEntity
  8
GEOMETRY
100
AcDbLine
 10
165.64176398932952
 20
91.99999999999997
 30
0.0
 11
166.165698166342
 21
91.99999999999997
 31
0.0
  0
LINE
  5
2F4
330
17
100
AcDbEntity
  8
GEOMETRY
100
AcDbLine
 10
166.165698166342
 20
91.99999999999997
 30
0.0
 11
166.67428991626122
 21
91.99999999999997
 31
0.0
  0
LINE
  5
2F5
330
17
100
AcDbEntity
  8
GEOMETRY
100
AcDbLine
 10
166.67428991626122
 20
91.99999999999997
 30
0.0
 11
167.18288166618046
 21
91.99999999999997
 31
0.0
  0
LINE
  5
2F6
330
17
100
AcDbEntity
  8
GEOMETRY
100
AcDbLine
 10
167.18288166618046
 20
91.99999999999997
 30
0.0
 11
167.6914734160997
 21
91.99999999999997
 31
0.0
  0
LINE
  5
2F7
330
17
100
AcDbEntity
  8
GEOMETRY
100
AcDbLine
 10
167.6914734160997
 20
91.99999999999997
 30
0.0
 11
168.20006516601896
 21
91.99999999999997
 31
0.0
  0
LINE
  5
2F8
330
17
100
AcDbEntity
  8
GEOMETRY
100
AcDbLine
 10
168.20006516601896
 20
91.99999999999997
 30
0.0
 11
168.6637836346968
 21
91.99999999999997
 31
0.0
  0
LINE
  5
2F9
330
17
100
AcDbEntity
  8
GEOMETRY
100
AcDbLine
 10
168.6637836346968
 20
91.99999999999997
 30
0.0
 11
169.12002322316775
 21
91.99999999999997
 31
0.0
  0
LINE
  5
2FA
330
17
100
AcDbEntity
  8
GEOMETRY
100
AcDbLine
 10
169.12002322316775
 20
91.99999999999997
 30
0.0
 11
169.5762628116387
 21
91.99999999999997
 31
0.0
  0
LINE
  5
2FB
330
17
100
AcDbEntity
  8
GEOMETRY
100
AcDbLine
 10
169.5762628116387
 20
91.99999999999997
 30
0.0
 11
170.03250240010965
 21
91.99999999999997
 31
0.0
  0
LINE
  5
2FC
330
17
100
AcDbEntity
  8
GEOMETRY
100
AcDbLine
 10
170.03250240010965
 20
91.99999999999997
 30
0.0
 11
170.46724772586495
 21
91.99999999999997
 31
0.0
  0
LINE
  5
2FD
330
17
100
AcDbEntity
  8
GEOMETRY
100
AcDbLine
 10
170.46724772586495
 20
91.99999999999997
 30
0.0
 11
170.84825739483108
 21
91.99999999999997
 31
0.0
  0
LINE
  5
2FE
330
17
100
AcDbEntity
  8
GEOMETRY
100
AcDbLine
 10
170.84825739483108
 20
91.99999999999997
 30
0.0
 11
171.22926706379718
 21
91.99999999999997
 31
0.0
  0
LINE
  5
2FF
330
17
100
AcDbEntity
  8
GEOMETRY
100
AcDbLine
 10
171.22926706379718
 20
91.99999999999997
 30
0.0
 11
171.6102767327633
 21
91.99999999999997
 31
0.0
  0
LINE
  5
300
330
17
100
AcDbEntity
  8
GEOMETRY
100
AcDbLine
 10
171.6102767327633
 20
91.99999999999997
 30
0.0
 11
171.99128640172944
 21
91.99999999999997
 31
0.0
  0
LINE
  5
301
330
17
100
AcDbEntity
  8
GEOMETRY
100
AcDbLine
 10
171.99128640172944
 20
91.99999999999997
 30
0.0
 11
172.30491368836368
 21
91.99999999999997
 31
0.0
  0
LINE
  5
302
330
17
100
AcDbEntity
  8
GEOMETRY
100
AcDbLine
 10
172.30491368836368
 20
91.99999999999997
 30
0.0
 11
172.5915880220652
 21
91.99999999999997
 31
0.0
  0
LINE
  5
303
330
17
100
AcDbEntity
  8
GEOMETRY
100
AcDbLine
 10
172.5915880220652
 20
91.99999999999997
 30
0.0
 11
172.87826235576668
 21
91.99999999999997
 31
0.0
  0
LINE
  5
304
330
17
100
AcDbEntity
  8
GEOMETRY
100
AcDbLine
 10
172.87826235576668
 20
91.99999999999997
 30
0.0
 11
173.16493668946816
 21
91.99999999999997
 31
0.0
  0
LINE
  5
305
330
17
100
AcDbEntity
  8
GEOMETRY
100
AcDbLine
 10
173.16493668946816
 20
91.99999999999997
 30
0.0
 11
173.43608096839765
 21
91.99999999999997
 31
0.0
  0
LINE
  5
306
330
17
100
AcDbEntity
  8
GEOMETRY
100
AcDbLine
 10
173.43608096839765
 20
91.99999999999997
 30
0.0
 11
173.61404491869496
 21
91.99999999999997
 31
0.0
  0
LINE
  5
307
330
17
100
AcDbEntity
  8
GEOMETRY
100
AcDbLine
 10
173.61404491869496
 20
91.99999999999997
 30
0.0
 11
173.7920088689923
 21
91.99999999999997
 31
0.0
  0
LINE
  5
308
330
17
100
AcDbEntity
  8
GEOMETRY
100
AcDbLine
 10
173.7920088689923
 20
91.99999999999997
 30
0.0
 11
173.9699728192896
 21
91.99999999999997
 31
0.0
  0
LINE
  5
309
330
17
100
AcDbEntity
  8
GEOMETRY
100
AcDbLine
 10
173.9699728192896
 20
91.99999999999997
 30
0.0
 11
174.14793676958692
 21
91.99999999999997
 31
0.0
  0
LINE
  5
30A
330
17
100
AcDbEntity
  8
GEOMETRY
100
AcDbLine
 10
174.14793676958692
 20
91.99999999999997
 30
0.0
 11
174.25868115475004
 21
91.99999999999997
 31
0.0
  0
LINE
  5
30B
330
17
100
AcDbEntity
  8
GEOMETRY
100
AcDbLine
 10
174.25868115475004
 20
91.99999999999997
 30
0.0
 11
174.31901086606254
 21
91.99999999999997
 31
0.0
  0
LINE
  5
30C
330
17
100
AcDbEntity
  8
GEOMETRY
100
AcDbLine
 10
174.31901086606254
 20
91.99999999999997
 30
0.0
 11
174.37934057737502
 21
91.99999999999997
 31
0.0
  0
LINE
  5
30D
330
17
100
AcDbEntity
  8
GEOMETRY
100
AcDbLine
 10
174.37934057737502
 20
91.99999999999997
 30
0.0
 11
174.43967028868752
 21
91.99999999999997
 31
0.0
  0
LINE
  5
30E
330
17
100
AcDbEntity
  8
GEOMETRY
100
AcDbLine
 10
174.43967028868752
 20
91.99999999999997
 30
0.0
 11
174.5
 21
91.99999999999997
 31
0.0
  0
LINE
  5
30F
330
17
100
AcDbEntity
  8
GEOMETRY
100
AcDbLine
 10
201.0
 20
91.99999999999997
 30
0.0
 11
126.0
 21
91.99999999999997
 31
0.0
  0
LINE
  5
310
330
17
100
AcDbEntity
  8
GEOMETRY
100
AcDbLine
 10
201.0
 20
91.99999999999997
 30
0.0
 11
200.9972490918283
 21
91.99999999999997
 31
0.0
  0
LINE
  5
311
330
17
100
AcDbEntity
  8
GEOMETRY
100
AcDbLine
 10
200.9972490918283
 20
91.99999999999997
 30
0.0
 11
200.99449818365662
 21
91.99999999999997
 31
0.0
  0
LINE
  5
312
330
17
100
AcDbEntity
  8
GEOMETRY
100
AcDbLine
 10
200.99449818365662
 20
91.99999999999997
 30
0.0
 11
200.9917472754849
 21
91.99999999999997
 31
0.0
  0
LINE
  5
313
330
17
100
AcDbEntity
  8
GEOMETRY
100
AcDbLine
 10
200.9917472754849
 20
91.99999999999997
 30
0.0
 11
200.98899636731318
 21
91.99999999999997
 31
0.0
  0
LINE
  5
314
330
17
100
AcDbEntity
  8
GEOMETRY
100
AcDbLine
 10
200.98899636731318
 20
91.99999999999997
 30
0.0
 11
200.9839023639656
 21
91.99999999999997
 31
0.0
  0
LINE
  5
315
330
17
100
AcDbEntity
  8
GEOMETRY
100
AcDbLine
 10
200.9839023639656
 20
91.99999999999997
 30
0.0
 11
200.97568423371686
 21
91.99999999999997
 31
0.0
  0
LINE
  5
316
330
17
100
AcDbEntity
  8
GEOMETRY
100
AcDbLine
 10
200.97568423371686
 20
91.99999999999997
 30
0.0
 11
200.9674661034681
 21
91.99999999999997
 31
0.0
  0
LINE
  5
317
330
17
100
AcDbEntity
  8
GEOMETRY
100
AcDbLine
 10
200.9674661034681
 20
91.99999999999997
 30
0.0
 11
200.95924797321936
 21
91.99999999999997
 31
0.0
  0
LINE
  5
318
330
17
100
AcDbEntity
  8
GEOMETRY
100
AcDbLine
 10
200.95924797321936
 20
91.99999999999997
 30
0.0
 11
200.95102984297063
 21
91.99999999999997
 31
0.0
  0
LINE
  5
319
330
17
100
AcDbEntity
  8
GEOMETRY
100
AcDbLine
 10
200.95102984297063
 20
91.99999999999997
 30
0.0
 11
200.93821410616113
 21
91.99999999999997
 31
0.0
  0
LINE
  5
31A
330
17
100
AcDbEntity
  8
GEOMETRY
100
AcDbLine
 10
200.93821410616113
 20
91.99999999999997
 30
0.0
 11
200.92463210159147
 21
91.99999999999997
 31
0.0
  0
LINE
  5
31B
330
17
100
AcDbEntity
  8
GEOMETRY
100
AcDbLine
 10
200.92463210159147
 20
91.99999999999997
 30
0.0
 11
200.91105009702184
 21
91.99999999999997
 31
0.0
  0
LINE
  5
31C
330
17
100
AcDbEntity
  8
GEOMETRY
100
AcDbLine
 10
200.91105009702184
 20
91.99999999999997
 30
0.0
 11
200.8974680924522
 21
91.99999999999997
 31
0.0
  0
LINE
  5
31D
330
17
100
AcDbEntity
  8
GEOMETRY
100
AcDbLine
 10
200.8974680924522
 20
91.99999999999997
 30
0.0
 11
200.882402352816
 21
91.99999999999997
 31
0.0
  0
LINE
  5
31E
330
17
100
AcDbEntity
  8
GEOMETRY
100
AcDbLine
 10
200.882402352816
 20
91.99999999999997
 30
0.0
 11
200.8636272755134
 21
91.99999999999997
 31
0.0
  0
LINE
  5
31F
330
17
100
AcDbEntity
  8
GEOMETRY
100
AcDbLine
 10
200.8636272755134
 20
91.99999999999997
 30
0.0
 11
200.8448521982108
 21
91.99999999999997
 31
0.0
  0
LINE
  5
320
330
17
100
AcDbEntity
  8
GEOMETRY
100
AcDbLine
 10
200.8448521982108
 20
91.99999999999997
 30
0.0
 11
200.8260771209082
 21
91.99999999999997
 31
0.0
  0
LINE
  5
321
330
17
100
AcDbEntity
  8
GEOMETRY
100
AcDbLine
 10
200.8260771209082
 20
91.99999999999997
 30
0.0
 11
200.8073020436056
 21
91.99999999999997
 31
0.0
  0
LINE
  5
322
330
17
100
AcDbEntity
  8
GEOMETRY
100
AcDbLine
 10
200.8073020436056
 20
91.99999999999997
 30
0.0
 11
200.78498627684417
 21
91.99999999999997
 31
0.0
  0
LINE
  5
323
330
17
100
AcDbEntity
  8
GEOMETRY
100
AcDbLine
 10
200.78498627684417
 20
91.99999999999997
 30
0.0
 11
200.76125423429926
 21
91.99999999999997
 31
0.0
  0
LINE
  5
324
330
17
100
AcDbEntity
  8
GEOMETRY
100
AcDbLine
 10
200.76125423429926
 20
91.99999999999997
 30
0.0
 11
200.73752219175432
 21
91.99999999999997
 31
0.0
  0
LINE
  5
325
330
17
100
AcDbEntity
  8
GEOMETRY
100
AcDbLine
 10
200.73752219175432
 20
91.99999999999997
 30
0.0
 11
200.7137901492094
 21
91.99999999999997
 31
0.0
  0
LINE
  5
326
330
17
100
AcDbEntity
  8
GEOMETRY
100
AcDbLine
 10
200.7137901492094
 20
91.99999999999997
 30
0.0
 11
200.68939260365906
 21
91.99999999999997
 31
0.0
  0
LINE
  5
327
330
17
100
AcDbEntity
  8
GEOMETRY
100
AcDbLine
 10
200.68939260365906
 20
91.99999999999997
 30
0.0
 11
200.66100204007645
 21
91.99999999999997
 31
0.0
  0
LINE
  5
328
330
17
100
AcDbEntity
  8
GEOMETRY
100
AcDbLine
 10
200.66100204007645
 20
91.99999999999997
 30
0.0
 11
200.63261147649385
 21
91.99999999999997
 31
0.0
  0
LINE
  5
329
330
17
100
AcDbEntity
  8
GEOMETRY
100
AcDbLine
 10
200.63261147649385
 20
91.99999999999997
 30
0.0
 11
200.60422091291122
 21
91.99999999999997
 31
0.0
  0
LINE
  5
32A
330
17
100
AcDbEntity
  8
GEOMETRY
100
AcDbLine
 10
200.60422091291122
 20
91.99999999999997
 30
0.0
 11
200.5758303493286
 21
91.99999999999997
 31
0.0
  0
LINE
  5
32B
330
17
100
AcDbEntity
  8
GEOMETRY
100
AcDbLine
 10
200.5758303493286
 20
91.99999999999997
 30
0.0
 11
200.5449817896157
 21
91.99999999999997
 31
0.0
  0
LINE
  5
32C
330
17
100
AcDbEntity
  8
GEOMETRY
100
AcDbLine
 10
200.5449817896157
 20
91.99999999999997
 30
0.0
 11
200.51228973280504
 21
91.99999999999997
 31
0.0
  0
LINE
  5
32D
330
17
100
AcDbEntity
  8
GEOMETRY
100
AcDbLine
 10
200.51228973280504
 20
91.99999999999997
 30
0.0
 11
200.4795976759944
 21
91.99999999999997
 31
0.0
  0
LINE
  5
32E
330
17
100
AcDbEntity
  8
GEOMETRY
100
AcDbLine
 10
200.4795976759944
 20
91.99999999999997
 30
0.0
 11
200.44690561918375
 21
91.99999999999997
 31
0.0
  0
LINE
  5
32F
330
17
100
AcDbEntity
  8
GEOMETRY
100
AcDbLine
 10
200.44690561918375
 20
91.99999999999997
 30
0.0
 11
200.4142135623731
 21
91.99999999999997
 31
0.0
  0
LINE
  5
330
330
17
100
AcDbEntity
  8
GEOMETRY
100
AcDbLine
 10
200.4142135623731
 20
91.99999999999997
 30
0.0
 11
200.3776311339172
 21
91.99999999999997
 31
0.0
  0
LINE
  5
331
330
17
100
AcDbEntity
  8
GEOMETRY
100
AcDbLine
 10
200.3776311339172
 20
91.99999999999997
 30
0.0
 11
200.34104870546128
 21
91.99999999999997
 31
0.0
  0
LINE
  5
332
330
17
100
AcDbEntity
  8
GEOMETRY
100
AcDbLine
 10
200.34104870546128
 20
91.99999999999997
 30
0.0
 11
200.30446627700536
 21
91.99999999999997
 31
0.0
  0
LINE
  5
333
330
17
100
AcDbEntity
  8
GEOMETRY
100
AcDbLine
 10
200.30446627700536
 20
91.99999999999997
 30
0.0
 11
200.26788384854942
 21
91.99999999999997
 31
0.0
  0
LINE
  5
334
330
17
100
AcDbEntity
  8
GEOMETRY
100
AcDbLine
 10
200.26788384854942
 20
91.99999999999997
 30
0.0
 11
200.2298312802156
 21
91.99999999999997
 31
0.0
  0
LINE
  5
335
330
17
100
AcDbEntity
  8
GEOMETRY
100
AcDbLine
 10
200.2298312802156
 20
91.99999999999997
 30
0.0
 11
200.18981852537786
 21
91.99999999999997
 31
0.0
  0
LINE
  5
336
330
17
100
AcDbEntity
  8
GEOMETRY
100
AcDbLine
 10
200.18981852537786
 20
91.99999999999997
 30
0.0
 11
200.14980577054013
 21
91.99999999999997
 31
0.0
  0
LINE
  5
337
330
17
100
AcDbEntity
  8
GEOMETRY
100
AcDbLine
 10
200.14980577054013
 20
91.99999999999997
 30
0.0
 11
200.10979301570237
 21
91.99999999999997
 31
0.0
  0
LINE
  5
338
330
17
100
AcDbEntity
  8
GEOMETRY
100
AcDbLine
 10
200.10979301570237
 20
91.99999999999997
 30
0.0
 11
200.06978026086463
 21
91.99999999999997
 31
0.0
  0
LINE
  5
339
330
17
100
AcDbEntity
  8
GEOMETRY
100
AcDbLine
 10
200.06978026086463
 20
91.99999999999997
 30
0.0
 11
200.0272585265065
 21
91.99999999999997
 31
0.0
  0
LINE
  5
33A
330
17
100
AcDbEntity
  8
GEOMETRY
100
AcDbLine
 10
200.0272585265065
 20
91.99999999999997
 30
0.0
 11
199.98431862889498
 21
91.99999999999997
 31
0.0
  0
LINE
  5
33B
330
17
100
AcDbEntity
  8
GEOMETRY
100
AcDbLine
 10
199.98431862889498
 20
91.99999999999997
 30
0.0
 11
199.94137873128346
 21
91.99999999999997
 31
0.0
  0
LINE
  5
33C
330
17
100
AcDbEntity
  8
GEOMETRY
100
AcDbLine
 10
199.94137873128346
 20
91.99999999999997
 30
0.0
 11
199.89843883367192
 21
91.99999999999997
 31
0.0
  0
LINE
  5
33D
330
17
100
AcDbEntity
  8
GEOMETRY
100
AcDbLine
 10
199.89843883367192
 20
91.99999999999997
 30
0.0
 11
199.85481689358983
 21
91.99999999999997
 31
0.0
  0
LINE
  5
33E
330
17
100
AcDbEntity
  8
GEOMETRY
100
AcDbLine
 10
199.85481689358983
 20
91.99999999999997
 30
0.0
 11
199.80948984733126
 21
91.99999999999997
 31
0.0
  0
LINE
  5
33F
330
17
100
AcDbEntity
  8
GEOMETRY
100
AcDbLine
 10
199.80948984733126
 20
91.99999999999997
 30
0.0
 11
199.76416280107273
 21
91.99999999999997
 31
0.0
  0
LINE
  5
340
330
17
100
AcDbEntity
  8
GEOMETRY
100
AcDbLine
 10
199.76416280107273
 20
91.99999999999997
 30
0.0
 11
199.71883575481417
 21
91.99999999999997
 31
0.0
  0
LINE
  5
341
330
17
100
AcDbEntity
  8
GEOMETRY
100
AcDbLine
 10
199.71883575481417
 20
91.99999999999997
 30
0.0
 11
199.67350870855563
 21
91.99999999999997
 31
0.0
  0
LINE
  5
342
330
17
100
AcDbEntity
  8
GEOMETRY
100
AcDbLine
 10
199.67350870855563
 20
91.99999999999997
 30
0.0
 11
199.6268837089107
 21
91.99999999999997
 31
0.0
  0
LINE
  5
343
330
17
100
AcDbEntity
  8
GEOMETRY
100
AcDbLine
 10
199.6268837089107
 20
91.99999999999997
 30
0.0
 11
199.5797395279112
 21
91.99999999999997
 31
0.0
  0
LINE
  5
344
330
17
100
AcDbEntity
  8
GEOMETRY
100
AcDbLine
 10
199.5797395279112
 20
91.99999999999997
 30
0.0
 11
199.5325953469117
 21
91.99999999999997
 31
0.0
  0
LINE
  5
345
330
17
100
AcDbEntity
  8
GEOMETRY
100
AcDbLine
 10
199.5325953469117
 20
91.99999999999997
 30
0.0
 11
199.4854511659122
 21
91.99999999999997
 31
0.0
  0
LINE
  5
346
330
17
100
AcDbEntity
  8
GEOMETRY
100
AcDbLine
 10
199.4854511659122
 20
91.99999999999997
 30
0.0
 11
199.4381320892968
 21
91.99999999999997
 31
0.0
  0
LINE
  5
347
330
17
100
AcDbEntity
  8
GEOMETRY
100
AcDbLine
 10
199.4381320892968
 20
91.99999999999997
 30
0.0
 11
199.38976363898612
 21
91.99999999999997
 31
0.0
  0
LINE
  5
348
330
17
100
AcDbEntity
  8
GEOMETRY
100
AcDbLine
 10
199.38976363898612
 20
91.99999999999997
 30
0.0
 11
199.34139518867545
 21
91.99999999999997
 31
0.0
  0
LINE
  5
349
330
17
100
AcDbEntity
  8
GEOMETRY
100
AcDbLine
 10
199.34139518867545
 20
91.99999999999997
 30
0.0
 11
199.29302673836474
 21
91.99999999999997
 31
0.0
  0
LINE
  5
34A
330
17
100
AcDbEntity
  8
GEOMETRY
100
AcDbLine
 10
199.29302673836474
 20
91.99999999999997
 30
0.0
 11
199.24465828805404
 21
91.99999999999997
 31
0.0
  0
LINE
  5
34B
330
17
100
AcDbEntity
  8
GEOMETRY
100
AcDbLine
 10
199.24465828805404
 20
91.99999999999997
 30
0.0
 11
199.19593783318078
 21
91.99999999999997
 31
0.0
  0
LINE
  5
34C
330
17
100
AcDbEntity
  8
GEOMETRY
100
AcDbLine
 10
199.19593783318078
 20
91.99999999999997
 30
0.0
 11
199.14695337488558
 21
91.99999999999997
 31
0.0
  0
LINE
  5
34D
330
17
100
AcDbEntity
  8
GEOMETRY
100
AcDbLine
 10
199.14695337488558
 20
91.99999999999997
 30
0.0
 11
199.0979689165904
 21
91.99999999999997
 31
0.0
  0
LINE
  5
34E
330
17
100
AcDbEntity
  8
GEOMETRY
100
AcDbLine
 10
199.0979689165904
 20
91.99999999999997
 30
0.0
 11
199.0489844582952
 21
91.99999999999997
 31
0.0
  0
LINE
  5
34F
330
17
100
AcDbEntity
  8
GEOMETRY
100
AcDbLine
 10
199.0489844582952
 20
91.99999999999997
 30
0.0
 11
199.0
 21
91.99999999999997
 31
0.0
  0
LINE
  5
350
330
17
100
AcDbEntity
  8
GEOMETRY
100
AcDbLine
 10
199.0
 20
91.99999999999997
 30
0.0
 11
128.0
 21
91.99999999999997
 31
0.0
  0
LINE
  5
351
330
17
100
AcDbEntity
  8
GEOMETRY
100
AcDbLine
 10
128.0
 20
91.99999999999997
 30
0.0
 11
127.9510155417048
 21
91.99999999999997
 31
0.0
  0
LINE
  5
352
330
17
100
AcDbEntity
  8
GEOMETRY
100
AcDbLine
 10
127.9510155417048
 20
91.99999999999997
 30
0.0
 11
127.9020310834096
 21
91.99999999999997
 31
0.0
  0
LINE
  5
353
330
17
100
AcDbEntity
  8
GEOMETRY
100
AcDbLine
 10
127.9020310834096
 20
91.99999999999997
 30
0.0
 11
127.8530466251144
 21
91.99999999999997
 31
0.0
  0
LINE
  5
354
330
17
100
AcDbEntity
  8
GEOMETRY
100
AcDbLine
 10
127.8530466251144
 20
91.99999999999997
 30
0.0
 11
127.8040621668192
 21
91.99999999999997
 31
0.0
  0
LINE
  5
355
330
17
100
AcDbEntity
  8
GEOMETRY
100
AcDbLine
 10
127.8040621668192
 20
91.99999999999997
 30
0.0
 11
127.75534171194593
 21
91.99999999999997
 31
0.0
  0
LINE
  5
356
330
17
100
AcDbEntity
  8
GEOMETRY
100
AcDbLine
 10
127.75534171194593
 20
91.99999999999997
 30
0.0
 11
127.70697326163524
 21
91.99999999999997
 31
0.0
  0
LINE
  5
357
330
17
100
AcDbEntity
  8
GEOMETRY
100
AcDbLine
 10
127.70697326163524
 20
91.99999999999997
 30
0.0
 11
127.65860481132455
 21
91.99999999999997
 31
0.0
  0
LINE
  5
358
330
17
100
AcDbEntity
  8
GEOMETRY
100
AcDbLine
 10
127.65860481132455
 20
91.99999999999997
 30
0.0
 11
127.61023636101386
 21
91.99999999999997
 31
0.0
  0
LINE
  5
359
330
17
100
AcDbEntity
  8
GEOMETRY
100
AcDbLine
 10
127.61023636101386
 20
91.99999999999997
 30
0.0
 11
127.56186791070317
 21
91.99999999999997
 31
0.0
  0
LINE
  5
35A
330
17
100
AcDbEntity
  8
GEOMETRY
100
AcDbLine
 10
127.56186791070317
 20
91.99999999999997
 30
0.0
 11
127.51454883408779
 21
91.99999999999997
 31
0.0
  0
LINE
  5
35B
330
17
100
AcDbEntity
  8
GEOMETRY
100
AcDbLine
 10
127.51454883408779
 20
91.99999999999997
 30
0.0
 11
127.4674046530883
 21
91.99999999999997
 31
0.0
  0
LINE
  5
35C
330
17
100
AcDbEntity
  8
GEOMETRY
100
AcDbLine
 10
127.4674046530883
 20
91.99999999999997
 30
0.0
 11
127.42026047208878
 21
91.99999999999997
 31
0.0
  0
LINE
  5
35D
330
17
100
AcDbEntity
  8
GEOMETRY
100
AcDbLine
 10
127.42026047208878
 20
91.99999999999997
 30
0.0
 11
127.3731162910893
 21
91.99999999999997
 31
0.0
  0
LINE
  5
35E
330
17
100
AcDbEntity
  8
GEOMETRY
100
AcDbLine
 10
127.3731162910893
 20
91.99999999999997
 30
0.0
 11
127.32649129144436
 21
91.99999999999997
 31
0.0
  0
LINE
  5
35F
330
17
100
AcDbEntity
  8
GEOMETRY
100
AcDbLine
 10
127.32649129144436
 20
91.99999999999997
 30
0.0
 11
127.2811642451858
 21
91.99999999999997
 31
0.0
  0
LINE
  5
360
330
17
100
AcDbEntity
  8
GEOMETRY
100
AcDbLine
 10
127.2811642451858
 20
91.99999999999997
 30
0.0
 11
127.23583719892726
 21
91.99999999999997
 31
0.0
  0
LINE
  5
361
330
17
100
AcDbEntity
  8
GEOMETRY
100
AcDbLine
 10
127.23583719892726
 20
91.99999999999997
 30
0.0
 11
127.19051015266871
 21
91.99999999999997
 31
0.0
  0
LINE
  5
362
330
17
100
AcDbEntity
  8
GEOMETRY
100
AcDbLine
 10
127.19051015266871
 20
91.99999999999997
 30
0.0
 11
127.14518310641017
 21
91.99999999999997
 31
0.0
  0
LINE
  5
363
330
17
100
AcDbEntity
  8
GEOMETRY
100
AcDbLine
 10
127.14518310641017
 20
91.99999999999997
 30
0.0
 11
127.10156116632805
 21
91.99999999999997
 31
0.0
  0
LINE
  5
364
330
17
100
AcDbEntity
  8
GEOMETRY
100
AcDbLine
 10
127.10156116632805
 20
91.99999999999997
 30
0.0
 11
127.05862126871654
 21
91.99999999999997
 31
0.0
  0
LINE
  5
365
330
17
100
AcDbEntity
  8
GEOMETRY
100
AcDbLine
 10
127.05862126871654
 20
91.99999999999997
 30
0.0
 11
127.015681371105
 21
91.99999999999997
 31
0.0
  0
LINE
  5
366
330
17
100
AcDbEntity
  8
GEOMETRY
100
AcDbLine
 10
127.015681371105
 20
91.99999999999997
 30
0.0
 11
126.97274147349347
 21
91.99999999999997
 31
0.0
  0
LINE
  5
367
330
17
100
AcDbEntity
  8
GEOMETRY
100
AcDbLine
 10
126.97274147349347
 20
91.99999999999997
 30
0.0
 11
126.93021973913534
 21
91.99999999999997
 31
0.0
  0
LINE
  5
368
330
17
100
AcDbEntity
  8
GEOMETRY
100
AcDbLine
 10
126.93021973913534
 20
91.99999999999997
 30
0.0
 11
126.8902069842976
 21
91.99999999999997
 31
0.0
  0
LINE
  5
369
330
17
100
AcDbEntity
  8
GEOMETRY
100
AcDbLine
 10
126.8902069842976
 20
91.99999999999997
 30
0.0
 11
126.85019422945987
 21
91.99999999999997
 31
0.0
  0
LINE
  5
36A
330
17
100
AcDbEntity
  8
GEOMETRY
100
AcDbLine
 10
126.85019422945987
 20
91.99999999999997
 30
0.0
 11
126.81018147462214
 21
91.99999999999997
 31
0.0
  0
LINE
  5
36B
330
17
100
AcDbEntity
  8
GEOMETRY
100
AcDbLine
 10
126.81018147462214
 20
91.99999999999997
 30
0.0
 11
126.77016871978441
 21
91.99999999999997
 31
0.0
  0
LINE
  5
36C
330
17
100
AcDbEntity
  8
GEOMETRY
100
AcDbLine
 10
126.77016871978441
 20
91.99999999999997
 30
0.0
 11
126.73211615145055
 21
91.99999999999997
 31
0.0
  0
LINE
  5
36D
330
17
100
AcDbEntity
  8
GEOMETRY
100
AcDbLine
 10
126.73211615145055
 20
91.99999999999997
 30
0.0
 11
126.69553372299464
 21
91.99999999999997
 31
0.0
  0
LINE
  5
36E
330
17
100
AcDbEntity
  8
GEOMETRY
100
AcDbLine
 10
126.69553372299464
 20
91.99999999999997
 30
0.0
 11
126.65895129453872
 21
91.99999999999997
 31
0.0
  0
LINE
  5
36F
330
17
100
AcDbEntity
  8
GEOMETRY
100
AcDbLine
 10
126.65895129453872
 20
91.99999999999997
 30
0.0
 11
126.62236886608281
 21
91.99999999999997
 31
0.0
  0
LINE
  5
370
330
17
100
AcDbEntity
  8
GEOMETRY
100
AcDbLine
 10
126.62236886608281
 20
91.99999999999997
 30
0.0
 11
126.5857864376269
 21
91.99999999999997
 31
0.0
  0
LINE
  5
371
330
17
100
AcDbEntity
  8
GEOMETRY
100
AcDbLine
 10
126.5857864376269
 20
91.99999999999997
 30
0.0
 11
126.55309438081625
 21
91.99999999999997
 31
0.0
  0
LINE
  5
372
330
17
100
AcDbEntity
  8
GEOMETRY
100
AcDbLine
 10
126.55309438081625
 20
91.99999999999997
 30
0.0
 11
126.52040232400559
 21
91.99999999999997
 31
0.0
  0
LINE
  5
373
330
17
100
AcDbEntity
  8
GEOMETRY
100
AcDbLine
 10
126.52040232400559
 20
91.99999999999997
 30
0.0
 11
126.48771026719494
 21
91.99999999999997
 31
0.0
  0
LINE
  5
374
330
17
100
AcDbEntity
  8
GEOMETRY
100
AcDbLine
 10
126.48771026719494
 20
91.99999999999997
 30
0.0
 11
126.45501821038428
 21
91.99999999999997
 31
0.0
  0
LINE
  5
375
330
17
100
AcDbEntity
  8
GEOMETRY
100
AcDbLine
 10
126.45501821038428
 20
91.99999999999997
 30
0.0
 11
126.42416965067137
 21
91.99999999999997
 31
0.0
  0
LINE
  5
376
330
17
100
AcDbEntity
  8
GEOMETRY
100
AcDbLine
 10
126.42416965067137
 20
91.99999999999997
 30
0.0
 11
126.39577908708875
 21
91.99999999999997
 31
0.0
  0
LINE
  5
377
330
17
100
AcDbEntity
  8
GEOMETRY
100
AcDbLine
 10
126.39577908708875
 20
91.99999999999997
 30
0.0
 11
126.36738852350615
 21
91.99999999999997
 31
0.0
  0
LINE
  5
378
330
17
100
AcDbEntity
  8
GEOMETRY
100
AcDbLine
 10
126.36738852350615
 20
91.99999999999997
 30
0.0
 11
126.33899795992355
 21
91.99999999999997
 31
0.0
  0
LINE
  5
379
330
17
100
AcDbEntity
  8
GEOMETRY
100
AcDbLine
 10
126.33899795992355
 20
91.99999999999997
 30
0.0
 11
126.31060739634093
 21
91.99999999999997
 31
0.0
  0
LINE
  5
37A
330
17
100
AcDbEntity
  8
GEOMETRY
100
AcDbLine
 10
126.31060739634093
 20
91.99999999999997
 30
0.0
 11
126.28620985079061
 21
91.99999999999997
 31
0.0
  0
LINE
  5
37B
330
17
100
AcDbEntity
  8
GEOMETRY
100
AcDbLine
 10
126.28620985079061
 20
91.99999999999997
 30
0.0
 11
126.26247780824568
 21
91.99999999999997
 31
0.0
  0
LINE
  5
37C
330
17
100
AcDbEntity
  8
GEOMETRY
100
AcDbLine
 10
126.26247780824568
 20
91.99999999999997
 30
0.0
 11
126.23874576570074
 21
91.99999999999997
 31
0.0
  0
LINE
  5
37D
330
17
100
AcDbEntity
  8
GEOMETRY
100
AcDbLine
 10
126.23874576570074
 20
91.99999999999997
 30
0.0
 11
126.2150137231558
 21
91.99999999999997
 31
0.0
  0
LINE
  5
37E
330
17
100
AcDbEntity
  8
GEOMETRY
100
AcDbLine
 10
126.2150137231558
 20
91.99999999999997
 30
0.0
 11
126.1926979563944
 21
91.99999999999997
 31
0.0
  0
LINE
  5
37F
330
17
100
AcDbEntity
  8
GEOMETRY
100
AcDbLine
 10
126.1926979563944
 20
91.99999999999997
 30
0.0
 11
126.17392287909179
 21
91.99999999999997
 31
0.0
  0
LINE
  5
380
330
17
100
AcDbEntity
  8
GEOMETRY
100
AcDbLine
 10
126.17392287909179
 20
91.99999999999997
 30
0.0
 11
126.15514780178918
 21
91.99999999999997
 31
0.0
  0
LINE
  5
381
330
17
100
AcDbEntity
  8
GEOMETRY
100
AcDbLine
 10
126.15514780178918
 20
91.99999999999997
 30
0.0
 11
126.13637272448659
 21
91.99999999999997
 31
0.0
  0
LINE
  5
382
330
17
100
AcDbEntity
  8
GEOMETRY
100
AcDbLine
 10
126.13637272448659
 20
91.99999999999997
 30
0.0
 11
126.11759764718398
 21
91.99999999999997
 31
0.0
  0
LINE
  5
383
330
17
100
AcDbEntity
  8
GEOMETRY
100
AcDbLine
 10
126.11759764718398
 20
91.99999999999997
 30
0.0
 11
126.10253190754779
 21
91.99999999999997
 31
0.0
  0
LINE
  5
384
330
17
100
AcDbEntity
  8
GEOMETRY
100
AcDbLine
 10
126.10253190754779
 20
91.99999999999997
 30
0.0
 11
126.08894990297814
 21
91.99999999999997
 31
0.0
  0
LINE
  5
385
330
17
100
AcDbEntity
  8
GEOMETRY
100
AcDbLine
 10
126.08894990297814
 20
91.99999999999997
 30
0.0
 11
126.0753678984085
 21
91.99999999999997
 31
0.0
  0
LINE
  5
386
330
17
100
AcDbEntity
  8
GEOMETRY
100
AcDbLine
 10
126.0753678984085
 20
91.99999999999997
 30
0.0
 11
126.06178589383887
 21
91.99999999999997
 31
0.0
  0
LINE
  5
387
330
17
100
AcDbEntity
  8
GEOMETRY
100
AcDbLine
 10
126.06178589383887
 20
91.99999999999997
 30
0.0
 11
126.04897015702937
 21
91.99999999999997
 31
0.0
  0
LINE
  5
388
330
17
100
AcDbEntity
  8
GEOMETRY
100
AcDbLine
 10
126.04897015702937
 20
91.99999999999997
 30
0.0
 11
126.04075202678061
 21
91.99999999999997
 31
0.0
  0
LINE
  5
389
330
17
100
AcDbEntity
  8
GEOMETRY
100
AcDbLine
 10
126.04075202678061
 20
91.99999999999997
 30
0.0
 11
126.03253389653187
 21
91.99999999999997
 31
0.0
  0
LINE
  5
38A
330
17
100
AcDbEntity
  8
GEOMETRY
100
AcDbLine
 10
126.03253389653187
 20
91.99999999999997
 30
0.0
 11
126.02431576628312
 21
91.99999999999997
 31
0.0
  0
LINE
  5
38B
330
17
100
AcDbEntity
  8
GEOMETRY
100
AcDbLine
 10
126.02431576628312
 20
91.99999999999997
 30
0.0
 11
126.01609763603437
 21
91.99999999999997
 31
0.0
  0
LINE
  5
38C
330
17
100
AcDbEntity
  8
GEOMETRY
100
AcDbLine
 10
126.01609763603437
 20
91.99999999999997
 30
0.0
 11
126.0110036326868
 21
91.99999999999997
 31
0.0
  0
LINE
  5
38D
330
17
100
AcDbEntity
  8
GEOMETRY
100
AcDbLine
 10
126.0110036326868
 20
91.99999999999997
 30
0.0
 11
126.00825272451509
 21
91.99999999999997
 31
0.0
  0
LINE
  5
38E
330
17
100
AcDbEntity
  8
GEOMETRY
100
AcDbLine
 10
126.00825272451509
 20
91.99999999999997
 30
0.0
 11
126.00550181634338
 21
91.99999999999997
 31
0.0
  0
LINE
  5
38F
330
17
100
AcDbEntity
  8
GEOMETRY
100
AcDbLine
 10
126.00550181634338
 20
91.99999999999997
 30
0.0
 11
126.00275090817168
 21
91.99999999999997
 31
0.0
  0
LINE
  5
390
330
17
100
AcDbEntity
  8
GEOMETRY
100
AcDbLine
 10
126.00275090817168
 20
91.99999999999997
 30
0.0
 11
125.99999999999997
 21
91.99999999999997
 31
0.0
  0
LINE
  5
391
330
17
100
AcDbEntity
  8
GEOMETRY
100
AcDbLine
 10
201.0
 20
89.99999999999997
 30
0.0
 11
201.0
 21
90.04898445829517
 31
0.0
  0
LINE
  5
392
330
17
100
AcDbEntity
  8
GEOMETRY
100
AcDbLine
 10
201.0
 20
90.04898445829517
 30
0.0
 11
201.0
 21
90.09796891659036
 31
0.0
  0
LINE
  5
393
330
17
100
AcDbEntity
  8
GEOMETRY
100
AcDbLine
 10
201.0
 20
90.09796891659036
 30
0.0
 11
201.0
 21
90.14695337488556
 31
0.0
  0
LINE
  5
394
330
17
100
AcDbEntity
  8
GEOMETRY
100
AcDbLine
 10
201.0
 20
90.14695337488556
 30
0.0
 11
201.0
 21
90.19593783318076
 31
0.0
  0
LINE
  5
395
330
17
100
AcDbEntity
  8
GEOMETRY
100
AcDbLine
 10
201.0
 20
90.19593783318076
 30
0.0
 11
201.0
 21
90.24465828805403
 31
0.0
  0
LINE
  5
396
330
17
100
AcDbEntity
  8
GEOMETRY
100
AcDbLine
 10
201.0
 20
90.24465828805403
 30
0.0
 11
201.0
 21
90.29302673836472
 31
0.0
  0
LINE
  5
397
330
17
100
AcDbEntity
  8
GEOMETRY
100
AcDbLine
 10
201.0
 20
90.29302673836472
 30
0.0
 11
201.0
 21
90.3413951886754
 31
0.0
  0
LINE
  5
398
330
17
100
AcDbEntity
  8
GEOMETRY
100
AcDbLine
 10
201.0
 20
90.3413951886754
 30
0.0
 11
201.0
 21
90.3897636389861
 31
0.0
  0
LINE
  5
399
330
17
100
AcDbEntity
  8
GEOMETRY
100
AcDbLine
 10
201.0
 20
90.3897636389861
 30
0.0
 11
201.0
 21
90.43813208929679
 31
0.0
  0
LINE
  5
39A
330
17
100
AcDbEntity
  8
GEOMETRY
100
AcDbLine
 10
201.0
 20
90.43813208929679
 30
0.0
 11
201.0
 21
90.48545116591217
 31
0.0
  0
LINE
  5
39B
330
17
100
AcDbEntity
  8
GEOMETRY
100
AcDbLine
 10
201.0
 20
90.48545116591217
 30
0.0
 11
201.0
 21
90.53259534691166
 31
0.0
  0
LINE
  5
39C
330
17
100
AcDbEntity
  8
GEOMETRY
100
AcDbLine
 10
201.0
 20
90.53259534691166
 30
0.0
 11
201.0
 21
90.57973952791116
 31
0.0
  0
LINE
  5
39D
330
17
100
AcDbEntity
  8
GEOMETRY
100
AcDbLine
 10
201.0
 20
90.57973952791116
 30
0.0
 11
201.0
 21
90.62688370891067
 31
0.0
  0
LINE
  5
39E
330
17
100
AcDbEntity
  8
GEOMETRY
100
AcDbLine
 10
201.0
 20
90.62688370891067
 30
0.0
 11
201.0
 21
90.6735087085556
 31
0.0
  0
LINE
  5
39F
330
17
100
AcDbEntity
  8
GEOMETRY
100
AcDbLine
 10
201.0
 20
90.6735087085556
 30
0.0
 11
201.0
 21
90.71883575481415
 31
0.0
  0
LINE
  5
3A0
330
17
100
AcDbEntity
  8
GEOMETRY
100
AcDbLine
 10
201.0
 20
90.71883575481415
 30
0.0
 11
201.0
 21
90.7641628010727
 31
0.0
  0
LINE
  5
3A1
330
17
100
AcDbEntity
  8
GEOMETRY
100
AcDbLine
 10
201.0
 20
90.7641628010727
 30
0.0
 11
201.0
 21
90.80948984733125
 31
0.0
  0
LINE
  5
3A2
330
17
100
AcDbEntity
  8
GEOMETRY
100
AcDbLine
 10
201.0
 20
90.80948984733125
 30
0.0
 11
201.0
 21
90.85481689358978
 31
0.0
  0
LINE
  5
3A3
330
17
100
AcDbEntity
  8
GEOMETRY
100
AcDbLine
 10
201.0
 20
90.85481689358978
 30
0.0
 11
201.0
 21
90.89843883367189
 31
0.0
  0
LINE
  5
3A4
330
17
100
AcDbEntity
  8
GEOMETRY
100
AcDbLine
 10
201.0
 20
90.89843883367189
 30
0.0
 11
201.0
 21
90.94137873128342
 31
0.0
  0
LINE
  5
3A5
330
17
100
AcDbEntity
  8
GEOMETRY
100
AcDbLine
 10
201.0
 20
90.94137873128342
 30
0.0
 11
201.0
 21
90.98431862889495
 31
0.0
  0
LINE
  5
3A6
330
17
100
AcDbEntity
  8
GEOMETRY
100
AcDbLine
 10
201.0
 20
90.98431862889495
 30
0.0
 11
201.0
 21
91.02725852650647
 31
0.0
  0
LINE
  5
3A7
330
17
100
AcDbEntity
  8
GEOMETRY
100
AcDbLine
 10
201.0
 20
91.02725852650647
 30
0.0
 11
201.0
 21
91.0697802608646
 31
0.0
  0
LINE
  5
3A8
330
17
100
AcDbEntity
  8
GEOMETRY
100
AcDbLine
 10
201.0
 20
91.0697802608646
 30
0.0
 11
201.0
 21
91.10979301570234
 31
0.0
  0
LINE
  5
3A9
330
17
100
AcDbEntity
  8
GEOMETRY
100
AcDbLine
 10
201.0
 20
91.10979301570234
 30
0.0
 11
201.0
 21
91.14980577054008
 31
0.0
  0
LINE
  5
3AA
330
17
100
AcDbEntity
  8
GEOMETRY
100
AcDbLine
 10
201.0
 20
91.14980577054008
 30
0.0
 11
201.0
 21
91.18981852537782
 31
0.0
  0
LINE
  5
3AB
330
17
100
AcDbEntity
  8
GEOMETRY
100
AcDbLine
 10
201.0
 20
91.18981852537782
 30
0.0
 11
201.0
 21
91.22983128021555
 31
0.0
  0
LINE
  5
3AC
330
17
100
AcDbEntity
  8
GEOMETRY
100
AcDbLine
 10
201.0
 20
91.22983128021555
 30
0.0
 11
201.0
 21
91.26788384854939
 31
0.0
  0
LINE
  5
3AD
330
17
100
AcDbEntity
  8
GEOMETRY
100
AcDbLine
 10
201.0
 20
91.26788384854939
 30
0.0
 11
201.0
 21
91.3044662770053
 31
0.0
  0
LINE
  5
3AE
330
17
100
AcDbEntity
  8
GEOMETRY
100
AcDbLine
 10
201.0
 20
91.3044662770053
 30
0.0
 11
201.0
 21
91.34104870546123
 31
0.0
  0
LINE
  5
3AF
330
17
100
AcDbEntity
  8
GEOMETRY
100
AcDbLine
 10
201.0
 20
91.34104870546123
 30
0.0
 11
201.0
 21
91.37763113391715
 31
0.0
  0
LINE
  5
3B0
330
17
100
AcDbEntity
  8
GEOMETRY
100
AcDbLine
 10
201.0
 20
91.37763113391715
 30
0.0
 11
201.0
 21
91.41421356237306
 31
0.0
  0
LINE
  5
3B1
330
17
100
AcDbEntity
  8
GEOMETRY
100
AcDbLine
 10
201.0
 20
91.41421356237306
 30
0.0
 11
201.0
 21
91.44690561918371
 31
0.0
  0
LINE
  5
3B2
330
17
100
AcDbEntity
  8
GEOMETRY
100
AcDbLine
 10
201.0
 20
91.44690561918371
 30
0.0
 11
201.0
 21
91.47959767599437
 31
0.0
  0
LINE
  5
3B3
330
17
100
AcDbEntity
  8
GEOMETRY
100
AcDbLine
 10
201.0
 20
91.47959767599437
 30
0.0
 11
201.0
 21
91.51228973280502
 31
0.0
  0
LINE
  5
3B4
330
17
100
AcDbEntity
  8
GEOMETRY
100
AcDbLine
 10
201.0
 20
91.51228973280502
 30
0.0
 11
201.0
 21
91.54498178961566
 31
0.0
  0
LINE
  5
3B5
330
17
100
AcDbEntity
  8
GEOMETRY
100
AcDbLine
 10
201.0
 20
91.54498178961566
 30
0.0
 11
201.0
 21
91.57583034932858
 31
0.0
  0
LINE
  5
3B6
330
17
100
AcDbEntity
  8
GEOMETRY
100
AcDbLine
 10
201.0
 20
91.57583034932858
 30
0.0
 11
201.0
 21
91.60422091291119
 31
0.0
  0
LINE
  5
3B7
330
17
100
AcDbEntity
  8
GEOMETRY
100
AcDbLine
 10
201.0
 20
91.60422091291119
 30
0.0
 11
201.0
 21
91.6326114764938
 31
0.0
  0
LINE
  5
3B8
330
17
100
AcDbEntity
  8
GEOMETRY
100
AcDbLine
 10
201.0
 20
91.6326114764938
 30
0.0
 11
201.0
 21
91.66100204007641
 31
0.0
  0
LINE
  5
3B9
330
17
100
AcDbEntity
  8
GEOMETRY
100
AcDbLine
 10
201.0
 20
91.66100204007641
 30
0.0
 11
201.0
 21
91.68939260365903
 31
0.0
  0
LINE
  5
3BA
330
17
100
AcDbEntity
  8
GEOMETRY
100
AcDbLine
 10
201.0
 20
91.68939260365903
 30
0.0
 11
201.0
 21
91.71379014920934
 31
0.0
  0
LINE
  5
3BB
330
17
100
AcDbEntity
  8
GEOMETRY
100
AcDbLine
 10
201.0
 20
91.71379014920934
 30
0.0
 11
201.0
 21
91.73752219175428
 31
0.0
  0
LINE
  5
3BC
330
17
100
AcDbEntity
  8
GEOMETRY
100
AcDbLine
 10
201.0
 20
91.73752219175428
 30
0.0
 11
201.0
 21
91.7612542342992
 31
0.0
  0
LINE
  5
3BD
330
17
100
AcDbEntity
  8
GEOMETRY
100
AcDbLine
 10
201.0
 20
91.7612542342992
 30
0.0
 11
201.0
 21
91.78498627684414
 31
0.0
  0
LINE
  5
3BE
330
17
100
AcDbEntity
  8
GEOMETRY
100
AcDbLine
 10
201.0
 20
91.78498627684414
 30
0.0
 11
201.0
 21
91.80730204360555
 31
0.0
  0
LINE
  5
3BF
330
17
100
AcDbEntity
  8
GEOMETRY
100
AcDbLine
 10
201.0
 20
91.80730204360555
 30
0.0
 11
201.0
 21
91.82607712090815
 31
0.0
  0
LINE
  5
3C0
330
17
100
AcDbEntity
  8
GEOMETRY
100
AcDbLine
 10
201.0
 20
91.82607712090815
 30
0.0
 11
201.0
 21
91.84485219821076
 31
0.0
  0
LINE
  5
3C1
330
17
100
AcDbEntity
  8
GEOMETRY
100
AcDbLine
 10
201.0
 20
91.84485219821076
 30
0.0
 11
201.0
 21
91.86362727551337
 31
0.0
  0
LINE
  5
3C2
330
17
100
AcDbEntity
  8
GEOMETRY
100
AcDbLine
 10
201.0
 20
91.86362727551337
 30
0.0
 11
201.0
 21
91.88240235281596
 31
0.0
  0
LINE
  5
3C3
330
17
100
AcDbEntity
  8
GEOMETRY
100
AcDbLine
 10
201.0
 20
91.88240235281596
 30
0.0
 11
201.0
 21
91.89746809245216
 31
0.0
  0
LINE
  5
3C4
330
17
100
AcDbEntity
  8
GEOMETRY
100
AcDbLine
 10
201.0
 20
91.89746809245216
 30
0.0
 11
201.0
 21
91.9110500970218
 31
0.0
  0
LINE
  5
3C5
330
17
100
AcDbEntity
  8
GEOMETRY
100
AcDbLine
 10
201.0
 20
91.9110500970218
 30
0.0
 11
201.0
 21
91.92463210159144
 31
0.0
  0
LINE
  5
3C6
330
17
100
AcDbEntity
  8
GEOMETRY
100
AcDbLine
 10
201.0
 20
91.92463210159144
 30
0.0
 11
201.0
 21
91.93821410616107
 31
0.0
  0
LINE
  5
3C7
330
17
100
AcDbEntity
  8
GEOMETRY
100
AcDbLine
 10
201.0
 20
91.93821410616107
 30
0.0
 11
201.0
 21
91.95102984297058
 31
0.0
  0
LINE
  5
3C8
330
17
100
AcDbEntity
  8
GEOMETRY
100
AcDbLine
 10
201.0
 20
91.95102984297058
 30
0.0
 11
201.0
 21
91.95924797321933
 31
0.0
  0
LINE
  5
3C9
330
17
100
AcDbEntity
  8
GEOMETRY
100
AcDbLine
 10
201.0
 20
91.95924797321933
 30
0.0
 11
201.0
 21
91.96746610346807
 31
0.0
  0
LINE
  5
3CA
330
17
100
AcDbEntity
  8
GEOMETRY
100
AcDbLine
 10
201.0
 20
91.96746610346807
 30
0.0
 11
201.0
 21
91.97568423371682
 31
0.0
  0
LINE
  5
3CB
330
17
100
AcDbEntity
  8
GEOMETRY
100
AcDbLine
 10
201.0
 20
91.97568423371682
 30
0.0
 11
201.0
 21
91.98390236396557
 31
0.0
  0
LINE
  5
3CC
330
17
100
AcDbEntity
  8
GEOMETRY
100
AcDbLine
 10
201.0
 20
91.98390236396557
 30
0.0
 11
201.0
 21
91.98899636731315
 31
0.0
  0
LINE
  5
3CD
330
17
100
AcDbEntity
  8
GEOMETRY
100
AcDbLine
 10
201.0
 20
91.98899636731315
 30
0.0
 11
201.0
 21
91.99174727548485
 31
0.0
  0
LINE
  5
3CE
330
17
100
AcDbEntity
  8
GEOMETRY
100
AcDbLine
 10
201.0
 20
91.99174727548485
 30
0.0
 11
201.0
 21
91.99449818365656
 31
0.0
  0
LINE
  5
3CF
330
17
100
AcDbEntity
  8
GEOMETRY
100
AcDbLine
 10
201.0
 20
91.99449818365656
 30
0.0
 11
201.0
 21
91.99724909182827
 31
0.0
  0
LINE
  5
3D0
330
17
100
AcDbEntity
  8
GEOMETRY
100
AcDbLine
 10
201.0
 20
91.99724909182827
 30
0.0
 11
201.0
 21
91.99999999999997
 31
0.0
  0
LINE
  5
3D1
330
17
100
AcDbEntity
  8
GEOMETRY
100
AcDbLine
 10
126.0
 20
89.99999999999997
 30
0.0
 11
126.0
 21
90.04898445829517
 31
0.0
  0
LINE
  5
3D2
330
17
100
AcDbEntity
  8
GEOMETRY
100
AcDbLine
 10
126.0
 20
90.04898445829517
 30
0.0
 11
126.0
 21
90.09796891659036
 31
0.0
  0
LINE
  5
3D3
330
17
100
AcDbEntity
  8
GEOMETRY
100
AcDbLine
 10
126.0
 20
90.09796891659036
 30
0.0
 11
126.0
 21
90.14695337488556
 31
0.0
  0
LINE
  5
3D4
330
17
100
AcDbEntity
  8
GEOMETRY
100
AcDbLine
 10
126.0
 20
90.14695337488556
 30
0.0
 11
126.0
 21
90.19593783318076
 31
0.0
  0
LINE
  5
3D5
330
17
100
AcDbEntity
  8
GEOMETRY
100
AcDbLine
 10
126.0
 20
90.19593783318076
 30
0.0
 11
126.0
 21
90.24465828805403
 31
0.0
  0
LINE
  5
3D6
330
17
100
AcDbEntity
  8
GEOMETRY
100
AcDbLine
 10
126.0
 20
90.24465828805403
 30
0.0
 11
126.0
 21
90.29302673836472
 31
0.0
  0
LINE
  5
3D7
330
17
100
AcDbEntity
  8
GEOMETRY
100
AcDbLine
 10
126.0
 20
90.29302673836472
 30
0.0
 11
126.0
 21
90.3413951886754
 31
0.0
  0
LINE
  5
3D8
330
17
100
AcDbEntity
  8
GEOMETRY
100
AcDbLine
 10
126.0
 20
90.3413951886754
 30
0.0
 11
126.0
 21
90.3897636389861
 31
0.0
  0
LINE
  5
3D9
330
17
100
AcDbEntity
  8
GEOMETRY
100
AcDbLine
 10
126.0
 20
90.3897636389861
 30
0.0
 11
126.0
 21
90.43813208929679
 31
0.0
  0
LINE
  5
3DA
330
17
100
AcDbEntity
  8
GEOMETRY
100
AcDbLine
 10
126.0
 20
90.43813208929679
 30
0.0
 11
126.0
 21
90.48545116591217
 31
0.0
  0
LINE
  5
3DB
330
17
100
AcDbEntity
  8
GEOMETRY
100
AcDbLine
 10
126.0
 20
90.48545116591217
 30
0.0
 11
126.0
 21
90.53259534691166
 31
0.0
  0
LINE
  5
3DC
330
17
100
AcDbEntity
  8
GEOMETRY
100
AcDbLine
 10
126.0
 20
90.53259534691166
 30
0.0
 11
126.0
 21
90.57973952791116
 31
0.0
  0
LINE
  5
3DD
330
17
100
AcDbEntity
  8
GEOMETRY
100
AcDbLine
 10
126.0
 20
90.57973952791116
 30
0.0
 11
126.0
 21
90.62688370891067
 31
0.0
  0
LINE
  5
3DE
330
17
100
AcDbEntity
  8
GEOMETRY
100
AcDbLine
 10
126.0
 20
90.62688370891067
 30
0.0
 11
126.0
 21
90.6735087085556
 31
0.0
  0
LINE
  5
3DF
330
17
100
AcDbEntity
  8
GEOMETRY
100
AcDbLine
 10
126.0
 20
90.6735087085556
 30
0.0
 11
126.0
 21
90.71883575481415
 31
0.0
  0
LINE
  5
3E0
330
17
100
AcDbEntity
  8
GEOMETRY
100
AcDbLine
 10
126.0
 20
90.71883575481415
 30
0.0
 11
126.0
 21
90.7641628010727
 31
0.0
  0
LINE
  5
3E1
330
17
100
AcDbEntity
  8
GEOMETRY
100
AcDbLine
 10
126.0
 20
90.7641628010727
 30
0.0
 11
126.0
 21
90.80948984733125
 31
0.0
  0
LINE
  5
3E2
330
17
100
AcDbEntity
  8
GEOMETRY
100
AcDbLine
 10
126.0
 20
90.80948984733125
 30
0.0
 11
126.0
 21
90.85481689358978
 31
0.0
  0
LINE
  5
3E3
330
17
100
AcDbEntity
  8
GEOMETRY
100
AcDbLine
 10
126.0
 20
90.85481689358978
 30
0.0
 11
126.0
 21
90.89843883367189
 31
0.0
  0
LINE
  5
3E4
330
17
100
AcDbEntity
  8
GEOMETRY
100
AcDbLine
 10
126.0
 20
90.89843883367189
 30
0.0
 11
126.0
 21
90.94137873128342
 31
0.0
  0
LINE
  5
3E5
330
17
100
AcDbEntity
  8
GEOMETRY
100
AcDbLine
 10
126.0
 20
90.94137873128342
 30
0.0
 11
126.0
 21
90.98431862889495
 31
0.0
  0
LINE
  5
3E6
330
17
100
AcDbEntity
  8
GEOMETRY
100
AcDbLine
 10
126.0
 20
90.98431862889495
 30
0.0
 11
126.0
 21
91.02725852650647
 31
0.0
  0
LINE
  5
3E7
330
17
100
AcDbEntity
  8
GEOMETRY
100
AcDbLine
 10
126.0
 20
91.02725852650647
 30
0.0
 11
126.0
 21
91.0697802608646
 31
0.0
  0
LINE
  5
3E8
330
17
100
AcDbEntity
  8
GEOMETRY
100
AcDbLine
 10
126.0
 20
91.0697802608646
 30
0.0
 11
126.0
 21
91.10979301570234
 31
0.0
  0
LINE
  5
3E9
330
17
100
AcDbEntity
  8
GEOMETRY
100
AcDbLine
 10
126.0
 20
91.10979301570234
 30
0.0
 11
126.0
 21
91.14980577054008
 31
0.0
  0
LINE
  5
3EA
330
17
100
AcDbEntity
  8
GEOMETRY
100
AcDbLine
 10
126.0
 20
91.14980577054008
 30
0.0
 11
126.0
 21
91.18981852537782
 31
0.0
  0
LINE
  5
3EB
330
17
100
AcDbEntity
  8
GEOMETRY
100
AcDbLine
 10
126.0
 20
91.18981852537782
 30
0.0
 11
126.0
 21
91.22983128021555
 31
0.0
  0
LINE
  5
3EC
330
17
100
AcDbEntity
  8
GEOMETRY
100
AcDbLine
 10
126.0
 20
91.22983128021555
 30
0.0
 11
126.0
 21
91.26788384854939
 31
0.0
  0
LINE
  5
3ED
330
17
100
AcDbEntity
  8
GEOMETRY
100
AcDbLine
 10
126.0
 20
91.26788384854939
 30
0.0
 11
126.0
 21
91.3044662770053
 31
0.0
  0
LINE
  5
3EE
330
17
100
AcDbEntity
  8
GEOMETRY
100
AcDbLine
 10
126.0
 20
91.3044662770053
 30
0.0
 11
126.0
 21
91.34104870546123
 31
0.0
  0
LINE
  5
3EF
330
17
100
AcDbEntity
  8
GEOMETRY
100
AcDbLine
 10
126.0
 20
91.34104870546123
 30
0.0
 11
126.0
 21
91.37763113391715
 31
0.0
  0
LINE
  5
3F0
330
17
100
AcDbEntity
  8
GEOMETRY
100
AcDbLine
 10
126.0
 20
91.37763113391715
 30
0.0
 11
126.0
 21
91.41421356237306
 31
0.0
  0
LINE
  5
3F1
330
17
100
AcDbEntity
  8
GEOMETRY
100
AcDbLine
 10
126.0
 20
91.41421356237306
 30
0.0
 11
126.0
 21
91.44690561918371
 31
0.0
  0
LINE
  5
3F2
330
17
100
AcDbEntity
  8
GEOMETRY
100
AcDbLine
 10
126.0
 20
91.44690561918371
 30
0.0
 11
126.0
 21
91.47959767599437
 31
0.0
  0
LINE
  5
3F3
330
17
100
AcDbEntity
  8
GEOMETRY
100
AcDbLine
 10
126.0
 20
91.47959767599437
 30
0.0
 11
126.0
 21
91.51228973280502
 31
0.0
  0
LINE
  5
3F4
330
17
100
AcDbEntity
  8
GEOMETRY
100
AcDbLine
 10
126.0
 20
91.51228973280502
 30
0.0
 11
126.0
 21
91.54498178961566
 31
0.0
  0
LINE
  5
3F5
330
17
100
AcDbEntity
  8
GEOMETRY
100
AcDbLine
 10
126.0
 20
91.54498178961566
 30
0.0
 11
126.0
 21
91.57583034932858
 31
0.0
  0
LINE
  5
3F6
330
17
100
AcDbEntity
  8
GEOMETRY
100
AcDbLine
 10
126.0
 20
91.57583034932858
 30
0.0
 11
126.0
 21
91.60422091291119
 31
0.0
  0
LINE
  5
3F7
330
17
100
AcDbEntity
  8
GEOMETRY
100
AcDbLine
 10
126.0
 20
91.60422091291119
 30
0.0
 11
126.0
 21
91.6326114764938
 31
0.0
  0
LINE
  5
3F8
330
17
100
AcDbEntity
  8
GEOMETRY
100
AcDbLine
 10
126.0
 20
91.6326114764938
 30
0.0
 11
126.0
 21
91.66100204007641
 31
0.0
  0
LINE
  5
3F9
330
17
100
AcDbEntity
  8
GEOMETRY
100
AcDbLine
 10
126.0
 20
91.66100204007641
 30
0.0
 11
126.0
 21
91.68939260365903
 31
0.0
  0
LINE
  5
3FA
330
17
100
AcDbEntity
  8
GEOMETRY
100
AcDbLine
 10
126.0
 20
91.68939260365903
 30
0.0
 11
126.0
 21
91.71379014920934
 31
0.0
  0
LINE
  5
3FB
330
17
100
AcDbEntity
  8
GEOMETRY
100
AcDbLine
 10
126.0
 20
91.71379014920934
 30
0.0
 11
126.0
 21
91.73752219175428
 31
0.0
  0
LINE
  5
3FC
330
17
100
AcDbEntity
  8
GEOMETRY
100
AcDbLine
 10
126.0
 20
91.73752219175428
 30
0.0
 11
126.0
 21
91.7612542342992
 31
0.0
  0
LINE
  5
3FD
330
17
100
AcDbEntity
  8
GEOMETRY
100
AcDbLine
 10
126.0
 20
91.7612542342992
 30
0.0
 11
126.0
 21
91.78498627684414
 31
0.0
  0
LINE
  5
3FE
330
17
100
AcDbEntity
  8
GEOMETRY
100
AcDbLine
 10
126.0
 20
91.78498627684414
 30
0.0
 11
126.0
 21
91.80730204360555
 31
0.0
  0
LINE
  5
3FF
330
17
100
AcDbEntity
  8
GEOMETRY
100
AcDbLine
 10
126.0
 20
91.80730204360555
 30
0.0
 11
126.0
 21
91.82607712090815
 31
0.0
  0
LINE
  5
400
330
17
100
AcDbEntity
  8
GEOMETRY
100
AcDbLine
 10
126.0
 20
91.82607712090815
 30
0.0
 11
126.0
 21
91.84485219821076
 31
0.0
  0
LINE
  5
401
330
17
100
AcDbEntity
  8
GEOMETRY
100
AcDbLine
 10
126.0
 20
91.84485219821076
 30
0.0
 11
126.0
 21
91.86362727551337
 31
0.0
  0
LINE
  5
402
330
17
100
AcDbEntity
  8
GEOMETRY
100
AcDbLine
 10
126.0
 20
91.86362727551337
 30
0.0
 11
126.0
 21
91.88240235281596
 31
0.0
  0
LINE
  5
403
330
17
100
AcDbEntity
  8
GEOMETRY
100
AcDbLine
 10
126.0
 20
91.88240235281596
 30
0.0
 11
126.0
 21
91.89746809245216
 31
0.0
  0
LINE
  5
404
330
17
100
AcDbEntity
  8
GEOMETRY
100
AcDbLine
 10
126.0
 20
91.89746809245216
 30
0.0
 11
126.0
 21
91.9110500970218
 31
0.0
  0
LINE
  5
405
330
17
100
AcDbEntity
  8
GEOMETRY
100
AcDbLine
 10
126.0
 20
91.9110500970218
 30
0.0
 11
126.0
 21
91.92463210159144
 31
0.0
  0
LINE
  5
406
330
17
100
AcDbEntity
  8
GEOMETRY
100
AcDbLine
 10
126.0
 20
91.92463210159144
 30
0.0
 11
126.0
 21
91.93821410616107
 31
0.0
  0
LINE
  5
407
330
17
100
AcDbEntity
  8
GEOMETRY
100
AcDbLine
 10
126.0
 20
91.93821410616107
 30
0.0
 11
126.0
 21
91.95102984297058
 31
0.0
  0
LINE
  5
408
330
17
100
AcDbEntity
  8
GEOMETRY
100
AcDbLine
 10
126.0
 20
91.95102984297058
 30
0.0
 11
126.0
 21
91.95924797321933
 31
0.0
  0
LINE
  5
409
330
17
100
AcDbEntity
  8
GEOMETRY
100
AcDbLine
 10
126.0
 20
91.95924797321933
 30
0.0
 11
126.0
 21
91.96746610346807
 31
0.0
  0
LINE
  5
40A
330
17
100
AcDbEntity
  8
GEOMETRY
100
AcDbLine
 10
126.0
 20
91.96746610346807
 30
0.0
 11
126.0
 21
91.97568423371682
 31
0.0
  0
LINE
  5
40B
330
17
100
AcDbEntity
  8
GEOMETRY
100
AcDbLine
 10
126.0
 20
91.97568423371682
 30
0.0
 11
126.0
 21
91.98390236396557
 31
0.0
  0
LINE
  5
40C
330
17
100
AcDbEntity
  8
GEOMETRY
100
AcDbLine
 10
126.0
 20
91.98390236396557
 30
0.0
 11
126.0
 21
91.98899636731315
 31
0.0
  0
LINE
  5
40D
330
17
100
AcDbEntity
  8
GEOMETRY
100
AcDbLine
 10
126.0
 20
91.98899636731315
 30
0.0
 11
126.0
 21
91.99174727548485
 31
0.0
  0
LINE
  5
40E
330
17
100
AcDbEntity
  8
GEOMETRY
100
AcDbLine
 10
126.0
 20
91.99174727548485
 30
0.0
 11
126.0
 21
91.99449818365656
 31
0.0
  0
LINE
  5
40F
330
17
100
AcDbEntity
  8
GEOMETRY
100
AcDbLine
 10
126.0
 20
91.99449818365656
 30
0.0
 11
126.0
 21
91.99724909182827
 31
0.0
  0
LINE
  5
410
330
17
100
AcDbEntity
  8
GEOMETRY
100
AcDbLine
 10
126.0
 20
91.99724909182827
 30
0.0
 11
126.0
 21
91.99999999999997
 31
0.0
  0
LINE
  5
411
330
17
100
AcDbEntity
  8
GEOMETRY
100
AcDbLine
 10
201.0
 20
91.99999999999997
 30
0.0
 11
201.0
 21
93.99999999999997
 31
0.0
  0
LINE
  5
412
330
17
100
AcDbEntity
  8
GEOMETRY
100
AcDbLine
 10
126.0
 20
91.99999999999997
 30
0.0
 11
126.0
 21
93.99999999999997
 31
0.0
  0
LINE
  5
413
330
17
100
AcDbEntity
  8
GEOMETRY
100
AcDbLine
 10
174.5
 20
91.99999999999997
 30
0.0
 11
174.5
 21
92.03124999999997
 31
0.0
  0
LINE
  5
414
330
17
100
AcDbEntity
  8
GEOMETRY
100
AcDbLine
 10
174.5
 20
92.03124999999997
 30
0.0
 11
174.5
 21
92.06249999999997
 31
0.0
  0
LINE
  5
415
330
17
100
AcDbEntity
  8
GEOMETRY
100
AcDbLine
 10
174.5
 20
92.06249999999997
 30
0.0
 11
174.5
 21
92.09374999999997
 31
0.0
  0
LINE
  5
416
330
17
100
AcDbEntity
  8
GEOMETRY
100
AcDbLine
 10
174.5
 20
92.09374999999997
 30
0.0
 11
174.5
 21
92.12499999999997
 31
0.0
  0
LINE
  5
417
330
17
100
AcDbEntity
  8
GEOMETRY
100
AcDbLine
 10
174.5
 20
92.12499999999997
 30
0.0
 11
174.5
 21
92.15624999999997
 31
0.0
  0
LINE
  5
418
330
17
100
AcDbEntity
  8
GEOMETRY
100
AcDbLine
 10
174.5
 20
92.15624999999997
 30
0.0
 11
174.5
 21
92.18749999999997
 31
0.0
  0
LINE
  5
419
330
17
100
AcDbEntity
  8
GEOMETRY
100
AcDbLine
 10
174.5
 20
92.18749999999997
 30
0.0
 11
174.5
 21
92.21874999999997
 31
0.0
  0
LINE
  5
41A
330
17
100
AcDbEntity
  8
GEOMETRY
100
AcDbLine
 10
174.5
 20
92.21874999999997
 30
0.0
 11
174.5
 21
92.24999999999997
 31
0.0
  0
LINE
  5
41B
330
17
100
AcDbEntity
  8
GEOMETRY
100
AcDbLine
 10
174.5
 20
92.24999999999997
 30
0.0
 11
174.5
 21
92.28124999999997
 31
0.0
  0
LINE
  5
41C
330
17
100
AcDbEntity
  8
GEOMETRY
100
AcDbLine
 10
174.5
 20
92.28124999999997
 30
0.0
 11
174.5
 21
92.31249999999997
 31
0.0
  0
LINE
  5
41D
330
17
100
AcDbEntity
  8
GEOMETRY
100
AcDbLine
 10
174.5
 20
92.31249999999997
 30
0.0
 11
174.5
 21
92.34374999999997
 31
0.0
  0
LINE
  5
41E
330
17
100
AcDbEntity
  8
GEOMETRY
100
AcDbLine
 10
174.5
 20
92.34374999999997
 30
0.0
 11
174.5
 21
92.37499999999997
 31
0.0
  0
LINE
  5
41F
330
17
100
AcDbEntity
  8
GEOMETRY
100
AcDbLine
 10
174.5
 20
92.37499999999997
 30
0.0
 11
174.5
 21
92.40624999999997
 31
0.0
  0
LINE
  5
420
330
17
100
AcDbEntity
  8
GEOMETRY
100
AcDbLine
 10
174.5
 20
92.40624999999997
 30
0.0
 11
174.5
 21
92.43749999999997
 31
0.0
  0
LINE
  5
421
330
17
100
AcDbEntity
  8
GEOMETRY
100
AcDbLine
 10
174.5
 20
92.43749999999997
 30
0.0
 11
174.5
 21
92.46874999999997
 31
0.0
  0
LINE
  5
422
330
17
100
AcDbEntity
  8
GEOMETRY
100
AcDbLine
 10
174.5
 20
92.46874999999997
 30
0.0
 11
174.5
 21
92.49999999999997
 31
0.0
  0
LINE
  5
423
330
17
100
AcDbEntity
  8
GEOMETRY
100
AcDbLine
 10
174.5
 20
92.49999999999997
 30
0.0
 11
174.5
 21
92.53124999999997
 31
0.0
  0
LINE
  5
424
330
17
100
AcDbEntity
  8
GEOMETRY
100
AcDbLine
 10
174.5
 20
92.53124999999997
 30
0.0
 11
174.5
 21
92.56249999999997
 31
0.0
  0
LINE
  5
425
330
17
100
AcDbEntity
  8
GEOMETRY
100
AcDbLine
 10
174.5
 20
92.56249999999997
 30
0.0
 11
174.5
 21
92.59374999999997
 31
0.0
  0
LINE
  5
426
330
17
100
AcDbEntity
  8
GEOMETRY
100
AcDbLine
 10
174.5
 20
92.59374999999997
 30
0.0
 11
174.5
 21
92.62499999999997
 31
0.0
  0
LINE
  5
427
330
17
100
AcDbEntity
  8
GEOMETRY
100
AcDbLine
 10
174.5
 20
92.62499999999997
 30
0.0
 11
174.5
 21
92.65624999999997
 31
0.0
  0
LINE
  5
428
330
17
100
AcDbEntity
  8
GEOMETRY
100
AcDbLine
 10
174.5
 20
92.65624999999997
 30
0.0
 11
174.5
 21
92.68749999999997
 31
0.0
  0
LINE
  5
429
330
17
100
AcDbEntity
  8
GEOMETRY
100
AcDbLine
 10
174.5
 20
92.68749999999997
 30
0.0
 11
174.5
 21
92.71874999999997
 31
0.0
  0
LINE
  5
42A
330
17
100
AcDbEntity
  8
GEOMETRY
100
AcDbLine
 10
174.5
 20
92.71874999999997
 30
0.0
 11
174.5
 21
92.74999999999997
 31
0.0
  0
LINE
  5
42B
330
17
100
AcDbEntity
  8
GEOMETRY
100
AcDbLine
 10
174.5
 20
92.74999999999997
 30
0.0
 11
174.5
 21
92.78124999999997
 31
0.0
  0
LINE
  5
42C
330
17
100
AcDbEntity
  8
GEOMETRY
100
AcDbLine
 10
174.5
 20
92.78124999999997
 30
0.0
 11
174.5
 21
92.81249999999997
 31
0.0
  0
LINE
  5
42D
330
17
100
AcDbEntity
  8
GEOMETRY
100
AcDbLine
 10
174.5
 20
92.81249999999997
 30
0.0
 11
174.5
 21
92.84374999999997
 31
0.0
  0
LINE
  5
42E
330
17
100
AcDbEntity
  8
GEOMETRY
100
AcDbLine
 10
174.5
 20
92.84374999999997
 30
0.0
 11
174.5
 21
92.87499999999997
 31
0.0
  0
LINE
  5
42F
330
17
100
AcDbEntity
  8
GEOMETRY
100
AcDbLine
 10
174.5
 20
92.87499999999997
 30
0.0
 11
174.5
 21
92.90624999999997
 31
0.0
  0
LINE
  5
430
330
17
100
AcDbEntity
  8
GEOMETRY
100
AcDbLine
 10
174.5
 20
92.90624999999997
 30
0.0
 11
174.5
 21
92.93749999999997
 31
0.0
  0
LINE
  5
431
330
17
100
AcDbEntity
  8
GEOMETRY
100
AcDbLine
 10
174.5
 20
92.93749999999997
 30
0.0
 11
174.5
 21
92.96874999999997
 31
0.0
  0
LINE
  5
432
330
17
100
AcDbEntity
  8
GEOMETRY
100
AcDbLine
 10
174.5
 20
92.96874999999997
 30
0.0
 11
174.5
 21
92.99999999999997
 31
0.0
  0
LINE
  5
433
330
17
100
AcDbEntity
  8
GEOMETRY
100
AcDbLine
 10
174.5
 20
92.99999999999997
 30
0.0
 11
174.5
 21
93.03124999999997
 31
0.0
  0
LINE
  5
434
330
17
100
AcDbEntity
  8
GEOMETRY
100
AcDbLine
 10
174.5
 20
93.03124999999997
 30
0.0
 11
174.5
 21
93.06249999999997
 31
0.0
  0
LINE
  5
435
330
17
100
AcDbEntity
  8
GEOMETRY
100
AcDbLine
 10
174.5
 20
93.06249999999997
 30
0.0
 11
174.5
 21
93.09374999999997
 31
0.0
  0
LINE
  5
436
330
17
100
AcDbEntity
  8
GEOMETRY
100
AcDbLine
 10
174.5
 20
93.09374999999997
 30
0.0
 11
174.5
 21
93.12499999999997
 31
0.0
  0
LINE
  5
437
330
17
100
AcDbEntity
  8
GEOMETRY
100
AcDbLine
 10
174.5
 20
93.12499999999997
 30
0.0
 11
174.5
 21
93.15624999999997
 31
0.0
  0
LINE
  5
438
330
17
100
AcDbEntity
  8
GEOMETRY
100
AcDbLine
 10
174.5
 20
93.15624999999997
 30
0.0
 11
174.5
 21
93.18749999999997
 31
0.0
  0
LINE
  5
439
330
17
100
AcDbEntity
  8
GEOMETRY
100
AcDbLine
 10
174.5
 20
93.18749999999997
 30
0.0
 11
174.5
 21
93.21874999999997
 31
0.0
  0
LINE
  5
43A
330
17
100
AcDbEntity
  8
GEOMETRY
100
AcDbLine
 10
174.5
 20
93.21874999999997
 30
0.0
 11
174.5
 21
93.24999999999997
 31
0.0
  0
LINE
  5
43B
330
17
100
AcDbEntity
  8
GEOMETRY
100
AcDbLine
 10
174.5
 20
93.24999999999997
 30
0.0
 11
174.5
 21
93.28124999999997
 31
0.0
  0
LINE
  5
43C
330
17
100
AcDbEntity
  8
GEOMETRY
100
AcDbLine
 10
174.5
 20
93.28124999999997
 30
0.0
 11
174.5
 21
93.31249999999997
 31
0.0
  0
LINE
  5
43D
330
17
100
AcDbEntity
  8
GEOMETRY
100
AcDbLine
 10
174.5
 20
93.31249999999997
 30
0.0
 11
174.5
 21
93.34374999999997
 31
0.0
  0
LINE
  5
43E
330
17
100
AcDbEntity
  8
GEOMETRY
100
AcDbLine
 10
174.5
 20
93.34374999999997
 30
0.0
 11
174.5
 21
93.37499999999997
 31
0.0
  0
LINE
  5
43F
330
17
100
AcDbEntity
  8
GEOMETRY
100
AcDbLine
 10
174.5
 20
93.37499999999997
 30
0.0
 11
174.5
 21
93.40624999999997
 31
0.0
  0
LINE
  5
440
330
17
100
AcDbEntity
  8
GEOMETRY
100
AcDbLine
 10
174.5
 20
93.40624999999997
 30
0.0
 11
174.5
 21
93.43749999999997
 31
0.0
  0
LINE
  5
441
330
17
100
AcDbEntity
  8
GEOMETRY
100
AcDbLine
 10
174.5
 20
93.43749999999997
 30
0.0
 11
174.5
 21
93.46874999999997
 31
0.0
  0
LINE
  5
442
330
17
100
AcDbEntity
  8
GEOMETRY
100
AcDbLine
 10
174.5
 20
93.46874999999997
 30
0.0
 11
174.5
 21
93.49999999999997
 31
0.0
  0
LINE
  5
443
330
17
100
AcDbEntity
  8
GEOMETRY
100
AcDbLine
 10
174.5
 20
93.49999999999997
 30
0.0
 11
174.5
 21
93.53124999999997
 31
0.0
  0
LINE
  5
444
330
17
100
AcDbEntity
  8
GEOMETRY
100
AcDbLine
 10
174.5
 20
93.53124999999997
 30
0.0
 11
174.5
 21
93.56249999999997
 31
0.0
  0
LINE
  5
445
330
17
100
AcDbEntity
  8
GEOMETRY
100
AcDbLine
 10
174.5
 20
93.56249999999997
 30
0.0
 11
174.5
 21
93.59374999999997
 31
0.0
  0
LINE
  5
446
330
17
100
AcDbEntity
  8
GEOMETRY
100
AcDbLine
 10
174.5
 20
93.59374999999997
 30
0.0
 11
174.5
 21
93.62499999999997
 31
0.0
  0
LINE
  5
447
330
17
100
AcDbEntity
  8
GEOMETRY
100
AcDbLine
 10
174.5
 20
93.62499999999997
 30
0.0
 11
174.5
 21
93.65624999999997
 31
0.0
  0
LINE
  5
448
330
17
100
AcDbEntity
  8
GEOMETRY
100
AcDbLine
 10
174.5
 20
93.65624999999997
 30
0.0
 11
174.5
 21
93.68749999999997
 31
0.0
  0
LINE
  5
449
330
17
100
AcDbEntity
  8
GEOMETRY
100
AcDbLine
 10
174.5
 20
93.68749999999997
 30
0.0
 11
174.5
 21
93.71874999999997
 31
0.0
  0
LINE
  5
44A
330
17
100
AcDbEntity
  8
GEOMETRY
100
AcDbLine
 10
174.5
 20
93.71874999999997
 30
0.0
 11
174.5
 21
93.74999999999997
 31
0.0
  0
LINE
  5
44B
330
17
100
AcDbEntity
  8
GEOMETRY
100
AcDbLine
 10
174.5
 20
93.74999999999997
 30
0.0
 11
174.5
 21
93.78124999999997
 31
0.0
  0
LINE
  5
44C
330
17
100
AcDbEntity
  8
GEOMETRY
100
AcDbLine
 10
174.5
 20
93.78124999999997
 30
0.0
 11
174.5
 21
93.81249999999997
 31
0.0
  0
LINE
  5
44D
330
17
100
AcDbEntity
  8
GEOMETRY
100
AcDbLine
 10
174.5
 20
93.81249999999997
 30
0.0
 11
174.5
 21
93.84374999999997
 31
0.0
  0
LINE
  5
44E
330
17
100
AcDbEntity
  8
GEOMETRY
100
AcDbLine
 10
174.5
 20
93.84374999999997
 30
0.0
 11
174.5
 21
93.87499999999997
 31
0.0
  0
LINE
  5
44F
330
17
100
AcDbEntity
  8
GEOMETRY
100
AcDbLine
 10
174.5
 20
93.87499999999997
 30
0.0
 11
174.5
 21
93.90624999999997
 31
0.0
  0
LINE
  5
450
330
17
100
AcDbEntity
  8
GEOMETRY
100
AcDbLine
 10
174.5
 20
93.90624999999997
 30
0.0
 11
174.5
 21
93.93749999999997
 31
0.0
  0
LINE
  5
451
330
17
100
AcDbEntity
  8
GEOMETRY
100
AcDbLine
 10
174.5
 20
93.93749999999997
 30
0.0
 11
174.5
 21
93.96874999999997
 31
0.0
  0
LINE
  5
452
330
17
100
AcDbEntity
  8
GEOMETRY
100
AcDbLine
 10
174.5
 20
93.96874999999997
 30
0.0
 11
174.5
 21
93.99999999999997
 31
0.0
  0
LINE
  5
453
330
17
100
AcDbEntity
  8
GEOMETRY
100
AcDbLine
 10
201.0
 20
89.99999999999997
 30
0.0
 11
126.0
 21
89.99999999999997
 31
0.0
  0
LINE
  5
454
330
17
100
AcDbEntity
  8
GEOMETRY
100
AcDbLine
 10
201.0
 20
89.99999999999997
 30
0.0
 11
126.0
 21
89.99999999999997
 31
0.0
  0
LINE
  5
455
330
17
100
AcDbEntity
  8
GEOMETRY
100
AcDbLine
 10
128.0
 20
91.99999999999997
 30
0.0
 11
128.0
 21
93.99999999999997
 31
0.0
  0
LINE
  5
456
330
17
100
AcDbEntity
  8
GEOMETRY
100
AcDbLine
 10
199.0
 20
91.99999999999997
 30
0.0
 11
199.0
 21
93.99999999999997
 31
0.0
  0
LINE
  5
457
330
17
100
AcDbEntity
  8
GEOMETRY
100
AcDbLine
 10
152.5
 20
91.99999999999997
 30
0.0
 11
152.5
 21
93.99999999999997
 31
0.0
  0
LINE
  5
458
330
17
100
AcDbEntity
  8
GEOMETRY
100
AcDbLine
 10
196.75
 20
112.99999999999997
 30
0.0
 11
196.73217531256677
 21
112.99999999999997
 31
0.0
  0
LINE
  5
459
330
17
100
AcDbEntity
  8
GEOMETRY
100
AcDbLine
 10
196.73217531256677
 20
112.99999999999997
 30
0.0
 11
196.71435062513353
 21
112.99999999999997
 31
0.0
  0
LINE
  5
45A
330
17
100
AcDbEntity
  8
GEOMETRY
100
AcDbLine
 10
196.71435062513353
 20
112.99999999999997
 30
0.0
 11
196.6965259377003
 21
112.99999999999997
 31
0.0
  0
LINE
  5
45B
330
17
100
AcDbEntity
  8
GEOMETRY
100
AcDbLine
 10
196.6965259377003
 20
112.99999999999997
 30
0.0
 11
196.67870125026707
 21
112.99999999999997
 31
0.0
  0
LINE
  5
45C
330
17
100
AcDbEntity
  8
GEOMETRY
100
AcDbLine
 10
196.67870125026707
 20
112.99999999999997
 30
0.0
 11
196.64598131828703
 21
112.99999999999997
 31
0.0
  0
LINE
  5
45D
330
17
100
AcDbEntity
  8
GEOMETRY
100
AcDbLine
 10
196.64598131828703
 20
112.99999999999997
 30
0.0
 11
196.59340106024464
 21
112.99999999999997
 31
0.0
  0
LINE
  5
45E
330
17
100
AcDbEntity
  8
GEOMETRY
100
AcDbLine
 10
196.59340106024464
 20
112.99999999999997
 30
0.0
 11
196.54082080220226
 21
112.99999999999997
 31
0.0
  0
LINE
  5
45F
330
17
100
AcDbEntity
  8
GEOMETRY
100
AcDbLine
 10
196.54082080220226
 20
112.99999999999997
 30
0.0
 11
196.48824054415988
 21
112.99999999999997
 31
0.0
  0
LINE
  5
460
330
17
100
AcDbEntity
  8
GEOMETRY
100
AcDbLine
 10
196.48824054415988
 20
112.99999999999997
 30
0.0
 11
196.43566028611747
 21
112.99999999999997
 31
0.0
  0
LINE
  5
461
330
17
100
AcDbEntity
  8
GEOMETRY
100
AcDbLine
 10
196.43566028611747
 20
112.99999999999997
 30
0.0
 11
196.35554947643377
 21
112.99999999999997
 31
0.0
  0
LINE
  5
462
330
17
100
AcDbEntity
  8
GEOMETRY
100
AcDbLine
 10
196.35554947643377
 20
112.99999999999997
 30
0.0
 11
196.27085024147652
 21
112.99999999999997
 31
0.0
  0
LINE
  5
463
330
17
100
AcDbEntity
  8
GEOMETRY
100
AcDbLine
 10
196.27085024147652
 20
112.99999999999997
 30
0.0
 11
196.18615100651925
 21
112.99999999999997
 31
0.0
  0
LINE
  5
464
330
17
100
AcDbEntity
  8
GEOMETRY
100
AcDbLine
 10
196.18615100651925
 20
112.99999999999997
 30
0.0
 11
196.10145177156198
 21
112.99999999999997
 31
0.0
  0
LINE
  5
465
330
17
100
AcDbEntity
  8
GEOMETRY
100
AcDbLine
 10
196.10145177156198
 20
112.99999999999997
 30
0.0
 11
196.00878916414734
 21
112.99999999999997
 31
0.0
  0
LINE
  5
466
330
17
100
AcDbEntity
  8
GEOMETRY
100
AcDbLine
 10
196.00878916414734
 20
112.99999999999997
 30
0.0
 11
195.89621812558914
 21
112.99999999999997
 31
0.0
  0
LINE
  5
467
330
17
100
AcDbEntity
  8
GEOMETRY
100
AcDbLine
 10
195.89621812558914
 20
112.99999999999997
 30
0.0
 11
195.783647087031
 21
112.99999999999997
 31
0.0
  0
LINE
  5
468
330
17
100
AcDbEntity
  8
GEOMETRY
100
AcDbLine
 10
195.783647087031
 20
112.99999999999997
 30
0.0
 11
195.6710760484728
 21
112.99999999999997
 31
0.0
  0
LINE
  5
469
330
17
100
AcDbEntity
  8
GEOMETRY
100
AcDbLine
 10
195.6710760484728
 20
112.99999999999997
 30
0.0
 11
195.55850500991465
 21
112.99999999999997
 31
0.0
  0
LINE
  5
46A
330
17
100
AcDbEntity
  8
GEOMETRY
100
AcDbLine
 10
195.55850500991465
 20
112.99999999999997
 30
0.0
 11
195.4300575273051
 21
112.99999999999997
 31
0.0
  0
LINE
  5
46B
330
17
100
AcDbEntity
  8
GEOMETRY
100
AcDbLine
 10
195.4300575273051
 20
112.99999999999997
 30
0.0
 11
195.29525946707508
 21
112.99999999999997
 31
0.0
  0
LINE
  5
46C
330
17
100
AcDbEntity
  8
GEOMETRY
100
AcDbLine
 10
195.29525946707508
 20
112.99999999999997
 30
0.0
 11
195.160461406845
 21
112.99999999999997
 31
0.0
  0
LINE
  5
46D
330
17
100
AcDbEntity
  8
GEOMETRY
100
AcDbLine
 10
195.160461406845
 20
112.99999999999997
 30
0.0
 11
195.02566334661498
 21
112.99999999999997
 31
0.0
  0
LINE
  5
46E
330
17
100
AcDbEntity
  8
GEOMETRY
100
AcDbLine
 10
195.02566334661498
 20
112.99999999999997
 30
0.0
 11
194.88865561723287
 21
112.99999999999997
 31
0.0
  0
LINE
  5
46F
330
17
100
AcDbEntity
  8
GEOMETRY
100
AcDbLine
 10
194.88865561723287
 20
112.99999999999997
 30
0.0
 11
194.73838987293854
 21
112.99999999999997
 31
0.0
  0
LINE
  5
470
330
17
100
AcDbEntity
  8
GEOMETRY
100
AcDbLine
 10
194.73838987293854
 20
112.99999999999997
 30
0.0
 11
194.5881241286442
 21
112.99999999999997
 31
0.0
  0
LINE
  5
471
330
17
100
AcDbEntity
  8
GEOMETRY
100
AcDbLine
 10
194.5881241286442
 20
112.99999999999997
 30
0.0
 11
194.4378583843499
 21
112.99999999999997
 31
0.0
  0
LINE
  5
472
330
17
100
AcDbEntity
  8
GEOMETRY
100
AcDbLine
 10
194.4378583843499
 20
112.99999999999997
 30
0.0
 11
194.28759264005558
 21
112.99999999999997
 31
0.0
  0
LINE
  5
473
330
17
100
AcDbEntity
  8
GEOMETRY
100
AcDbLine
 10
194.28759264005558
 20
112.99999999999997
 30
0.0
 11
194.13279390593826
 21
112.99999999999997
 31
0.0
  0
LINE
  5
474
330
17
100
AcDbEntity
  8
GEOMETRY
100
AcDbLine
 10
194.13279390593826
 20
112.99999999999997
 30
0.0
 11
193.9745954294537
 21
112.99999999999997
 31
0.0
  0
LINE
  5
475
330
17
100
AcDbEntity
  8
GEOMETRY
100
AcDbLine
 10
193.9745954294537
 20
112.99999999999997
 30
0.0
 11
193.81639695296911
 21
112.99999999999997
 31
0.0
  0
LINE
  5
476
330
17
100
AcDbEntity
  8
GEOMETRY
100
AcDbLine
 10
193.81639695296911
 20
112.99999999999997
 30
0.0
 11
193.65819847648456
 21
112.99999999999997
 31
0.0
  0
LINE
  5
477
330
17
100
AcDbEntity
  8
GEOMETRY
100
AcDbLine
 10
193.65819847648456
 20
112.99999999999997
 30
0.0
 11
193.5
 21
112.99999999999997
 31
0.0
  0
LINE
  5
478
330
17
100
AcDbEntity
  8
GEOMETRY
100
AcDbLine
 10
193.5
 20
112.99999999999997
 30
0.0
 11
193.34180152351541
 21
112.99999999999997
 31
0.0
  0
LINE
  5
479
330
17
100
AcDbEntity
  8
GEOMETRY
100
AcDbLine
 10
193.34180152351541
 20
112.99999999999997
 30
0.0
 11
193.18360304703086
 21
112.99999999999997
 31
0.0
  0
LINE
  5
47A
330
17
100
AcDbEntity
  8
GEOMETRY
100
AcDbLine
 10
193.18360304703086
 20
112.99999999999997
 30
0.0
 11
193.0254045705463
 21
112.99999999999997
 31
0.0
  0
LINE
  5
47B
330
17
100
AcDbEntity
  8
GEOMETRY
100
AcDbLine
 10
193.0254045705463
 20
112.99999999999997
 30
0.0
 11
192.86720609406171
 21
112.99999999999997
 31
0.0
  0
LINE
  5
47C
330
17
100
AcDbEntity
  8
GEOMETRY
100
AcDbLine
 10
192.86720609406171
 20
112.99999999999997
 30
0.0
 11
192.7124073599444
 21
112.99999999999997
 31
0.0
  0
LINE
  5
47D
330
17
100
AcDbEntity
  8
GEOMETRY
100
AcDbLine
 10
192.7124073599444
 20
112.99999999999997
 30
0.0
 11
192.5621416156501
 21
112.99999999999997
 31
0.0
  0
LINE
  5
47E
330
17
100
AcDbEntity
  8
GEOMETRY
100
AcDbLine
 10
192.5621416156501
 20
112.99999999999997
 30
0.0
 11
192.41187587135576
 21
112.99999999999997
 31
0.0
  0
LINE
  5
47F
330
17
100
AcDbEntity
  8
GEOMETRY
100
AcDbLine
 10
192.41187587135576
 20
112.99999999999997
 30
0.0
 11
192.26161012706143
 21
112.99999999999997
 31
0.0
  0
LINE
  5
480
330
17
100
AcDbEntity
  8
GEOMETRY
100
AcDbLine
 10
192.26161012706143
 20
112.99999999999997
 30
0.0
 11
192.11134438276713
 21
112.99999999999997
 31
0.0
  0
LINE
  5
481
330
17
100
AcDbEntity
  8
GEOMETRY
100
AcDbLine
 10
192.11134438276713
 20
112.99999999999997
 30
0.0
 11
191.97433665338502
 21
112.99999999999997
 31
0.0
  0
LINE
  5
482
330
17
100
AcDbEntity
  8
GEOMETRY
100
AcDbLine
 10
191.97433665338502
 20
112.99999999999997
 30
0.0
 11
191.83953859315497
 21
112.99999999999997
 31
0.0
  0
LINE
  5
483
330
17
100
AcDbEntity
  8
GEOMETRY
100
AcDbLine
 10
191.83953859315497
 20
112.99999999999997
 30
0.0
 11
191.70474053292492
 21
112.99999999999997
 31
0.0
  0
LINE
  5
484
330
17
100
AcDbEntity
  8
GEOMETRY
100
AcDbLine
 10
191.70474053292492
 20
112.99999999999997
 30
0.0
 11
191.56994247269486
 21
112.99999999999997
 31
0.0
  0
LINE
  5
485
330
17
100
AcDbEntity
  8
GEOMETRY
100
AcDbLine
 10
191.56994247269486
 20
112.99999999999997
 30
0.0
 11
191.44149499008535
 21
112.99999999999997
 31
0.0
  0
LINE
  5
486
330
17
100
AcDbEntity
  8
GEOMETRY
100
AcDbLine
 10
191.44149499008535
 20
112.99999999999997
 30
0.0
 11
191.32892395152717
 21
112.99999999999997
 31
0.0
  0
LINE
  5
487
330
17
100
AcDbEntity
  8
GEOMETRY
100
AcDbLine
 10
191.32892395152717
 20
112.99999999999997
 30
0.0
 11
191.216352912969
 21
112.99999999999997
 31
0.0
  0
LINE
  5
488
330
17
100
AcDbEntity
  8
GEOMETRY
100
AcDbLine
 10
191.216352912969
 20
112.99999999999997
 30
0.0
 11
191.10378187441083
 21
112.99999999999997
 31
0.0
  0
LINE
  5
489
330
17
100
AcDbEntity
  8
GEOMETRY
100
AcDbLine
 10
191.10378187441083
 20
112.99999999999997
 30
0.0
 11
190.99121083585266
 21
112.99999999999997
 31
0.0
  0
LINE
  5
48A
330
17
100
AcDbEntity
  8
GEOMETRY
100
AcDbLine
 10
190.99121083585266
 20
112.99999999999997
 30
0.0
 11
190.898548228438
 21
112.99999999999997
 31
0.0
  0
LINE
  5
48B
330
17
100
AcDbEntity
  8
GEOMETRY
100
AcDbLine
 10
190.898548228438
 20
112.99999999999997
 30
0.0
 11
190.81384899348075
 21
112.99999999999997
 31
0.0
  0
LINE
  5
48C
330
17
100
AcDbEntity
  8
GEOMETRY
100
AcDbLine
 10
190.81384899348075
 20
112.99999999999997
 30
0.0
 11
190.72914975852348
 21
112.99999999999997
 31
0.0
  0
LINE
  5
48D
330
17
100
AcDbEntity
  8
GEOMETRY
100
AcDbLine
 10
190.72914975852348
 20
112.99999999999997
 30
0.0
 11
190.6444505235662
 21
112.99999999999997
 31
0.0
  0
LINE
  5
48E
330
17
100
AcDbEntity
  8
GEOMETRY
100
AcDbLine
 10
190.6444505235662
 20
112.99999999999997
 30
0.0
 11
190.5643397138825
 21
112.99999999999997
 31
0.0
  0
LINE
  5
48F
330
17
100
AcDbEntity
  8
GEOMETRY
100
AcDbLine
 10
190.5643397138825
 20
112.99999999999997
 30
0.0
 11
190.51175945584012
 21
112.99999999999997
 31
0.0
  0
LINE
  5
490
330
17
100
AcDbEntity
  8
GEOMETRY
100
AcDbLine
 10
190.51175945584012
 20
112.99999999999997
 30
0.0
 11
190.4591791977977
 21
112.99999999999997
 31
0.0
  0
LINE
  5
491
330
17
100
AcDbEntity
  8
GEOMETRY
100
AcDbLine
 10
190.4591791977977
 20
112.99999999999997
 30
0.0
 11
190.40659893975533
 21
112.99999999999997
 31
0.0
  0
LINE
  5
492
330
17
100
AcDbEntity
  8
GEOMETRY
100
AcDbLine
 10
190.40659893975533
 20
112.99999999999997
 30
0.0
 11
190.35401868171294
 21
112.99999999999997
 31
0.0
  0
LINE
  5
493
330
17
100
AcDbEntity
  8
GEOMETRY
100
AcDbLine
 10
190.35401868171294
 20
112.99999999999997
 30
0.0
 11
190.32129874973293
 21
112.99999999999997
 31
0.0
  0
LINE
  5
494
330
17
100
AcDbEntity
  8
GEOMETRY
100
AcDbLine
 10
190.32129874973293
 20
112.99999999999997
 30
0.0
 11
190.3034740622997
 21
112.99999999999997
 31
0.0
  0
LINE
  5
495
330
17
100
AcDbEntity
  8
GEOMETRY
100
AcDbLine
 10
190.3034740622997
 20
112.99999999999997
 30
0.0
 11
190.28564937486647
 21
112.99999999999997
 31
0.0
  0
LINE
  5
496
330
17
100
AcDbEntity
  8
GEOMETRY
100
AcDbLine
 10
190.28564937486647
 20
112.99999999999997
 30
0.0
 11
190.26782468743323
 21
112.99999999999997
 31
0.0
  0
LINE
  5
497
330
17
100
AcDbEntity
  8
GEOMETRY
100
AcDbLine
 10
190.26782468743323
 20
112.99999999999997
 30
0.0
 11
190.25
 21
112.99999999999997
 31
0.0
  0
LINE
  5
498
330
17
100
AcDbEntity
  8
GEOMETRY
100
AcDbLine
 10
190.25
 20
112.99999999999997
 30
0.0
 11
190.26782468743323
 21
112.99999999999997
 31
0.0
  0
LINE
  5
499
330
17
100
AcDbEntity
  8
GEOMETRY
100
AcDbLine
 10
190.26782468743323
 20
112.99999999999997
 30
0.0
 11
190.28564937486647
 21
112.99999999999997
 31
0.0
  0
LINE
  5
49A
330
17
100
AcDbEntity
  8
GEOMETRY
100
AcDbLine
 10
190.28564937486647
 20
112.99999999999997
 30
0.0
 11
190.3034740622997
 21
112.99999999999997
 31
0.0
  0
LINE
  5
49B
330
17
100
AcDbEntity
  8
GEOMETRY
100
AcDbLine
 10
190.3034740622997
 20
112.99999999999997
 30
0.0
 11
190.32129874973293
 21
112.99999999999997
 31
0.0
  0
LINE
  5
49C
330
17
100
AcDbEntity
  8
GEOMETRY
100
AcDbLine
 10
190.32129874973293
 20
112.99999999999997
 30
0.0
 11
190.35401868171294
 21
112.99999999999997
 31
0.0
  0
LINE
  5
49D
330
17
100
AcDbEntity
  8
GEOMETRY
100
AcDbLine
 10
190.35401868171294
 20
112.99999999999997
 30
0.0
 11
190.40659893975533
 21
112.99999999999997
 31
0.0
  0
LINE
  5
49E
330
17
100
AcDbEntity
  8
GEOMETRY
100
AcDbLine
 10
190.40659893975533
 20
112.99999999999997
 30
0.0
 11
190.4591791977977
 21
112.99999999999997
 31
0.0
  0
LINE
  5
49F
330
17
100
AcDbEntity
  8
GEOMETRY
100
AcDbLine
 10
190.4591791977977
 20
112.99999999999997
 30
0.0
 11
190.51175945584012
 21
112.99999999999997
 31
0.0
  0
LINE
  5
4A0
330
17
100
AcDbEntity
  8
GEOMETRY
100
AcDbLine
 10
190.51175945584012
 20
112.99999999999997
 30
0.0
 11
190.5643397138825
 21
112.99999999999997
 31
0.0
  0
LINE
  5
4A1
330
17
100
AcDbEntity
  8
GEOMETRY
100
AcDbLine
 10
190.5643397138825
 20
112.99999999999997
 30
0.0
 11
190.6444505235662
 21
112.99999999999997
 31
0.0
  0
LINE
  5
4A2
330
17
100
AcDbEntity
  8
GEOMETRY
100
AcDbLine
 10
190.6444505235662
 20
112.99999999999997
 30
0.0
 11
190.72914975852348
 21
112.99999999999997
 31
0.0
  0
LINE
  5
4A3
330
17
100
AcDbEntity
  8
GEOMETRY
100
AcDbLine
 10
190.72914975852348
 20
112.99999999999997
 30
0.0
 11
190.81384899348075
 21
112.99999999999997
 31
0.0
  0
LINE
  5
4A4
330
17
100
AcDbEntity
  8
GEOMETRY
100
AcDbLine
 10
190.81384899348075
 20
112.99999999999997
 30
0.0
 11
190.898548228438
 21
112.99999999999997
 31
0.0
  0
LINE
  5
4A5
330
17
100
AcDbEntity
  8
GEOMETRY
100
AcDbLine
 10
190.898548228438
 20
112.99999999999997
 30
0.0
 11
190.99121083585266
 21
112.99999999999997
 31
0.0
  0
LINE
  5
4A6
330
17
100
AcDbEntity
  8
GEOMETRY
100
AcDbLine
 10
190.99121083585266
 20
112.99999999999997
 30
0.0
 11
191.10378187441083
 21
112.99999999999997
 31
0.0
  0
LINE
  5
4A7
330
17
100
AcDbEntity
  8
GEOMETRY
100
AcDbLine
 10
191.10378187441083
 20
112.99999999999997
 30
0.0
 11
191.216352912969
 21
112.99999999999997
 31
0.0
  0
LINE
  5
4A8
330
17
100
AcDbEntity
  8
GEOMETRY
100
AcDbLine
 10
191.216352912969
 20
112.99999999999997
 30
0.0
 11
191.32892395152717
 21
112.99999999999997
 31
0.0
  0
LINE
  5
4A9
330
17
100
AcDbEntity
  8
GEOMETRY
100
AcDbLine
 10
191.32892395152717
 20
112.99999999999997
 30
0.0
 11
191.44149499008535
 21
112.99999999999997
 31
0.0
  0
LINE
  5
4AA
330
17
100
AcDbEntity
  8
GEOMETRY
100
AcDbLine
 10
191.44149499008535
 20
112.99999999999997
 30
0.0
 11
191.56994247269486
 21
112.99999999999997
 31
0.0
  0
LINE
  5
4AB
330
17
100
AcDbEntity
  8
GEOMETRY
100
AcDbLine
 10
191.56994247269486
 20
112.99999999999997
 30
0.0
 11
191.70474053292492
 21
112.99999999999997
 31
0.0
  0
LINE
  5
4AC
330
17
100
AcDbEntity
  8
GEOMETRY
100
AcDbLine
 10
191.70474053292492
 20
112.99999999999997
 30
0.0
 11
191.83953859315497
 21
112.99999999999997
 31
0.0
  0
LINE
  5
4AD
330
17
100
AcDbEntity
  8
GEOMETRY
100
AcDbLine
 10
191.83953859315497
 20
112.99999999999997
 30
0.0
 11
191.97433665338502
 21
112.99999999999997
 31
0.0
  0
LINE
  5
4AE
330
17
100
AcDbEntity
  8
GEOMETRY
100
AcDbLine
 10
191.97433665338502
 20
112.99999999999997
 30
0.0
 11
192.11134438276713
 21
112.99999999999997
 31
0.0
  0
LINE
  5
4AF
330
17
100
AcDbEntity
  8
GEOMETRY
100
AcDbLine
 10
192.11134438276713
 20
112.99999999999997
 30
0.0
 11
192.26161012706143
 21
112.99999999999997
 31
0.0
  0
LINE
  5
4B0
330
17
100
AcDbEntity
  8
GEOMETRY
100
AcDbLine
 10
192.26161012706143
 20
112.99999999999997
 30
0.0
 11
192.41187587135576
 21
112.99999999999997
 31
0.0
  0
LINE
  5
4B1
330
17
100
AcDbEntity
  8
GEOMETRY
100
AcDbLine
 10
192.41187587135576
 20
112.99999999999997
 30
0.0
 11
192.5621416156501
 21
112.99999999999997
 31
0.0
  0
LINE
  5
4B2
330
17
100
AcDbEntity
  8
GEOMETRY
100
AcDbLine
 10
192.5621416156501
 20
112.99999999999997
 30
0.0
 11
192.7124073599444
 21
112.99999999999997
 31
0.0
  0
LINE
  5
4B3
330
17
100
AcDbEntity
  8
GEOMETRY
100
AcDbLine
 10
192.7124073599444
 20
112.99999999999997
 30
0.0
 11
192.86720609406171
 21
112.99999999999997
 31
0.0
  0
LINE
  5
4B4
330
17
100
AcDbEntity
  8
GEOMETRY
100
AcDbLine
 10
192.86720609406171
 20
112.99999999999997
 30
0.0
 11
193.0254045705463
 21
112.99999999999997
 31
0.0
  0
LINE
  5
4B5
330
17
100
AcDbEntity
  8
GEOMETRY
100
AcDbLine
 10
193.0254045705463
 20
112.99999999999997
 30
0.0
 11
193.18360304703086
 21
112.99999999999997
 31
0.0
  0
LINE
  5
4B6
330
17
100
AcDbEntity
  8
GEOMETRY
100
AcDbLine
 10
193.18360304703086
 20
112.99999999999997
 30
0.0
 11
193.34180152351541
 21
112.99999999999997
 31
0.0
  0
LINE
  5
4B7
330
17
100
AcDbEntity
  8
GEOMETRY
100
AcDbLine
 10
193.34180152351541
 20
112.99999999999997
 30
0.0
 11
193.5
 21
112.99999999999997
 31
0.0
  0
LINE
  5
4B8
330
17
100
AcDbEntity
  8
GEOMETRY
100
AcDbLine
 10
193.5
 20
112.99999999999997
 30
0.0
 11
193.65819847648456
 21
112.99999999999997
 31
0.0
  0
LINE
  5
4B9
330
17
100
AcDbEntity
  8
GEOMETRY
100
AcDbLine
 10
193.65819847648456
 20
112.99999999999997
 30
0.0
 11
193.81639695296911
 21
112.99999999999997
 31
0.0
  0
LINE
  5
4BA
330
17
100
AcDbEntity
  8
GEOMETRY
100
AcDbLine
 10
193.81639695296911
 20
112.99999999999997
 30
0.0
 11
193.9745954294537
 21
112.99999999999997
 31
0.0
  0
LINE
  5
4BB
330
17
100
AcDbEntity
  8
GEOMETRY
100
AcDbLine
 10
193.9745954294537
 20
112.99999999999997
 30
0.0
 11
194.13279390593826
 21
112.99999999999997
 31
0.0
  0
LINE
  5
4BC
330
17
100
AcDbEntity
  8
GEOMETRY
100
AcDbLine
 10
194.13279390593826
 20
112.99999999999997
 30
0.0
 11
194.28759264005558
 21
112.99999999999997
 31
0.0
  0
LINE
  5
4BD
330
17
100
AcDbEntity
  8
GEOMETRY
100
AcDbLine
 10
194.28759264005558
 20
112.99999999999997
 30
0.0
 11
194.4378583843499
 21
112.99999999999997
 31
0.0
  0
LINE
  5
4BE
330
17
100
AcDbEntity
  8
GEOMETRY
100
AcDbLine
 10
194.4378583843499
 20
112.99999999999997
 30
0.0
 11
194.5881241286442
 21
112.99999999999997
 31
0.0
  0
LINE
  5
4BF
330
17
100
AcDbEntity
  8
GEOMETRY
100
AcDbLine
 10
194.5881241286442
 20
112.99999999999997
 30
0.0
 11
194.73838987293854
 21
112.99999999999997
 31
0.0
  0
LINE
  5
4C0
330
17
100
AcDbEntity
  8
GEOMETRY
100
AcDbLine
 10
194.73838987293854
 20
112.99999999999997
 30
0.0
 11
194.88865561723287
 21
112.99999999999997
 31
0.0
  0
LINE
  5
4C1
330
17
100
AcDbEntity
  8
GEOMETRY
100
AcDbLine
 10
194.88865561723287
 20
112.99999999999997
 30
0.0
 11
195.02566334661498
 21
112.99999999999997
 31
0.0
  0
LINE
  5
4C2
330
17
100
AcDbEntity
  8
GEOMETRY
100
AcDbLine
 10
195.02566334661498
 20
112.99999999999997
 30
0.0
 11
195.160461406845
 21
112.99999999999997
 31
0.0
  0
LINE
  5
4C3
330
17
100
AcDbEntity
  8
GEOMETRY
100
AcDbLine
 10
195.160461406845
 20
112.99999999999997
 30
0.0
 11
195.29525946707508
 21
112.99999999999997
 31
0.0
  0
LINE
  5
4C4
330
17
100
AcDbEntity
  8
GEOMETRY
100
AcDbLine
 10
195.29525946707508
 20
112.99999999999997
 30
0.0
 11
195.4300575273051
 21
112.99999999999997
 31
0.0
  0
LINE
  5
4C5
330
17
100
AcDbEntity
  8
GEOMETRY
100
AcDbLine
 10
195.4300575273051
 20
112.99999999999997
 30
0.0
 11
195.55850500991465
 21
112.99999999999997
 31
0.0
  0
LINE
  5
4C6
330
17
100
AcDbEntity
  8
GEOMETRY
100
AcDbLine
 10
195.55850500991465
 20
112.99999999999997
 30
0.0
 11
195.6710760484728
 21
112.99999999999997
 31
0.0
  0
LINE
  5
4C7
330
17
100
AcDbEntity
  8
GEOMETRY
100
AcDbLine
 10
195.6710760484728
 20
112.99999999999997
 30
0.0
 11
195.783647087031
 21
112.99999999999997
 31
0.0
  0
LINE
  5
4C8
330
17
100
AcDbEntity
  8
GEOMETRY
100
AcDbLine
 10
195.783647087031
 20
112.99999999999997
 30
0.0
 11
195.89621812558914
 21
112.99999999999997
 31
0.0
  0
LINE
  5
4C9
330
17
100
AcDbEntity
  8
GEOMETRY
100
AcDbLine
 10
195.89621812558914
 20
112.99999999999997
 30
0.0
 11
196.00878916414734
 21
112.99999999999997
 31
0.0
  0
LINE
  5
4CA
330
17
100
AcDbEntity
  8
GEOMETRY
100
AcDbLine
 10
196.00878916414734
 20
112.99999999999997
 30
0.0
 11
196.10145177156198
 21
112.99999999999997
 31
0.0
  0
LINE
  5
4CB
330
17
100
AcDbEntity
  8
GEOMETRY
100
AcDbLine
 10
196.10145177156198
 20
112.99999999999997
 30
0.0
 11
196.18615100651925
 21
112.99999999999997
 31
0.0
  0
LINE
  5
4CC
330
17
100
AcDbEntity
  8
GEOMETRY
100
AcDbLine
 10
196.18615100651925
 20
112.99999999999997
 30
0.0
 11
196.27085024147652
 21
112.99999999999997
 31
0.0
  0
LINE
  5
4CD
330
17
100
AcDbEntity
  8
GEOMETRY
100
AcDbLine
 10
196.27085024147652
 20
112.99999999999997
 30
0.0
 11
196.35554947643377
 21
112.99999999999997
 31
0.0
  0
LINE
  5
4CE
330
17
100
AcDbEntity
  8
GEOMETRY
100
AcDbLine
 10
196.35554947643377
 20
112.99999999999997
 30
0.0
 11
196.43566028611747
 21
112.99999999999997
 31
0.0
  0
LINE
  5
4CF
330
17
100
AcDbEntity
  8
GEOMETRY
100
AcDbLine
 10
196.43566028611747
 20
112.99999999999997
 30
0.0
 11
196.48824054415988
 21
112.99999999999997
 31
0.0
  0
LINE
  5
4D0
330
17
100
AcDbEntity
  8
GEOMETRY
100
AcDbLine
 10
196.48824054415988
 20
112.99999999999997
 30
0.0
 11
196.54082080220226
 21
112.99999999999997
 31
0.0
  0
LINE
  5
4D1
330
17
100
AcDbEntity
  8
GEOMETRY
100
AcDbLine
 10
196.54082080220226
 20
112.99999999999997
 30
0.0
 11
196.59340106024464
 21
112.99999999999997
 31
0.0
  0
LINE
  5
4D2
330
17
100
AcDbEntity
  8
GEOMETRY
100
AcDbLine
 10
196.59340106024464
 20
112.99999999999997
 30
0.0
 11
196.64598131828703
 21
112.99999999999997
 31
0.0
  0
LINE
  5
4D3
330
17
100
AcDbEntity
  8
GEOMETRY
100
AcDbLine
 10
196.64598131828703
 20
112.99999999999997
 30
0.0
 11
196.67870125026707
 21
112.99999999999997
 31
0.0
  0
LINE
  5
4D4
330
17
100
AcDbEntity
  8
GEOMETRY
100
AcDbLine
 10
196.67870125026707
 20
112.99999999999997
 30
0.0
 11
196.6965259377003
 21
112.99999999999997
 31
0.0
  0
LINE
  5
4D5
330
17
100
AcDbEntity
  8
GEOMETRY
100
AcDbLine
 10
196.6965259377003
 20
112.99999999999997
 30
0.0
 11
196.71435062513353
 21
112.99999999999997
 31
0.0
  0
LINE
  5
4D6
330
17
100
AcDbEntity
  8
GEOMETRY
100
AcDbLine
 10
196.71435062513353
 20
112.99999999999997
 30
0.0
 11
196.73217531256677
 21
112.99999999999997
 31
0.0
  0
LINE
  5
4D7
330
17
100
AcDbEntity
  8
GEOMETRY
100
AcDbLine
 10
196.73217531256677
 20
112.99999999999997
 30
0.0
 11
196.75
 21
112.99999999999997
 31
0.0
  0
LINE
  5
4D8
330
17
100
AcDbEntity
  8
GEOMETRY
100
AcDbLine
 10
136.75
 20
112.99999999999997
 30
0.0
 11
136.73217531256677
 21
112.99999999999997
 31
0.0
  0
LINE
  5
4D9
330
17
100
AcDbEntity
  8
GEOMETRY
100
AcDbLine
 10
136.73217531256677
 20
112.99999999999997
 30
0.0
 11
136.71435062513353
 21
112.99999999999997
 31
0.0
  0
LINE
  5
4DA
330
17
100
AcDbEntity
  8
GEOMETRY
100
AcDbLine
 10
136.71435062513353
 20
112.99999999999997
 30
0.0
 11
136.6965259377003
 21
112.99999999999997
 31
0.0
  0
LINE
  5
4DB
330
17
100
AcDbEntity
  8
GEOMETRY
100
AcDbLine
 10
136.6965259377003
 20
112.99999999999997
 30
0.0
 11
136.67870125026707
 21
112.99999999999997
 31
0.0
  0
LINE
  5
4DC
330
17
100
AcDbEntity
  8
GEOMETRY
100
AcDbLine
 10
136.67870125026707
 20
112.99999999999997
 30
0.0
 11
136.64598131828703
 21
112.99999999999997
 31
0.0
  0
LINE
  5
4DD
330
17
100
AcDbEntity
  8
GEOMETRY
100
AcDbLine
 10
136.64598131828703
 20
112.99999999999997
 30
0.0
 11
136.59340106024464
 21
112.99999999999997
 31
0.0
  0
LINE
  5
4DE
330
17
100
AcDbEntity
  8
GEOMETRY
100
AcDbLine
 10
136.59340106024464
 20
112.99999999999997
 30
0.0
 11
136.54082080220226
 21
112.99999999999997
 31
0.0
  0
LINE
  5
4DF
330
17
100
AcDbEntity
  8
GEOMETRY
100
AcDbLine
 10
136.54082080220226
 20
112.99999999999997
 30
0.0
 11
136.48824054415988
 21
112.99999999999997
 31
0.0
  0
LINE
  5
4E0
330
17
100
AcDbEntity
  8
GEOMETRY
100
AcDbLine
 10
136.48824054415988
 20
112.99999999999997
 30
0.0
 11
136.4356602861175
 21
112.99999999999997
 31
0.0
  0
LINE
  5
4E1
330
17
100
AcDbEntity
  8
GEOMETRY
100
AcDbLine
 10
136.4356602861175
 20
112.99999999999997
 30
0.0
 11
136.35554947643377
 21
112.99999999999997
 31
0.0
  0
LINE
  5
4E2
330
17
100
AcDbEntity
  8
GEOMETRY
100
AcDbLine
 10
136.35554947643377
 20
112.99999999999997
 30
0.0
 11
136.27085024147652
 21
112.99999999999997
 31
0.0
  0
LINE
  5
4E3
330
17
100
AcDbEntity
  8
GEOMETRY
100
AcDbLine
 10
136.27085024147652
 20
112.99999999999997
 30
0.0
 11
136.18615100651925
 21
112.99999999999997
 31
0.0
  0
LINE
  5
4E4
330
17
100
AcDbEntity
  8
GEOMETRY
100
AcDbLine
 10
136.18615100651925
 20
112.99999999999997
 30
0.0
 11
136.10145177156198
 21
112.99999999999997
 31
0.0
  0
LINE
  5
4E5
330
17
100
AcDbEntity
  8
GEOMETRY
100
AcDbLine
 10
136.10145177156198
 20
112.99999999999997
 30
0.0
 11
136.00878916414732
 21
112.99999999999997
 31
0.0
  0
LINE
  5
4E6
330
17
100
AcDbEntity
  8
GEOMETRY
100
AcDbLine
 10
136.00878916414732
 20
112.99999999999997
 30
0.0
 11
135.89621812558914
 21
112.99999999999997
 31
0.0
  0
LINE
  5
4E7
330
17
100
AcDbEntity
  8
GEOMETRY
100
AcDbLine
 10
135.89621812558914
 20
112.99999999999997
 30
0.0
 11
135.783647087031
 21
112.99999999999997
 31
0.0
  0
LINE
  5
4E8
330
17
100
AcDbEntity
  8
GEOMETRY
100
AcDbLine
 10
135.783647087031
 20
112.99999999999997
 30
0.0
 11
135.6710760484728
 21
112.99999999999997
 31
0.0
  0
LINE
  5
4E9
330
17
100
AcDbEntity
  8
GEOMETRY
100
AcDbLine
 10
135.6710760484728
 20
112.99999999999997
 30
0.0
 11
135.55850500991465
 21
112.99999999999997
 31
0.0
  0
LINE
  5
4EA
330
17
100
AcDbEntity
  8
GEOMETRY
100
AcDbLine
 10
135.55850500991465
 20
112.99999999999997
 30
0.0
 11
135.4300575273051
 21
112.99999999999997
 31
0.0
  0
LINE
  5
4EB
330
17
100
AcDbEntity
  8
GEOMETRY
100
AcDbLine
 10
135.4300575273051
 20
112.99999999999997
 30
0.0
 11
135.29525946707508
 21
112.99999999999997
 31
0.0
  0
LINE
  5
4EC
330
17
100
AcDbEntity
  8
GEOMETRY
100
AcDbLine
 10
135.29525946707508
 20
112.99999999999997
 30
0.0
 11
135.160461406845
 21
112.99999999999997
 31
0.0
  0
LINE
  5
4ED
330
17
100
AcDbEntity
  8
GEOMETRY
100
AcDbLine
 10
135.160461406845
 20
112.99999999999997
 30
0.0
 11
135.02566334661498
 21
112.99999999999997
 31
0.0
  0
LINE
  5
4EE
330
17
100
AcDbEntity
  8
GEOMETRY
100
AcDbLine
 10
135.02566334661498
 20
112.99999999999997
 30
0.0
 11
134.88865561723287
 21
112.99999999999997
 31
0.0
  0
LINE
  5
4EF
330
17
100
AcDbEntity
  8
GEOMETRY
100
AcDbLine
 10
134.88865561723287
 20
112.99999999999997
 30
0.0
 11
134.73838987293854
 21
112.99999999999997
 31
0.0
  0
LINE
  5
4F0
330
17
100
AcDbEntity
  8
GEOMETRY
100
AcDbLine
 10
134.73838987293854
 20
112.99999999999997
 30
0.0
 11
134.5881241286442
 21
112.99999999999997
 31
0.0
  0
LINE
  5
4F1
330
17
100
AcDbEntity
  8
GEOMETRY
100
AcDbLine
 10
134.5881241286442
 20
112.99999999999997
 30
0.0
 11
134.4378583843499
 21
112.99999999999997
 31
0.0
  0
LINE
  5
4F2
330
17
100
AcDbEntity
  8
GEOMETRY
100
AcDbLine
 10
134.4378583843499
 20
112.99999999999997
 30
0.0
 11
134.28759264005558
 21
112.99999999999997
 31
0.0
  0
LINE
  5
4F3
330
17
100
AcDbEntity
  8
GEOMETRY
100
AcDbLine
 10
134.28759264005558
 20
112.99999999999997
 30
0.0
 11
134.13279390593826
 21
112.99999999999997
 31
0.0
  0
LINE
  5
4F4
330
17
100
AcDbEntity
  8
GEOMETRY
100
AcDbLine
 10
134.13279390593826
 20
112.99999999999997
 30
0.0
 11
133.9745954294537
 21
112.99999999999997
 31
0.0
  0
LINE
  5
4F5
330
17
100
AcDbEntity
  8
GEOMETRY
100
AcDbLine
 10
133.9745954294537
 20
112.99999999999997
 30
0.0
 11
133.81639695296911
 21
112.99999999999997
 31
0.0
  0
LINE
  5
4F6
330
17
100
AcDbEntity
  8
GEOMETRY
100
AcDbLine
 10
133.81639695296911
 20
112.99999999999997
 30
0.0
 11
133.65819847648456
 21
112.99999999999997
 31
0.0
  0
LINE
  5
4F7
330
17
100
AcDbEntity
  8
GEOMETRY
100
AcDbLine
 10
133.65819847648456
 20
112.99999999999997
 30
0.0
 11
133.5
 21
112.99999999999997
 31
0.0
  0
LINE
  5
4F8
330
17
100
AcDbEntity
  8
GEOMETRY
100
AcDbLine
 10
133.5
 20
112.99999999999997
 30
0.0
 11
133.34180152351541
 21
112.99999999999997
 31
0.0
  0
LINE
  5
4F9
330
17
100
AcDbEntity
  8
GEOMETRY
100
AcDbLine
 10
133.34180152351541
 20
112.99999999999997
 30
0.0
 11
133.18360304703086
 21
112.99999999999997
 31
0.0
  0
LINE
  5
4FA
330
17
100
AcDbEntity
  8
GEOMETRY
100
AcDbLine
 10
133.18360304703086
 20
112.99999999999997
 30
0.0
 11
133.0254045705463
 21
112.99999999999997
 31
0.0
  0
LINE
  5
4FB
330
17
100
AcDbEntity
  8
GEOMETRY
100
AcDbLine
 10
133.0254045705463
 20
112.99999999999997
 30
0.0
 11
132.86720609406171
 21
112.99999999999997
 31
0.0
  0
LINE
  5
4FC
330
17
100
AcDbEntity
  8
GEOMETRY
100
AcDbLine
 10
132.86720609406171
 20
112.99999999999997
 30
0.0
 11
132.7124073599444
 21
112.99999999999997
 31
0.0
  0
LINE
  5
4FD
330
17
100
AcDbEntity
  8
GEOMETRY
100
AcDbLine
 10
132.7124073599444
 20
112.99999999999997
 30
0.0
 11
132.5621416156501
 21
112.99999999999997
 31
0.0
  0
LINE
  5
4FE
330
17
100
AcDbEntity
  8
GEOMETRY
100
AcDbLine
 10
132.5621416156501
 20
112.99999999999997
 30
0.0
 11
132.41187587135576
 21
112.99999999999997
 31
0.0
  0
LINE
  5
4FF
330
17
100
AcDbEntity
  8
GEOMETRY
100
AcDbLine
 10
132.41187587135576
 20
112.99999999999997
 30
0.0
 11
132.26161012706143
 21
112.99999999999997
 31
0.0
  0
LINE
  5
500
330
17
100
AcDbEntity
  8
GEOMETRY
100
AcDbLine
 10
132.26161012706143
 20
112.99999999999997
 30
0.0
 11
132.11134438276713
 21
112.99999999999997
 31
0.0
  0
LINE
  5
501
330
17
100
AcDbEntity
  8
GEOMETRY
100
AcDbLine
 10
132.11134438276713
 20
112.99999999999997
 30
0.0
 11
131.97433665338502
 21
112.99999999999997
 31
0.0
  0
LINE
  5
502
330
17
100
AcDbEntity
  8
GEOMETRY
100
AcDbLine
 10
131.97433665338502
 20
112.99999999999997
 30
0.0
 11
131.83953859315497
 21
112.99999999999997
 31
0.0
  0
LINE
  5
503
330
17
100
AcDbEntity
  8
GEOMETRY
100
AcDbLine
 10
131.83953859315497
 20
112.99999999999997
 30
0.0
 11
131.70474053292492
 21
112.99999999999997
 31
0.0
  0
LINE
  5
504
330
17
100
AcDbEntity
  8
GEOMETRY
100
AcDbLine
 10
131.70474053292492
 20
112.99999999999997
 30
0.0
 11
131.56994247269486
 21
112.99999999999997
 31
0.0
  0
LINE
  5
505
330
17
100
AcDbEntity
  8
GEOMETRY
100
AcDbLine
 10
131.56994247269486
 20
112.99999999999997
 30
0.0
 11
131.44149499008535
 21
112.99999999999997
 31
0.0
  0
LINE
  5
506
330
17
100
AcDbEntity
  8
GEOMETRY
100
AcDbLine
 10
131.44149499008535
 20
112.99999999999997
 30
0.0
 11
131.32892395152717
 21
112.99999999999997
 31
0.0
  0
LINE
  5
507
330
17
100
AcDbEntity
  8
GEOMETRY
100
AcDbLine
 10
131.32892395152717
 20
112.99999999999997
 30
0.0
 11
131.216352912969
 21
112.99999999999997
 31
0.0
  0
LINE
  5
508
330
17
100
AcDbEntity
  8
GEOMETRY
100
AcDbLine
 10
131.216352912969
 20
112.99999999999997
 30
0.0
 11
131.10378187441083
 21
112.99999999999997
 31
0.0
  0
LINE
  5
509
330
17
100
AcDbEntity
  8
GEOMETRY
100
AcDbLine
 10
131.10378187441083
 20
112.99999999999997
 30
0.0
 11
130.99121083585266
 21
112.99999999999997
 31
0.0
  0
LINE
  5
50A
330
17
100
AcDbEntity
  8
GEOMETRY
100
AcDbLine
 10
130.99121083585266
 20
112.99999999999997
 30
0.0
 11
130.898548228438
 21
112.99999999999997
 31
0.0
  0
LINE
  5
50B
330
17
100
AcDbEntity
  8
GEOMETRY
100
AcDbLine
 10
130.898548228438
 20
112.99999999999997
 30
0.0
 11
130.81384899348075
 21
112.99999999999997
 31
0.0
  0
LINE
  5
50C
330
17
100
AcDbEntity
  8
GEOMETRY
100
AcDbLine
 10
130.81384899348075
 20
112.99999999999997
 30
0.0
 11
130.72914975852348
 21
112.99999999999997
 31
0.0
  0
LINE
  5
50D
330
17
100
AcDbEntity
  8
GEOMETRY
100
AcDbLine
 10
130.72914975852348
 20
112.99999999999997
 30
0.0
 11
130.6444505235662
 21
112.99999999999997
 31
0.0
  0
LINE
  5
50E
330
17
100
AcDbEntity
  8
GEOMETRY
100
AcDbLine
 10
130.6444505235662
 20
112.99999999999997
 30
0.0
 11
130.5643397138825
 21
112.99999999999997
 31
0.0
  0
LINE
  5
50F
330
17
100
AcDbEntity
  8
GEOMETRY
100
AcDbLine
 10
130.5643397138825
 20
112.99999999999997
 30
0.0
 11
130.51175945584012
 21
112.99999999999997
 31
0.0
  0
LINE
  5
510
330
17
100
AcDbEntity
  8
GEOMETRY
100
AcDbLine
 10
130.51175945584012
 20
112.99999999999997
 30
0.0
 11
130.4591791977977
 21
112.99999999999997
 31
0.0
  0
LINE
  5
511
330
17
100
AcDbEntity
  8
GEOMETRY
100
AcDbLine
 10
130.4591791977977
 20
112.99999999999997
 30
0.0
 11
130.40659893975533
 21
112.99999999999997
 31
0.0
  0
LINE
  5
512
330
17
100
AcDbEntity
  8
GEOMETRY
100
AcDbLine
 10
130.40659893975533
 20
112.99999999999997
 30
0.0
 11
130.35401868171294
 21
112.99999999999997
 31
0.0
  0
LINE
  5
513
330
17
100
AcDbEntity
  8
GEOMETRY
100
AcDbLine
 10
130.35401868171294
 20
112.99999999999997
 30
0.0
 11
130.32129874973293
 21
112.99999999999997
 31
0.0
  0
LINE
  5
514
330
17
100
AcDbEntity
  8
GEOMETRY
100
AcDbLine
 10
130.32129874973293
 20
112.99999999999997
 30
0.0
 11
130.3034740622997
 21
112.99999999999997
 31
0.0
  0
LINE
  5
515
330
17
100
AcDbEntity
  8
GEOMETRY
100
AcDbLine
 10
130.3034740622997
 20
112.99999999999997
 30
0.0
 11
130.28564937486647
 21
112.99999999999997
 31
0.0
  0
LINE
  5
516
330
17
100
AcDbEntity
  8
GEOMETRY
100
AcDbLine
 10
130.28564937486647
 20
112.99999999999997
 30
0.0
 11
130.26782468743323
 21
112.99999999999997
 31
0.0
  0
LINE
  5
517
330
17
100
AcDbEntity
  8
GEOMETRY
100
AcDbLine
 10
130.26782468743323
 20
112.99999999999997
 30
0.0
 11
130.25
 21
112.99999999999997
 31
0.0
  0
LINE
  5
518
330
17
100
AcDbEntity
  8
GEOMETRY
100
AcDbLine
 10
130.25
 20
112.99999999999997
 30
0.0
 11
130.26782468743323
 21
112.99999999999997
 31
0.0
  0
LINE
  5
519
330
17
100
AcDbEntity
  8
GEOMETRY
100
AcDbLine
 10
130.26782468743323
 20
112.99999999999997
 30
0.0
 11
130.28564937486647
 21
112.99999999999997
 31
0.0
  0
LINE
  5
51A
330
17
100
AcDbEntity
  8
GEOMETRY
100
AcDbLine
 10
130.28564937486647
 20
112.99999999999997
 30
0.0
 11
130.3034740622997
 21
112.99999999999997
 31
0.0
  0
LINE
  5
51B
330
17
100
AcDbEntity
  8
GEOMETRY
100
AcDbLine
 10
130.3034740622997
 20
112.99999999999997
 30
0.0
 11
130.32129874973293
 21
112.99999999999997
 31
0.0
  0
LINE
  5
51C
330
17
100
AcDbEntity
  8
GEOMETRY
100
AcDbLine
 10
130.32129874973293
 20
112.99999999999997
 30
0.0
 11
130.35401868171294
 21
112.99999999999997
 31
0.0
  0
LINE
  5
51D
330
17
100
AcDbEntity
  8
GEOMETRY
100
AcDbLine
 10
130.35401868171294
 20
112.99999999999997
 30
0.0
 11
130.40659893975533
 21
112.99999999999997
 31
0.0
  0
LINE
  5
51E
330
17
100
AcDbEntity
  8
GEOMETRY
100
AcDbLine
 10
130.40659893975533
 20
112.99999999999997
 30
0.0
 11
130.4591791977977
 21
112.99999999999997
 31
0.0
  0
LINE
  5
51F
330
17
100
AcDbEntity
  8
GEOMETRY
100
AcDbLine
 10
130.4591791977977
 20
112.99999999999997
 30
0.0
 11
130.51175945584012
 21
112.99999999999997
 31
0.0
  0
LINE
  5
520
330
17
100
AcDbEntity
  8
GEOMETRY
100
AcDbLine
 10
130.51175945584012
 20
112.99999999999997
 30
0.0
 11
130.5643397138825
 21
112.99999999999997
 31
0.0
  0
LINE
  5
521
330
17
100
AcDbEntity
  8
GEOMETRY
100
AcDbLine
 10
130.5643397138825
 20
112.99999999999997
 30
0.0
 11
130.6444505235662
 21
112.99999999999997
 31
0.0
  0
LINE
  5
522
330
17
100
AcDbEntity
  8
GEOMETRY
100
AcDbLine
 10
130.6444505235662
 20
112.99999999999997
 30
0.0
 11
130.72914975852348
 21
112.99999999999997
 31
0.0
  0
LINE
  5
523
330
17
100
AcDbEntity
  8
GEOMETRY
100
AcDbLine
 10
130.72914975852348
 20
112.99999999999997
 30
0.0
 11
130.81384899348075
 21
112.99999999999997
 31
0.0
  0
LINE
  5
524
330
17
100
AcDbEntity
  8
GEOMETRY
100
AcDbLine
 10
130.81384899348075
 20
112.99999999999997
 30
0.0
 11
130.898548228438
 21
112.99999999999997
 31
0.0
  0
LINE
  5
525
330
17
100
AcDbEntity
  8
GEOMETRY
100
AcDbLine
 10
130.898548228438
 20
112.99999999999997
 30
0.0
 11
130.99121083585266
 21
112.99999999999997
 31
0.0
  0
LINE
  5
526
330
17
100
AcDbEntity
  8
GEOMETRY
100
AcDbLine
 10
130.99121083585266
 20
112.99999999999997
 30
0.0
 11
131.10378187441083
 21
112.99999999999997
 31
0.0
  0
LINE
  5
527
330
17
100
AcDbEntity
  8
GEOMETRY
100
AcDbLine
 10
131.10378187441083
 20
112.99999999999997
 30
0.0
 11
131.216352912969
 21
112.99999999999997
 31
0.0
  0
LINE
  5
528
330
17
100
AcDbEntity
  8
GEOMETRY
100
AcDbLine
 10
131.216352912969
 20
112.99999999999997
 30
0.0
 11
131.32892395152717
 21
112.99999999999997
 31
0.0
  0
LINE
  5
529
330
17
100
AcDbEntity
  8
GEOMETRY
100
AcDbLine
 10
131.32892395152717
 20
112.99999999999997
 30
0.0
 11
131.44149499008535
 21
112.99999999999997
 31
0.0
  0
LINE
  5
52A
330
17
100
AcDbEntity
  8
GEOMETRY
100
AcDbLine
 10
131.44149499008535
 20
112.99999999999997
 30
0.0
 11
131.56994247269486
 21
112.99999999999997
 31
0.0
  0
LINE
  5
52B
330
17
100
AcDbEntity
  8
GEOMETRY
100
AcDbLine
 10
131.56994247269486
 20
112.99999999999997
 30
0.0
 11
131.70474053292492
 21
112.99999999999997
 31
0.0
  0
LINE
  5
52C
330
17
100
AcDbEntity
  8
GEOMETRY
100
AcDbLine
 10
131.70474053292492
 20
112.99999999999997
 30
0.0
 11
131.83953859315497
 21
112.99999999999997
 31
0.0
  0
LINE
  5
52D
330
17
100
AcDbEntity
  8
GEOMETRY
100
AcDbLine
 10
131.83953859315497
 20
112.99999999999997
 30
0.0
 11
131.97433665338502
 21
112.99999999999997
 31
0.0
  0
LINE
  5
52E
330
17
100
AcDbEntity
  8
GEOMETRY
100
AcDbLine
 10
131.97433665338502
 20
112.99999999999997
 30
0.0
 11
132.11134438276713
 21
112.99999999999997
 31
0.0
  0
LINE
  5
52F
330
17
100
AcDbEntity
  8
GEOMETRY
100
AcDbLine
 10
132.11134438276713
 20
112.99999999999997
 30
0.0
 11
132.26161012706143
 21
112.99999999999997
 31
0.0
  0
LINE
  5
530
330
17
100
AcDbEntity
  8
GEOMETRY
100
AcDbLine
 10
132.26161012706143
 20
112.99999999999997
 30
0.0
 11
132.41187587135576
 21
112.99999999999997
 31
0.0
  0
LINE
  5
531
330
17
100
AcDbEntity
  8
GEOMETRY
100
AcDbLine
 10
132.41187587135576
 20
112.99999999999997
 30
0.0
 11
132.5621416156501
 21
112.99999999999997
 31
0.0
  0
LINE
  5
532
330
17
100
AcDbEntity
  8
GEOMETRY
100
AcDbLine
 10
132.5621416156501
 20
112.99999999999997
 30
0.0
 11
132.7124073599444
 21
112.99999999999997
 31
0.0
  0
LINE
  5
533
330
17
100
AcDbEntity
  8
GEOMETRY
100
AcDbLine
 10
132.7124073599444
 20
112.99999999999997
 30
0.0
 11
132.86720609406171
 21
112.99999999999997
 31
0.0
  0
LINE
  5
534
330
17
100
AcDbEntity
  8
GEOMETRY
100
AcDbLine
 10
132.86720609406171
 20
112.99999999999997
 30
0.0
 11
133.0254045705463
 21
112.99999999999997
 31
0.0
  0
LINE
  5
535
330
17
100
AcDbEntity
  8
GEOMETRY
100
AcDbLine
 10
133.0254045705463
 20
112.99999999999997
 30
0.0
 11
133.18360304703086
 21
112.99999999999997
 31
0.0
  0
LINE
  5
536
330
17
100
AcDbEntity
  8
GEOMETRY
100
AcDbLine
 10
133.18360304703086
 20
112.99999999999997
 30
0.0
 11
133.34180152351541
 21
112.99999999999997
 31
0.0
  0
LINE
  5
537
330
17
100
AcDbEntity
  8
GEOMETRY
100
AcDbLine
 10
133.34180152351541
 20
112.99999999999997
 30
0.0
 11
133.5
 21
112.99999999999997
 31
0.0
  0
LINE
  5
538
330
17
100
AcDbEntity
  8
GEOMETRY
100
AcDbLine
 10
133.5
 20
112.99999999999997
 30
0.0
 11
133.65819847648456
 21
112.99999999999997
 31
0.0
  0
LINE
  5
539
330
17
100
AcDbEntity
  8
GEOMETRY
100
AcDbLine
 10
133.65819847648456
 20
112.99999999999997
 30
0.0
 11
133.81639695296911
 21
112.99999999999997
 31
0.0
  0
LINE
  5
53A
330
17
100
AcDbEntity
  8
GEOMETRY
100
AcDbLine
 10
133.81639695296911
 20
112.99999999999997
 30
0.0
 11
133.9745954294537
 21
112.99999999999997
 31
0.0
  0
LINE
  5
53B
330
17
100
AcDbEntity
  8
GEOMETRY
100
AcDbLine
 10
133.9745954294537
 20
112.99999999999997
 30
0.0
 11
134.13279390593826
 21
112.99999999999997
 31
0.0
  0
LINE
  5
53C
330
17
100
AcDbEntity
  8
GEOMETRY
100
AcDbLine
 10
134.13279390593826
 20
112.99999999999997
 30
0.0
 11
134.28759264005558
 21
112.99999999999997
 31
0.0
  0
LINE
  5
53D
330
17
100
AcDbEntity
  8
GEOMETRY
100
AcDbLine
 10
134.28759264005558
 20
112.99999999999997
 30
0.0
 11
134.4378583843499
 21
112.99999999999997
 31
0.0
  0
LINE
  5
53E
330
17
100
AcDbEntity
  8
GEOMETRY
100
AcDbLine
 10
134.4378583843499
 20
112.99999999999997
 30
0.0
 11
134.5881241286442
 21
112.99999999999997
 31
0.0
  0
LINE
  5
53F
330
17
100
AcDbEntity
  8
GEOMETRY
100
AcDbLine
 10
134.5881241286442
 20
112.99999999999997
 30
0.0
 11
134.73838987293854
 21
112.99999999999997
 31
0.0
  0
LINE
  5
540
330
17
100
AcDbEntity
  8
GEOMETRY
100
AcDbLine
 10
134.73838987293854
 20
112.99999999999997
 30
0.0
 11
134.88865561723287
 21
112.99999999999997
 31
0.0
  0
LINE
  5
541
330
17
100
AcDbEntity
  8
GEOMETRY
100
AcDbLine
 10
134.88865561723287
 20
112.99999999999997
 30
0.0
 11
135.02566334661498
 21
112.99999999999997
 31
0.0
  0
LINE
  5
542
330
17
100
AcDbEntity
  8
GEOMETRY
100
AcDbLine
 10
135.02566334661498
 20
112.99999999999997
 30
0.0
 11
135.160461406845
 21
112.99999999999997
 31
0.0
  0
LINE
  5
543
330
17
100
AcDbEntity
  8
GEOMETRY
100
AcDbLine
 10
135.160461406845
 20
112.99999999999997
 30
0.0
 11
135.29525946707508
 21
112.99999999999997
 31
0.0
  0
LINE
  5
544
330
17
100
AcDbEntity
  8
GEOMETRY
100
AcDbLine
 10
135.29525946707508
 20
112.99999999999997
 30
0.0
 11
135.4300575273051
 21
112.99999999999997
 31
0.0
  0
LINE
  5
545
330
17
100
AcDbEntity
  8
GEOMETRY
100
AcDbLine
 10
135.4300575273051
 20
112.99999999999997
 30
0.0
 11
135.55850500991463
 21
112.99999999999997
 31
0.0
  0
LINE
  5
546
330
17
100
AcDbEntity
  8
GEOMETRY
100
AcDbLine
 10
135.55850500991463
 20
112.99999999999997
 30
0.0
 11
135.6710760484728
 21
112.99999999999997
 31
0.0
  0
LINE
  5
547
330
17
100
AcDbEntity
  8
GEOMETRY
100
AcDbLine
 10
135.6710760484728
 20
112.99999999999997
 30
0.0
 11
135.783647087031
 21
112.99999999999997
 31
0.0
  0
LINE
  5
548
330
17
100
AcDbEntity
  8
GEOMETRY
100
AcDbLine
 10
135.783647087031
 20
112.99999999999997
 30
0.0
 11
135.89621812558914
 21
112.99999999999997
 31
0.0
  0
LINE
  5
549
330
17
100
AcDbEntity
  8
GEOMETRY
100
AcDbLine
 10
135.89621812558914
 20
112.99999999999997
 30
0.0
 11
136.00878916414734
 21
112.99999999999997
 31
0.0
  0
LINE
  5
54A
330
17
100
AcDbEntity
  8
GEOMETRY
100
AcDbLine
 10
136.00878916414734
 20
112.99999999999997
 30
0.0
 11
136.10145177156198
 21
112.99999999999997
 31
0.0
  0
LINE
  5
54B
330
17
100
AcDbEntity
  8
GEOMETRY
100
AcDbLine
 10
136.10145177156198
 20
112.99999999999997
 30
0.0
 11
136.18615100651925
 21
112.99999999999997
 31
0.0
  0
LINE
  5
54C
330
17
100
AcDbEntity
  8
GEOMETRY
100
AcDbLine
 10
136.18615100651925
 20
112.99999999999997
 30
0.0
 11
136.27085024147652
 21
112.99999999999997
 31
0.0
  0
LINE
  5
54D
330
17
100
AcDbEntity
  8
GEOMETRY
100
AcDbLine
 10
136.27085024147652
 20
112.99999999999997
 30
0.0
 11
136.35554947643377
 21
112.99999999999997
 31
0.0
  0
LINE
  5
54E
330
17
100
AcDbEntity
  8
GEOMETRY
100
AcDbLine
 10
136.35554947643377
 20
112.99999999999997
 30
0.0
 11
136.43566028611747
 21
112.99999999999997
 31
0.0
  0
LINE
  5
54F
330
17
100
AcDbEntity
  8
GEOMETRY
100
AcDbLine
 10
136.43566028611747
 20
112.99999999999997
 30
0.0
 11
136.48824054415988
 21
112.99999999999997
 31
0.0
  0
LINE
  5
550
330
17
100
AcDbEntity
  8
GEOMETRY
100
AcDbLine
 10
136.48824054415988
 20
112.99999999999997
 30
0.0
 11
136.54082080220226
 21
112.99999999999997
 31
0.0
  0
LINE
  5
551
330
17
100
AcDbEntity
  8
GEOMETRY
100
AcDbLine
 10
136.54082080220226
 20
112.99999999999997
 30
0.0
 11
136.59340106024464
 21
112.99999999999997
 31
0.0
  0
LINE
  5
552
330
17
100
AcDbEntity
  8
GEOMETRY
100
AcDbLine
 10
136.59340106024464
 20
112.99999999999997
 30
0.0
 11
136.64598131828703
 21
112.99999999999997
 31
0.0
  0
LINE
  5
553
330
17
100
AcDbEntity
  8
GEOMETRY
100
AcDbLine
 10
136.64598131828703
 20
112.99999999999997
 30
0.0
 11
136.67870125026704
 21
112.99999999999997
 31
0.0
  0
LINE
  5
554
330
17
100
AcDbEntity
  8
GEOMETRY
100
AcDbLine
 10
136.67870125026704
 20
112.99999999999997
 30
0.0
 11
136.6965259377003
 21
112.99999999999997
 31
0.0
  0
LINE
  5
555
330
17
100
AcDbEntity
  8
GEOMETRY
100
AcDbLine
 10
136.6965259377003
 20
112.99999999999997
 30
0.0
 11
136.71435062513353
 21
112.99999999999997
 31
0.0
  0
LINE
  5
556
330
17
100
AcDbEntity
  8
GEOMETRY
100
AcDbLine
 10
136.71435062513353
 20
112.99999999999997
 30
0.0
 11
136.73217531256677
 21
112.99999999999997
 31
0.0
  0
LINE
  5
557
330
17
100
AcDbEntity
  8
GEOMETRY
100
AcDbLine
 10
136.73217531256677
 20
112.99999999999997
 30
0.0
 11
136.75
 21
112.99999999999997
 31
0.0
  0
LINE
  5
558
330
17
100
AcDbEntity
  8
GEOMETRY
100
AcDbLine
 10
126.0
 20
112.99999999999997
 30
0.0
 11
126.00275090817169
 21
112.99999999999997
 31
0.0
  0
LINE
  5
559
330
17
100
AcDbEntity
  8
GEOMETRY
100
AcDbLine
 10
126.00275090817169
 20
112.99999999999997
 30
0.0
 11
126.00550181634341
 21
112.99999999999997
 31
0.0
  0
LINE
  5
55A
330
17
100
AcDbEntity
  8
GEOMETRY
100
AcDbLine
 10
126.00550181634341
 20
112.99999999999997
 30
0.0
 11
126.0082527245151
 21
112.99999999999997
 31
0.0
  0
LINE
  5
55B
330
17
100
AcDbEntity
  8
GEOMETRY
100
AcDbLine
 10
126.0082527245151
 20
112.99999999999997
 30
0.0
 11
126.01100363268682
 21
112.99999999999997
 31
0.0
  0
LINE
  5
55C
330
17
100
AcDbEntity
  8
GEOMETRY
100
AcDbLine
 10
126.01100363268682
 20
112.99999999999997
 30
0.0
 11
126.0160976360344
 21
112.99999999999997
 31
0.0
  0
LINE
  5
55D
330
17
100
AcDbEntity
  8
GEOMETRY
100
AcDbLine
 10
126.0160976360344
 20
112.99999999999997
 30
0.0
 11
126.02431576628314
 21
112.99999999999997
 31
0.0
  0
LINE
  5
55E
330
17
100
AcDbEntity
  8
GEOMETRY
100
AcDbLine
 10
126.02431576628314
 20
112.99999999999997
 30
0.0
 11
126.03253389653189
 21
112.99999999999997
 31
0.0
  0
LINE
  5
55F
330
17
100
AcDbEntity
  8
GEOMETRY
100
AcDbLine
 10
126.03253389653189
 20
112.99999999999997
 30
0.0
 11
126.04075202678064
 21
112.99999999999997
 31
0.0
  0
LINE
  5
560
330
17
100
AcDbEntity
  8
GEOMETRY
100
AcDbLine
 10
126.04075202678064
 20
112.99999999999997
 30
0.0
 11
126.04897015702939
 21
112.99999999999997
 31
0.0
  0
LINE
  5
561
330
17
100
AcDbEntity
  8
GEOMETRY
100
AcDbLine
 10
126.04897015702939
 20
112.99999999999997
 30
0.0
 11
126.0617858938389
 21
112.99999999999997
 31
0.0
  0
LINE
  5
562
330
17
100
AcDbEntity
  8
GEOMETRY
100
AcDbLine
 10
126.0617858938389
 20
112.99999999999997
 30
0.0
 11
126.07536789840853
 21
112.99999999999997
 31
0.0
  0
LINE
  5
563
330
17
100
AcDbEntity
  8
GEOMETRY
100
AcDbLine
 10
126.07536789840853
 20
112.99999999999997
 30
0.0
 11
126.08894990297816
 21
112.99999999999997
 31
0.0
  0
LINE
  5
564
330
17
100
AcDbEntity
  8
GEOMETRY
100
AcDbLine
 10
126.08894990297816
 20
112.99999999999997
 30
0.0
 11
126.10253190754781
 21
112.99999999999997
 31
0.0
  0
LINE
  5
565
330
17
100
AcDbEntity
  8
GEOMETRY
100
AcDbLine
 10
126.10253190754781
 20
112.99999999999997
 30
0.0
 11
126.117597647184
 21
112.99999999999997
 31
0.0
  0
LINE
  5
566
330
17
100
AcDbEntity
  8
GEOMETRY
100
AcDbLine
 10
126.117597647184
 20
112.99999999999997
 30
0.0
 11
126.1363727244866
 21
112.99999999999997
 31
0.0
  0
LINE
  5
567
330
17
100
AcDbEntity
  8
GEOMETRY
100
AcDbLine
 10
126.1363727244866
 20
112.99999999999997
 30
0.0
 11
126.15514780178921
 21
112.99999999999997
 31
0.0
  0
LINE
  5
568
330
17
100
AcDbEntity
  8
GEOMETRY
100
AcDbLine
 10
126.15514780178921
 20
112.99999999999997
 30
0.0
 11
126.1739228790918
 21
112.99999999999997
 31
0.0
  0
LINE
  5
569
330
17
100
AcDbEntity
  8
GEOMETRY
100
AcDbLine
 10
126.1739228790918
 20
112.99999999999997
 30
0.0
 11
126.1926979563944
 21
112.99999999999997
 31
0.0
  0
LINE
  5
56A
330
17
100
AcDbEntity
  8
GEOMETRY
100
AcDbLine
 10
126.1926979563944
 20
112.99999999999997
 30
0.0
 11
126.21501372315582
 21
112.99999999999997
 31
0.0
  0
LINE
  5
56B
330
17
100
AcDbEntity
  8
GEOMETRY
100
AcDbLine
 10
126.21501372315582
 20
112.99999999999997
 30
0.0
 11
126.23874576570076
 21
112.99999999999997
 31
0.0
  0
LINE
  5
56C
330
17
100
AcDbEntity
  8
GEOMETRY
100
AcDbLine
 10
126.23874576570076
 20
112.99999999999997
 30
0.0
 11
126.26247780824569
 21
112.99999999999997
 31
0.0
  0
LINE
  5
56D
330
17
100
AcDbEntity
  8
GEOMETRY
100
AcDbLine
 10
126.26247780824569
 20
112.99999999999997
 30
0.0
 11
126.28620985079063
 21
112.99999999999997
 31
0.0
  0
LINE
  5
56E
330
17
100
AcDbEntity
  8
GEOMETRY
100
AcDbLine
 10
126.28620985079063
 20
112.99999999999997
 30
0.0
 11
126.31060739634094
 21
112.99999999999997
 31
0.0
  0
LINE
  5
56F
330
17
100
AcDbEntity
  8
GEOMETRY
100
AcDbLine
 10
126.31060739634094
 20
112.99999999999997
 30
0.0
 11
126.33899795992355
 21
112.99999999999997
 31
0.0
  0
LINE
  5
570
330
17
100
AcDbEntity
  8
GEOMETRY
100
AcDbLine
 10
126.33899795992355
 20
112.99999999999997
 30
0.0
 11
126.36738852350616
 21
112.99999999999997
 31
0.0
  0
LINE
  5
571
330
17
100
AcDbEntity
  8
GEOMETRY
100
AcDbLine
 10
126.36738852350616
 20
112.99999999999997
 30
0.0
 11
126.39577908708878
 21
112.99999999999997
 31
0.0
  0
LINE
  5
572
330
17
100
AcDbEntity
  8
GEOMETRY
100
AcDbLine
 10
126.39577908708878
 20
112.99999999999997
 30
0.0
 11
126.42416965067139
 21
112.99999999999997
 31
0.0
  0
LINE
  5
573
330
17
100
AcDbEntity
  8
GEOMETRY
100
AcDbLine
 10
126.42416965067139
 20
112.99999999999997
 30
0.0
 11
126.45501821038431
 21
112.99999999999997
 31
0.0
  0
LINE
  5
574
330
17
100
AcDbEntity
  8
GEOMETRY
100
AcDbLine
 10
126.45501821038431
 20
112.99999999999997
 30
0.0
 11
126.48771026719496
 21
112.99999999999997
 31
0.0
  0
LINE
  5
575
330
17
100
AcDbEntity
  8
GEOMETRY
100
AcDbLine
 10
126.48771026719496
 20
112.99999999999997
 30
0.0
 11
126.5204023240056
 21
112.99999999999997
 31
0.0
  0
LINE
  5
576
330
17
100
AcDbEntity
  8
GEOMETRY
100
AcDbLine
 10
126.5204023240056
 20
112.99999999999997
 30
0.0
 11
126.55309438081625
 21
112.99999999999997
 31
0.0
  0
LINE
  5
577
330
17
100
AcDbEntity
  8
GEOMETRY
100
AcDbLine
 10
126.55309438081625
 20
112.99999999999997
 30
0.0
 11
126.5857864376269
 21
112.99999999999997
 31
0.0
  0
LINE
  5
578
330
17
100
AcDbEntity
  8
GEOMETRY
100
AcDbLine
 10
126.5857864376269
 20
112.99999999999997
 30
0.0
 11
126.62236886608281
 21
112.99999999999997
 31
0.0
  0
LINE
  5
579
330
17
100
AcDbEntity
  8
GEOMETRY
100
AcDbLine
 10
126.62236886608281
 20
112.99999999999997
 30
0.0
 11
126.65895129453874
 21
112.99999999999997
 31
0.0
  0
LINE
  5
57A
330
17
100
AcDbEntity
  8
GEOMETRY
100
AcDbLine
 10
126.65895129453874
 20
112.99999999999997
 30
0.0
 11
126.69553372299465
 21
112.99999999999997
 31
0.0
  0
LINE
  5
57B
330
17
100
AcDbEntity
  8
GEOMETRY
100
AcDbLine
 10
126.69553372299465
 20
112.99999999999997
 30
0.0
 11
126.73211615145057
 21
112.99999999999997
 31
0.0
  0
LINE
  5
57C
330
17
100
AcDbEntity
  8
GEOMETRY
100
AcDbLine
 10
126.73211615145057
 20
112.99999999999997
 30
0.0
 11
126.77016871978441
 21
112.99999999999997
 31
0.0
  0
LINE
  5
57D
330
17
100
AcDbEntity
  8
GEOMETRY
100
AcDbLine
 10
126.77016871978441
 20
112.99999999999997
 30
0.0
 11
126.81018147462214
 21
112.99999999999997
 31
0.0
  0
LINE
  5
57E
330
17
100
AcDbEntity
  8
GEOMETRY
100
AcDbLine
 10
126.81018147462214
 20
112.99999999999997
 30
0.0
 11
126.85019422945989
 21
112.99999999999997
 31
0.0
  0
LINE
  5
57F
330
17
100
AcDbEntity
  8
GEOMETRY
100
AcDbLine
 10
126.85019422945989
 20
112.99999999999997
 30
0.0
 11
126.89020698429762
 21
112.99999999999997
 31
0.0
  0
LINE
  5
580
330
17
100
AcDbEntity
  8
GEOMETRY
100
AcDbLine
 10
126.89020698429762
 20
112.99999999999997
 30
0.0
 11
126.93021973913537
 21
112.99999999999997
 31
0.0
  0
LINE
  5
581
330
17
100
AcDbEntity
  8
GEOMETRY
100
AcDbLine
 10
126.93021973913537
 20
112.99999999999997
 30
0.0
 11
126.97274147349349
 21
112.99999999999997
 31
0.0
  0
LINE
  5
582
330
17
100
AcDbEntity
  8
GEOMETRY
100
AcDbLine
 10
126.97274147349349
 20
112.99999999999997
 30
0.0
 11
127.01568137110502
 21
112.99999999999997
 31
0.0
  0
LINE
  5
583
330
17
100
AcDbEntity
  8
GEOMETRY
100
AcDbLine
 10
127.01568137110502
 20
112.99999999999997
 30
0.0
 11
127.05862126871654
 21
112.99999999999997
 31
0.0
  0
LINE
  5
584
330
17
100
AcDbEntity
  8
GEOMETRY
100
AcDbLine
 10
127.05862126871654
 20
112.99999999999997
 30
0.0
 11
127.10156116632807
 21
112.99999999999997
 31
0.0
  0
LINE
  5
585
330
17
100
AcDbEntity
  8
GEOMETRY
100
AcDbLine
 10
127.10156116632807
 20
112.99999999999997
 30
0.0
 11
127.14518310641017
 21
112.99999999999997
 31
0.0
  0
LINE
  5
586
330
17
100
AcDbEntity
  8
GEOMETRY
100
AcDbLine
 10
127.14518310641017
 20
112.99999999999997
 30
0.0
 11
127.19051015266872
 21
112.99999999999997
 31
0.0
  0
LINE
  5
587
330
17
100
AcDbEntity
  8
GEOMETRY
100
AcDbLine
 10
127.19051015266872
 20
112.99999999999997
 30
0.0
 11
127.23583719892727
 21
112.99999999999997
 31
0.0
  0
LINE
  5
588
330
17
100
AcDbEntity
  8
GEOMETRY
100
AcDbLine
 10
127.23583719892727
 20
112.99999999999997
 30
0.0
 11
127.2811642451858
 21
112.99999999999997
 31
0.0
  0
LINE
  5
589
330
17
100
AcDbEntity
  8
GEOMETRY
100
AcDbLine
 10
127.2811642451858
 20
112.99999999999997
 30
0.0
 11
127.32649129144437
 21
112.99999999999997
 31
0.0
  0
LINE
  5
58A
330
17
100
AcDbEntity
  8
GEOMETRY
100
AcDbLine
 10
127.32649129144437
 20
112.99999999999997
 30
0.0
 11
127.3731162910893
 21
112.99999999999997
 31
0.0
  0
LINE
  5
58B
330
17
100
AcDbEntity
  8
GEOMETRY
100
AcDbLine
 10
127.3731162910893
 20
112.99999999999997
 30
0.0
 11
127.4202604720888
 21
112.99999999999997
 31
0.0
  0
LINE
  5
58C
330
17
100
AcDbEntity
  8
GEOMETRY
100
AcDbLine
 10
127.4202604720888
 20
112.99999999999997
 30
0.0
 11
127.4674046530883
 21
112.99999999999997
 31
0.0
  0
LINE
  5
58D
330
17
100
AcDbEntity
  8
GEOMETRY
100
AcDbLine
 10
127.4674046530883
 20
112.99999999999997
 30
0.0
 11
127.5145488340878
 21
112.99999999999997
 31
0.0
  0
LINE
  5
58E
330
17
100
AcDbEntity
  8
GEOMETRY
100
AcDbLine
 10
127.5145488340878
 20
112.99999999999997
 30
0.0
 11
127.56186791070317
 21
112.99999999999997
 31
0.0
  0
LINE
  5
58F
330
17
100
AcDbEntity
  8
GEOMETRY
100
AcDbLine
 10
127.56186791070317
 20
112.99999999999997
 30
0.0
 11
127.61023636101388
 21
112.99999999999997
 31
0.0
  0
LINE
  5
590
330
17
100
AcDbEntity
  8
GEOMETRY
100
AcDbLine
 10
127.61023636101388
 20
112.99999999999997
 30
0.0
 11
127.65860481132455
 21
112.99999999999997
 31
0.0
  0
LINE
  5
591
330
17
100
AcDbEntity
  8
GEOMETRY
100
AcDbLine
 10
127.65860481132455
 20
112.99999999999997
 30
0.0
 11
127.70697326163526
 21
112.99999999999997
 31
0.0
  0
LINE
  5
592
330
17
100
AcDbEntity
  8
GEOMETRY
100
AcDbLine
 10
127.70697326163526
 20
112.99999999999997
 30
0.0
 11
127.75534171194593
 21
112.99999999999997
 31
0.0
  0
LINE
  5
593
330
17
100
AcDbEntity
  8
GEOMETRY
100
AcDbLine
 10
127.75534171194593
 20
112.99999999999997
 30
0.0
 11
127.80406216681921
 21
112.99999999999997
 31
0.0
  0
LINE
  5
594
330
17
100
AcDbEntity
  8
GEOMETRY
100
AcDbLine
 10
127.80406216681921
 20
112.99999999999997
 30
0.0
 11
127.8530466251144
 21
112.99999999999997
 31
0.0
  0
LINE
  5
595
330
17
100
AcDbEntity
  8
GEOMETRY
100
AcDbLine
 10
127.8530466251144
 20
112.99999999999997
 30
0.0
 11
127.9020310834096
 21
112.99999999999997
 31
0.0
  0
LINE
  5
596
330
17
100
AcDbEntity
  8
GEOMETRY
100
AcDbLine
 10
127.9020310834096
 20
112.99999999999997
 30
0.0
 11
127.9510155417048
 21
112.99999999999997
 31
0.0
  0
LINE
  5
597
330
17
100
AcDbEntity
  8
GEOMETRY
100
AcDbLine
 10
127.9510155417048
 20
112.99999999999997
 30
0.0
 11
128.0
 21
112.99999999999997
 31
0.0
  0
LINE
  5
598
330
17
100
AcDbEntity
  8
GEOMETRY
100
AcDbLine
 10
128.0
 20
112.99999999999997
 30
0.0
 11
199.0
 21
112.99999999999997
 31
0.0
  0
LINE
  5
599
330
17
100
AcDbEntity
  8
GEOMETRY
100
AcDbLine
 10
199.0
 20
112.99999999999997
 30
0.0
 11
199.0489844582952
 21
112.99999999999997
 31
0.0
  0
LINE
  5
59A
330
17
100
AcDbEntity
  8
GEOMETRY
100
AcDbLine
 10
199.0489844582952
 20
112.99999999999997
 30
0.0
 11
199.0979689165904
 21
112.99999999999997
 31
0.0
  0
LINE
  5
59B
330
17
100
AcDbEntity
  8
GEOMETRY
100
AcDbLine
 10
199.0979689165904
 20
112.99999999999997
 30
0.0
 11
199.14695337488558
 21
112.99999999999997
 31
0.0
  0
LINE
  5
59C
330
17
100
AcDbEntity
  8
GEOMETRY
100
AcDbLine
 10
199.14695337488558
 20
112.99999999999997
 30
0.0
 11
199.19593783318078
 21
112.99999999999997
 31
0.0
  0
LINE
  5
59D
330
17
100
AcDbEntity
  8
GEOMETRY
100
AcDbLine
 10
199.19593783318078
 20
112.99999999999997
 30
0.0
 11
199.24465828805404
 21
112.99999999999997
 31
0.0
  0
LINE
  5
59E
330
17
100
AcDbEntity
  8
GEOMETRY
100
AcDbLine
 10
199.24465828805404
 20
112.99999999999997
 30
0.0
 11
199.29302673836474
 21
112.99999999999997
 31
0.0
  0
LINE
  5
59F
330
17
100
AcDbEntity
  8
GEOMETRY
100
AcDbLine
 10
199.29302673836474
 20
112.99999999999997
 30
0.0
 11
199.34139518867542
 21
112.99999999999997
 31
0.0
  0
LINE
  5
5A0
330
17
100
AcDbEntity
  8
GEOMETRY
100
AcDbLine
 10
199.34139518867542
 20
112.99999999999997
 30
0.0
 11
199.38976363898612
 21
112.99999999999997
 31
0.0
  0
LINE
  5
5A1
330
17
100
AcDbEntity
  8
GEOMETRY
100
AcDbLine
 10
199.38976363898612
 20
112.99999999999997
 30
0.0
 11
199.4381320892968
 21
112.99999999999997
 31
0.0
  0
LINE
  5
5A2
330
17
100
AcDbEntity
  8
GEOMETRY
100
AcDbLine
 10
199.4381320892968
 20
112.99999999999997
 30
0.0
 11
199.4854511659122
 21
112.99999999999997
 31
0.0
  0
LINE
  5
5A3
330
17
100
AcDbEntity
  8
GEOMETRY
100
AcDbLine
 10
199.4854511659122
 20
112.99999999999997
 30
0.0
 11
199.5325953469117
 21
112.99999999999997
 31
0.0
  0
LINE
  5
5A4
330
17
100
AcDbEntity
  8
GEOMETRY
100
AcDbLine
 10
199.5325953469117
 20
112.99999999999997
 30
0.0
 11
199.5797395279112
 21
112.99999999999997
 31
0.0
  0
LINE
  5
5A5
330
17
100
AcDbEntity
  8
GEOMETRY
100
AcDbLine
 10
199.5797395279112
 20
112.99999999999997
 30
0.0
 11
199.62688370891067
 21
112.99999999999997
 31
0.0
  0
LINE
  5
5A6
330
17
100
AcDbEntity
  8
GEOMETRY
100
AcDbLine
 10
199.62688370891067
 20
112.99999999999997
 30
0.0
 11
199.67350870855563
 21
112.99999999999997
 31
0.0
  0
LINE
  5
5A7
330
17
100
AcDbEntity
  8
GEOMETRY
100
AcDbLine
 10
199.67350870855563
 20
112.99999999999997
 30
0.0
 11
199.71883575481417
 21
112.99999999999997
 31
0.0
  0
LINE
  5
5A8
330
17
100
AcDbEntity
  8
GEOMETRY
100
AcDbLine
 10
199.71883575481417
 20
112.99999999999997
 30
0.0
 11
199.76416280107273
 21
112.99999999999997
 31
0.0
  0
LINE
  5
5A9
330
17
100
AcDbEntity
  8
GEOMETRY
100
AcDbLine
 10
199.76416280107273
 20
112.99999999999997
 30
0.0
 11
199.80948984733126
 21
112.99999999999997
 31
0.0
  0
LINE
  5
5AA
330
17
100
AcDbEntity
  8
GEOMETRY
100
AcDbLine
 10
199.80948984733126
 20
112.99999999999997
 30
0.0
 11
199.85481689358983
 21
112.99999999999997
 31
0.0
  0
LINE
  5
5AB
330
17
100
AcDbEntity
  8
GEOMETRY
100
AcDbLine
 10
199.85481689358983
 20
112.99999999999997
 30
0.0
 11
199.89843883367192
 21
112.99999999999997
 31
0.0
  0
LINE
  5
5AC
330
17
100
AcDbEntity
  8
GEOMETRY
100
AcDbLine
 10
199.89843883367192
 20
112.99999999999997
 30
0.0
 11
199.94137873128346
 21
112.99999999999997
 31
0.0
  0
LINE
  5
5AD
330
17
100
AcDbEntity
  8
GEOMETRY
100
AcDbLine
 10
199.94137873128346
 20
112.99999999999997
 30
0.0
 11
199.98431862889498
 21
112.99999999999997
 31
0.0
  0
LINE
  5
5AE
330
17
100
AcDbEntity
  8
GEOMETRY
100
AcDbLine
 10
199.98431862889498
 20
112.99999999999997
 30
0.0
 11
200.0272585265065
 21
112.99999999999997
 31
0.0
  0
LINE
  5
5AF
330
17
100
AcDbEntity
  8
GEOMETRY
100
AcDbLine
 10
200.0272585265065
 20
112.99999999999997
 30
0.0
 11
200.06978026086463
 21
112.99999999999997
 31
0.0
  0
LINE
  5
5B0
330
17
100
AcDbEntity
  8
GEOMETRY
100
AcDbLine
 10
200.06978026086463
 20
112.99999999999997
 30
0.0
 11
200.10979301570237
 21
112.99999999999997
 31
0.0
  0
LINE
  5
5B1
330
17
100
AcDbEntity
  8
GEOMETRY
100
AcDbLine
 10
200.10979301570237
 20
112.99999999999997
 30
0.0
 11
200.1498057705401
 21
112.99999999999997
 31
0.0
  0
LINE
  5
5B2
330
17
100
AcDbEntity
  8
GEOMETRY
100
AcDbLine
 10
200.1498057705401
 20
112.99999999999997
 30
0.0
 11
200.18981852537783
 21
112.99999999999997
 31
0.0
  0
LINE
  5
5B3
330
17
100
AcDbEntity
  8
GEOMETRY
100
AcDbLine
 10
200.18981852537783
 20
112.99999999999997
 30
0.0
 11
200.2298312802156
 21
112.99999999999997
 31
0.0
  0
LINE
  5
5B4
330
17
100
AcDbEntity
  8
GEOMETRY
100
AcDbLine
 10
200.2298312802156
 20
112.99999999999997
 30
0.0
 11
200.26788384854942
 21
112.99999999999997
 31
0.0
  0
LINE
  5
5B5
330
17
100
AcDbEntity
  8
GEOMETRY
100
AcDbLine
 10
200.26788384854942
 20
112.99999999999997
 30
0.0
 11
200.30446627700533
 21
112.99999999999997
 31
0.0
  0
LINE
  5
5B6
330
17
100
AcDbEntity
  8
GEOMETRY
100
AcDbLine
 10
200.30446627700533
 20
112.99999999999997
 30
0.0
 11
200.34104870546125
 21
112.99999999999997
 31
0.0
  0
LINE
  5
5B7
330
17
100
AcDbEntity
  8
GEOMETRY
100
AcDbLine
 10
200.34104870546125
 20
112.99999999999997
 30
0.0
 11
200.3776311339172
 21
112.99999999999997
 31
0.0
  0
LINE
  5
5B8
330
17
100
AcDbEntity
  8
GEOMETRY
100
AcDbLine
 10
200.3776311339172
 20
112.99999999999997
 30
0.0
 11
200.4142135623731
 21
112.99999999999997
 31
0.0
  0
LINE
  5
5B9
330
17
100
AcDbEntity
  8
GEOMETRY
100
AcDbLine
 10
200.4142135623731
 20
112.99999999999997
 30
0.0
 11
200.44690561918372
 21
112.99999999999997
 31
0.0
  0
LINE
  5
5BA
330
17
100
AcDbEntity
  8
GEOMETRY
100
AcDbLine
 10
200.44690561918372
 20
112.99999999999997
 30
0.0
 11
200.4795976759944
 21
112.99999999999997
 31
0.0
  0
LINE
  5
5BB
330
17
100
AcDbEntity
  8
GEOMETRY
100
AcDbLine
 10
200.4795976759944
 20
112.99999999999997
 30
0.0
 11
200.51228973280504
 21
112.99999999999997
 31
0.0
  0
LINE
  5
5BC
330
17
100
AcDbEntity
  8
GEOMETRY
100
AcDbLine
 10
200.51228973280504
 20
112.99999999999997
 30
0.0
 11
200.5449817896157
 21
112.99999999999997
 31
0.0
  0
LINE
  5
5BD
330
17
100
AcDbEntity
  8
GEOMETRY
100
AcDbLine
 10
200.5449817896157
 20
112.99999999999997
 30
0.0
 11
200.5758303493286
 21
112.99999999999997
 31
0.0
  0
LINE
  5
5BE
330
17
100
AcDbEntity
  8
GEOMETRY
100
AcDbLine
 10
200.5758303493286
 20
112.99999999999997
 30
0.0
 11
200.60422091291122
 21
112.99999999999997
 31
0.0
  0
LINE
  5
5BF
330
17
100
AcDbEntity
  8
GEOMETRY
100
AcDbLine
 10
200.60422091291122
 20
112.99999999999997
 30
0.0
 11
200.63261147649382
 21
112.99999999999997
 31
0.0
  0
LINE
  5
5C0
330
17
100
AcDbEntity
  8
GEOMETRY
100
AcDbLine
 10
200.63261147649382
 20
112.99999999999997
 30
0.0
 11
200.66100204007643
 21
112.99999999999997
 31
0.0
  0
LINE
  5
5C1
330
17
100
AcDbEntity
  8
GEOMETRY
100
AcDbLine
 10
200.66100204007643
 20
112.99999999999997
 30
0.0
 11
200.68939260365906
 21
112.99999999999997
 31
0.0
  0
LINE
  5
5C2
330
17
100
AcDbEntity
  8
GEOMETRY
100
AcDbLine
 10
200.68939260365906
 20
112.99999999999997
 30
0.0
 11
200.71379014920936
 21
112.99999999999997
 31
0.0
  0
LINE
  5
5C3
330
17
100
AcDbEntity
  8
GEOMETRY
100
AcDbLine
 10
200.71379014920936
 20
112.99999999999997
 30
0.0
 11
200.7375221917543
 21
112.99999999999997
 31
0.0
  0
LINE
  5
5C4
330
17
100
AcDbEntity
  8
GEOMETRY
100
AcDbLine
 10
200.7375221917543
 20
112.99999999999997
 30
0.0
 11
200.76125423429923
 21
112.99999999999997
 31
0.0
  0
LINE
  5
5C5
330
17
100
AcDbEntity
  8
GEOMETRY
100
AcDbLine
 10
200.76125423429923
 20
112.99999999999997
 30
0.0
 11
200.78498627684417
 21
112.99999999999997
 31
0.0
  0
LINE
  5
5C6
330
17
100
AcDbEntity
  8
GEOMETRY
100
AcDbLine
 10
200.78498627684417
 20
112.99999999999997
 30
0.0
 11
200.8073020436056
 21
112.99999999999997
 31
0.0
  0
LINE
  5
5C7
330
17
100
AcDbEntity
  8
GEOMETRY
100
AcDbLine
 10
200.8073020436056
 20
112.99999999999997
 30
0.0
 11
200.8260771209082
 21
112.99999999999997
 31
0.0
  0
LINE
  5
5C8
330
17
100
AcDbEntity
  8
GEOMETRY
100
AcDbLine
 10
200.8260771209082
 20
112.99999999999997
 30
0.0
 11
200.8448521982108
 21
112.99999999999997
 31
0.0
  0
LINE
  5
5C9
330
17
100
AcDbEntity
  8
GEOMETRY
100
AcDbLine
 10
200.8448521982108
 20
112.99999999999997
 30
0.0
 11
200.8636272755134
 21
112.99999999999997
 31
0.0
  0
LINE
  5
5CA
330
17
100
AcDbEntity
  8
GEOMETRY
100
AcDbLine
 10
200.8636272755134
 20
112.99999999999997
 30
0.0
 11
200.882402352816
 21
112.99999999999997
 31
0.0
  0
LINE
  5
5CB
330
17
100
AcDbEntity
  8
GEOMETRY
100
AcDbLine
 10
200.882402352816
 20
112.99999999999997
 30
0.0
 11
200.8974680924522
 21
112.99999999999997
 31
0.0
  0
LINE
  5
5CC
330
17
100
AcDbEntity
  8
GEOMETRY
100
AcDbLine
 10
200.8974680924522
 20
112.99999999999997
 30
0.0
 11
200.91105009702184
 21
112.99999999999997
 31
0.0
  0
LINE
  5
5CD
330
17
100
AcDbEntity
  8
GEOMETRY
100
AcDbLine
 10
200.91105009702184
 20
112.99999999999997
 30
0.0
 11
200.92463210159147
 21
112.99999999999997
 31
0.0
  0
LINE
  5
5CE
330
17
100
AcDbEntity
  8
GEOMETRY
100
AcDbLine
 10
200.92463210159147
 20
112.99999999999997
 30
0.0
 11
200.9382141061611
 21
112.99999999999997
 31
0.0
  0
LINE
  5
5CF
330
17
100
AcDbEntity
  8
GEOMETRY
100
AcDbLine
 10
200.9382141061611
 20
112.99999999999997
 30
0.0
 11
200.95102984297063
 21
112.99999999999997
 31
0.0
  0
LINE
  5
5D0
330
17
100
AcDbEntity
  8
GEOMETRY
100
AcDbLine
 10
200.95102984297063
 20
112.99999999999997
 30
0.0
 11
200.95924797321936
 21
112.99999999999997
 31
0.0
  0
LINE
  5
5D1
330
17
100
AcDbEntity
  8
GEOMETRY
100
AcDbLine
 10
200.95924797321936
 20
112.99999999999997
 30
0.0
 11
200.9674661034681
 21
112.99999999999997
 31
0.0
  0
LINE
  5
5D2
330
17
100
AcDbEntity
  8
GEOMETRY
100
AcDbLine
 10
200.9674661034681
 20
112.99999999999997
 30
0.0
 11
200.97568423371683
 21
112.99999999999997
 31
0.0
  0
LINE
  5
5D3
330
17
100
AcDbEntity
  8
GEOMETRY
100
AcDbLine
 10
200.97568423371683
 20
112.99999999999997
 30
0.0
 11
200.9839023639656
 21
112.99999999999997
 31
0.0
  0
LINE
  5
5D4
330
17
100
AcDbEntity
  8
GEOMETRY
100
AcDbLine
 10
200.9839023639656
 20
112.99999999999997
 30
0.0
 11
200.98899636731318
 21
112.99999999999997
 31
0.0
  0
LINE
  5
5D5
330
17
100
AcDbEntity
  8
GEOMETRY
100
AcDbLine
 10
200.98899636731318
 20
112.99999999999997
 30
0.0
 11
200.9917472754849
 21
112.99999999999997
 31
0.0
  0
LINE
  5
5D6
330
17
100
AcDbEntity
  8
GEOMETRY
100
AcDbLine
 10
200.9917472754849
 20
112.99999999999997
 30
0.0
 11
200.9944981836566
 21
112.99999999999997
 31
0.0
  0
LINE
  5
5D7
330
17
100
AcDbEntity
  8
GEOMETRY
100
AcDbLine
 10
200.9944981836566
 20
112.99999999999997
 30
0.0
 11
200.99724909182828
 21
112.99999999999997
 31
0.0
  0
LINE
  5
5D8
330
17
100
AcDbEntity
  8
GEOMETRY
100
AcDbLine
 10
200.99724909182828
 20
112.99999999999997
 30
0.0
 11
201.0
 21
112.99999999999997
 31
0.0
  0
LINE
  5
5D9
330
17
100
AcDbEntity
  8
GEOMETRY
100
AcDbLine
 10
201.0
 20
112.99999999999997
 30
0.0
 11
126.0
 21
112.99999999999997
 31
0.0
  0
LINE
  5
5DA
330
17
100
AcDbEntity
  8
GEOMETRY
100
AcDbLine
 10
196.75
 20
110.99999999999997
 30
0.0
 11
196.73217531256677
 21
110.99999999999997
 31
0.0
  0
LINE
  5
5DB
330
17
100
AcDbEntity
  8
GEOMETRY
100
AcDbLine
 10
196.73217531256677
 20
110.99999999999997
 30
0.0
 11
196.71435062513353
 21
110.99999999999997
 31
0.0
  0
LINE
  5
5DC
330
17
100
AcDbEntity
  8
GEOMETRY
100
AcDbLine
 10
196.71435062513353
 20
110.99999999999997
 30
0.0
 11
196.6965259377003
 21
110.99999999999997
 31
0.0
  0
LINE
  5
5DD
330
17
100
AcDbEntity
  8
GEOMETRY
100
AcDbLine
 10
196.6965259377003
 20
110.99999999999997
 30
0.0
 11
196.67870125026707
 21
110.99999999999997
 31
0.0
  0
LINE
  5
5DE
330
17
100
AcDbEntity
  8
GEOMETRY
100
AcDbLine
 10
196.67870125026707
 20
110.99999999999997
 30
0.0
 11
196.64598131828703
 21
110.99999999999997
 31
0.0
  0
LINE
  5
5DF
330
17
100
AcDbEntity
  8
GEOMETRY
100
AcDbLine
 10
196.64598131828703
 20
110.99999999999997
 30
0.0
 11
196.59340106024464
 21
110.99999999999997
 31
0.0
  0
LINE
  5
5E0
330
17
100
AcDbEntity
  8
GEOMETRY
100
AcDbLine
 10
196.59340106024464
 20
110.99999999999997
 30
0.0
 11
196.54082080220226
 21
110.99999999999997
 31
0.0
  0
LINE
  5
5E1
330
17
100
AcDbEntity
  8
GEOMETRY
100
AcDbLine
 10
196.54082080220226
 20
110.99999999999997
 30
0.0
 11
196.48824054415988
 21
110.99999999999997
 31
0.0
  0
LINE
  5
5E2
330
17
100
AcDbEntity
  8
GEOMETRY
100
AcDbLine
 10
196.48824054415988
 20
110.99999999999997
 30
0.0
 11
196.43566028611747
 21
110.99999999999997
 31
0.0
  0
LINE
  5
5E3
330
17
100
AcDbEntity
  8
GEOMETRY
100
AcDbLine
 10
196.43566028611747
 20
110.99999999999997
 30
0.0
 11
196.35554947643377
 21
110.99999999999997
 31
0.0
  0
LINE
  5
5E4
330
17
100
AcDbEntity
  8
GEOMETRY
100
AcDbLine
 10
196.35554947643377
 20
110.99999999999997
 30
0.0
 11
196.27085024147652
 21
110.99999999999997
 31
0.0
  0
LINE
  5
5E5
330
17
100
AcDbEntity
  8
GEOMETRY
100
AcDbLine
 10
196.27085024147652
 20
110.99999999999997
 30
0.0
 11
196.18615100651925
 21
110.99999999999997
 31
0.0
  0
LINE
  5
5E6
330
17
100
AcDbEntity
  8
GEOMETRY
100
AcDbLine
 10
196.18615100651925
 20
110.99999999999997
 30
0.0
 11
196.10145177156198
 21
110.99999999999997
 31
0.0
  0
LINE
  5
5E7
330
17
100
AcDbEntity
  8
GEOMETRY
100
AcDbLine
 10
196.10145177156198
 20
110.99999999999997
 30
0.0
 11
196.00878916414734
 21
110.99999999999997
 31
0.0
  0
LINE
  5
5E8
330
17
100
AcDbEntity
  8
GEOMETRY
100
AcDbLine
 10
196.00878916414734
 20
110.99999999999997
 30
0.0
 11
195.89621812558914
 21
110.99999999999997
 31
0.0
  0
LINE
  5
5E9
330
17
100
AcDbEntity
  8
GEOMETRY
100
AcDbLine
 10
195.89621812558914
 20
110.99999999999997
 30
0.0
 11
195.783647087031
 21
110.99999999999997
 31
0.0
  0
LINE
  5
5EA
330
17
100
AcDbEntity
  8
GEOMETRY
100
AcDbLine
 10
195.783647087031
 20
110.99999999999997
 30
0.0
 11
195.6710760484728
 21
110.99999999999997
 31
0.0
  0
LINE
  5
5EB
330
17
100
AcDbEntity
  8
GEOMETRY
100
AcDbLine
 10
195.6710760484728
 20
110.99999999999997
 30
0.0
 11
195.55850500991465
 21
110.99999999999997
 31
0.0
  0
LINE
  5
5EC
330
17
100
AcDbEntity
  8
GEOMETRY
100
AcDbLine
 10
195.55850500991465
 20
110.99999999999997
 30
0.0
 11
195.4300575273051
 21
110.99999999999997
 31
0.0
  0
LINE
  5
5ED
330
17
100
AcDbEntity
  8
GEOMETRY
100
AcDbLine
 10
195.4300575273051
 20
110.99999999999997
 30
0.0
 11
195.29525946707508
 21
110.99999999999997
 31
0.0
  0
LINE
  5
5EE
330
17
100
AcDbEntity
  8
GEOMETRY
100
AcDbLine
 10
195.29525946707508
 20
110.99999999999997
 30
0.0
 11
195.160461406845
 21
110.99999999999997
 31
0.0
  0
LINE
  5
5EF
330
17
100
AcDbEntity
  8
GEOMETRY
100
AcDbLine
 10
195.160461406845
 20
110.99999999999997
 30
0.0
 11
195.02566334661498
 21
110.99999999999997
 31
0.0
  0
LINE
  5
5F0
330
17
100
AcDbEntity
  8
GEOMETRY
100
AcDbLine
 10
195.02566334661498
 20
110.99999999999997
 30
0.0
 11
194.88865561723287
 21
110.99999999999997
 31
0.0
  0
LINE
  5
5F1
330
17
100
AcDbEntity
  8
GEOMETRY
100
AcDbLine
 10
194.88865561723287
 20
110.99999999999997
 30
0.0
 11
194.73838987293854
 21
110.99999999999997
 31
0.0
  0
LINE
  5
5F2
330
17
100
AcDbEntity
  8
GEOMETRY
100
AcDbLine
 10
194.73838987293854
 20
110.99999999999997
 30
0.0
 11
194.5881241286442
 21
110.99999999999997
 31
0.0
  0
LINE
  5
5F3
330
17
100
AcDbEntity
  8
GEOMETRY
100
AcDbLine
 10
194.5881241286442
 20
110.99999999999997
 30
0.0
 11
194.4378583843499
 21
110.99999999999997
 31
0.0
  0
LINE
  5
5F4
330
17
100
AcDbEntity
  8
GEOMETRY
100
AcDbLine
 10
194.4378583843499
 20
110.99999999999997
 30
0.0
 11
194.28759264005558
 21
110.99999999999997
 31
0.0
  0
LINE
  5
5F5
330
17
100
AcDbEntity
  8
GEOMETRY
100
AcDbLine
 10
194.28759264005558
 20
110.99999999999997
 30
0.0
 11
194.13279390593826
 21
110.99999999999997
 31
0.0
  0
LINE
  5
5F6
330
17
100
AcDbEntity
  8
GEOMETRY
100
AcDbLine
 10
194.13279390593826
 20
110.99999999999997
 30
0.0
 11
193.9745954294537
 21
110.99999999999997
 31
0.0
  0
LINE
  5
5F7
330
17
100
AcDbEntity
  8
GEOMETRY
100
AcDbLine
 10
193.9745954294537
 20
110.99999999999997
 30
0.0
 11
193.81639695296911
 21
110.99999999999997
 31
0.0
  0
LINE
  5
5F8
330
17
100
AcDbEntity
  8
GEOMETRY
100
AcDbLine
 10
193.81639695296911
 20
110.99999999999997
 30
0.0
 11
193.65819847648456
 21
110.99999999999997
 31
0.0
  0
LINE
  5
5F9
330
17
100
AcDbEntity
  8
GEOMETRY
100
AcDbLine
 10
193.65819847648456
 20
110.99999999999997
 30
0.0
 11
193.5
 21
110.99999999999997
 31
0.0
  0
LINE
  5
5FA
330
17
100
AcDbEntity
  8
GEOMETRY
100
AcDbLine
 10
193.5
 20
110.99999999999997
 30
0.0
 11
193.34180152351541
 21
110.99999999999997
 31
0.0
  0
LINE
  5
5FB
330
17
100
AcDbEntity
  8
GEOMETRY
100
AcDbLine
 10
193.34180152351541
 20
110.99999999999997
 30
0.0
 11
193.18360304703086
 21
110.99999999999997
 31
0.0
  0
LINE
  5
5FC
330
17
100
AcDbEntity
  8
GEOMETRY
100
AcDbLine
 10
193.18360304703086
 20
110.99999999999997
 30
0.0
 11
193.0254045705463
 21
110.99999999999997
 31
0.0
  0
LINE
  5
5FD
330
17
100
AcDbEntity
  8
GEOMETRY
100
AcDbLine
 10
193.0254045705463
 20
110.99999999999997
 30
0.0
 11
192.86720609406171
 21
110.99999999999997
 31
0.0
  0
LINE
  5
5FE
330
17
100
AcDbEntity
  8
GEOMETRY
100
AcDbLine
 10
192.86720609406171
 20
110.99999999999997
 30
0.0
 11
192.7124073599444
 21
110.99999999999997
 31
0.0
  0
LINE
  5
5FF
330
17
100
AcDbEntity
  8
GEOMETRY
100
AcDbLine
 10
192.7124073599444
 20
110.99999999999997
 30
0.0
 11
192.5621416156501
 21
110.99999999999997
 31
0.0
  0
LINE
  5
600
330
17
100
AcDbEntity
  8
GEOMETRY
100
AcDbLine
 10
192.5621416156501
 20
110.99999999999997
 30
0.0
 11
192.41187587135576
 21
110.99999999999997
 31
0.0
  0
LINE
  5
601
330
17
100
AcDbEntity
  8
GEOMETRY
100
AcDbLine
 10
192.41187587135576
 20
110.99999999999997
 30
0.0
 11
192.26161012706143
 21
110.99999999999997
 31
0.0
  0
LINE
  5
602
330
17
100
AcDbEntity
  8
GEOMETRY
100
AcDbLine
 10
192.26161012706143
 20
110.99999999999997
 30
0.0
 11
192.11134438276713
 21
110.99999999999997
 31
0.0
  0
LINE
  5
603
330
17
100
AcDbEntity
  8
GEOMETRY
100
AcDbLine
 10
192.11134438276713
 20
110.99999999999997
 30
0.0
 11
191.97433665338502
 21
110.99999999999997
 31
0.0
  0
LINE
  5
604
330
17
100
AcDbEntity
  8
GEOMETRY
100
AcDbLine
 10
191.97433665338502
 20
110.99999999999997
 30
0.0
 11
191.83953859315497
 21
110.99999999999997
 31
0.0
  0
LINE
  5
605
330
17
100
AcDbEntity
  8
GEOMETRY
100
AcDbLine
 10
191.83953859315497
 20
110.99999999999997
 30
0.0
 11
191.70474053292492
 21
110.99999999999997
 31
0.0
  0
LINE
  5
606
330
17
100
AcDbEntity
  8
GEOMETRY
100
AcDbLine
 10
191.70474053292492
 20
110.99999999999997
 30
0.0
 11
191.56994247269486
 21
110.99999999999997
 31
0.0
  0
LINE
  5
607
330
17
100
AcDbEntity
  8
GEOMETRY
100
AcDbLine
 10
191.56994247269486
 20
110.99999999999997
 30
0.0
 11
191.44149499008535
 21
110.99999999999997
 31
0.0
  0
LINE
  5
608
330
17
100
AcDbEntity
  8
GEOMETRY
100
AcDbLine
 10
191.44149499008535
 20
110.99999999999997
 30
0.0
 11
191.32892395152717
 21
110.99999999999997
 31
0.0
  0
LINE
  5
609
330
17
100
AcDbEntity
  8
GEOMETRY
100
AcDbLine
 10
191.32892395152717
 20
110.99999999999997
 30
0.0
 11
191.216352912969
 21
110.99999999999997
 31
0.0
  0
LINE
  5
60A
330
17
100
AcDbEntity
  8
GEOMETRY
100
AcDbLine
 10
191.216352912969
 20
110.99999999999997
 30
0.0
 11
191.10378187441083
 21
110.99999999999997
 31
0.0
  0
LINE
  5
60B
330
17
100
AcDbEntity
  8
GEOMETRY
100
AcDbLine
 10
191.10378187441083
 20
110.99999999999997
 30
0.0
 11
190.99121083585266
 21
110.99999999999997
 31
0.0
  0
LINE
  5
60C
330
17
100
AcDbEntity
  8
GEOMETRY
100
AcDbLine
 10
190.99121083585266
 20
110.99999999999997
 30
0.0
 11
190.898548228438
 21
110.99999999999997
 31
0.0
  0
LINE
  5
60D
330
17
100
AcDbEntity
  8
GEOMETRY
100
AcDbLine
 10
190.898548228438
 20
110.99999999999997
 30
0.0
 11
190.81384899348075
 21
110.99999999999997
 31
0.0
  0
LINE
  5
60E
330
17
100
AcDbEntity
  8
GEOMETRY
100
AcDbLine
 10
190.81384899348075
 20
110.99999999999997
 30
0.0
 11
190.72914975852348
 21
110.99999999999997
 31
0.0
  0
LINE
  5
60F
330
17
100
AcDbEntity
  8
GEOMETRY
100
AcDbLine
 10
190.72914975852348
 20
110.99999999999997
 30
0.0
 11
190.6444505235662
 21
110.99999999999997
 31
0.0
  0
LINE
  5
610
330
17
100
AcDbEntity
  8
GEOMETRY
100
AcDbLine
 10
190.6444505235662
 20
110.99999999999997
 30
0.0
 11
190.5643397138825
 21
110.99999999999997
 31
0.0
  0
LINE
  5
611
330
17
100
AcDbEntity
  8
GEOMETRY
100
AcDbLine
 10
190.5643397138825
 20
110.99999999999997
 30
0.0
 11
190.51175945584012
 21
110.99999999999997
 31
0.0
  0
LINE
  5
612
330
17
100
AcDbEntity
  8
GEOMETRY
100
AcDbLine
 10
190.51175945584012
 20
110.99999999999997
 30
0.0
 11
190.4591791977977
 21
110.99999999999997
 31
0.0
  0
LINE
  5
613
330
17
100
AcDbEntity
  8
GEOMETRY
100
AcDbLine
 10
190.4591791977977
 20
110.99999999999997
 30
0.0
 11
190.40659893975533
 21
110.99999999999997
 31
0.0
  0
LINE
  5
614
330
17
100
AcDbEntity
  8
GEOMETRY
100
AcDbLine
 10
190.40659893975533
 20
110.99999999999997
 30
0.0
 11
190.35401868171294
 21
110.99999999999997
 31
0.0
  0
LINE
  5
615
330
17
100
AcDbEntity
  8
GEOMETRY
100
AcDbLine
 10
190.35401868171294
 20
110.99999999999997
 30
0.0
 11
190.32129874973293
 21
110.99999999999997
 31
0.0
  0
LINE
  5
616
330
17
100
AcDbEntity
  8
GEOMETRY
100
AcDbLine
 10
190.32129874973293
 20
110.99999999999997
 30
0.0
 11
190.3034740622997
 21
110.99999999999997
 31
0.0
  0
LINE
  5
617
330
17
100
AcDbEntity
  8
GEOMETRY
100
AcDbLine
 10
190.3034740622997
 20
110.99999999999997
 30
0.0
 11
190.28564937486647
 21
110.99999999999997
 31
0.0
  0
LINE
  5
618
330
17
100
AcDbEntity
  8
GEOMETRY
100
AcDbLine
 10
190.28564937486647
 20
110.99999999999997
 30
0.0
 11
190.26782468743323
 21
110.99999999999997
 31
0.0
  0
LINE
  5
619
330
17
100
AcDbEntity
  8
GEOMETRY
100
AcDbLine
 10
190.26782468743323
 20
110.99999999999997
 30
0.0
 11
190.25
 21
110.99999999999997
 31
0.0
  0
LINE
  5
61A
330
17
100
AcDbEntity
  8
GEOMETRY
100
AcDbLine
 10
190.25
 20
110.99999999999997
 30
0.0
 11
190.26782468743323
 21
110.99999999999997
 31
0.0
  0
LINE
  5
61B
330
17
100
AcDbEntity
  8
GEOMETRY
100
AcDbLine
 10
190.26782468743323
 20
110.99999999999997
 30
0.0
 11
190.28564937486647
 21
110.99999999999997
 31
0.0
  0
LINE
  5
61C
330
17
100
AcDbEntity
  8
GEOMETRY
100
AcDbLine
 10
190.28564937486647
 20
110.99999999999997
 30
0.0
 11
190.3034740622997
 21
110.99999999999997
 31
0.0
  0
LINE
  5
61D
330
17
100
AcDbEntity
  8
GEOMETRY
100
AcDbLine
 10
190.3034740622997
 20
110.99999999999997
 30
0.0
 11
190.32129874973293
 21
110.99999999999997
 31
0.0
  0
LINE
  5
61E
330
17
100
AcDbEntity
  8
GEOMETRY
100
AcDbLine
 10
190.32129874973293
 20
110.99999999999997
 30
0.0
 11
190.35401868171294
 21
110.99999999999997
 31
0.0
  0
LINE
  5
61F
330
17
100
AcDbEntity
  8
GEOMETRY
100
AcDbLine
 10
190.35401868171294
 20
110.99999999999997
 30
0.0
 11
190.40659893975533
 21
110.99999999999997
 31
0.0
  0
LINE
  5
620
330
17
100
AcDbEntity
  8
GEOMETRY
100
AcDbLine
 10
190.40659893975533
 20
110.99999999999997
 30
0.0
 11
190.4591791977977
 21
110.99999999999997
 31
0.0
  0
LINE
  5
621
330
17
100
AcDbEntity
  8
GEOMETRY
100
AcDbLine
 10
190.4591791977977
 20
110.99999999999997
 30
0.0
 11
190.51175945584012
 21
110.99999999999997
 31
0.0
  0
LINE
  5
622
330
17
100
AcDbEntity
  8
GEOMETRY
100
AcDbLine
 10
190.51175945584012
 20
110.99999999999997
 30
0.0
 11
190.5643397138825
 21
110.99999999999997
 31
0.0
  0
LINE
  5
623
330
17
100
AcDbEntity
  8
GEOMETRY
100
AcDbLine
 10
190.5643397138825
 20
110.99999999999997
 30
0.0
 11
190.6444505235662
 21
110.99999999999997
 31
0.0
  0
LINE
  5
624
330
17
100
AcDbEntity
  8
GEOMETRY
100
AcDbLine
 10
190.6444505235662
 20
110.99999999999997
 30
0.0
 11
190.72914975852348
 21
110.99999999999997
 31
0.0
  0
LINE
  5
625
330
17
100
AcDbEntity
  8
GEOMETRY
100
AcDbLine
 10
190.72914975852348
 20
110.99999999999997
 30
0.0
 11
190.81384899348075
 21
110.99999999999997
 31
0.0
  0
LINE
  5
626
330
17
100
AcDbEntity
  8
GEOMETRY
100
AcDbLine
 10
190.81384899348075
 20
110.99999999999997
 30
0.0
 11
190.898548228438
 21
110.99999999999997
 31
0.0
  0
LINE
  5
627
330
17
100
AcDbEntity
  8
GEOMETRY
100
AcDbLine
 10
190.898548228438
 20
110.99999999999997
 30
0.0
 11
190.99121083585266
 21
110.99999999999997
 31
0.0
  0
LINE
  5
628
330
17
100
AcDbEntity
  8
GEOMETRY
100
AcDbLine
 10
190.99121083585266
 20
110.99999999999997
 30
0.0
 11
191.10378187441083
 21
110.99999999999997
 31
0.0
  0
LINE
  5
629
330
17
100
AcDbEntity
  8
GEOMETRY
100
AcDbLine
 10
191.10378187441083
 20
110.99999999999997
 30
0.0
 11
191.216352912969
 21
110.99999999999997
 31
0.0
  0
LINE
  5
62A
330
17
100
AcDbEntity
  8
GEOMETRY
100
AcDbLine
 10
191.216352912969
 20
110.99999999999997
 30
0.0
 11
191.32892395152717
 21
110.99999999999997
 31
0.0
  0
LINE
  5
62B
330
17
100
AcDbEntity
  8
GEOMETRY
100
AcDbLine
 10
191.32892395152717
 20
110.99999999999997
 30
0.0
 11
191.44149499008535
 21
110.99999999999997
 31
0.0
  0
LINE
  5
62C
330
17
100
AcDbEntity
  8
GEOMETRY
100
AcDbLine
 10
191.44149499008535
 20
110.99999999999997
 30
0.0
 11
191.56994247269486
 21
110.99999999999997
 31
0.0
  0
LINE
  5
62D
330
17
100
AcDbEntity
  8
GEOMETRY
100
AcDbLine
 10
191.56994247269486
 20
110.99999999999997
 30
0.0
 11
191.70474053292492
 21
110.99999999999997
 31
0.0
  0
LINE
  5
62E
330
17
100
AcDbEntity
  8
GEOMETRY
100
AcDbLine
 10
191.70474053292492
 20
110.99999999999997
 30
0.0
 11
191.83953859315497
 21
110.99999999999997
 31
0.0
  0
LINE
  5
62F
330
17
100
AcDbEntity
  8
GEOMETRY
100
AcDbLine
 10
191.83953859315497
 20
110.99999999999997
 30
0.0
 11
191.97433665338502
 21
110.99999999999997
 31
0.0
  0
LINE
  5
630
330
17
100
AcDbEntity
  8
GEOMETRY
100
AcDbLine
 10
191.97433665338502
 20
110.99999999999997
 30
0.0
 11
192.11134438276713
 21
110.99999999999997
 31
0.0
  0
LINE
  5
631
330
17
100
AcDbEntity
  8
GEOMETRY
100
AcDbLine
 10
192.11134438276713
 20
110.99999999999997
 30
0.0
 11
192.26161012706143
 21
110.99999999999997
 31
0.0
  0
LINE
  5
632
330
17
100
AcDbEntity
  8
GEOMETRY
100
AcDbLine
 10
192.26161012706143
 20
110.99999999999997
 30
0.0
 11
192.41187587135576
 21
110.99999999999997
 31
0.0
  0
LINE
  5
633
330
17
100
AcDbEntity
  8
GEOMETRY
100
AcDbLine
 10
192.41187587135576
 20
110.99999999999997
 30
0.0
 11
192.5621416156501
 21
110.99999999999997
 31
0.0
  0
LINE
  5
634
330
17
100
AcDbEntity
  8
GEOMETRY
100
AcDbLine
 10
192.5621416156501
 20
110.99999999999997
 30
0.0
 11
192.7124073599444
 21
110.99999999999997
 31
0.0
  0
LINE
  5
635
330
17
100
AcDbEntity
  8
GEOMETRY
100
AcDbLine
 10
192.7124073599444
 20
110.99999999999997
 30
0.0
 11
192.86720609406171
 21
110.99999999999997
 31
0.0
  0
LINE
  5
636
330
17
100
AcDbEntity
  8
GEOMETRY
100
AcDbLine
 10
192.86720609406171
 20
110.99999999999997
 30
0.0
 11
193.0254045705463
 21
110.99999999999997
 31
0.0
  0
LINE
  5
637
330
17
100
AcDbEntity
  8
GEOMETRY
100
AcDbLine
 10
193.0254045705463
 20
110.99999999999997
 30
0.0
 11
193.18360304703086
 21
110.99999999999997
 31
0.0
  0
LINE
  5
638
330
17
100
AcDbEntity
  8
GEOMETRY
100
AcDbLine
 10
193.18360304703086
 20
110.99999999999997
 30
0.0
 11
193.34180152351541
 21
110.99999999999997
 31
0.0
  0
LINE
  5
639
330
17
100
AcDbEntity
  8
GEOMETRY
100
AcDbLine
 10
193.34180152351541
 20
110.99999999999997
 30
0.0
 11
193.5
 21
110.99999999999997
 31
0.0
  0
LINE
  5
63A
330
17
100
AcDbEntity
  8
GEOMETRY
100
AcDbLine
 10
193.5
 20
110.99999999999997
 30
0.0
 11
193.65819847648456
 21
110.99999999999997
 31
0.0
  0
LINE
  5
63B
330
17
100
AcDbEntity
  8
GEOMETRY
100
AcDbLine
 10
193.65819847648456
 20
110.99999999999997
 30
0.0
 11
193.81639695296911
 21
110.99999999999997
 31
0.0
  0
LINE
  5
63C
330
17
100
AcDbEntity
  8
GEOMETRY
100
AcDbLine
 10
193.81639695296911
 20
110.99999999999997
 30
0.0
 11
193.9745954294537
 21
110.99999999999997
 31
0.0
  0
LINE
  5
63D
330
17
100
AcDbEntity
  8
GEOMETRY
100
AcDbLine
 10
193.9745954294537
 20
110.99999999999997
 30
0.0
 11
194.13279390593826
 21
110.99999999999997
 31
0.0
  0
LINE
  5
63E
330
17
100
AcDbEntity
  8
GEOMETRY
100
AcDbLine
 10
194.13279390593826
 20
110.99999999999997
 30
0.0
 11
194.28759264005558
 21
110.99999999999997
 31
0.0
  0
LINE
  5
63F
330
17
100
AcDbEntity
  8
GEOMETRY
100
AcDbLine
 10
194.28759264005558
 20
110.99999999999997
 30
0.0
 11
194.4378583843499
 21
110.99999999999997
 31
0.0
  0
LINE
  5
640
330
17
100
AcDbEntity
  8
GEOMETRY
100
AcDbLine
 10
194.4378583843499
 20
110.99999999999997
 30
0.0
 11
194.5881241286442
 21
110.99999999999997
 31
0.0
  0
LINE
  5
641
330
17
100
AcDbEntity
  8
GEOMETRY
100
AcDbLine
 10
194.5881241286442
 20
110.99999999999997
 30
0.0
 11
194.73838987293854
 21
110.99999999999997
 31
0.0
  0
LINE
  5
642
330
17
100
AcDbEntity
  8
GEOMETRY
100
AcDbLine
 10
194.73838987293854
 20
110.99999999999997
 30
0.0
 11
194.88865561723287
 21
110.99999999999997
 31
0.0
  0
LINE
  5
643
330
17
100
AcDbEntity
  8
GEOMETRY
100
AcDbLine
 10
194.88865561723287
 20
110.99999999999997
 30
0.0
 11
195.02566334661498
 21
110.99999999999997
 31
0.0
  0
LINE
  5
644
330
17
100
AcDbEntity
  8
GEOMETRY
100
AcDbLine
 10
195.02566334661498
 20
110.99999999999997
 30
0.0
 11
195.160461406845
 21
110.99999999999997
 31
0.0
  0
LINE
  5
645
330
17
100
AcDbEntity
  8
GEOMETRY
100
AcDbLine
 10
195.160461406845
 20
110.99999999999997
 30
0.0
 11
195.29525946707508
 21
110.99999999999997
 31
0.0
  0
LINE
  5
646
330
17
100
AcDbEntity
  8
GEOMETRY
100
AcDbLine
 10
195.29525946707508
 20
110.99999999999997
 30
0.0
 11
195.4300575273051
 21
110.99999999999997
 31
0.0
  0
LINE
  5
647
330
17
100
AcDbEntity
  8
GEOMETRY
100
AcDbLine
 10
195.4300575273051
 20
110.99999999999997
 30
0.0
 11
195.55850500991465
 21
110.99999999999997
 31
0.0
  0
LINE
  5
648
330
17
100
AcDbEntity
  8
GEOMETRY
100
AcDbLine
 10
195.55850500991465
 20
110.99999999999997
 30
0.0
 11
195.6710760484728
 21
110.99999999999997
 31
0.0
  0
LINE
  5
649
330
17
100
AcDbEntity
  8
GEOMETRY
100
AcDbLine
 10
195.6710760484728
 20
110.99999999999997
 30
0.0
 11
195.783647087031
 21
110.99999999999997
 31
0.0
  0
LINE
  5
64A
330
17
100
AcDbEntity
  8
GEOMETRY
100
AcDbLine
 10
195.783647087031
 20
110.99999999999997
 30
0.0
 11
195.89621812558914
 21
110.99999999999997
 31
0.0
  0
LINE
  5
64B
330
17
100
AcDbEntity
  8
GEOMETRY
100
AcDbLine
 10
195.89621812558914
 20
110.99999999999997
 30
0.0
 11
196.00878916414734
 21
110.99999999999997
 31
0.0
  0
LINE
  5
64C
330
17
100
AcDbEntity
  8
GEOMETRY
100
AcDbLine
 10
196.00878916414734
 20
110.99999999999997
 30
0.0
 11
196.10145177156198
 21
110.99999999999997
 31
0.0
  0
LINE
  5
64D
330
17
100
AcDbEntity
  8
GEOMETRY
100
AcDbLine
 10
196.10145177156198
 20
110.99999999999997
 30
0.0
 11
196.18615100651925
 21
110.99999999999997
 31
0.0
  0
LINE
  5
64E
330
17
100
AcDbEntity
  8
GEOMETRY
100
AcDbLine
 10
196.18615100651925
 20
110.99999999999997
 30
0.0
 11
196.27085024147652
 21
110.99999999999997
 31
0.0
  0
LINE
  5
64F
330
17
100
AcDbEntity
  8
GEOMETRY
100
AcDbLine
 10
196.27085024147652
 20
110.99999999999997
 30
0.0
 11
196.35554947643377
 21
110.99999999999997
 31
0.0
  0
LINE
  5
650
330
17
100
AcDbEntity
  8
GEOMETRY
100
AcDbLine
 10
196.35554947643377
 20
110.99999999999997
 30
0.0
 11
196.43566028611747
 21
110.99999999999997
 31
0.0
  0
LINE
  5
651
330
17
100
AcDbEntity
  8
GEOMETRY
100
AcDbLine
 10
196.43566028611747
 20
110.99999999999997
 30
0.0
 11
196.48824054415988
 21
110.99999999999997
 31
0.0
  0
LINE
  5
652
330
17
100
AcDbEntity
  8
GEOMETRY
100
AcDbLine
 10
196.48824054415988
 20
110.99999999999997
 30
0.0
 11
196.54082080220226
 21
110.99999999999997
 31
0.0
  0
LINE
  5
653
330
17
100
AcDbEntity
  8
GEOMETRY
100
AcDbLine
 10
196.54082080220226
 20
110.99999999999997
 30
0.0
 11
196.59340106024464
 21
110.99999999999997
 31
0.0
  0
LINE
  5
654
330
17
100
AcDbEntity
  8
GEOMETRY
100
AcDbLine
 10
196.59340106024464
 20
110.99999999999997
 30
0.0
 11
196.64598131828703
 21
110.99999999999997
 31
0.0
  0
LINE
  5
655
330
17
100
AcDbEntity
  8
GEOMETRY
100
AcDbLine
 10
196.64598131828703
 20
110.99999999999997
 30
0.0
 11
196.67870125026707
 21
110.99999999999997
 31
0.0
  0
LINE
  5
656
330
17
100
AcDbEntity
  8
GEOMETRY
100
AcDbLine
 10
196.67870125026707
 20
110.99999999999997
 30
0.0
 11
196.6965259377003
 21
110.99999999999997
 31
0.0
  0
LINE
  5
657
330
17
100
AcDbEntity
  8
GEOMETRY
100
AcDbLine
 10
196.6965259377003
 20
110.99999999999997
 30
0.0
 11
196.71435062513353
 21
110.99999999999997
 31
0.0
  0
LINE
  5
658
330
17
100
AcDbEntity
  8
GEOMETRY
100
AcDbLine
 10
196.71435062513353
 20
110.99999999999997
 30
0.0
 11
196.73217531256677
 21
110.99999999999997
 31
0.0
  0
LINE
  5
659
330
17
100
AcDbEntity
  8
GEOMETRY
100
AcDbLine
 10
196.73217531256677
 20
110.99999999999997
 30
0.0
 11
196.75
 21
110.99999999999997
 31
0.0
  0
LINE
  5
65A
330
17
100
AcDbEntity
  8
GEOMETRY
100
AcDbLine
 10
136.75
 20
110.99999999999997
 30
0.0
 11
136.73217531256677
 21
110.99999999999997
 31
0.0
  0
LINE
  5
65B
330
17
100
AcDbEntity
  8
GEOMETRY
100
AcDbLine
 10
136.73217531256677
 20
110.99999999999997
 30
0.0
 11
136.71435062513353
 21
110.99999999999997
 31
0.0
  0
LINE
  5
65C
330
17
100
AcDbEntity
  8
GEOMETRY
100
AcDbLine
 10
136.71435062513353
 20
110.99999999999997
 30
0.0
 11
136.6965259377003
 21
110.99999999999997
 31
0.0
  0
LINE
  5
65D
330
17
100
AcDbEntity
  8
GEOMETRY
100
AcDbLine
 10
136.6965259377003
 20
110.99999999999997
 30
0.0
 11
136.67870125026707
 21
110.99999999999997
 31
0.0
  0
LINE
  5
65E
330
17
100
AcDbEntity
  8
GEOMETRY
100
AcDbLine
 10
136.67870125026707
 20
110.99999999999997
 30
0.0
 11
136.64598131828703
 21
110.99999999999997
 31
0.0
  0
LINE
  5
65F
330
17
100
AcDbEntity
  8
GEOMETRY
100
AcDbLine
 10
136.64598131828703
 20
110.99999999999997
 30
0.0
 11
136.59340106024464
 21
110.99999999999997
 31
0.0
  0
LINE
  5
660
330
17
100
AcDbEntity
  8
GEOMETRY
100
AcDbLine
 10
136.59340106024464
 20
110.99999999999997
 30
0.0
 11
136.54082080220226
 21
110.99999999999997
 31
0.0
  0
LINE
  5
661
330
17
100
AcDbEntity
  8
GEOMETRY
100
AcDbLine
 10
136.54082080220226
 20
110.99999999999997
 30
0.0
 11
136.48824054415988
 21
110.99999999999997
 31
0.0
  0
LINE
  5
662
330
17
100
AcDbEntity
  8
GEOMETRY
100
AcDbLine
 10
136.48824054415988
 20
110.99999999999997
 30
0.0
 11
136.4356602861175
 21
110.99999999999997
 31
0.0
  0
LINE
  5
663
330
17
100
AcDbEntity
  8
GEOMETRY
100
AcDbLine
 10
136.4356602861175
 20
110.99999999999997
 30
0.0
 11
136.35554947643377
 21
110.99999999999997
 31
0.0
  0
LINE
  5
664
330
17
100
AcDbEntity
  8
GEOMETRY
100
AcDbLine
 10
136.35554947643377
 20
110.99999999999997
 30
0.0
 11
136.27085024147652
 21
110.99999999999997
 31
0.0
  0
LINE
  5
665
330
17
100
AcDbEntity
  8
GEOMETRY
100
AcDbLine
 10
136.27085024147652
 20
110.99999999999997
 30
0.0
 11
136.18615100651925
 21
110.99999999999997
 31
0.0
  0
LINE
  5
666
330
17
100
AcDbEntity
  8
GEOMETRY
100
AcDbLine
 10
136.18615100651925
 20
110.99999999999997
 30
0.0
 11
136.10145177156198
 21
110.99999999999997
 31
0.0
  0
LINE
  5
667
330
17
100
AcDbEntity
  8
GEOMETRY
100
AcDbLine
 10
136.10145177156198
 20
110.99999999999997
 30
0.0
 11
136.00878916414732
 21
110.99999999999997
 31
0.0
  0
LINE
  5
668
330
17
100
AcDbEntity
  8
GEOMETRY
100
AcDbLine
 10
136.00878916414732
 20
110.99999999999997
 30
0.0
 11
135.89621812558914
 21
110.99999999999997
 31
0.0
  0
LINE
  5
669
330
17
100
AcDbEntity
  8
GEOMETRY
100
AcDbLine
 10
135.89621812558914
 20
110.99999999999997
 30
0.0
 11
135.783647087031
 21
110.99999999999997
 31
0.0
  0
LINE
  5
66A
330
17
100
AcDbEntity
  8
GEOMETRY
100
AcDbLine
 10
135.783647087031
 20
110.99999999999997
 30
0.0
 11
135.6710760484728
 21
110.99999999999997
 31
0.0
  0
LINE
  5
66B
330
17
100
AcDbEntity
  8
GEOMETRY
100
AcDbLine
 10
135.6710760484728
 20
110.99999999999997
 30
0.0
 11
135.55850500991465
 21
110.99999999999997
 31
0.0
  0
LINE
  5
66C
330
17
100
AcDbEntity
  8
GEOMETRY
100
AcDbLine
 10
135.55850500991465
 20
110.99999999999997
 30
0.0
 11
135.4300575273051
 21
110.99999999999997
 31
0.0
  0
LINE
  5
66D
330
17
100
AcDbEntity
  8
GEOMETRY
100
AcDbLine
 10
135.4300575273051
 20
110.99999999999997
 30
0.0
 11
135.29525946707508
 21
110.99999999999997
 31
0.0
  0
LINE
  5
66E
330
17
100
AcDbEntity
  8
GEOMETRY
100
AcDbLine
 10
135.29525946707508
 20
110.99999999999997
 30
0.0
 11
135.160461406845
 21
110.99999999999997
 31
0.0
  0
LINE
  5
66F
330
17
100
AcDbEntity
  8
GEOMETRY
100
AcDbLine
 10
135.160461406845
 20
110.99999999999997
 30
0.0
 11
135.02566334661498
 21
110.99999999999997
 31
0.0
  0
LINE
  5
670
330
17
100
AcDbEntity
  8
GEOMETRY
100
AcDbLine
 10
135.02566334661498
 20
110.99999999999997
 30
0.0
 11
134.88865561723287
 21
110.99999999999997
 31
0.0
  0
LINE
  5
671
330
17
100
AcDbEntity
  8
GEOMETRY
100
AcDbLine
 10
134.88865561723287
 20
110.99999999999997
 30
0.0
 11
134.73838987293854
 21
110.99999999999997
 31
0.0
  0
LINE
  5
672
330
17
100
AcDbEntity
  8
GEOMETRY
100
AcDbLine
 10
134.73838987293854
 20
110.99999999999997
 30
0.0
 11
134.5881241286442
 21
110.99999999999997
 31
0.0
  0
LINE
  5
673
330
17
100
AcDbEntity
  8
GEOMETRY
100
AcDbLine
 10
134.5881241286442
 20
110.99999999999997
 30
0.0
 11
134.4378583843499
 21
110.99999999999997
 31
0.0
  0
LINE
  5
674
330
17
100
AcDbEntity
  8
GEOMETRY
100
AcDbLine
 10
134.4378583843499
 20
110.99999999999997
 30
0.0
 11
134.28759264005558
 21
110.99999999999997
 31
0.0
  0
LINE
  5
675
330
17
100
AcDbEntity
  8
GEOMETRY
100
AcDbLine
 10
134.28759264005558
 20
110.99999999999997
 30
0.0
 11
134.13279390593826
 21
110.99999999999997
 31
0.0
  0
LINE
  5
676
330
17
100
AcDbEntity
  8
GEOMETRY
100
AcDbLine
 10
134.13279390593826
 20
110.99999999999997
 30
0.0
 11
133.9745954294537
 21
110.99999999999997
 31
0.0
  0
LINE
  5
677
330
17
100
AcDbEntity
  8
GEOMETRY
100
AcDbLine
 10
133.9745954294537
 20
110.99999999999997
 30
0.0
 11
133.81639695296911
 21
110.99999999999997
 31
0.0
  0
LINE
  5
678
330
17
100
AcDbEntity
  8
GEOMETRY
100
AcDbLine
 10
133.81639695296911
 20
110.99999999999997
 30
0.0
 11
133.65819847648456
 21
110.99999999999997
 31
0.0
  0
LINE
  5
679
330
17
100
AcDbEntity
  8
GEOMETRY
100
AcDbLine
 10
133.65819847648456
 20
110.99999999999997
 30
0.0
 11
133.5
 21
110.99999999999997
 31
0.0
  0
LINE
  5
67A
330
17
100
AcDbEntity
  8
GEOMETRY
100
AcDbLine
 10
133.5
 20
110.99999999999997
 30
0.0
 11
133.34180152351541
 21
110.99999999999997
 31
0.0
  0
LINE
  5
67B
330
17
100
AcDbEntity
  8
GEOMETRY
100
AcDbLine
 10
133.34180152351541
 20
110.99999999999997
 30
0.0
 11
133.18360304703086
 21
110.99999999999997
 31
0.0
  0
LINE
  5
67C
330
17
100
AcDbEntity
  8
GEOMETRY
100
AcDbLine
 10
133.18360304703086
 20
110.99999999999997
 30
0.0
 11
133.0254045705463
 21
110.99999999999997
 31
0.0
  0
LINE
  5
67D
330
17
100
AcDbEntity
  8
GEOMETRY
100
AcDbLine
 10
133.0254045705463
 20
110.99999999999997
 30
0.0
 11
132.86720609406171
 21
110.99999999999997
 31
0.0
  0
LINE
  5
67E
330
17
100
AcDbEntity
  8
GEOMETRY
100
AcDbLine
 10
132.86720609406171
 20
110.99999999999997
 30
0.0
 11
132.7124073599444
 21
110.99999999999997
 31
0.0
  0
LINE
  5
67F
330
17
100
AcDbEntity
  8
GEOMETRY
100
AcDbLine
 10
132.7124073599444
 20
110.99999999999997
 30
0.0
 11
132.5621416156501
 21
110.99999999999997
 31
0.0
  0
LINE
  5
680
330
17
100
AcDbEntity
  8
GEOMETRY
100
AcDbLine
 10
132.5621416156501
 20
110.99999999999997
 30
0.0
 11
132.41187587135576
 21
110.99999999999997
 31
0.0
  0
LINE
  5
681
330
17
100
AcDbEntity
  8
GEOMETRY
100
AcDbLine
 10
132.41187587135576
 20
110.99999999999997
 30
0.0
 11
132.26161012706143
 21
110.99999999999997
 31
0.0
  0
LINE
  5
682
330
17
100
AcDbEntity
  8
GEOMETRY
100
AcDbLine
 10
132.26161012706143
 20
110.99999999999997
 30
0.0
 11
132.11134438276713
 21
110.99999999999997
 31
0.0
  0
LINE
  5
683
330
17
100
AcDbEntity
  8
GEOMETRY
100
AcDbLine
 10
132.11134438276713
 20
110.99999999999997
 30
0.0
 11
131.97433665338502
 21
110.99999999999997
 31
0.0
  0
LINE
  5
684
330
17
100
AcDbEntity
  8
GEOMETRY
100
AcDbLine
 10
131.97433665338502
 20
110.99999999999997
 30
0.0
 11
131.83953859315497
 21
110.99999999999997
 31
0.0
  0
LINE
  5
685
330
17
100
AcDbEntity
  8
GEOMETRY
100
AcDbLine
 10
131.83953859315497
 20
110.99999999999997
 30
0.0
 11
131.70474053292492
 21
110.99999999999997
 31
0.0
  0
LINE
  5
686
330
17
100
AcDbEntity
  8
GEOMETRY
100
AcDbLine
 10
131.70474053292492
 20
110.99999999999997
 30
0.0
 11
131.56994247269486
 21
110.99999999999997
 31
0.0
  0
LINE
  5
687
330
17
100
AcDbEntity
  8
GEOMETRY
100
AcDbLine
 10
131.56994247269486
 20
110.99999999999997
 30
0.0
 11
131.44149499008535
 21
110.99999999999997
 31
0.0
  0
LINE
  5
688
330
17
100
AcDbEntity
  8
GEOMETRY
100
AcDbLine
 10
131.44149499008535
 20
110.99999999999997
 30
0.0
 11
131.32892395152717
 21
110.99999999999997
 31
0.0
  0
LINE
  5
689
330
17
100
AcDbEntity
  8
GEOMETRY
100
AcDbLine
 10
131.32892395152717
 20
110.99999999999997
 30
0.0
 11
131.216352912969
 21
110.99999999999997
 31
0.0
  0
LINE
  5
68A
330
17
100
AcDbEntity
  8
GEOMETRY
100
AcDbLine
 10
131.216352912969
 20
110.99999999999997
 30
0.0
 11
131.10378187441083
 21
110.99999999999997
 31
0.0
  0
LINE
  5
68B
330
17
100
AcDbEntity
  8
GEOMETRY
100
AcDbLine
 10
131.10378187441083
 20
110.99999999999997
 30
0.0
 11
130.99121083585266
 21
110.99999999999997
 31
0.0
  0
LINE
  5
68C
330
17
100
AcDbEntity
  8
GEOMETRY
100
AcDbLine
 10
130.99121083585266
 20
110.99999999999997
 30
0.0
 11
130.898548228438
 21
110.99999999999997
 31
0.0
  0
LINE
  5
68D
330
17
100
AcDbEntity
  8
GEOMETRY
100
AcDbLine
 10
130.898548228438
 20
110.99999999999997
 30
0.0
 11
130.81384899348075
 21
110.99999999999997
 31
0.0
  0
LINE
  5
68E
330
17
100
AcDbEntity
  8
GEOMETRY
100
AcDbLine
 10
130.81384899348075
 20
110.99999999999997
 30
0.0
 11
130.72914975852348
 21
110.99999999999997
 31
0.0
  0
LINE
  5
68F
330
17
100
AcDbEntity
  8
GEOMETRY
100
AcDbLine
 10
130.72914975852348
 20
110.99999999999997
 30
0.0
 11
130.6444505235662
 21
110.99999999999997
 31
0.0
  0
LINE
  5
690
330
17
100
AcDbEntity
  8
GEOMETRY
100
AcDbLine
 10
130.6444505235662
 20
110.99999999999997
 30
0.0
 11
130.5643397138825
 21
110.99999999999997
 31
0.0
  0
LINE
  5
691
330
17
100
AcDbEntity
  8
GEOMETRY
100
AcDbLine
 10
130.5643397138825
 20
110.99999999999997
 30
0.0
 11
130.51175945584012
 21
110.99999999999997
 31
0.0
  0
LINE
  5
692
330
17
100
AcDbEntity
  8
GEOMETRY
100
AcDbLine
 10
130.51175945584012
 20
110.99999999999997
 30
0.0
 11
130.4591791977977
 21
110.99999999999997
 31
0.0
  0
LINE
  5
693
330
17
100
AcDbEntity
  8
GEOMETRY
100
AcDbLine
 10
130.4591791977977
 20
110.99999999999997
 30
0.0
 11
130.40659893975533
 21
110.99999999999997
 31
0.0
  0
LINE
  5
694
330
17
100
AcDbEntity
  8
GEOMETRY
100
AcDbLine
 10
130.40659893975533
 20
110.99999999999997
 30
0.0
 11
130.35401868171294
 21
110.99999999999997
 31
0.0
  0
LINE
  5
695
330
17
100
AcDbEntity
  8
GEOMETRY
100
AcDbLine
 10
130.35401868171294
 20
110.99999999999997
 30
0.0
 11
130.32129874973293
 21
110.99999999999997
 31
0.0
  0
LINE
  5
696
330
17
100
AcDbEntity
  8
GEOMETRY
100
AcDbLine
 10
130.32129874973293
 20
110.99999999999997
 30
0.0
 11
130.3034740622997
 21
110.99999999999997
 31
0.0
  0
LINE
  5
697
330
17
100
AcDbEntity
  8
GEOMETRY
100
AcDbLine
 10
130.3034740622997
 20
110.99999999999997
 30
0.0
 11
130.28564937486647
 21
110.99999999999997
 31
0.0
  0
LINE
  5
698
330
17
100
AcDbEntity
  8
GEOMETRY
100
AcDbLine
 10
130.28564937486647
 20
110.99999999999997
 30
0.0
 11
130.26782468743323
 21
110.99999999999997
 31
0.0
  0
LINE
  5
699
330
17
100
AcDbEntity
  8
GEOMETRY
100
AcDbLine
 10
130.26782468743323
 20
110.99999999999997
 30
0.0
 11
130.25
 21
110.99999999999997
 31
0.0
  0
LINE
  5
69A
330
17
100
AcDbEntity
  8
GEOMETRY
100
AcDbLine
 10
130.25
 20
110.99999999999997
 30
0.0
 11
130.26782468743323
 21
110.99999999999997
 31
0.0
  0
LINE
  5
69B
330
17
100
AcDbEntity
  8
GEOMETRY
100
AcDbLine
 10
130.26782468743323
 20
110.99999999999997
 30
0.0
 11
130.28564937486647
 21
110.99999999999997
 31
0.0
  0
LINE
  5
69C
330
17
100
AcDbEntity
  8
GEOMETRY
100
AcDbLine
 10
130.28564937486647
 20
110.99999999999997
 30
0.0
 11
130.3034740622997
 21
110.99999999999997
 31
0.0
  0
LINE
  5
69D
330
17
100
AcDbEntity
  8
GEOMETRY
100
AcDbLine
 10
130.3034740622997
 20
110.99999999999997
 30
0.0
 11
130.32129874973293
 21
110.99999999999997
 31
0.0
  0
LINE
  5
69E
330
17
100
AcDbEntity
  8
GEOMETRY
100
AcDbLine
 10
130.32129874973293
 20
110.99999999999997
 30
0.0
 11
130.35401868171294
 21
110.99999999999997
 31
0.0
  0
LINE
  5
69F
330
17
100
AcDbEntity
  8
GEOMETRY
100
AcDbLine
 10
130.35401868171294
 20
110.99999999999997
 30
0.0
 11
130.40659893975533
 21
110.99999999999997
 31
0.0
  0
LINE
  5
6A0
330
17
100
AcDbEntity
  8
GEOMETRY
100
AcDbLine
 10
130.40659893975533
 20
110.99999999999997
 30
0.0
 11
130.4591791977977
 21
110.99999999999997
 31
0.0
  0
LINE
  5
6A1
330
17
100
AcDbEntity
  8
GEOMETRY
100
AcDbLine
 10
130.4591791977977
 20
110.99999999999997
 30
0.0
 11
130.51175945584012
 21
110.99999999999997
 31
0.0
  0
LINE
  5
6A2
330
17
100
AcDbEntity
  8
GEOMETRY
100
AcDbLine
 10
130.51175945584012
 20
110.99999999999997
 30
0.0
 11
130.5643397138825
 21
110.99999999999997
 31
0.0
  0
LINE
  5
6A3
330
17
100
AcDbEntity
  8
GEOMETRY
100
AcDbLine
 10
130.5643397138825
 20
110.99999999999997
 30
0.0
 11
130.6444505235662
 21
110.99999999999997
 31
0.0
  0
LINE
  5
6A4
330
17
100
AcDbEntity
  8
GEOMETRY
100
AcDbLine
 10
130.6444505235662
 20
110.99999999999997
 30
0.0
 11
130.72914975852348
 21
110.99999999999997
 31
0.0
  0
LINE
  5
6A5
330
17
100
AcDbEntity
  8
GEOMETRY
100
AcDbLine
 10
130.72914975852348
 20
110.99999999999997
 30
0.0
 11
130.81384899348075
 21
110.99999999999997
 31
0.0
  0
LINE
  5
6A6
330
17
100
AcDbEntity
  8
GEOMETRY
100
AcDbLine
 10
130.81384899348075
 20
110.99999999999997
 30
0.0
 11
130.898548228438
 21
110.99999999999997
 31
0.0
  0
LINE
  5
6A7
330
17
100
AcDbEntity
  8
GEOMETRY
100
AcDbLine
 10
130.898548228438
 20
110.99999999999997
 30
0.0
 11
130.99121083585266
 21
110.99999999999997
 31
0.0
  0
LINE
  5
6A8
330
17
100
AcDbEntity
  8
GEOMETRY
100
AcDbLine
 10
130.99121083585266
 20
110.99999999999997
 30
0.0
 11
131.10378187441083
 21
110.99999999999997
 31
0.0
  0
LINE
  5
6A9
330
17
100
AcDbEntity
  8
GEOMETRY
100
AcDbLine
 10
131.10378187441083
 20
110.99999999999997
 30
0.0
 11
131.216352912969
 21
110.99999999999997
 31
0.0
  0
LINE
  5
6AA
330
17
100
AcDbEntity
  8
GEOMETRY
100
AcDbLine
 10
131.216352912969
 20
110.99999999999997
 30
0.0
 11
131.32892395152717
 21
110.99999999999997
 31
0.0
  0
LINE
  5
6AB
330
17
100
AcDbEntity
  8
GEOMETRY
100
AcDbLine
 10
131.32892395152717
 20
110.99999999999997
 30
0.0
 11
131.44149499008535
 21
110.99999999999997
 31
0.0
  0
LINE
  5
6AC
330
17
100
AcDbEntity
  8
GEOMETRY
100
AcDbLine
 10
131.44149499008535
 20
110.99999999999997
 30
0.0
 11
131.56994247269486
 21
110.99999999999997
 31
0.0
  0
LINE
  5
6AD
330
17
100
AcDbEntity
  8
GEOMETRY
100
AcDbLine
 10
131.56994247269486
 20
110.99999999999997
 30
0.0
 11
131.70474053292492
 21
110.99999999999997
 31
0.0
  0
LINE
  5
6AE
330
17
100
AcDbEntity
  8
GEOMETRY
100
AcDbLine
 10
131.70474053292492
 20
110.99999999999997
 30
0.0
 11
131.83953859315497
 21
110.99999999999997
 31
0.0
  0
LINE
  5
6AF
330
17
100
AcDbEntity
  8
GEOMETRY
100
AcDbLine
 10
131.83953859315497
 20
110.99999999999997
 30
0.0
 11
131.97433665338502
 21
110.99999999999997
 31
0.0
  0
LINE
  5
6B0
330
17
100
AcDbEntity
  8
GEOMETRY
100
AcDbLine
 10
131.97433665338502
 20
110.99999999999997
 30
0.0
 11
132.11134438276713
 21
110.99999999999997
 31
0.0
  0
LINE
  5
6B1
330
17
100
AcDbEntity
  8
GEOMETRY
100
AcDbLine
 10
132.11134438276713
 20
110.99999999999997
 30
0.0
 11
132.26161012706143
 21
110.99999999999997
 31
0.0
  0
LINE
  5
6B2
330
17
100
AcDbEntity
  8
GEOMETRY
100
AcDbLine
 10
132.26161012706143
 20
110.99999999999997
 30
0.0
 11
132.41187587135576
 21
110.99999999999997
 31
0.0
  0
LINE
  5
6B3
330
17
100
AcDbEntity
  8
GEOMETRY
100
AcDbLine
 10
132.41187587135576
 20
110.99999999999997
 30
0.0
 11
132.5621416156501
 21
110.99999999999997
 31
0.0
  0
LINE
  5
6B4
330
17
100
AcDbEntity
  8
GEOMETRY
100
AcDbLine
 10
132.5621416156501
 20
110.99999999999997
 30
0.0
 11
132.7124073599444
 21
110.99999999999997
 31
0.0
  0
LINE
  5
6B5
330
17
100
AcDbEntity
  8
GEOMETRY
100
AcDbLine
 10
132.7124073599444
 20
110.99999999999997
 30
0.0
 11
132.86720609406171
 21
110.99999999999997
 31
0.0
  0
LINE
  5
6B6
330
17
100
AcDbEntity
  8
GEOMETRY
100
AcDbLine
 10
132.86720609406171
 20
110.99999999999997
 30
0.0
 11
133.0254045705463
 21
110.99999999999997
 31
0.0
  0
LINE
  5
6B7
330
17
100
AcDbEntity
  8
GEOMETRY
100
AcDbLine
 10
133.0254045705463
 20
110.99999999999997
 30
0.0
 11
133.18360304703086
 21
110.99999999999997
 31
0.0
  0
LINE
  5
6B8
330
17
100
AcDbEntity
  8
GEOMETRY
100
AcDbLine
 10
133.18360304703086
 20
110.99999999999997
 30
0.0
 11
133.34180152351541
 21
110.99999999999997
 31
0.0
  0
LINE
  5
6B9
330
17
100
AcDbEntity
  8
GEOMETRY
100
AcDbLine
 10
133.34180152351541
 20
110.99999999999997
 30
0.0
 11
133.5
 21
110.99999999999997
 31
0.0
  0
LINE
  5
6BA
330
17
100
AcDbEntity
  8
GEOMETRY
100
AcDbLine
 10
133.5
 20
110.99999999999997
 30
0.0
 11
133.65819847648456
 21
110.99999999999997
 31
0.0
  0
LINE
  5
6BB
330
17
100
AcDbEntity
  8
GEOMETRY
100
AcDbLine
 10
133.65819847648456
 20
110.99999999999997
 30
0.0
 11
133.81639695296911
 21
110.99999999999997
 31
0.0
  0
LINE
  5
6BC
330
17
100
AcDbEntity
  8
GEOMETRY
100
AcDbLine
 10
133.81639695296911
 20
110.99999999999997
 30
0.0
 11
133.9745954294537
 21
110.99999999999997
 31
0.0
  0
LINE
  5
6BD
330
17
100
AcDbEntity
  8
GEOMETRY
100
AcDbLine
 10
133.9745954294537
 20
110.99999999999997
 30
0.0
 11
134.13279390593826
 21
110.99999999999997
 31
0.0
  0
LINE
  5
6BE
330
17
100
AcDbEntity
  8
GEOMETRY
100
AcDbLine
 10
134.13279390593826
 20
110.99999999999997
 30
0.0
 11
134.28759264005558
 21
110.99999999999997
 31
0.0
  0
LINE
  5
6BF
330
17
100
AcDbEntity
  8
GEOMETRY
100
AcDbLine
 10
134.28759264005558
 20
110.99999999999997
 30
0.0
 11
134.4378583843499
 21
110.99999999999997
 31
0.0
  0
LINE
  5
6C0
330
17
100
AcDbEntity
  8
GEOMETRY
100
AcDbLine
 10
134.4378583843499
 20
110.99999999999997
 30
0.0
 11
134.5881241286442
 21
110.99999999999997
 31
0.0
  0
LINE
  5
6C1
330
17
100
AcDbEntity
  8
GEOMETRY
100
AcDbLine
 10
134.5881241286442
 20
110.99999999999997
 30
0.0
 11
134.73838987293854
 21
110.99999999999997
 31
0.0
  0
LINE
  5
6C2
330
17
100
AcDbEntity
  8
GEOMETRY
100
AcDbLine
 10
134.73838987293854
 20
110.99999999999997
 30
0.0
 11
134.88865561723287
 21
110.99999999999997
 31
0.0
  0
LINE
  5
6C3
330
17
100
AcDbEntity
  8
GEOMETRY
100
AcDbLine
 10
134.88865561723287
 20
110.99999999999997
 30
0.0
 11
135.02566334661498
 21
110.99999999999997
 31
0.0
  0
LINE
  5
6C4
330
17
100
AcDbEntity
  8
GEOMETRY
100
AcDbLine
 10
135.02566334661498
 20
110.99999999999997
 30
0.0
 11
135.160461406845
 21
110.99999999999997
 31
0.0
  0
LINE
  5
6C5
330
17
100
AcDbEntity
  8
GEOMETRY
100
AcDbLine
 10
135.160461406845
 20
110.99999999999997
 30
0.0
 11
135.29525946707508
 21
110.99999999999997
 31
0.0
  0
LINE
  5
6C6
330
17
100
AcDbEntity
  8
GEOMETRY
100
AcDbLine
 10
135.29525946707508
 20
110.99999999999997
 30
0.0
 11
135.4300575273051
 21
110.99999999999997
 31
0.0
  0
LINE
  5
6C7
330
17
100
AcDbEntity
  8
GEOMETRY
100
AcDbLine
 10
135.4300575273051
 20
110.99999999999997
 30
0.0
 11
135.55850500991463
 21
110.99999999999997
 31
0.0
  0
LINE
  5
6C8
330
17
100
AcDbEntity
  8
GEOMETRY
100
AcDbLine
 10
135.55850500991463
 20
110.99999999999997
 30
0.0
 11
135.6710760484728
 21
110.99999999999997
 31
0.0
  0
LINE
  5
6C9
330
17
100
AcDbEntity
  8
GEOMETRY
100
AcDbLine
 10
135.6710760484728
 20
110.99999999999997
 30
0.0
 11
135.783647087031
 21
110.99999999999997
 31
0.0
  0
LINE
  5
6CA
330
17
100
AcDbEntity
  8
GEOMETRY
100
AcDbLine
 10
135.783647087031
 20
110.99999999999997
 30
0.0
 11
135.89621812558914
 21
110.99999999999997
 31
0.0
  0
LINE
  5
6CB
330
17
100
AcDbEntity
  8
GEOMETRY
100
AcDbLine
 10
135.89621812558914
 20
110.99999999999997
 30
0.0
 11
136.00878916414734
 21
110.99999999999997
 31
0.0
  0
LINE
  5
6CC
330
17
100
AcDbEntity
  8
GEOMETRY
100
AcDbLine
 10
136.00878916414734
 20
110.99999999999997
 30
0.0
 11
136.10145177156198
 21
110.99999999999997
 31
0.0
  0
LINE
  5
6CD
330
17
100
AcDbEntity
  8
GEOMETRY
100
AcDbLine
 10
136.10145177156198
 20
110.99999999999997
 30
0.0
 11
136.18615100651925
 21
110.99999999999997
 31
0.0
  0
LINE
  5
6CE
330
17
100
AcDbEntity
  8
GEOMETRY
100
AcDbLine
 10
136.18615100651925
 20
110.99999999999997
 30
0.0
 11
136.27085024147652
 21
110.99999999999997
 31
0.0
  0
LINE
  5
6CF
330
17
100
AcDbEntity
  8
GEOMETRY
100
AcDbLine
 10
136.27085024147652
 20
110.99999999999997
 30
0.0
 11
136.35554947643377
 21
110.99999999999997
 31
0.0
  0
LINE
  5
6D0
330
17
100
AcDbEntity
  8
GEOMETRY
100
AcDbLine
 10
136.35554947643377
 20
110.99999999999997
 30
0.0
 11
136.43566028611747
 21
110.99999999999997
 31
0.0
  0
LINE
  5
6D1
330
17
100
AcDbEntity
  8
GEOMETRY
100
AcDbLine
 10
136.43566028611747
 20
110.99999999999997
 30
0.0
 11
136.48824054415988
 21
110.99999999999997
 31
0.0
  0
LINE
  5
6D2
330
17
100
AcDbEntity
  8
GEOMETRY
100
AcDbLine
 10
136.48824054415988
 20
110.99999999999997
 30
0.0
 11
136.54082080220226
 21
110.99999999999997
 31
0.0
  0
LINE
  5
6D3
330
17
100
AcDbEntity
  8
GEOMETRY
100
AcDbLine
 10
136.54082080220226
 20
110.99999999999997
 30
0.0
 11
136.59340106024464
 21
110.99999999999997
 31
0.0
  0
LINE
  5
6D4
330
17
100
AcDbEntity
  8
GEOMETRY
100
AcDbLine
 10
136.59340106024464
 20
110.99999999999997
 30
0.0
 11
136.64598131828703
 21
110.99999999999997
 31
0.0
  0
LINE
  5
6D5
330
17
100
AcDbEntity
  8
GEOMETRY
100
AcDbLine
 10
136.64598131828703
 20
110.99999999999997
 30
0.0
 11
136.67870125026704
 21
110.99999999999997
 31
0.0
  0
LINE
  5
6D6
330
17
100
AcDbEntity
  8
GEOMETRY
100
AcDbLine
 10
136.67870125026704
 20
110.99999999999997
 30
0.0
 11
136.6965259377003
 21
110.99999999999997
 31
0.0
  0
LINE
  5
6D7
330
17
100
AcDbEntity
  8
GEOMETRY
100
AcDbLine
 10
136.6965259377003
 20
110.99999999999997
 30
0.0
 11
136.71435062513353
 21
110.99999999999997
 31
0.0
  0
LINE
  5
6D8
330
17
100
AcDbEntity
  8
GEOMETRY
100
AcDbLine
 10
136.71435062513353
 20
110.99999999999997
 30
0.0
 11
136.73217531256677
 21
110.99999999999997
 31
0.0
  0
LINE
  5
6D9
330
17
100
AcDbEntity
  8
GEOMETRY
100
AcDbLine
 10
136.73217531256677
 20
110.99999999999997
 30
0.0
 11
136.75
 21
110.99999999999997
 31
0.0
  0
LINE
  5
6DA
330
17
100
AcDbEntity
  8
GEOMETRY
100
AcDbLine
 10
201.0
 20
110.99999999999997
 30
0.0
 11
126.0
 21
110.99999999999997
 31
0.0
  0
LINE
  5
6DB
330
17
100
AcDbEntity
  8
GEOMETRY
100
AcDbLine
 10
199.0
 20
110.99999999999997
 30
0.0
 11
199.0489844582952
 21
110.99999999999997
 31
0.0
  0
LINE
  5
6DC
330
17
100
AcDbEntity
  8
GEOMETRY
100
AcDbLine
 10
199.0489844582952
 20
110.99999999999997
 30
0.0
 11
199.0979689165904
 21
110.99999999999997
 31
0.0
  0
LINE
  5
6DD
330
17
100
AcDbEntity
  8
GEOMETRY
100
AcDbLine
 10
199.0979689165904
 20
110.99999999999997
 30
0.0
 11
199.14695337488558
 21
110.99999999999997
 31
0.0
  0
LINE
  5
6DE
330
17
100
AcDbEntity
  8
GEOMETRY
100
AcDbLine
 10
199.14695337488558
 20
110.99999999999997
 30
0.0
 11
199.19593783318078
 21
110.99999999999997
 31
0.0
  0
LINE
  5
6DF
330
17
100
AcDbEntity
  8
GEOMETRY
100
AcDbLine
 10
199.19593783318078
 20
110.99999999999997
 30
0.0
 11
199.24465828805404
 21
110.99999999999997
 31
0.0
  0
LINE
  5
6E0
330
17
100
AcDbEntity
  8
GEOMETRY
100
AcDbLine
 10
199.24465828805404
 20
110.99999999999997
 30
0.0
 11
199.29302673836474
 21
110.99999999999997
 31
0.0
  0
LINE
  5
6E1
330
17
100
AcDbEntity
  8
GEOMETRY
100
AcDbLine
 10
199.29302673836474
 20
110.99999999999997
 30
0.0
 11
199.34139518867542
 21
110.99999999999997
 31
0.0
  0
LINE
  5
6E2
330
17
100
AcDbEntity
  8
GEOMETRY
100
AcDbLine
 10
199.34139518867542
 20
110.99999999999997
 30
0.0
 11
199.38976363898612
 21
110.99999999999997
 31
0.0
  0
LINE
  5
6E3
330
17
100
AcDbEntity
  8
GEOMETRY
100
AcDbLine
 10
199.38976363898612
 20
110.99999999999997
 30
0.0
 11
199.4381320892968
 21
110.99999999999997
 31
0.0
  0
LINE
  5
6E4
330
17
100
AcDbEntity
  8
GEOMETRY
100
AcDbLine
 10
199.4381320892968
 20
110.99999999999997
 30
0.0
 11
199.4854511659122
 21
110.99999999999997
 31
0.0
  0
LINE
  5
6E5
330
17
100
AcDbEntity
  8
GEOMETRY
100
AcDbLine
 10
199.4854511659122
 20
110.99999999999997
 30
0.0
 11
199.5325953469117
 21
110.99999999999997
 31
0.0
  0
LINE
  5
6E6
330
17
100
AcDbEntity
  8
GEOMETRY
100
AcDbLine
 10
199.5325953469117
 20
110.99999999999997
 30
0.0
 11
199.5797395279112
 21
110.99999999999997
 31
0.0
  0
LINE
  5
6E7
330
17
100
AcDbEntity
  8
GEOMETRY
100
AcDbLine
 10
199.5797395279112
 20
110.99999999999997
 30
0.0
 11
199.62688370891067
 21
110.99999999999997
 31
0.0
  0
LINE
  5
6E8
330
17
100
AcDbEntity
  8
GEOMETRY
100
AcDbLine
 10
199.62688370891067
 20
110.99999999999997
 30
0.0
 11
199.67350870855563
 21
110.99999999999997
 31
0.0
  0
LINE
  5
6E9
330
17
100
AcDbEntity
  8
GEOMETRY
100
AcDbLine
 10
199.67350870855563
 20
110.99999999999997
 30
0.0
 11
199.71883575481417
 21
110.99999999999997
 31
0.0
  0
LINE
  5
6EA
330
17
100
AcDbEntity
  8
GEOMETRY
100
AcDbLine
 10
199.71883575481417
 20
110.99999999999997
 30
0.0
 11
199.76416280107273
 21
110.99999999999997
 31
0.0
  0
LINE
  5
6EB
330
17
100
AcDbEntity
  8
GEOMETRY
100
AcDbLine
 10
199.76416280107273
 20
110.99999999999997
 30
0.0
 11
199.80948984733126
 21
110.99999999999997
 31
0.0
  0
LINE
  5
6EC
330
17
100
AcDbEntity
  8
GEOMETRY
100
AcDbLine
 10
199.80948984733126
 20
110.99999999999997
 30
0.0
 11
199.85481689358983
 21
110.99999999999997
 31
0.0
  0
LINE
  5
6ED
330
17
100
AcDbEntity
  8
GEOMETRY
100
AcDbLine
 10
199.85481689358983
 20
110.99999999999997
 30
0.0
 11
199.89843883367192
 21
110.99999999999997
 31
0.0
  0
LINE
  5
6EE
330
17
100
AcDbEntity
  8
GEOMETRY
100
AcDbLine
 10
199.89843883367192
 20
110.99999999999997
 30
0.0
 11
199.94137873128346
 21
110.99999999999997
 31
0.0
  0
LINE
  5
6EF
330
17
100
AcDbEntity
  8
GEOMETRY
100
AcDbLine
 10
199.94137873128346
 20
110.99999999999997
 30
0.0
 11
199.98431862889498
 21
110.99999999999997
 31
0.0
  0
LINE
  5
6F0
330
17
100
AcDbEntity
  8
GEOMETRY
100
AcDbLine
 10
199.98431862889498
 20
110.99999999999997
 30
0.0
 11
200.0272585265065
 21
110.99999999999997
 31
0.0
  0
LINE
  5
6F1
330
17
100
AcDbEntity
  8
GEOMETRY
100
AcDbLine
 10
200.0272585265065
 20
110.99999999999997
 30
0.0
 11
200.06978026086463
 21
110.99999999999997
 31
0.0
  0
LINE
  5
6F2
330
17
100
AcDbEntity
  8
GEOMETRY
100
AcDbLine
 10
200.06978026086463
 20
110.99999999999997
 30
0.0
 11
200.10979301570237
 21
110.99999999999997
 31
0.0
  0
LINE
  5
6F3
330
17
100
AcDbEntity
  8
GEOMETRY
100
AcDbLine
 10
200.10979301570237
 20
110.99999999999997
 30
0.0
 11
200.1498057705401
 21
110.99999999999997
 31
0.0
  0
LINE
  5
6F4
330
17
100
AcDbEntity
  8
GEOMETRY
100
AcDbLine
 10
200.1498057705401
 20
110.99999999999997
 30
0.0
 11
200.18981852537783
 21
110.99999999999997
 31
0.0
  0
LINE
  5
6F5
330
17
100
AcDbEntity
  8
GEOMETRY
100
AcDbLine
 10
200.18981852537783
 20
110.99999999999997
 30
0.0
 11
200.2298312802156
 21
110.99999999999997
 31
0.0
  0
LINE
  5
6F6
330
17
100
AcDbEntity
  8
GEOMETRY
100
AcDbLine
 10
200.2298312802156
 20
110.99999999999997
 30
0.0
 11
200.26788384854942
 21
110.99999999999997
 31
0.0
  0
LINE
  5
6F7
330
17
100
AcDbEntity
  8
GEOMETRY
100
AcDbLine
 10
200.26788384854942
 20
110.99999999999997
 30
0.0
 11
200.30446627700533
 21
110.99999999999997
 31
0.0
  0
LINE
  5
6F8
330
17
100
AcDbEntity
  8
GEOMETRY
100
AcDbLine
 10
200.30446627700533
 20
110.99999999999997
 30
0.0
 11
200.34104870546125
 21
110.99999999999997
 31
0.0
  0
LINE
  5
6F9
330
17
100
AcDbEntity
  8
GEOMETRY
100
AcDbLine
 10
200.34104870546125
 20
110.99999999999997
 30
0.0
 11
200.3776311339172
 21
110.99999999999997
 31
0.0
  0
LINE
  5
6FA
330
17
100
AcDbEntity
  8
GEOMETRY
100
AcDbLine
 10
200.3776311339172
 20
110.99999999999997
 30
0.0
 11
200.4142135623731
 21
110.99999999999997
 31
0.0
  0
LINE
  5
6FB
330
17
100
AcDbEntity
  8
GEOMETRY
100
AcDbLine
 10
200.4142135623731
 20
110.99999999999997
 30
0.0
 11
200.44690561918372
 21
110.99999999999997
 31
0.0
  0
LINE
  5
6FC
330
17
100
AcDbEntity
  8
GEOMETRY
100
AcDbLine
 10
200.44690561918372
 20
110.99999999999997
 30
0.0
 11
200.4795976759944
 21
110.99999999999997
 31
0.0
  0
LINE
  5
6FD
330
17
100
AcDbEntity
  8
GEOMETRY
100
AcDbLine
 10
200.4795976759944
 20
110.99999999999997
 30
0.0
 11
200.51228973280504
 21
110.99999999999997
 31
0.0
  0
LINE
  5
6FE
330
17
100
AcDbEntity
  8
GEOMETRY
100
AcDbLine
 10
200.51228973280504
 20
110.99999999999997
 30
0.0
 11
200.5449817896157
 21
110.99999999999997
 31
0.0
  0
LINE
  5
6FF
330
17
100
AcDbEntity
  8
GEOMETRY
100
AcDbLine
 10
200.5449817896157
 20
110.99999999999997
 30
0.0
 11
200.5758303493286
 21
110.99999999999997
 31
0.0
  0
LINE
  5
700
330
17
100
AcDbEntity
  8
GEOMETRY
100
AcDbLine
 10
200.5758303493286
 20
110.99999999999997
 30
0.0
 11
200.60422091291122
 21
110.99999999999997
 31
0.0
  0
LINE
  5
701
330
17
100
AcDbEntity
  8
GEOMETRY
100
AcDbLine
 10
200.60422091291122
 20
110.99999999999997
 30
0.0
 11
200.63261147649382
 21
110.99999999999997
 31
0.0
  0
LINE
  5
702
330
17
100
AcDbEntity
  8
GEOMETRY
100
AcDbLine
 10
200.63261147649382
 20
110.99999999999997
 30
0.0
 11
200.66100204007643
 21
110.99999999999997
 31
0.0
  0
LINE
  5
703
330
17
100
AcDbEntity
  8
GEOMETRY
100
AcDbLine
 10
200.66100204007643
 20
110.99999999999997
 30
0.0
 11
200.68939260365906
 21
110.99999999999997
 31
0.0
  0
LINE
  5
704
330
17
100
AcDbEntity
  8
GEOMETRY
100
AcDbLine
 10
200.68939260365906
 20
110.99999999999997
 30
0.0
 11
200.71379014920936
 21
110.99999999999997
 31
0.0
  0
LINE
  5
705
330
17
100
AcDbEntity
  8
GEOMETRY
100
AcDbLine
 10
200.71379014920936
 20
110.99999999999997
 30
0.0
 11
200.7375221917543
 21
110.99999999999997
 31
0.0
  0
LINE
  5
706
330
17
100
AcDbEntity
  8
GEOMETRY
100
AcDbLine
 10
200.7375221917543
 20
110.99999999999997
 30
0.0
 11
200.76125423429923
 21
110.99999999999997
 31
0.0
  0
LINE
  5
707
330
17
100
AcDbEntity
  8
GEOMETRY
100
AcDbLine
 10
200.76125423429923
 20
110.99999999999997
 30
0.0
 11
200.78498627684417
 21
110.99999999999997
 31
0.0
  0
LINE
  5
708
330
17
100
AcDbEntity
  8
GEOMETRY
100
AcDbLine
 10
200.78498627684417
 20
110.99999999999997
 30
0.0
 11
200.8073020436056
 21
110.99999999999997
 31
0.0
  0
LINE
  5
709
330
17
100
AcDbEntity
  8
GEOMETRY
100
AcDbLine
 10
200.8073020436056
 20
110.99999999999997
 30
0.0
 11
200.8260771209082
 21
110.99999999999997
 31
0.0
  0
LINE
  5
70A
330
17
100
AcDbEntity
  8
GEOMETRY
100
AcDbLine
 10
200.8260771209082
 20
110.99999999999997
 30
0.0
 11
200.8448521982108
 21
110.99999999999997
 31
0.0
  0
LINE
  5
70B
330
17
100
AcDbEntity
  8
GEOMETRY
100
AcDbLine
 10
200.8448521982108
 20
110.99999999999997
 30
0.0
 11
200.8636272755134
 21
110.99999999999997
 31
0.0
  0
LINE
  5
70C
330
17
100
AcDbEntity
  8
GEOMETRY
100
AcDbLine
 10
200.8636272755134
 20
110.99999999999997
 30
0.0
 11
200.882402352816
 21
110.99999999999997
 31
0.0
  0
LINE
  5
70D
330
17
100
AcDbEntity
  8
GEOMETRY
100
AcDbLine
 10
200.882402352816
 20
110.99999999999997
 30
0.0
 11
200.8974680924522
 21
110.99999999999997
 31
0.0
  0
LINE
  5
70E
330
17
100
AcDbEntity
  8
GEOMETRY
100
AcDbLine
 10
200.8974680924522
 20
110.99999999999997
 30
0.0
 11
200.91105009702184
 21
110.99999999999997
 31
0.0
  0
LINE
  5
70F
330
17
100
AcDbEntity
  8
GEOMETRY
100
AcDbLine
 10
200.91105009702184
 20
110.99999999999997
 30
0.0
 11
200.92463210159147
 21
110.99999999999997
 31
0.0
  0
LINE
  5
710
330
17
100
AcDbEntity
  8
GEOMETRY
100
AcDbLine
 10
200.92463210159147
 20
110.99999999999997
 30
0.0
 11
200.9382141061611
 21
110.99999999999997
 31
0.0
  0
LINE
  5
711
330
17
100
AcDbEntity
  8
GEOMETRY
100
AcDbLine
 10
200.9382141061611
 20
110.99999999999997
 30
0.0
 11
200.95102984297063
 21
110.99999999999997
 31
0.0
  0
LINE
  5
712
330
17
100
AcDbEntity
  8
GEOMETRY
100
AcDbLine
 10
200.95102984297063
 20
110.99999999999997
 30
0.0
 11
200.95924797321936
 21
110.99999999999997
 31
0.0
  0
LINE
  5
713
330
17
100
AcDbEntity
  8
GEOMETRY
100
AcDbLine
 10
200.95924797321936
 20
110.99999999999997
 30
0.0
 11
200.9674661034681
 21
110.99999999999997
 31
0.0
  0
LINE
  5
714
330
17
100
AcDbEntity
  8
GEOMETRY
100
AcDbLine
 10
200.9674661034681
 20
110.99999999999997
 30
0.0
 11
200.97568423371683
 21
110.99999999999997
 31
0.0
  0
LINE
  5
715
330
17
100
AcDbEntity
  8
GEOMETRY
100
AcDbLine
 10
200.97568423371683
 20
110.99999999999997
 30
0.0
 11
200.9839023639656
 21
110.99999999999997
 31
0.0
  0
LINE
  5
716
330
17
100
AcDbEntity
  8
GEOMETRY
100
AcDbLine
 10
200.9839023639656
 20
110.99999999999997
 30
0.0
 11
200.98899636731318
 21
110.99999999999997
 31
0.0
  0
LINE
  5
717
330
17
100
AcDbEntity
  8
GEOMETRY
100
AcDbLine
 10
200.98899636731318
 20
110.99999999999997
 30
0.0
 11
200.9917472754849
 21
110.99999999999997
 31
0.0
  0
LINE
  5
718
330
17
100
AcDbEntity
  8
GEOMETRY
100
AcDbLine
 10
200.9917472754849
 20
110.99999999999997
 30
0.0
 11
200.9944981836566
 21
110.99999999999997
 31
0.0
  0
LINE
  5
719
330
17
100
AcDbEntity
  8
GEOMETRY
100
AcDbLine
 10
200.9944981836566
 20
110.99999999999997
 30
0.0
 11
200.99724909182828
 21
110.99999999999997
 31
0.0
  0
LINE
  5
71A
330
17
100
AcDbEntity
  8
GEOMETRY
100
AcDbLine
 10
200.99724909182828
 20
110.99999999999997
 30
0.0
 11
201.0
 21
110.99999999999997
 31
0.0
  0
LINE
  5
71B
330
17
100
AcDbEntity
  8
GEOMETRY
100
AcDbLine
 10
128.0
 20
110.99999999999997
 30
0.0
 11
199.0
 21
110.99999999999997
 31
0.0
  0
LINE
  5
71C
330
17
100
AcDbEntity
  8
GEOMETRY
100
AcDbLine
 10
126.0
 20
110.99999999999997
 30
0.0
 11
126.00275090817169
 21
110.99999999999997
 31
0.0
  0
LINE
  5
71D
330
17
100
AcDbEntity
  8
GEOMETRY
100
AcDbLine
 10
126.00275090817169
 20
110.99999999999997
 30
0.0
 11
126.00550181634341
 21
110.99999999999997
 31
0.0
  0
LINE
  5
71E
330
17
100
AcDbEntity
  8
GEOMETRY
100
AcDbLine
 10
126.00550181634341
 20
110.99999999999997
 30
0.0
 11
126.0082527245151
 21
110.99999999999997
 31
0.0
  0
LINE
  5
71F
330
17
100
AcDbEntity
  8
GEOMETRY
100
AcDbLine
 10
126.0082527245151
 20
110.99999999999997
 30
0.0
 11
126.01100363268682
 21
110.99999999999997
 31
0.0
  0
LINE
  5
720
330
17
100
AcDbEntity
  8
GEOMETRY
100
AcDbLine
 10
126.01100363268682
 20
110.99999999999997
 30
0.0
 11
126.0160976360344
 21
110.99999999999997
 31
0.0
  0
LINE
  5
721
330
17
100
AcDbEntity
  8
GEOMETRY
100
AcDbLine
 10
126.0160976360344
 20
110.99999999999997
 30
0.0
 11
126.02431576628314
 21
110.99999999999997
 31
0.0
  0
LINE
  5
722
330
17
100
AcDbEntity
  8
GEOMETRY
100
AcDbLine
 10
126.02431576628314
 20
110.99999999999997
 30
0.0
 11
126.03253389653189
 21
110.99999999999997
 31
0.0
  0
LINE
  5
723
330
17
100
AcDbEntity
  8
GEOMETRY
100
AcDbLine
 10
126.03253389653189
 20
110.99999999999997
 30
0.0
 11
126.04075202678064
 21
110.99999999999997
 31
0.0
  0
LINE
  5
724
330
17
100
AcDbEntity
  8
GEOMETRY
100
AcDbLine
 10
126.04075202678064
 20
110.99999999999997
 30
0.0
 11
126.04897015702939
 21
110.99999999999997
 31
0.0
  0
LINE
  5
725
330
17
100
AcDbEntity
  8
GEOMETRY
100
AcDbLine
 10
126.04897015702939
 20
110.99999999999997
 30
0.0
 11
126.0617858938389
 21
110.99999999999997
 31
0.0
  0
LINE
  5
726
330
17
100
AcDbEntity
  8
GEOMETRY
100
AcDbLine
 10
126.0617858938389
 20
110.99999999999997
 30
0.0
 11
126.07536789840853
 21
110.99999999999997
 31
0.0
  0
LINE
  5
727
330
17
100
AcDbEntity
  8
GEOMETRY
100
AcDbLine
 10
126.07536789840853
 20
110.99999999999997
 30
0.0
 11
126.08894990297816
 21
110.99999999999997
 31
0.0
  0
LINE
  5
728
330
17
100
AcDbEntity
  8
GEOMETRY
100
AcDbLine
 10
126.08894990297816
 20
110.99999999999997
 30
0.0
 11
126.10253190754781
 21
110.99999999999997
 31
0.0
  0
LINE
  5
729
330
17
100
AcDbEntity
  8
GEOMETRY
100
AcDbLine
 10
126.10253190754781
 20
110.99999999999997
 30
0.0
 11
126.117597647184
 21
110.99999999999997
 31
0.0
  0
LINE
  5
72A
330
17
100
AcDbEntity
  8
GEOMETRY
100
AcDbLine
 10
126.117597647184
 20
110.99999999999997
 30
0.0
 11
126.1363727244866
 21
110.99999999999997
 31
0.0
  0
LINE
  5
72B
330
17
100
AcDbEntity
  8
GEOMETRY
100
AcDbLine
 10
126.1363727244866
 20
110.99999999999997
 30
0.0
 11
126.15514780178921
 21
110.99999999999997
 31
0.0
  0
LINE
  5
72C
330
17
100
AcDbEntity
  8
GEOMETRY
100
AcDbLine
 10
126.15514780178921
 20
110.99999999999997
 30
0.0
 11
126.1739228790918
 21
110.99999999999997
 31
0.0
  0
LINE
  5
72D
330
17
100
AcDbEntity
  8
GEOMETRY
100
AcDbLine
 10
126.1739228790918
 20
110.99999999999997
 30
0.0
 11
126.1926979563944
 21
110.99999999999997
 31
0.0
  0
LINE
  5
72E
330
17
100
AcDbEntity
  8
GEOMETRY
100
AcDbLine
 10
126.1926979563944
 20
110.99999999999997
 30
0.0
 11
126.21501372315582
 21
110.99999999999997
 31
0.0
  0
LINE
  5
72F
330
17
100
AcDbEntity
  8
GEOMETRY
100
AcDbLine
 10
126.21501372315582
 20
110.99999999999997
 30
0.0
 11
126.23874576570076
 21
110.99999999999997
 31
0.0
  0
LINE
  5
730
330
17
100
AcDbEntity
  8
GEOMETRY
100
AcDbLine
 10
126.23874576570076
 20
110.99999999999997
 30
0.0
 11
126.26247780824569
 21
110.99999999999997
 31
0.0
  0
LINE
  5
731
330
17
100
AcDbEntity
  8
GEOMETRY
100
AcDbLine
 10
126.26247780824569
 20
110.99999999999997
 30
0.0
 11
126.28620985079063
 21
110.99999999999997
 31
0.0
  0
LINE
  5
732
330
17
100
AcDbEntity
  8
GEOMETRY
100
AcDbLine
 10
126.28620985079063
 20
110.99999999999997
 30
0.0
 11
126.31060739634094
 21
110.99999999999997
 31
0.0
  0
LINE
  5
733
330
17
100
AcDbEntity
  8
GEOMETRY
100
AcDbLine
 10
126.31060739634094
 20
110.99999999999997
 30
0.0
 11
126.33899795992355
 21
110.99999999999997
 31
0.0
  0
LINE
  5
734
330
17
100
AcDbEntity
  8
GEOMETRY
100
AcDbLine
 10
126.33899795992355
 20
110.99999999999997
 30
0.0
 11
126.36738852350616
 21
110.99999999999997
 31
0.0
  0
LINE
  5
735
330
17
100
AcDbEntity
  8
GEOMETRY
100
AcDbLine
 10
126.36738852350616
 20
110.99999999999997
 30
0.0
 11
126.39577908708878
 21
110.99999999999997
 31
0.0
  0
LINE
  5
736
330
17
100
AcDbEntity
  8
GEOMETRY
100
AcDbLine
 10
126.39577908708878
 20
110.99999999999997
 30
0.0
 11
126.42416965067139
 21
110.99999999999997
 31
0.0
  0
LINE
  5
737
330
17
100
AcDbEntity
  8
GEOMETRY
100
AcDbLine
 10
126.42416965067139
 20
110.99999999999997
 30
0.0
 11
126.45501821038431
 21
110.99999999999997
 31
0.0
  0
LINE
  5
738
330
17
100
AcDbEntity
  8
GEOMETRY
100
AcDbLine
 10
126.45501821038431
 20
110.99999999999997
 30
0.0
 11
126.48771026719496
 21
110.99999999999997
 31
0.0
  0
LINE
  5
739
330
17
100
AcDbEntity
  8
GEOMETRY
100
AcDbLine
 10
126.48771026719496
 20
110.99999999999997
 30
0.0
 11
126.5204023240056
 21
110.99999999999997
 31
0.0
  0
LINE
  5
73A
330
17
100
AcDbEntity
  8
GEOMETRY
100
AcDbLine
 10
126.5204023240056
 20
110.99999999999997
 30
0.0
 11
126.55309438081625
 21
110.99999999999997
 31
0.0
  0
LINE
  5
73B
330
17
100
AcDbEntity
  8
GEOMETRY
100
AcDbLine
 10
126.55309438081625
 20
110.99999999999997
 30
0.0
 11
126.5857864376269
 21
110.99999999999997
 31
0.0
  0
LINE
  5
73C
330
17
100
AcDbEntity
  8
GEOMETRY
100
AcDbLine
 10
126.5857864376269
 20
110.99999999999997
 30
0.0
 11
126.62236886608281
 21
110.99999999999997
 31
0.0
  0
LINE
  5
73D
330
17
100
AcDbEntity
  8
GEOMETRY
100
AcDbLine
 10
126.62236886608281
 20
110.99999999999997
 30
0.0
 11
126.65895129453874
 21
110.99999999999997
 31
0.0
  0
LINE
  5
73E
330
17
100
AcDbEntity
  8
GEOMETRY
100
AcDbLine
 10
126.65895129453874
 20
110.99999999999997
 30
0.0
 11
126.69553372299465
 21
110.99999999999997
 31
0.0
  0
LINE
  5
73F
330
17
100
AcDbEntity
  8
GEOMETRY
100
AcDbLine
 10
126.69553372299465
 20
110.99999999999997
 30
0.0
 11
126.73211615145057
 21
110.99999999999997
 31
0.0
  0
LINE
  5
740
330
17
100
AcDbEntity
  8
GEOMETRY
100
AcDbLine
 10
126.73211615145057
 20
110.99999999999997
 30
0.0
 11
126.77016871978441
 21
110.99999999999997
 31
0.0
  0
LINE
  5
741
330
17
100
AcDbEntity
  8
GEOMETRY
100
AcDbLine
 10
126.77016871978441
 20
110.99999999999997
 30
0.0
 11
126.81018147462214
 21
110.99999999999997
 31
0.0
  0
LINE
  5
742
330
17
100
AcDbEntity
  8
GEOMETRY
100
AcDbLine
 10
126.81018147462214
 20
110.99999999999997
 30
0.0
 11
126.85019422945989
 21
110.99999999999997
 31
0.0
  0
LINE
  5
743
330
17
100
AcDbEntity
  8
GEOMETRY
100
AcDbLine
 10
126.85019422945989
 20
110.99999999999997
 30
0.0
 11
126.89020698429762
 21
110.99999999999997
 31
0.0
  0
LINE
  5
744
330
17
100
AcDbEntity
  8
GEOMETRY
100
AcDbLine
 10
126.89020698429762
 20
110.99999999999997
 30
0.0
 11
126.93021973913537
 21
110.99999999999997
 31
0.0
  0
LINE
  5
745
330
17
100
AcDbEntity
  8
GEOMETRY
100
AcDbLine
 10
126.93021973913537
 20
110.99999999999997
 30
0.0
 11
126.97274147349349
 21
110.99999999999997
 31
0.0
  0
LINE
  5
746
330
17
100
AcDbEntity
  8
GEOMETRY
100
AcDbLine
 10
126.97274147349349
 20
110.99999999999997
 30
0.0
 11
127.01568137110502
 21
110.99999999999997
 31
0.0
  0
LINE
  5
747
330
17
100
AcDbEntity
  8
GEOMETRY
100
AcDbLine
 10
127.01568137110502
 20
110.99999999999997
 30
0.0
 11
127.05862126871654
 21
110.99999999999997
 31
0.0
  0
LINE
  5
748
330
17
100
AcDbEntity
  8
GEOMETRY
100
AcDbLine
 10
127.05862126871654
 20
110.99999999999997
 30
0.0
 11
127.10156116632807
 21
110.99999999999997
 31
0.0
  0
LINE
  5
749
330
17
100
AcDbEntity
  8
GEOMETRY
100
AcDbLine
 10
127.10156116632807
 20
110.99999999999997
 30
0.0
 11
127.14518310641017
 21
110.99999999999997
 31
0.0
  0
LINE
  5
74A
330
17
100
AcDbEntity
  8
GEOMETRY
100
AcDbLine
 10
127.14518310641017
 20
110.99999999999997
 30
0.0
 11
127.19051015266872
 21
110.99999999999997
 31
0.0
  0
LINE
  5
74B
330
17
100
AcDbEntity
  8
GEOMETRY
100
AcDbLine
 10
127.19051015266872
 20
110.99999999999997
 30
0.0
 11
127.23583719892727
 21
110.99999999999997
 31
0.0
  0
LINE
  5
74C
330
17
100
AcDbEntity
  8
GEOMETRY
100
AcDbLine
 10
127.23583719892727
 20
110.99999999999997
 30
0.0
 11
127.2811642451858
 21
110.99999999999997
 31
0.0
  0
LINE
  5
74D
330
17
100
AcDbEntity
  8
GEOMETRY
100
AcDbLine
 10
127.2811642451858
 20
110.99999999999997
 30
0.0
 11
127.32649129144437
 21
110.99999999999997
 31
0.0
  0
LINE
  5
74E
330
17
100
AcDbEntity
  8
GEOMETRY
100
AcDbLine
 10
127.32649129144437
 20
110.99999999999997
 30
0.0
 11
127.3731162910893
 21
110.99999999999997
 31
0.0
  0
LINE
  5
74F
330
17
100
AcDbEntity
  8
GEOMETRY
100
AcDbLine
 10
127.3731162910893
 20
110.99999999999997
 30
0.0
 11
127.4202604720888
 21
110.99999999999997
 31
0.0
  0
LINE
  5
750
330
17
100
AcDbEntity
  8
GEOMETRY
100
AcDbLine
 10
127.4202604720888
 20
110.99999999999997
 30
0.0
 11
127.4674046530883
 21
110.99999999999997
 31
0.0
  0
LINE
  5
751
330
17
100
AcDbEntity
  8
GEOMETRY
100
AcDbLine
 10
127.4674046530883
 20
110.99999999999997
 30
0.0
 11
127.5145488340878
 21
110.99999999999997
 31
0.0
  0
LINE
  5
752
330
17
100
AcDbEntity
  8
GEOMETRY
100
AcDbLine
 10
127.5145488340878
 20
110.99999999999997
 30
0.0
 11
127.56186791070317
 21
110.99999999999997
 31
0.0
  0
LINE
  5
753
330
17
100
AcDbEntity
  8
GEOMETRY
100
AcDbLine
 10
127.56186791070317
 20
110.99999999999997
 30
0.0
 11
127.61023636101388
 21
110.99999999999997
 31
0.0
  0
LINE
  5
754
330
17
100
AcDbEntity
  8
GEOMETRY
100
AcDbLine
 10
127.61023636101388
 20
110.99999999999997
 30
0.0
 11
127.65860481132455
 21
110.99999999999997
 31
0.0
  0
LINE
  5
755
330
17
100
AcDbEntity
  8
GEOMETRY
100
AcDbLine
 10
127.65860481132455
 20
110.99999999999997
 30
0.0
 11
127.70697326163526
 21
110.99999999999997
 31
0.0
  0
LINE
  5
756
330
17
100
AcDbEntity
  8
GEOMETRY
100
AcDbLine
 10
127.70697326163526
 20
110.99999999999997
 30
0.0
 11
127.75534171194593
 21
110.99999999999997
 31
0.0
  0
LINE
  5
757
330
17
100
AcDbEntity
  8
GEOMETRY
100
AcDbLine
 10
127.75534171194593
 20
110.99999999999997
 30
0.0
 11
127.80406216681921
 21
110.99999999999997
 31
0.0
  0
LINE
  5
758
330
17
100
AcDbEntity
  8
GEOMETRY
100
AcDbLine
 10
127.80406216681921
 20
110.99999999999997
 30
0.0
 11
127.8530466251144
 21
110.99999999999997
 31
0.0
  0
LINE
  5
759
330
17
100
AcDbEntity
  8
GEOMETRY
100
AcDbLine
 10
127.8530466251144
 20
110.99999999999997
 30
0.0
 11
127.9020310834096
 21
110.99999999999997
 31
0.0
  0
LINE
  5
75A
330
17
100
AcDbEntity
  8
GEOMETRY
100
AcDbLine
 10
127.9020310834096
 20
110.99999999999997
 30
0.0
 11
127.9510155417048
 21
110.99999999999997
 31
0.0
  0
LINE
  5
75B
330
17
100
AcDbEntity
  8
GEOMETRY
100
AcDbLine
 10
127.9510155417048
 20
110.99999999999997
 30
0.0
 11
128.0
 21
110.99999999999997
 31
0.0
  0
LINE
  5
75C
330
17
100
AcDbEntity
  8
GEOMETRY
100
AcDbLine
 10
126.0
 20
110.99999999999997
 30
0.0
 11
126.0
 21
111.00550181634338
 31
0.0
  0
LINE
  5
75D
330
17
100
AcDbEntity
  8
GEOMETRY
100
AcDbLine
 10
126.0
 20
111.00550181634338
 30
0.0
 11
126.0
 21
111.0110036326868
 31
0.0
  0
LINE
  5
75E
330
17
100
AcDbEntity
  8
GEOMETRY
100
AcDbLine
 10
126.0
 20
111.0110036326868
 30
0.0
 11
126.0
 21
111.01650544903022
 31
0.0
  0
LINE
  5
75F
330
17
100
AcDbEntity
  8
GEOMETRY
100
AcDbLine
 10
126.0
 20
111.01650544903022
 30
0.0
 11
126.0
 21
111.02200726537363
 31
0.0
  0
LINE
  5
760
330
17
100
AcDbEntity
  8
GEOMETRY
100
AcDbLine
 10
126.0
 20
111.02200726537363
 30
0.0
 11
126.0
 21
111.03219527206879
 31
0.0
  0
LINE
  5
761
330
17
100
AcDbEntity
  8
GEOMETRY
100
AcDbLine
 10
126.0
 20
111.03219527206879
 30
0.0
 11
126.0
 21
111.04863153256628
 31
0.0
  0
LINE
  5
762
330
17
100
AcDbEntity
  8
GEOMETRY
100
AcDbLine
 10
126.0
 20
111.04863153256628
 30
0.0
 11
126.0
 21
111.06506779306378
 31
0.0
  0
LINE
  5
763
330
17
100
AcDbEntity
  8
GEOMETRY
100
AcDbLine
 10
126.0
 20
111.06506779306378
 30
0.0
 11
126.0
 21
111.08150405356128
 31
0.0
  0
LINE
  5
764
330
17
100
AcDbEntity
  8
GEOMETRY
100
AcDbLine
 10
126.0
 20
111.08150405356128
 30
0.0
 11
126.0
 21
111.09794031405875
 31
0.0
  0
LINE
  5
765
330
17
100
AcDbEntity
  8
GEOMETRY
100
AcDbLine
 10
126.0
 20
111.09794031405875
 30
0.0
 11
126.0
 21
111.12357178767778
 31
0.0
  0
LINE
  5
766
330
17
100
AcDbEntity
  8
GEOMETRY
100
AcDbLine
 10
126.0
 20
111.12357178767778
 30
0.0
 11
126.0
 21
111.15073579681706
 31
0.0
  0
LINE
  5
767
330
17
100
AcDbEntity
  8
GEOMETRY
100
AcDbLine
 10
126.0
 20
111.15073579681706
 30
0.0
 11
126.0
 21
111.17789980595632
 31
0.0
  0
LINE
  5
768
330
17
100
AcDbEntity
  8
GEOMETRY
100
AcDbLine
 10
126.0
 20
111.17789980595632
 30
0.0
 11
126.0
 21
111.2050638150956
 31
0.0
  0
LINE
  5
769
330
17
100
AcDbEntity
  8
GEOMETRY
100
AcDbLine
 10
126.0
 20
111.2050638150956
 30
0.0
 11
126.0
 21
111.235195294368
 31
0.0
  0
LINE
  5
76A
330
17
100
AcDbEntity
  8
GEOMETRY
100
AcDbLine
 10
126.0
 20
111.235195294368
 30
0.0
 11
126.0
 21
111.2727454489732
 31
0.0
  0
LINE
  5
76B
330
17
100
AcDbEntity
  8
GEOMETRY
100
AcDbLine
 10
126.0
 20
111.2727454489732
 30
0.0
 11
126.0
 21
111.3102956035784
 31
0.0
  0
LINE
  5
76C
330
17
100
AcDbEntity
  8
GEOMETRY
100
AcDbLine
 10
126.0
 20
111.3102956035784
 30
0.0
 11
126.0
 21
111.34784575818361
 31
0.0
  0
LINE
  5
76D
330
17
100
AcDbEntity
  8
GEOMETRY
100
AcDbLine
 10
126.0
 20
111.34784575818361
 30
0.0
 11
126.0
 21
111.38539591278882
 31
0.0
  0
LINE
  5
76E
330
17
100
AcDbEntity
  8
GEOMETRY
100
AcDbLine
 10
126.0
 20
111.38539591278882
 30
0.0
 11
126.0
 21
111.43002744631164
 31
0.0
  0
LINE
  5
76F
330
17
100
AcDbEntity
  8
GEOMETRY
100
AcDbLine
 10
126.0
 20
111.43002744631164
 30
0.0
 11
126.0
 21
111.47749153140151
 31
0.0
  0
LINE
  5
770
330
17
100
AcDbEntity
  8
GEOMETRY
100
AcDbLine
 10
126.0
 20
111.47749153140151
 30
0.0
 11
126.0
 21
111.52495561649138
 31
0.0
  0
LINE
  5
771
330
17
100
AcDbEntity
  8
GEOMETRY
100
AcDbLine
 10
126.0
 20
111.52495561649138
 30
0.0
 11
126.0
 21
111.57241970158124
 31
0.0
  0
LINE
  5
772
330
17
100
AcDbEntity
  8
GEOMETRY
100
AcDbLine
 10
126.0
 20
111.57241970158124
 30
0.0
 11
126.0
 21
111.62121479268188
 31
0.0
  0
LINE
  5
773
330
17
100
AcDbEntity
  8
GEOMETRY
100
AcDbLine
 10
126.0
 20
111.62121479268188
 30
0.0
 11
126.0
 21
111.67799591984709
 31
0.0
  0
LINE
  5
774
330
17
100
AcDbEntity
  8
GEOMETRY
100
AcDbLine
 10
126.0
 20
111.67799591984709
 30
0.0
 11
126.0
 21
111.73477704701232
 31
0.0
  0
LINE
  5
775
330
17
100
AcDbEntity
  8
GEOMETRY
100
AcDbLine
 10
126.0
 20
111.73477704701232
 30
0.0
 11
126.0
 21
111.79155817417754
 31
0.0
  0
LINE
  5
776
330
17
100
AcDbEntity
  8
GEOMETRY
100
AcDbLine
 10
126.0
 20
111.79155817417754
 30
0.0
 11
126.0
 21
111.84833930134276
 31
0.0
  0
LINE
  5
777
330
17
100
AcDbEntity
  8
GEOMETRY
100
AcDbLine
 10
126.0
 20
111.84833930134276
 30
0.0
 11
126.0
 21
111.91003642076859
 31
0.0
  0
LINE
  5
778
330
17
100
AcDbEntity
  8
GEOMETRY
100
AcDbLine
 10
126.0
 20
111.91003642076859
 30
0.0
 11
126.0
 21
111.9754205343899
 31
0.0
  0
LINE
  5
779
330
17
100
AcDbEntity
  8
GEOMETRY
100
AcDbLine
 10
126.0
 20
111.9754205343899
 30
0.0
 11
126.0
 21
112.0408046480112
 31
0.0
  0
LINE
  5
77A
330
17
100
AcDbEntity
  8
GEOMETRY
100
AcDbLine
 10
126.0
 20
112.0408046480112
 30
0.0
 11
126.0
 21
112.1061887616325
 31
0.0
  0
LINE
  5
77B
330
17
100
AcDbEntity
  8
GEOMETRY
100
AcDbLine
 10
126.0
 20
112.1061887616325
 30
0.0
 11
126.0
 21
112.17157287525379
 31
0.0
  0
LINE
  5
77C
330
17
100
AcDbEntity
  8
GEOMETRY
100
AcDbLine
 10
126.0
 20
112.17157287525379
 30
0.0
 11
126.0
 21
112.24473773216562
 31
0.0
  0
LINE
  5
77D
330
17
100
AcDbEntity
  8
GEOMETRY
100
AcDbLine
 10
126.0
 20
112.24473773216562
 30
0.0
 11
126.0
 21
112.31790258907746
 31
0.0
  0
LINE
  5
77E
330
17
100
AcDbEntity
  8
GEOMETRY
100
AcDbLine
 10
126.0
 20
112.31790258907746
 30
0.0
 11
126.0
 21
112.39106744598931
 31
0.0
  0
LINE
  5
77F
330
17
100
AcDbEntity
  8
GEOMETRY
100
AcDbLine
 10
126.0
 20
112.39106744598931
 30
0.0
 11
126.0
 21
112.46423230290114
 31
0.0
  0
LINE
  5
780
330
17
100
AcDbEntity
  8
GEOMETRY
100
AcDbLine
 10
126.0
 20
112.46423230290114
 30
0.0
 11
126.0
 21
112.54033743956882
 31
0.0
  0
LINE
  5
781
330
17
100
AcDbEntity
  8
GEOMETRY
100
AcDbLine
 10
126.0
 20
112.54033743956882
 30
0.0
 11
126.0
 21
112.62036294924428
 31
0.0
  0
LINE
  5
782
330
17
100
AcDbEntity
  8
GEOMETRY
100
AcDbLine
 10
126.0
 20
112.62036294924428
 30
0.0
 11
126.0
 21
112.70038845891976
 31
0.0
  0
LINE
  5
783
330
17
100
AcDbEntity
  8
GEOMETRY
100
AcDbLine
 10
126.0
 20
112.70038845891976
 30
0.0
 11
126.0
 21
112.78041396859524
 31
0.0
  0
LINE
  5
784
330
17
100
AcDbEntity
  8
GEOMETRY
100
AcDbLine
 10
126.0
 20
112.78041396859524
 30
0.0
 11
126.0
 21
112.8604394782707
 31
0.0
  0
LINE
  5
785
330
17
100
AcDbEntity
  8
GEOMETRY
100
AcDbLine
 10
126.0
 20
112.8604394782707
 30
0.0
 11
126.0
 21
112.94548294698697
 31
0.0
  0
LINE
  5
786
330
17
100
AcDbEntity
  8
GEOMETRY
100
AcDbLine
 10
126.0
 20
112.94548294698697
 30
0.0
 11
126.0
 21
113.03136274221002
 31
0.0
  0
LINE
  5
787
330
17
100
AcDbEntity
  8
GEOMETRY
100
AcDbLine
 10
126.0
 20
113.03136274221002
 30
0.0
 11
126.0
 21
113.11724253743307
 31
0.0
  0
LINE
  5
788
330
17
100
AcDbEntity
  8
GEOMETRY
100
AcDbLine
 10
126.0
 20
113.11724253743307
 30
0.0
 11
126.0
 21
113.20312233265614
 31
0.0
  0
LINE
  5
789
330
17
100
AcDbEntity
  8
GEOMETRY
100
AcDbLine
 10
126.0
 20
113.20312233265614
 30
0.0
 11
126.0
 21
113.29036621282035
 31
0.0
  0
LINE
  5
78A
330
17
100
AcDbEntity
  8
GEOMETRY
100
AcDbLine
 10
126.0
 20
113.29036621282035
 30
0.0
 11
126.0
 21
113.38102030533744
 31
0.0
  0
LINE
  5
78B
330
17
100
AcDbEntity
  8
GEOMETRY
100
AcDbLine
 10
126.0
 20
113.38102030533744
 30
0.0
 11
126.0
 21
113.47167439785453
 31
0.0
  0
LINE
  5
78C
330
17
100
AcDbEntity
  8
GEOMETRY
100
AcDbLine
 10
126.0
 20
113.47167439785453
 30
0.0
 11
126.0
 21
113.56232849037161
 31
0.0
  0
LINE
  5
78D
330
17
100
AcDbEntity
  8
GEOMETRY
100
AcDbLine
 10
126.0
 20
113.56232849037161
 30
0.0
 11
126.0
 21
113.65298258288871
 31
0.0
  0
LINE
  5
78E
330
17
100
AcDbEntity
  8
GEOMETRY
100
AcDbLine
 10
126.0
 20
113.65298258288871
 30
0.0
 11
126.0
 21
113.74623258217859
 31
0.0
  0
LINE
  5
78F
330
17
100
AcDbEntity
  8
GEOMETRY
100
AcDbLine
 10
126.0
 20
113.74623258217859
 30
0.0
 11
126.0
 21
113.8405209441776
 31
0.0
  0
LINE
  5
790
330
17
100
AcDbEntity
  8
GEOMETRY
100
AcDbLine
 10
126.0
 20
113.8405209441776
 30
0.0
 11
126.0
 21
113.93480930617659
 31
0.0
  0
LINE
  5
791
330
17
100
AcDbEntity
  8
GEOMETRY
100
AcDbLine
 10
126.0
 20
113.93480930617659
 30
0.0
 11
126.0
 21
114.02909766817558
 31
0.0
  0
LINE
  5
792
330
17
100
AcDbEntity
  8
GEOMETRY
100
AcDbLine
 10
126.0
 20
114.02909766817558
 30
0.0
 11
126.0
 21
114.12373582140634
 31
0.0
  0
LINE
  5
793
330
17
100
AcDbEntity
  8
GEOMETRY
100
AcDbLine
 10
126.0
 20
114.12373582140634
 30
0.0
 11
126.0
 21
114.22047272202772
 31
0.0
  0
LINE
  5
794
330
17
100
AcDbEntity
  8
GEOMETRY
100
AcDbLine
 10
126.0
 20
114.22047272202772
 30
0.0
 11
126.0
 21
114.3172096226491
 31
0.0
  0
LINE
  5
795
330
17
100
AcDbEntity
  8
GEOMETRY
100
AcDbLine
 10
126.0
 20
114.3172096226491
 30
0.0
 11
126.0
 21
114.41394652327048
 31
0.0
  0
LINE
  5
796
330
17
100
AcDbEntity
  8
GEOMETRY
100
AcDbLine
 10
126.0
 20
114.41394652327048
 30
0.0
 11
126.0
 21
114.51068342389186
 31
0.0
  0
LINE
  5
797
330
17
100
AcDbEntity
  8
GEOMETRY
100
AcDbLine
 10
126.0
 20
114.51068342389186
 30
0.0
 11
126.0
 21
114.6081243336384
 31
0.0
  0
LINE
  5
798
330
17
100
AcDbEntity
  8
GEOMETRY
100
AcDbLine
 10
126.0
 20
114.6081243336384
 30
0.0
 11
126.0
 21
114.7060932502288
 31
0.0
  0
LINE
  5
799
330
17
100
AcDbEntity
  8
GEOMETRY
100
AcDbLine
 10
126.0
 20
114.7060932502288
 30
0.0
 11
126.0
 21
114.8040621668192
 31
0.0
  0
LINE
  5
79A
330
17
100
AcDbEntity
  8
GEOMETRY
100
AcDbLine
 10
126.0
 20
114.8040621668192
 30
0.0
 11
126.0
 21
114.90203108340958
 31
0.0
  0
LINE
  5
79B
330
17
100
AcDbEntity
  8
GEOMETRY
100
AcDbLine
 10
126.0
 20
114.90203108340958
 30
0.0
 11
126.0
 21
114.99999999999997
 31
0.0
  0
LINE
  5
79C
330
17
100
AcDbEntity
  8
GEOMETRY
100
AcDbLine
 10
201.0
 20
110.99999999999997
 30
0.0
 11
201.0
 21
111.00550181634338
 31
0.0
  0
LINE
  5
79D
330
17
100
AcDbEntity
  8
GEOMETRY
100
AcDbLine
 10
201.0
 20
111.00550181634338
 30
0.0
 11
201.0
 21
111.0110036326868
 31
0.0
  0
LINE
  5
79E
330
17
100
AcDbEntity
  8
GEOMETRY
100
AcDbLine
 10
201.0
 20
111.0110036326868
 30
0.0
 11
201.0
 21
111.01650544903022
 31
0.0
  0
LINE
  5
79F
330
17
100
AcDbEntity
  8
GEOMETRY
100
AcDbLine
 10
201.0
 20
111.01650544903022
 30
0.0
 11
201.0
 21
111.02200726537363
 31
0.0
  0
LINE
  5
7A0
330
17
100
AcDbEntity
  8
GEOMETRY
100
AcDbLine
 10
201.0
 20
111.02200726537363
 30
0.0
 11
201.0
 21
111.03219527206879
 31
0.0
  0
LINE
  5
7A1
330
17
100
AcDbEntity
  8
GEOMETRY
100
AcDbLine
 10
201.0
 20
111.03219527206879
 30
0.0
 11
201.0
 21
111.04863153256628
 31
0.0
  0
LINE
  5
7A2
330
17
100
AcDbEntity
  8
GEOMETRY
100
AcDbLine
 10
201.0
 20
111.04863153256628
 30
0.0
 11
201.0
 21
111.06506779306378
 31
0.0
  0
LINE
  5
7A3
330
17
100
AcDbEntity
  8
GEOMETRY
100
AcDbLine
 10
201.0
 20
111.06506779306378
 30
0.0
 11
201.0
 21
111.08150405356128
 31
0.0
  0
LINE
  5
7A4
330
17
100
AcDbEntity
  8
GEOMETRY
100
AcDbLine
 10
201.0
 20
111.08150405356128
 30
0.0
 11
201.0
 21
111.09794031405875
 31
0.0
  0
LINE
  5
7A5
330
17
100
AcDbEntity
  8
GEOMETRY
100
AcDbLine
 10
201.0
 20
111.09794031405875
 30
0.0
 11
201.0
 21
111.12357178767778
 31
0.0
  0
LINE
  5
7A6
330
17
100
AcDbEntity
  8
GEOMETRY
100
AcDbLine
 10
201.0
 20
111.12357178767778
 30
0.0
 11
201.0
 21
111.15073579681706
 31
0.0
  0
LINE
  5
7A7
330
17
100
AcDbEntity
  8
GEOMETRY
100
AcDbLine
 10
201.0
 20
111.15073579681706
 30
0.0
 11
201.0
 21
111.17789980595632
 31
0.0
  0
LINE
  5
7A8
330
17
100
AcDbEntity
  8
GEOMETRY
100
AcDbLine
 10
201.0
 20
111.17789980595632
 30
0.0
 11
201.0
 21
111.2050638150956
 31
0.0
  0
LINE
  5
7A9
330
17
100
AcDbEntity
  8
GEOMETRY
100
AcDbLine
 10
201.0
 20
111.2050638150956
 30
0.0
 11
201.0
 21
111.235195294368
 31
0.0
  0
LINE
  5
7AA
330
17
100
AcDbEntity
  8
GEOMETRY
100
AcDbLine
 10
201.0
 20
111.235195294368
 30
0.0
 11
201.0
 21
111.2727454489732
 31
0.0
  0
LINE
  5
7AB
330
17
100
AcDbEntity
  8
GEOMETRY
100
AcDbLine
 10
201.0
 20
111.2727454489732
 30
0.0
 11
201.0
 21
111.3102956035784
 31
0.0
  0
LINE
  5
7AC
330
17
100
AcDbEntity
  8
GEOMETRY
100
AcDbLine
 10
201.0
 20
111.3102956035784
 30
0.0
 11
201.0
 21
111.34784575818361
 31
0.0
  0
LINE
  5
7AD
330
17
100
AcDbEntity
  8
GEOMETRY
100
AcDbLine
 10
201.0
 20
111.34784575818361
 30
0.0
 11
201.0
 21
111.38539591278882
 31
0.0
  0
LINE
  5
7AE
330
17
100
AcDbEntity
  8
GEOMETRY
100
AcDbLine
 10
201.0
 20
111.38539591278882
 30
0.0
 11
201.0
 21
111.43002744631164
 31
0.0
  0
LINE
  5
7AF
330
17
100
AcDbEntity
  8
GEOMETRY
100
AcDbLine
 10
201.0
 20
111.43002744631164
 30
0.0
 11
201.0
 21
111.47749153140151
 31
0.0
  0
LINE
  5
7B0
330
17
100
AcDbEntity
  8
GEOMETRY
100
AcDbLine
 10
201.0
 20
111.47749153140151
 30
0.0
 11
201.0
 21
111.52495561649138
 31
0.0
  0
LINE
  5
7B1
330
17
100
AcDbEntity
  8
GEOMETRY
100
AcDbLine
 10
201.0
 20
111.52495561649138
 30
0.0
 11
201.0
 21
111.57241970158124
 31
0.0
  0
LINE
  5
7B2
330
17
100
AcDbEntity
  8
GEOMETRY
100
AcDbLine
 10
201.0
 20
111.57241970158124
 30
0.0
 11
201.0
 21
111.62121479268188
 31
0.0
  0
LINE
  5
7B3
330
17
100
AcDbEntity
  8
GEOMETRY
100
AcDbLine
 10
201.0
 20
111.62121479268188
 30
0.0
 11
201.0
 21
111.67799591984709
 31
0.0
  0
LINE
  5
7B4
330
17
100
AcDbEntity
  8
GEOMETRY
100
AcDbLine
 10
201.0
 20
111.67799591984709
 30
0.0
 11
201.0
 21
111.73477704701232
 31
0.0
  0
LINE
  5
7B5
330
17
100
AcDbEntity
  8
GEOMETRY
100
AcDbLine
 10
201.0
 20
111.73477704701232
 30
0.0
 11
201.0
 21
111.79155817417754
 31
0.0
  0
LINE
  5
7B6
330
17
100
AcDbEntity
  8
GEOMETRY
100
AcDbLine
 10
201.0
 20
111.79155817417754
 30
0.0
 11
201.0
 21
111.84833930134276
 31
0.0
  0
LINE
  5
7B7
330
17
100
AcDbEntity
  8
GEOMETRY
100
AcDbLine
 10
201.0
 20
111.84833930134276
 30
0.0
 11
201.0
 21
111.91003642076859
 31
0.0
  0
LINE
  5
7B8
330
17
100
AcDbEntity
  8
GEOMETRY
100
AcDbLine
 10
201.0
 20
111.91003642076859
 30
0.0
 11
201.0
 21
111.9754205343899
 31
0.0
  0
LINE
  5
7B9
330
17
100
AcDbEntity
  8
GEOMETRY
100
AcDbLine
 10
201.0
 20
111.9754205343899
 30
0.0
 11
201.0
 21
112.0408046480112
 31
0.0
  0
LINE
  5
7BA
330
17
100
AcDbEntity
  8
GEOMETRY
100
AcDbLine
 10
201.0
 20
112.0408046480112
 30
0.0
 11
201.0
 21
112.1061887616325
 31
0.0
  0
LINE
  5
7BB
330
17
100
AcDbEntity
  8
GEOMETRY
100
AcDbLine
 10
201.0
 20
112.1061887616325
 30
0.0
 11
201.0
 21
112.17157287525379
 31
0.0
  0
LINE
  5
7BC
330
17
100
AcDbEntity
  8
GEOMETRY
100
AcDbLine
 10
201.0
 20
112.17157287525379
 30
0.0
 11
201.0
 21
112.24473773216562
 31
0.0
  0
LINE
  5
7BD
330
17
100
AcDbEntity
  8
GEOMETRY
100
AcDbLine
 10
201.0
 20
112.24473773216562
 30
0.0
 11
201.0
 21
112.31790258907746
 31
0.0
  0
LINE
  5
7BE
330
17
100
AcDbEntity
  8
GEOMETRY
100
AcDbLine
 10
201.0
 20
112.31790258907746
 30
0.0
 11
201.0
 21
112.39106744598931
 31
0.0
  0
LINE
  5
7BF
330
17
100
AcDbEntity
  8
GEOMETRY
100
AcDbLine
 10
201.0
 20
112.39106744598931
 30
0.0
 11
201.0
 21
112.46423230290114
 31
0.0
  0
LINE
  5
7C0
330
17
100
AcDbEntity
  8
GEOMETRY
100
AcDbLine
 10
201.0
 20
112.46423230290114
 30
0.0
 11
201.0
 21
112.54033743956882
 31
0.0
  0
LINE
  5
7C1
330
17
100
AcDbEntity
  8
GEOMETRY
100
AcDbLine
 10
201.0
 20
112.54033743956882
 30
0.0
 11
201.0
 21
112.62036294924428
 31
0.0
  0
LINE
  5
7C2
330
17
100
AcDbEntity
  8
GEOMETRY
100
AcDbLine
 10
201.0
 20
112.62036294924428
 30
0.0
 11
201.0
 21
112.70038845891976
 31
0.0
  0
LINE
  5
7C3
330
17
100
AcDbEntity
  8
GEOMETRY
100
AcDbLine
 10
201.0
 20
112.70038845891976
 30
0.0
 11
201.0
 21
112.78041396859524
 31
0.0
  0
LINE
  5
7C4
330
17
100
AcDbEntity
  8
GEOMETRY
100
AcDbLine
 10
201.0
 20
112.78041396859524
 30
0.0
 11
201.0
 21
112.8604394782707
 31
0.0
  0
LINE
  5
7C5
330
17
100
AcDbEntity
  8
GEOMETRY
100
AcDbLine
 10
201.0
 20
112.8604394782707
 30
0.0
 11
201.0
 21
112.94548294698697
 31
0.0
  0
LINE
  5
7C6
330
17
100
AcDbEntity
  8
GEOMETRY
100
AcDbLine
 10
201.0
 20
112.94548294698697
 30
0.0
 11
201.0
 21
113.03136274221002
 31
0.0
  0
LINE
  5
7C7
330
17
100
AcDbEntity
  8
GEOMETRY
100
AcDbLine
 10
201.0
 20
113.03136274221002
 30
0.0
 11
201.0
 21
113.11724253743307
 31
0.0
  0
LINE
  5
7C8
330
17
100
AcDbEntity
  8
GEOMETRY
100
AcDbLine
 10
201.0
 20
113.11724253743307
 30
0.0
 11
201.0
 21
113.20312233265614
 31
0.0
  0
LINE
  5
7C9
330
17
100
AcDbEntity
  8
GEOMETRY
100
AcDbLine
 10
201.0
 20
113.20312233265614
 30
0.0
 11
201.0
 21
113.29036621282035
 31
0.0
  0
LINE
  5
7CA
330
17
100
AcDbEntity
  8
GEOMETRY
100
AcDbLine
 10
201.0
 20
113.29036621282035
 30
0.0
 11
201.0
 21
113.38102030533744
 31
0.0
  0
LINE
  5
7CB
330
17
100
AcDbEntity
  8
GEOMETRY
100
AcDbLine
 10
201.0
 20
113.38102030533744
 30
0.0
 11
201.0
 21
113.47167439785453
 31
0.0
  0
LINE
  5
7CC
330
17
100
AcDbEntity
  8
GEOMETRY
100
AcDbLine
 10
201.0
 20
113.47167439785453
 30
0.0
 11
201.0
 21
113.56232849037161
 31
0.0
  0
LINE
  5
7CD
330
17
100
AcDbEntity
  8
GEOMETRY
100
AcDbLine
 10
201.0
 20
113.56232849037161
 30
0.0
 11
201.0
 21
113.65298258288871
 31
0.0
  0
LINE
  5
7CE
330
17
100
AcDbEntity
  8
GEOMETRY
100
AcDbLine
 10
201.0
 20
113.65298258288871
 30
0.0
 11
201.0
 21
113.74623258217859
 31
0.0
  0
LINE
  5
7CF
330
17
100
AcDbEntity
  8
GEOMETRY
100
AcDbLine
 10
201.0
 20
113.74623258217859
 30
0.0
 11
201.0
 21
113.8405209441776
 31
0.0
  0
LINE
  5
7D0
330
17
100
AcDbEntity
  8
GEOMETRY
100
AcDbLine
 10
201.0
 20
113.8405209441776
 30
0.0
 11
201.0
 21
113.93480930617659
 31
0.0
  0
LINE
  5
7D1
330
17
100
AcDbEntity
  8
GEOMETRY
100
AcDbLine
 10
201.0
 20
113.93480930617659
 30
0.0
 11
201.0
 21
114.02909766817558
 31
0.0
  0
LINE
  5
7D2
330
17
100
AcDbEntity
  8
GEOMETRY
100
AcDbLine
 10
201.0
 20
114.02909766817558
 30
0.0
 11
201.0
 21
114.12373582140634
 31
0.0
  0
LINE
  5
7D3
330
17
100
AcDbEntity
  8
GEOMETRY
100
AcDbLine
 10
201.0
 20
114.12373582140634
 30
0.0
 11
201.0
 21
114.22047272202772
 31
0.0
  0
LINE
  5
7D4
330
17
100
AcDbEntity
  8
GEOMETRY
100
AcDbLine
 10
201.0
 20
114.22047272202772
 30
0.0
 11
201.0
 21
114.3172096226491
 31
0.0
  0
LINE
  5
7D5
330
17
100
AcDbEntity
  8
GEOMETRY
100
AcDbLine
 10
201.0
 20
114.3172096226491
 30
0.0
 11
201.0
 21
114.41394652327048
 31
0.0
  0
LINE
  5
7D6
330
17
100
AcDbEntity
  8
GEOMETRY
100
AcDbLine
 10
201.0
 20
114.41394652327048
 30
0.0
 11
201.0
 21
114.51068342389186
 31
0.0
  0
LINE
  5
7D7
330
17
100
AcDbEntity
  8
GEOMETRY
100
AcDbLine
 10
201.0
 20
114.51068342389186
 30
0.0
 11
201.0
 21
114.6081243336384
 31
0.0
  0
LINE
  5
7D8
330
17
100
AcDbEntity
  8
GEOMETRY
100
AcDbLine
 10
201.0
 20
114.6081243336384
 30
0.0
 11
201.0
 21
114.7060932502288
 31
0.0
  0
LINE
  5
7D9
330
17
100
AcDbEntity
  8
GEOMETRY
100
AcDbLine
 10
201.0
 20
114.7060932502288
 30
0.0
 11
201.0
 21
114.8040621668192
 31
0.0
  0
LINE
  5
7DA
330
17
100
AcDbEntity
  8
GEOMETRY
100
AcDbLine
 10
201.0
 20
114.8040621668192
 30
0.0
 11
201.0
 21
114.90203108340958
 31
0.0
  0
LINE
  5
7DB
330
17
100
AcDbEntity
  8
GEOMETRY
100
AcDbLine
 10
201.0
 20
114.90203108340958
 30
0.0
 11
201.0
 21
114.99999999999997
 31
0.0
  0
CIRCLE
  5
7DC
330
17
100
AcDbEntity
  8
GEOMETRY
100
AcDbCircle
 10
163.5
 20
150.99999999999997
 30
0.0
 40
11.0
  0
LINE
  5
7DD
330
17
100
AcDbEntity
  8
CENTER_LINES
 62
1
100
AcDbLine
 10
150.5
 20
150.99999999999997
 30
0.0
 11
176.5
 21
150.99999999999997
 31
0.0
  0
LINE
  5
7DE
330
17
100
AcDbEntity
  8
CENTER_LINES
 62
1
100
AcDbLine
 10
163.5
 20
137.99999999999997
 30
0.0
 11
163.5
 21
163.99999999999997
 31
0.0
  0
LINE
  5
7DF
330
17
100
AcDbEntity
  8
GEOMETRY
100
AcDbLine
 10
126.0
 20
114.99999999999997
 30
0.0
 11
126.0
 21
165.99999999999997
 31
0.0
  0
LINE
  5
7E0
330
17
100
AcDbEntity
  8
GEOMETRY
100
AcDbLine
 10
128.0
 20
168.0
 30
0.0
 11
127.93456183435643
 21
167.99892917495274
 31
0.0
  0
LINE
  5
7E1
330
17
100
AcDbEntity
  8
GEOMETRY
100
AcDbLine
 10
127.93456183435643
 20
167.99892917495274
 30
0.0
 11
127.8691937415397
 21
167.9957178464772
 31
0.0
  0
LINE
  5
7E2
330
17
100
AcDbEntity
  8
GEOMETRY
100
AcDbLine
 10
127.8691937415397
 20
167.9957178464772
 30
0.0
 11
127.80396571934088
 21
167.99036945334439
 31
0.0
  0
LINE
  5
7E3
330
17
100
AcDbEntity
  8
GEOMETRY
100
AcDbLine
 10
127.80396571934088
 20
167.99036945334439
 30
0.0
 11
127.73894761555988
 21
167.98288972274761
 31
0.0
  0
LINE
  5
7E4
330
17
100
AcDbEntity
  8
GEOMETRY
100
AcDbLine
 10
127.73894761555988
 20
167.98288972274761
 30
0.0
 11
127.6742090532108
 21
167.97328666416976
 31
0.0
  0
LINE
  5
7E5
330
17
100
AcDbEntity
  8
GEOMETRY
100
AcDbLine
 10
127.6742090532108
 20
167.97328666416976
 30
0.0
 11
127.60981935596773
 21
167.96157056080645
 31
0.0
  0
LINE
  5
7E6
330
17
100
AcDbEntity
  8
GEOMETRY
100
AcDbLine
 10
127.60981935596773
 20
167.96157056080645
 30
0.0
 11
127.54584747393125
 21
167.94775395855467
 31
0.0
  0
LINE
  5
7E7
330
17
100
AcDbEntity
  8
GEOMETRY
100
AcDbLine
 10
127.54584747393125
 20
167.94775395855467
 30
0.0
 11
127.48236190979495
 21
167.93185165257813
 31
0.0
  0
LINE
  5
7E8
330
17
100
AcDbEntity
  8
GEOMETRY
100
AcDbLine
 10
127.48236190979495
 20
167.93185165257813
 30
0.0
 11
127.41943064549106
 21
167.91388067146443
 31
0.0
  0
LINE
  5
7E9
330
17
100
AcDbEntity
  8
GEOMETRY
100
AcDbLine
 10
127.41943064549106
 20
167.91388067146443
 30
0.0
 11
127.35712106939366
 21
167.8938602589902
 31
0.0
  0
LINE
  5
7EA
330
17
100
AcDbEntity
  8
GEOMETRY
100
AcDbLine
 10
127.35712106939366
 20
167.8938602589902
 30
0.0
 11
127.29549990415751
 21
167.87181185351466
 31
0.0
  0
LINE
  5
7EB
330
17
100
AcDbEntity
  8
GEOMETRY
100
AcDbLine
 10
127.29549990415751
 20
167.87181185351466
 30
0.0
 11
127.2346331352698
 21
167.84775906502256
 31
0.0
  0
LINE
  5
7EC
330
17
100
AcDbEntity
  8
GEOMETRY
100
AcDbLine
 10
127.2346331352698
 20
167.84775906502256
 30
0.0
 11
127.1745859403912
 21
167.82172764984236
 31
0.0
  0
LINE
  5
7ED
330
17
100
AcDbEntity
  8
GEOMETRY
100
AcDbLine
 10
127.1745859403912
 20
167.82172764984236
 30
0.0
 11
127.11542261956198
 21
167.79374548306538
 31
0.0
  0
LINE
  5
7EE
330
17
100
AcDbEntity
  8
GEOMETRY
100
AcDbLine
 10
127.11542261956198
 20
167.79374548306538
 30
0.0
 11
127.05720652634798
 21
167.7638425286967
 31
0.0
  0
LINE
  5
7EF
330
17
100
AcDbEntity
  8
GEOMETRY
100
AcDbLine
 10
127.05720652634798
 20
167.7638425286967
 30
0.0
 11
126.99999999999999
 21
167.73205080756887
 31
0.0
  0
LINE
  5
7F0
330
17
100
AcDbEntity
  8
GEOMETRY
100
AcDbLine
 10
126.99999999999999
 20
167.73205080756887
 30
0.0
 11
126.94386429869925
 21
167.69840436305316
 31
0.0
  0
LINE
  5
7F1
330
17
100
AcDbEntity
  8
GEOMETRY
100
AcDbLine
 10
126.94386429869925
 20
167.69840436305316
 30
0.0
 11
126.88885953396078
 21
167.66293922460508
 31
0.0
  0
LINE
  5
7F2
330
17
100
AcDbEntity
  8
GEOMETRY
100
AcDbLine
 10
126.88885953396078
 20
167.66293922460508
 30
0.0
 11
126.83504460626438
 21
167.62569336918324
 31
0.0
  0
LINE
  5
7F3
330
17
100
AcDbEntity
  8
GEOMETRY
100
AcDbLine
 10
126.83504460626438
 20
167.62569336918324
 30
0.0
 11
126.78247714198254
 21
167.58670668058247
 31
0.0
  0
LINE
  5
7F4
330
17
100
AcDbEntity
  8
GEOMETRY
100
AcDbLine
 10
126.78247714198254
 20
167.58670668058247
 30
0.0
 11
126.7312134316727
 21
167.54602090672546
 31
0.0
  0
LINE
  5
7F5
330
17
100
AcDbEntity
  8
GEOMETRY
100
AcDbLine
 10
126.7312134316727
 20
167.54602090672546
 30
0.0
 11
126.68130836979984
 21
167.50367961495795
 31
0.0
  0
LINE
  5
7F6
330
17
100
AcDbEntity
  8
GEOMETRY
100
AcDbLine
 10
126.68130836979984
 20
167.50367961495795
 30
0.0
 11
126.63281539595424
 21
167.45972814539567
 31
0.0
  0
LINE
  5
7F7
330
17
100
AcDbEntity
  8
GEOMETRY
100
AcDbLine
 10
126.63281539595424
 20
167.45972814539567
 30
0.0
 11
126.5857864376269
 21
167.41421356237308
 31
0.0
  0
LINE
  5
7F8
330
17
100
AcDbEntity
  8
GEOMETRY
100
AcDbLine
 10
126.5857864376269
 20
167.41421356237308
 30
0.0
 11
126.5402718546043
 21
167.36718460404575
 31
0.0
  0
LINE
  5
7F9
330
17
100
AcDbEntity
  8
GEOMETRY
100
AcDbLine
 10
126.5402718546043
 20
167.36718460404575
 30
0.0
 11
126.49632038504203
 21
167.31869163020014
 31
0.0
  0
LINE
  5
7FA
330
17
100
AcDbEntity
  8
GEOMETRY
100
AcDbLine
 10
126.49632038504203
 20
167.31869163020014
 30
0.0
 11
126.45397909327451
 21
167.26878656832727
 31
0.0
  0
LINE
  5
7FB
330
17
100
AcDbEntity
  8
GEOMETRY
100
AcDbLine
 10
126.45397909327451
 20
167.26878656832727
 30
0.0
 11
126.4132933194175
 21
167.21752285801745
 31
0.0
  0
LINE
  5
7FC
330
17
100
AcDbEntity
  8
GEOMETRY
100
AcDbLine
 10
126.4132933194175
 20
167.21752285801745
 30
0.0
 11
126.37430663081675
 21
167.1649553937356
 31
0.0
  0
LINE
  5
7FD
330
17
100
AcDbEntity
  8
GEOMETRY
100
AcDbLine
 10
126.37430663081675
 20
167.1649553937356
 30
0.0
 11
126.33706077539489
 21
167.1111404660392
 31
0.0
  0
LINE
  5
7FE
330
17
100
AcDbEntity
  8
GEOMETRY
100
AcDbLine
 10
126.33706077539489
 20
167.1111404660392
 30
0.0
 11
126.30159563694681
 21
167.05613570130072
 31
0.0
  0
LINE
  5
7FF
330
17
100
AcDbEntity
  8
GEOMETRY
100
AcDbLine
 10
126.30159563694681
 20
167.05613570130072
 30
0.0
 11
126.2679491924311
 21
167.0
 31
0.0
  0
LINE
  5
800
330
17
100
AcDbEntity
  8
GEOMETRY
100
AcDbLine
 10
126.2679491924311
 20
167.0
 30
0.0
 11
126.23615747130327
 21
166.942793473652
 31
0.0
  0
LINE
  5
801
330
17
100
AcDbEntity
  8
GEOMETRY
100
AcDbLine
 10
126.23615747130327
 20
166.942793473652
 30
0.0
 11
126.20625451693459
 21
166.88457738043797
 31
0.0
  0
LINE
  5
802
330
17
100
AcDbEntity
  8
GEOMETRY
100
AcDbLine
 10
126.20625451693459
 20
166.88457738043797
 30
0.0
 11
126.17827235015761
 21
166.82541405960876
 31
0.0
  0
LINE
  5
803
330
17
100
AcDbEntity
  8
GEOMETRY
100
AcDbLine
 10
126.17827235015761
 20
166.82541405960876
 30
0.0
 11
126.1522409349774
 21
166.76536686473017
 31
0.0
  0
LINE
  5
804
330
17
100
AcDbEntity
  8
GEOMETRY
100
AcDbLine
 10
126.1522409349774
 20
166.76536686473017
 30
0.0
 11
126.12818814648531
 21
166.70450009584246
 31
0.0
  0
LINE
  5
805
330
17
100
AcDbEntity
  8
GEOMETRY
100
AcDbLine
 10
126.12818814648531
 20
166.70450009584246
 30
0.0
 11
126.10613974100977
 21
166.64287893060632
 31
0.0
  0
LINE
  5
806
330
17
100
AcDbEntity
  8
GEOMETRY
100
AcDbLine
 10
126.10613974100977
 20
166.64287893060632
 30
0.0
 11
126.08611932853555
 21
166.5805693545089
 31
0.0
  0
LINE
  5
807
330
17
100
AcDbEntity
  8
GEOMETRY
100
AcDbLine
 10
126.08611932853555
 20
166.5805693545089
 30
0.0
 11
126.06814834742184
 21
166.51763809020503
 31
0.0
  0
LINE
  5
808
330
17
100
AcDbEntity
  8
GEOMETRY
100
AcDbLine
 10
126.06814834742184
 20
166.51763809020503
 30
0.0
 11
126.0522460414453
 21
166.45415252606873
 31
0.0
  0
LINE
  5
809
330
17
100
AcDbEntity
  8
GEOMETRY
100
AcDbLine
 10
126.0522460414453
 20
166.45415252606873
 30
0.0
 11
126.03842943919352
 21
166.39018064403223
 31
0.0
  0
LINE
  5
80A
330
17
100
AcDbEntity
  8
GEOMETRY
100
AcDbLine
 10
126.03842943919352
 20
166.39018064403223
 30
0.0
 11
126.02671333583021
 21
166.32579094678917
 31
0.0
  0
LINE
  5
80B
330
17
100
AcDbEntity
  8
GEOMETRY
100
AcDbLine
 10
126.02671333583021
 20
166.32579094678917
 30
0.0
 11
126.01711027725236
 21
166.2610523844401
 31
0.0
  0
LINE
  5
80C
330
17
100
AcDbEntity
  8
GEOMETRY
100
AcDbLine
 10
126.01711027725236
 20
166.2610523844401
 30
0.0
 11
126.00963054665559
 21
166.1960342806591
 31
0.0
  0
LINE
  5
80D
330
17
100
AcDbEntity
  8
GEOMETRY
100
AcDbLine
 10
126.00963054665559
 20
166.1960342806591
 30
0.0
 11
126.00428215352277
 21
166.13080625846027
 31
0.0
  0
LINE
  5
80E
330
17
100
AcDbEntity
  8
GEOMETRY
100
AcDbLine
 10
126.00428215352277
 20
166.13080625846027
 30
0.0
 11
126.00107082504724
 21
166.06543816564354
 31
0.0
  0
LINE
  5
80F
330
17
100
AcDbEntity
  8
GEOMETRY
100
AcDbLine
 10
126.00107082504724
 20
166.06543816564354
 30
0.0
 11
125.99999999999997
 21
165.99999999999997
 31
0.0
  0
LINE
  5
810
330
17
100
AcDbEntity
  8
GEOMETRY
100
AcDbLine
 10
199.0
 20
167.99999999999997
 30
0.0
 11
128.0
 21
167.99999999999997
 31
0.0
  0
LINE
  5
811
330
17
100
AcDbEntity
  8
GEOMETRY
100
AcDbLine
 10
201.0
 20
165.99999999999997
 30
0.0
 11
200.99892917495274
 21
166.06543816564354
 31
0.0
  0
LINE
  5
812
330
17
100
AcDbEntity
  8
GEOMETRY
100
AcDbLine
 10
200.99892917495274
 20
166.06543816564354
 30
0.0
 11
200.99571784647722
 21
166.13080625846027
 31
0.0
  0
LINE
  5
813
330
17
100
AcDbEntity
  8
GEOMETRY
100
AcDbLine
 10
200.99571784647722
 20
166.13080625846027
 30
0.0
 11
200.9903694533444
 21
166.1960342806591
 31
0.0
  0
LINE
  5
814
330
17
100
AcDbEntity
  8
GEOMETRY
100
AcDbLine
 10
200.9903694533444
 20
166.1960342806591
 30
0.0
 11
200.98288972274764
 21
166.2610523844401
 31
0.0
  0
LINE
  5
815
330
17
100
AcDbEntity
  8
GEOMETRY
100
AcDbLine
 10
200.98288972274764
 20
166.2610523844401
 30
0.0
 11
200.97328666416976
 21
166.32579094678917
 31
0.0
  0
LINE
  5
816
330
17
100
AcDbEntity
  8
GEOMETRY
100
AcDbLine
 10
200.97328666416976
 20
166.32579094678917
 30
0.0
 11
200.96157056080648
 21
166.39018064403223
 31
0.0
  0
LINE
  5
817
330
17
100
AcDbEntity
  8
GEOMETRY
100
AcDbLine
 10
200.96157056080648
 20
166.39018064403223
 30
0.0
 11
200.94775395855467
 21
166.45415252606873
 31
0.0
  0
LINE
  5
818
330
17
100
AcDbEntity
  8
GEOMETRY
100
AcDbLine
 10
200.94775395855467
 20
166.45415252606873
 30
0.0
 11
200.93185165257813
 21
166.51763809020503
 31
0.0
  0
LINE
  5
819
330
17
100
AcDbEntity
  8
GEOMETRY
100
AcDbLine
 10
200.93185165257813
 20
166.51763809020503
 30
0.0
 11
200.91388067146443
 21
166.5805693545089
 31
0.0
  0
LINE
  5
81A
330
17
100
AcDbEntity
  8
GEOMETRY
100
AcDbLine
 10
200.91388067146443
 20
166.5805693545089
 30
0.0
 11
200.89386025899023
 21
166.64287893060632
 31
0.0
  0
LINE
  5
81B
330
17
100
AcDbEntity
  8
GEOMETRY
100
AcDbLine
 10
200.89386025899023
 20
166.64287893060632
 30
0.0
 11
200.87181185351466
 21
166.70450009584246
 31
0.0
  0
LINE
  5
81C
330
17
100
AcDbEntity
  8
GEOMETRY
100
AcDbLine
 10
200.87181185351466
 20
166.70450009584246
 30
0.0
 11
200.8477590650226
 21
166.76536686473017
 31
0.0
  0
LINE
  5
81D
330
17
100
AcDbEntity
  8
GEOMETRY
100
AcDbLine
 10
200.8477590650226
 20
166.76536686473017
 30
0.0
 11
200.82172764984236
 21
166.82541405960876
 31
0.0
  0
LINE
  5
81E
330
17
100
AcDbEntity
  8
GEOMETRY
100
AcDbLine
 10
200.82172764984236
 20
166.82541405960876
 30
0.0
 11
200.79374548306538
 21
166.88457738043797
 31
0.0
  0
LINE
  5
81F
330
17
100
AcDbEntity
  8
GEOMETRY
100
AcDbLine
 10
200.79374548306538
 20
166.88457738043797
 30
0.0
 11
200.76384252869673
 21
166.942793473652
 31
0.0
  0
LINE
  5
820
330
17
100
AcDbEntity
  8
GEOMETRY
100
AcDbLine
 10
200.76384252869673
 20
166.942793473652
 30
0.0
 11
200.7320508075689
 21
167.0
 31
0.0
  0
LINE
  5
821
330
17
100
AcDbEntity
  8
GEOMETRY
100
AcDbLine
 10
200.7320508075689
 20
167.0
 30
0.0
 11
200.69840436305316
 21
167.05613570130072
 31
0.0
  0
LINE
  5
822
330
17
100
AcDbEntity
  8
GEOMETRY
100
AcDbLine
 10
200.69840436305316
 20
167.05613570130072
 30
0.0
 11
200.6629392246051
 21
167.1111404660392
 31
0.0
  0
LINE
  5
823
330
17
100
AcDbEntity
  8
GEOMETRY
100
AcDbLine
 10
200.6629392246051
 20
167.1111404660392
 30
0.0
 11
200.62569336918324
 21
167.1649553937356
 31
0.0
  0
LINE
  5
824
330
17
100
AcDbEntity
  8
GEOMETRY
100
AcDbLine
 10
200.62569336918324
 20
167.1649553937356
 30
0.0
 11
200.5867066805825
 21
167.21752285801745
 31
0.0
  0
LINE
  5
825
330
17
100
AcDbEntity
  8
GEOMETRY
100
AcDbLine
 10
200.5867066805825
 20
167.21752285801745
 30
0.0
 11
200.5460209067255
 21
167.26878656832727
 31
0.0
  0
LINE
  5
826
330
17
100
AcDbEntity
  8
GEOMETRY
100
AcDbLine
 10
200.5460209067255
 20
167.26878656832727
 30
0.0
 11
200.50367961495795
 21
167.31869163020014
 31
0.0
  0
LINE
  5
827
330
17
100
AcDbEntity
  8
GEOMETRY
100
AcDbLine
 10
200.50367961495795
 20
167.31869163020014
 30
0.0
 11
200.45972814539567
 21
167.36718460404575
 31
0.0
  0
LINE
  5
828
330
17
100
AcDbEntity
  8
GEOMETRY
100
AcDbLine
 10
200.45972814539567
 20
167.36718460404575
 30
0.0
 11
200.4142135623731
 21
167.41421356237308
 31
0.0
  0
LINE
  5
829
330
17
100
AcDbEntity
  8
GEOMETRY
100
AcDbLine
 10
200.4142135623731
 20
167.41421356237308
 30
0.0
 11
200.36718460404575
 21
167.45972814539567
 31
0.0
  0
LINE
  5
82A
330
17
100
AcDbEntity
  8
GEOMETRY
100
AcDbLine
 10
200.36718460404575
 20
167.45972814539567
 30
0.0
 11
200.31869163020014
 21
167.50367961495795
 31
0.0
  0
LINE
  5
82B
330
17
100
AcDbEntity
  8
GEOMETRY
100
AcDbLine
 10
200.31869163020014
 20
167.50367961495795
 30
0.0
 11
200.2687865683273
 21
167.54602090672546
 31
0.0
  0
LINE
  5
82C
330
17
100
AcDbEntity
  8
GEOMETRY
100
AcDbLine
 10
200.2687865683273
 20
167.54602090672546
 30
0.0
 11
200.21752285801745
 21
167.58670668058247
 31
0.0
  0
LINE
  5
82D
330
17
100
AcDbEntity
  8
GEOMETRY
100
AcDbLine
 10
200.21752285801745
 20
167.58670668058247
 30
0.0
 11
200.16495539373562
 21
167.62569336918324
 31
0.0
  0
LINE
  5
82E
330
17
100
AcDbEntity
  8
GEOMETRY
100
AcDbLine
 10
200.16495539373562
 20
167.62569336918324
 30
0.0
 11
200.11114046603922
 21
167.66293922460508
 31
0.0
  0
LINE
  5
82F
330
17
100
AcDbEntity
  8
GEOMETRY
100
AcDbLine
 10
200.11114046603922
 20
167.66293922460508
 30
0.0
 11
200.05613570130075
 21
167.69840436305316
 31
0.0
  0
LINE
  5
830
330
17
100
AcDbEntity
  8
GEOMETRY
100
AcDbLine
 10
200.05613570130075
 20
167.69840436305316
 30
0.0
 11
200.0
 21
167.73205080756887
 31
0.0
  0
LINE
  5
831
330
17
100
AcDbEntity
  8
GEOMETRY
100
AcDbLine
 10
200.0
 20
167.73205080756887
 30
0.0
 11
199.942793473652
 21
167.7638425286967
 31
0.0
  0
LINE
  5
832
330
17
100
AcDbEntity
  8
GEOMETRY
100
AcDbLine
 10
199.942793473652
 20
167.7638425286967
 30
0.0
 11
199.884577380438
 21
167.79374548306538
 31
0.0
  0
LINE
  5
833
330
17
100
AcDbEntity
  8
GEOMETRY
100
AcDbLine
 10
199.884577380438
 20
167.79374548306538
 30
0.0
 11
199.8254140596088
 21
167.82172764984236
 31
0.0
  0
LINE
  5
834
330
17
100
AcDbEntity
  8
GEOMETRY
100
AcDbLine
 10
199.8254140596088
 20
167.82172764984236
 30
0.0
 11
199.7653668647302
 21
167.84775906502256
 31
0.0
  0
LINE
  5
835
330
17
100
AcDbEntity
  8
GEOMETRY
100
AcDbLine
 10
199.7653668647302
 20
167.84775906502256
 30
0.0
 11
199.70450009584246
 21
167.87181185351466
 31
0.0
  0
LINE
  5
836
330
17
100
AcDbEntity
  8
GEOMETRY
100
AcDbLine
 10
199.70450009584246
 20
167.87181185351466
 30
0.0
 11
199.64287893060632
 21
167.8938602589902
 31
0.0
  0
LINE
  5
837
330
17
100
AcDbEntity
  8
GEOMETRY
100
AcDbLine
 10
199.64287893060632
 20
167.8938602589902
 30
0.0
 11
199.58056935450892
 21
167.91388067146443
 31
0.0
  0
LINE
  5
838
330
17
100
AcDbEntity
  8
GEOMETRY
100
AcDbLine
 10
199.58056935450892
 20
167.91388067146443
 30
0.0
 11
199.51763809020503
 21
167.93185165257813
 31
0.0
  0
LINE
  5
839
330
17
100
AcDbEntity
  8
GEOMETRY
100
AcDbLine
 10
199.51763809020503
 20
167.93185165257813
 30
0.0
 11
199.45415252606875
 21
167.94775395855467
 31
0.0
  0
LINE
  5
83A
330
17
100
AcDbEntity
  8
GEOMETRY
100
AcDbLine
 10
199.45415252606875
 20
167.94775395855467
 30
0.0
 11
199.39018064403226
 21
167.96157056080645
 31
0.0
  0
LINE
  5
83B
330
17
100
AcDbEntity
  8
GEOMETRY
100
AcDbLine
 10
199.39018064403226
 20
167.96157056080645
 30
0.0
 11
199.32579094678917
 21
167.97328666416976
 31
0.0
  0
LINE
  5
83C
330
17
100
AcDbEntity
  8
GEOMETRY
100
AcDbLine
 10
199.32579094678917
 20
167.97328666416976
 30
0.0
 11
199.2610523844401
 21
167.98288972274761
 31
0.0
  0
LINE
  5
83D
330
17
100
AcDbEntity
  8
GEOMETRY
100
AcDbLine
 10
199.2610523844401
 20
167.98288972274761
 30
0.0
 11
199.19603428065912
 21
167.99036945334439
 31
0.0
  0
LINE
  5
83E
330
17
100
AcDbEntity
  8
GEOMETRY
100
AcDbLine
 10
199.19603428065912
 20
167.99036945334439
 30
0.0
 11
199.13080625846027
 21
167.9957178464772
 31
0.0
  0
LINE
  5
83F
330
17
100
AcDbEntity
  8
GEOMETRY
100
AcDbLine
 10
199.13080625846027
 20
167.9957178464772
 30
0.0
 11
199.06543816564354
 21
167.99892917495274
 31
0.0
  0
LINE
  5
840
330
17
100
AcDbEntity
  8
GEOMETRY
100
AcDbLine
 10
199.06543816564354
 20
167.99892917495274
 30
0.0
 11
199.0
 21
168.0
 31
0.0
  0
LINE
  5
841
330
17
100
AcDbEntity
  8
GEOMETRY
100
AcDbLine
 10
201.0
 20
114.99999999999997
 30
0.0
 11
201.0
 21
165.99999999999997
 31
0.0
  0
CIRCLE
  5
842
330
17
100
AcDbEntity
  8
GEOMETRY
100
AcDbCircle
 10
163.5
 20
150.99999999999997
 30
0.0
 40
11.0
  0
LINE
  5
843
330
17
100
AcDbEntity
  8
CENTER_LINES
 62
1
100
AcDbLine
 10
150.5
 20
150.99999999999997
 30
0.0
 11
176.5
 21
150.99999999999997
 31
0.0
  0
LINE
  5
844
330
17
100
AcDbEntity
  8
CENTER_LINES
 62
1
100
AcDbLine
 10
163.5
 20
137.99999999999997
 30
0.0
 11
163.5
 21
163.99999999999997
 31
0.0
  0
LINE
  5
845
330
17
100
AcDbEntity
  8
GEOMETRY
100
AcDbLine
 10
126.0
 20
165.99999999999997
 30
0.0
 11
126.0
 21
114.99999999999997
 31
0.0
  0
LINE
  5
846
330
17
100
AcDbEntity
  8
GEOMETRY
100
AcDbLine
 10
201.0
 20
165.99999999999997
 30
0.0
 11
201.0
 21
114.99999999999997
 31
0.0
  0
LINE
  5
847
330
17
100
AcDbEntity
  8
GEOMETRY
100
AcDbLine
 10
201.0
 20
165.99999999999997
 30
0.0
 11
200.99892917495274
 21
166.06543816564354
 31
0.0
  0
LINE
  5
848
330
17
100
AcDbEntity
  8
GEOMETRY
100
AcDbLine
 10
200.99892917495274
 20
166.06543816564354
 30
0.0
 11
200.99571784647722
 21
166.13080625846027
 31
0.0
  0
LINE
  5
849
330
17
100
AcDbEntity
  8
GEOMETRY
100
AcDbLine
 10
200.99571784647722
 20
166.13080625846027
 30
0.0
 11
200.9903694533444
 21
166.1960342806591
 31
0.0
  0
LINE
  5
84A
330
17
100
AcDbEntity
  8
GEOMETRY
100
AcDbLine
 10
200.9903694533444
 20
166.1960342806591
 30
0.0
 11
200.98288972274764
 21
166.2610523844401
 31
0.0
  0
LINE
  5
84B
330
17
100
AcDbEntity
  8
GEOMETRY
100
AcDbLine
 10
200.98288972274764
 20
166.2610523844401
 30
0.0
 11
200.97328666416976
 21
166.32579094678917
 31
0.0
  0
LINE
  5
84C
330
17
100
AcDbEntity
  8
GEOMETRY
100
AcDbLine
 10
200.97328666416976
 20
166.32579094678917
 30
0.0
 11
200.96157056080648
 21
166.39018064403223
 31
0.0
  0
LINE
  5
84D
330
17
100
AcDbEntity
  8
GEOMETRY
100
AcDbLine
 10
200.96157056080648
 20
166.39018064403223
 30
0.0
 11
200.94775395855467
 21
166.45415252606873
 31
0.0
  0
LINE
  5
84E
330
17
100
AcDbEntity
  8
GEOMETRY
100
AcDbLine
 10
200.94775395855467
 20
166.45415252606873
 30
0.0
 11
200.93185165257813
 21
166.51763809020503
 31
0.0
  0
LINE
  5
84F
330
17
100
AcDbEntity
  8
GEOMETRY
100
AcDbLine
 10
200.93185165257813
 20
166.51763809020503
 30
0.0
 11
200.91388067146443
 21
166.5805693545089
 31
0.0
  0
LINE
  5
850
330
17
100
AcDbEntity
  8
GEOMETRY
100
AcDbLine
 10
200.91388067146443
 20
166.5805693545089
 30
0.0
 11
200.89386025899023
 21
166.64287893060632
 31
0.0
  0
LINE
  5
851
330
17
100
AcDbEntity
  8
GEOMETRY
100
AcDbLine
 10
200.89386025899023
 20
166.64287893060632
 30
0.0
 11
200.87181185351466
 21
166.70450009584246
 31
0.0
  0
LINE
  5
852
330
17
100
AcDbEntity
  8
GEOMETRY
100
AcDbLine
 10
200.87181185351466
 20
166.70450009584246
 30
0.0
 11
200.8477590650226
 21
166.76536686473017
 31
0.0
  0
LINE
  5
853
330
17
100
AcDbEntity
  8
GEOMETRY
100
AcDbLine
 10
200.8477590650226
 20
166.76536686473017
 30
0.0
 11
200.82172764984236
 21
166.82541405960876
 31
0.0
  0
LINE
  5
854
330
17
100
AcDbEntity
  8
GEOMETRY
100
AcDbLine
 10
200.82172764984236
 20
166.82541405960876
 30
0.0
 11
200.79374548306538
 21
166.88457738043797
 31
0.0
  0
LINE
  5
855
330
17
100
AcDbEntity
  8
GEOMETRY
100
AcDbLine
 10
200.79374548306538
 20
166.88457738043797
 30
0.0
 11
200.76384252869673
 21
166.942793473652
 31
0.0
  0
LINE
  5
856
330
17
100
AcDbEntity
  8
GEOMETRY
100
AcDbLine
 10
200.76384252869673
 20
166.942793473652
 30
0.0
 11
200.7320508075689
 21
167.0
 31
0.0
  0
LINE
  5
857
330
17
100
AcDbEntity
  8
GEOMETRY
100
AcDbLine
 10
200.7320508075689
 20
167.0
 30
0.0
 11
200.69840436305316
 21
167.05613570130072
 31
0.0
  0
LINE
  5
858
330
17
100
AcDbEntity
  8
GEOMETRY
100
AcDbLine
 10
200.69840436305316
 20
167.05613570130072
 30
0.0
 11
200.6629392246051
 21
167.1111404660392
 31
0.0
  0
LINE
  5
859
330
17
100
AcDbEntity
  8
GEOMETRY
100
AcDbLine
 10
200.6629392246051
 20
167.1111404660392
 30
0.0
 11
200.62569336918324
 21
167.1649553937356
 31
0.0
  0
LINE
  5
85A
330
17
100
AcDbEntity
  8
GEOMETRY
100
AcDbLine
 10
200.62569336918324
 20
167.1649553937356
 30
0.0
 11
200.5867066805825
 21
167.21752285801745
 31
0.0
  0
LINE
  5
85B
330
17
100
AcDbEntity
  8
GEOMETRY
100
AcDbLine
 10
200.5867066805825
 20
167.21752285801745
 30
0.0
 11
200.5460209067255
 21
167.26878656832727
 31
0.0
  0
LINE
  5
85C
330
17
100
AcDbEntity
  8
GEOMETRY
100
AcDbLine
 10
200.5460209067255
 20
167.26878656832727
 30
0.0
 11
200.50367961495795
 21
167.31869163020014
 31
0.0
  0
LINE
  5
85D
330
17
100
AcDbEntity
  8
GEOMETRY
100
AcDbLine
 10
200.50367961495795
 20
167.31869163020014
 30
0.0
 11
200.45972814539567
 21
167.36718460404575
 31
0.0
  0
LINE
  5
85E
330
17
100
AcDbEntity
  8
GEOMETRY
100
AcDbLine
 10
200.45972814539567
 20
167.36718460404575
 30
0.0
 11
200.4142135623731
 21
167.41421356237308
 31
0.0
  0
LINE
  5
85F
330
17
100
AcDbEntity
  8
GEOMETRY
100
AcDbLine
 10
200.4142135623731
 20
167.41421356237308
 30
0.0
 11
200.36718460404575
 21
167.45972814539567
 31
0.0
  0
LINE
  5
860
330
17
100
AcDbEntity
  8
GEOMETRY
100
AcDbLine
 10
200.36718460404575
 20
167.45972814539567
 30
0.0
 11
200.31869163020014
 21
167.50367961495795
 31
0.0
  0
LINE
  5
861
330
17
100
AcDbEntity
  8
GEOMETRY
100
AcDbLine
 10
200.31869163020014
 20
167.50367961495795
 30
0.0
 11
200.2687865683273
 21
167.54602090672546
 31
0.0
  0
LINE
  5
862
330
17
100
AcDbEntity
  8
GEOMETRY
100
AcDbLine
 10
200.2687865683273
 20
167.54602090672546
 30
0.0
 11
200.21752285801745
 21
167.58670668058247
 31
0.0
  0
LINE
  5
863
330
17
100
AcDbEntity
  8
GEOMETRY
100
AcDbLine
 10
200.21752285801745
 20
167.58670668058247
 30
0.0
 11
200.16495539373562
 21
167.62569336918324
 31
0.0
  0
LINE
  5
864
330
17
100
AcDbEntity
  8
GEOMETRY
100
AcDbLine
 10
200.16495539373562
 20
167.62569336918324
 30
0.0
 11
200.11114046603922
 21
167.66293922460508
 31
0.0
  0
LINE
  5
865
330
17
100
AcDbEntity
  8
GEOMETRY
100
AcDbLine
 10
200.11114046603922
 20
167.66293922460508
 30
0.0
 11
200.05613570130075
 21
167.69840436305316
 31
0.0
  0
LINE
  5
866
330
17
100
AcDbEntity
  8
GEOMETRY
100
AcDbLine
 10
200.05613570130075
 20
167.69840436305316
 30
0.0
 11
200.0
 21
167.73205080756887
 31
0.0
  0
LINE
  5
867
330
17
100
AcDbEntity
  8
GEOMETRY
100
AcDbLine
 10
200.0
 20
167.73205080756887
 30
0.0
 11
199.942793473652
 21
167.7638425286967
 31
0.0
  0
LINE
  5
868
330
17
100
AcDbEntity
  8
GEOMETRY
100
AcDbLine
 10
199.942793473652
 20
167.7638425286967
 30
0.0
 11
199.884577380438
 21
167.79374548306538
 31
0.0
  0
LINE
  5
869
330
17
100
AcDbEntity
  8
GEOMETRY
100
AcDbLine
 10
199.884577380438
 20
167.79374548306538
 30
0.0
 11
199.8254140596088
 21
167.82172764984236
 31
0.0
  0
LINE
  5
86A
330
17
100
AcDbEntity
  8
GEOMETRY
100
AcDbLine
 10
199.8254140596088
 20
167.82172764984236
 30
0.0
 11
199.7653668647302
 21
167.84775906502256
 31
0.0
  0
LINE
  5
86B
330
17
100
AcDbEntity
  8
GEOMETRY
100
AcDbLine
 10
199.7653668647302
 20
167.84775906502256
 30
0.0
 11
199.70450009584246
 21
167.87181185351466
 31
0.0
  0
LINE
  5
86C
330
17
100
AcDbEntity
  8
GEOMETRY
100
AcDbLine
 10
199.70450009584246
 20
167.87181185351466
 30
0.0
 11
199.64287893060632
 21
167.8938602589902
 31
0.0
  0
LINE
  5
86D
330
17
100
AcDbEntity
  8
GEOMETRY
100
AcDbLine
 10
199.64287893060632
 20
167.8938602589902
 30
0.0
 11
199.58056935450892
 21
167.91388067146443
 31
0.0
  0
LINE
  5
86E
330
17
100
AcDbEntity
  8
GEOMETRY
100
AcDbLine
 10
199.58056935450892
 20
167.91388067146443
 30
0.0
 11
199.51763809020503
 21
167.93185165257813
 31
0.0
  0
LINE
  5
86F
330
17
100
AcDbEntity
  8
GEOMETRY
100
AcDbLine
 10
199.51763809020503
 20
167.93185165257813
 30
0.0
 11
199.45415252606875
 21
167.94775395855467
 31
0.0
  0
LINE
  5
870
330
17
100
AcDbEntity
  8
GEOMETRY
100
AcDbLine
 10
199.45415252606875
 20
167.94775395855467
 30
0.0
 11
199.39018064403226
 21
167.96157056080645
 31
0.0
  0
LINE
  5
871
330
17
100
AcDbEntity
  8
GEOMETRY
100
AcDbLine
 10
199.39018064403226
 20
167.96157056080645
 30
0.0
 11
199.32579094678917
 21
167.97328666416976
 31
0.0
  0
LINE
  5
872
330
17
100
AcDbEntity
  8
GEOMETRY
100
AcDbLine
 10
199.32579094678917
 20
167.97328666416976
 30
0.0
 11
199.2610523844401
 21
167.98288972274761
 31
0.0
  0
LINE
  5
873
330
17
100
AcDbEntity
  8
GEOMETRY
100
AcDbLine
 10
199.2610523844401
 20
167.98288972274761
 30
0.0
 11
199.19603428065912
 21
167.99036945334439
 31
0.0
  0
LINE
  5
874
330
17
100
AcDbEntity
  8
GEOMETRY
100
AcDbLine
 10
199.19603428065912
 20
167.99036945334439
 30
0.0
 11
199.13080625846027
 21
167.9957178464772
 31
0.0
  0
LINE
  5
875
330
17
100
AcDbEntity
  8
GEOMETRY
100
AcDbLine
 10
199.13080625846027
 20
167.9957178464772
 30
0.0
 11
199.06543816564354
 21
167.99892917495274
 31
0.0
  0
LINE
  5
876
330
17
100
AcDbEntity
  8
GEOMETRY
100
AcDbLine
 10
199.06543816564354
 20
167.99892917495274
 30
0.0
 11
199.0
 21
168.0
 31
0.0
  0
LINE
  5
877
330
17
100
AcDbEntity
  8
GEOMETRY
100
AcDbLine
 10
199.0
 20
167.99999999999997
 30
0.0
 11
128.0
 21
167.99999999999997
 31
0.0
  0
LINE
  5
878
330
17
100
AcDbEntity
  8
GEOMETRY
100
AcDbLine
 10
128.0
 20
168.0
 30
0.0
 11
127.93456183435643
 21
167.99892917495274
 31
0.0
  0
LINE
  5
879
330
17
100
AcDbEntity
  8
GEOMETRY
100
AcDbLine
 10
127.93456183435643
 20
167.99892917495274
 30
0.0
 11
127.8691937415397
 21
167.9957178464772
 31
0.0
  0
LINE
  5
87A
330
17
100
AcDbEntity
  8
GEOMETRY
100
AcDbLine
 10
127.8691937415397
 20
167.9957178464772
 30
0.0
 11
127.80396571934088
 21
167.99036945334439
 31
0.0
  0
LINE
  5
87B
330
17
100
AcDbEntity
  8
GEOMETRY
100
AcDbLine
 10
127.80396571934088
 20
167.99036945334439
 30
0.0
 11
127.73894761555988
 21
167.98288972274761
 31
0.0
  0
LINE
  5
87C
330
17
100
AcDbEntity
  8
GEOMETRY
100
AcDbLine
 10
127.73894761555988
 20
167.98288972274761
 30
0.0
 11
127.6742090532108
 21
167.97328666416976
 31
0.0
  0
LINE
  5
87D
330
17
100
AcDbEntity
  8
GEOMETRY
100
AcDbLine
 10
127.6742090532108
 20
167.97328666416976
 30
0.0
 11
127.60981935596773
 21
167.96157056080645
 31
0.0
  0
LINE
  5
87E
330
17
100
AcDbEntity
  8
GEOMETRY
100
AcDbLine
 10
127.60981935596773
 20
167.96157056080645
 30
0.0
 11
127.54584747393125
 21
167.94775395855467
 31
0.0
  0
LINE
  5
87F
330
17
100
AcDbEntity
  8
GEOMETRY
100
AcDbLine
 10
127.54584747393125
 20
167.94775395855467
 30
0.0
 11
127.48236190979495
 21
167.93185165257813
 31
0.0
  0
LINE
  5
880
330
17
100
AcDbEntity
  8
GEOMETRY
100
AcDbLine
 10
127.48236190979495
 20
167.93185165257813
 30
0.0
 11
127.41943064549106
 21
167.91388067146443
 31
0.0
  0
LINE
  5
881
330
17
100
AcDbEntity
  8
GEOMETRY
100
AcDbLine
 10
127.41943064549106
 20
167.91388067146443
 30
0.0
 11
127.35712106939366
 21
167.8938602589902
 31
0.0
  0
LINE
  5
882
330
17
100
AcDbEntity
  8
GEOMETRY
100
AcDbLine
 10
127.35712106939366
 20
167.8938602589902
 30
0.0
 11
127.29549990415751
 21
167.87181185351466
 31
0.0
  0
LINE
  5
883
330
17
100
AcDbEntity
  8
GEOMETRY
100
AcDbLine
 10
127.29549990415751
 20
167.87181185351466
 30
0.0
 11
127.2346331352698
 21
167.84775906502256
 31
0.0
  0
LINE
  5
884
330
17
100
AcDbEntity
  8
GEOMETRY
100
AcDbLine
 10
127.2346331352698
 20
167.84775906502256
 30
0.0
 11
127.1745859403912
 21
167.82172764984236
 31
0.0
  0
LINE
  5
885
330
17
100
AcDbEntity
  8
GEOMETRY
100
AcDbLine
 10
127.1745859403912
 20
167.82172764984236
 30
0.0
 11
127.11542261956198
 21
167.79374548306538
 31
0.0
  0
LINE
  5
886
330
17
100
AcDbEntity
  8
GEOMETRY
100
AcDbLine
 10
127.11542261956198
 20
167.79374548306538
 30
0.0
 11
127.05720652634798
 21
167.7638425286967
 31
0.0
  0
LINE
  5
887
330
17
100
AcDbEntity
  8
GEOMETRY
100
AcDbLine
 10
127.05720652634798
 20
167.7638425286967
 30
0.0
 11
126.99999999999999
 21
167.73205080756887
 31
0.0
  0
LINE
  5
888
330
17
100
AcDbEntity
  8
GEOMETRY
100
AcDbLine
 10
126.99999999999999
 20
167.73205080756887
 30
0.0
 11
126.94386429869925
 21
167.69840436305316
 31
0.0
  0
LINE
  5
889
330
17
100
AcDbEntity
  8
GEOMETRY
100
AcDbLine
 10
126.94386429869925
 20
167.69840436305316
 30
0.0
 11
126.88885953396078
 21
167.66293922460508
 31
0.0
  0
LINE
  5
88A
330
17
100
AcDbEntity
  8
GEOMETRY
100
AcDbLine
 10
126.88885953396078
 20
167.66293922460508
 30
0.0
 11
126.83504460626438
 21
167.62569336918324
 31
0.0
  0
LINE
  5
88B
330
17
100
AcDbEntity
  8
GEOMETRY
100
AcDbLine
 10
126.83504460626438
 20
167.62569336918324
 30
0.0
 11
126.78247714198254
 21
167.58670668058247
 31
0.0
  0
LINE
  5
88C
330
17
100
AcDbEntity
  8
GEOMETRY
100
AcDbLine
 10
126.78247714198254
 20
167.58670668058247
 30
0.0
 11
126.7312134316727
 21
167.54602090672546
 31
0.0
  0
LINE
  5
88D
330
17
100
AcDbEntity
  8
GEOMETRY
100
AcDbLine
 10
126.7312134316727
 20
167.54602090672546
 30
0.0
 11
126.68130836979984
 21
167.50367961495795
 31
0.0
  0
LINE
  5
88E
330
17
100
AcDbEntity
  8
GEOMETRY
100
AcDbLine
 10
126.68130836979984
 20
167.50367961495795
 30
0.0
 11
126.63281539595424
 21
167.45972814539567
 31
0.0
  0
LINE
  5
88F
330
17
100
AcDbEntity
  8
GEOMETRY
100
AcDbLine
 10
126.63281539595424
 20
167.45972814539567
 30
0.0
 11
126.5857864376269
 21
167.41421356237308
 31
0.0
  0
LINE
  5
890
330
17
100
AcDbEntity
  8
GEOMETRY
100
AcDbLine
 10
126.5857864376269
 20
167.41421356237308
 30
0.0
 11
126.5402718546043
 21
167.36718460404575
 31
0.0
  0
LINE
  5
891
330
17
100
AcDbEntity
  8
GEOMETRY
100
AcDbLine
 10
126.5402718546043
 20
167.36718460404575
 30
0.0
 11
126.49632038504203
 21
167.31869163020014
 31
0.0
  0
LINE
  5
892
330
17
100
AcDbEntity
  8
GEOMETRY
100
AcDbLine
 10
126.49632038504203
 20
167.31869163020014
 30
0.0
 11
126.45397909327451
 21
167.26878656832727
 31
0.0
  0
LINE
  5
893
330
17
100
AcDbEntity
  8
GEOMETRY
100
AcDbLine
 10
126.45397909327451
 20
167.26878656832727
 30
0.0
 11
126.4132933194175
 21
167.21752285801745
 31
0.0
  0
LINE
  5
894
330
17
100
AcDbEntity
  8
GEOMETRY
100
AcDbLine
 10
126.4132933194175
 20
167.21752285801745
 30
0.0
 11
126.37430663081675
 21
167.1649553937356
 31
0.0
  0
LINE
  5
895
330
17
100
AcDbEntity
  8
GEOMETRY
100
AcDbLine
 10
126.37430663081675
 20
167.1649553937356
 30
0.0
 11
126.33706077539489
 21
167.1111404660392
 31
0.0
  0
LINE
  5
896
330
17
100
AcDbEntity
  8
GEOMETRY
100
AcDbLine
 10
126.33706077539489
 20
167.1111404660392
 30
0.0
 11
126.30159563694681
 21
167.05613570130072
 31
0.0
  0
LINE
  5
897
330
17
100
AcDbEntity
  8
GEOMETRY
100
AcDbLine
 10
126.30159563694681
 20
167.05613570130072
 30
0.0
 11
126.2679491924311
 21
167.0
 31
0.0
  0
LINE
  5
898
330
17
100
AcDbEntity
  8
GEOMETRY
100
AcDbLine
 10
126.2679491924311
 20
167.0
 30
0.0
 11
126.23615747130327
 21
166.942793473652
 31
0.0
  0
LINE
  5
899
330
17
100
AcDbEntity
  8
GEOMETRY
100
AcDbLine
 10
126.23615747130327
 20
166.942793473652
 30
0.0
 11
126.20625451693459
 21
166.88457738043797
 31
0.0
  0
LINE
  5
89A
330
17
100
AcDbEntity
  8
GEOMETRY
100
AcDbLine
 10
126.20625451693459
 20
166.88457738043797
 30
0.0
 11
126.17827235015761
 21
166.82541405960876
 31
0.0
  0
LINE
  5
89B
330
17
100
AcDbEntity
  8
GEOMETRY
100
AcDbLine
 10
126.17827235015761
 20
166.82541405960876
 30
0.0
 11
126.1522409349774
 21
166.76536686473017
 31
0.0
  0
LINE
  5
89C
330
17
100
AcDbEntity
  8
GEOMETRY
100
AcDbLine
 10
126.1522409349774
 20
166.76536686473017
 30
0.0
 11
126.12818814648531
 21
166.70450009584246
 31
0.0
  0
LINE
  5
89D
330
17
100
AcDbEntity
  8
GEOMETRY
100
AcDbLine
 10
126.12818814648531
 20
166.70450009584246
 30
0.0
 11
126.10613974100977
 21
166.64287893060632
 31
0.0
  0
LINE
  5
89E
330
17
100
AcDbEntity
  8
GEOMETRY
100
AcDbLine
 10
126.10613974100977
 20
166.64287893060632
 30
0.0
 11
126.08611932853555
 21
166.5805693545089
 31
0.0
  0
LINE
  5
89F
330
17
100
AcDbEntity
  8
GEOMETRY
100
AcDbLine
 10
126.08611932853555
 20
166.5805693545089
 30
0.0
 11
126.06814834742184
 21
166.51763809020503
 31
0.0
  0
LINE
  5
8A0
330
17
100
AcDbEntity
  8
GEOMETRY
100
AcDbLine
 10
126.06814834742184
 20
166.51763809020503
 30
0.0
 11
126.0522460414453
 21
166.45415252606873
 31
0.0
  0
LINE
  5
8A1
330
17
100
AcDbEntity
  8
GEOMETRY
100
AcDbLine
 10
126.0522460414453
 20
166.45415252606873
 30
0.0
 11
126.03842943919352
 21
166.39018064403223
 31
0.0
  0
LINE
  5
8A2
330
17
100
AcDbEntity
  8
GEOMETRY
100
AcDbLine
 10
126.03842943919352
 20
166.39018064403223
 30
0.0
 11
126.02671333583021
 21
166.32579094678917
 31
0.0
  0
LINE
  5
8A3
330
17
100
AcDbEntity
  8
GEOMETRY
100
AcDbLine
 10
126.02671333583021
 20
166.32579094678917
 30
0.0
 11
126.01711027725236
 21
166.2610523844401
 31
0.0
  0
LINE
  5
8A4
330
17
100
AcDbEntity
  8
GEOMETRY
100
AcDbLine
 10
126.01711027725236
 20
166.2610523844401
 30
0.0
 11
126.00963054665559
 21
166.1960342806591
 31
0.0
  0
LINE
  5
8A5
330
17
100
AcDbEntity
  8
GEOMETRY
100
AcDbLine
 10
126.00963054665559
 20
166.1960342806591
 30
0.0
 11
126.00428215352277
 21
166.13080625846027
 31
0.0
  0
LINE
  5
8A6
330
17
100
AcDbEntity
  8
GEOMETRY
100
AcDbLine
 10
126.00428215352277
 20
166.13080625846027
 30
0.0
 11
126.00107082504724
 21
166.06543816564354
 31
0.0
  0
LINE
  5
8A7
330
17
100
AcDbEntity
  8
GEOMETRY
100
AcDbLine
 10
126.00107082504724
 20
166.06543816564354
 30
0.0
 11
125.99999999999997
 21
165.99999999999997
 31
0.0
  0
LINE
  5
8A8
330
17
100
AcDbEntity
  8
GEOMETRY
100
AcDbLine
 10
201.0
 20
112.99999999999997
 30
0.0
 11
201.0
 21
113.00275090817169
 31
0.0
  0
LINE
  5
8A9
330
17
100
AcDbEntity
  8
GEOMETRY
100
AcDbLine
 10
201.0
 20
113.00275090817169
 30
0.0
 11
201.0
 21
113.00550181634338
 31
0.0
  0
LINE
  5
8AA
330
17
100
AcDbEntity
  8
GEOMETRY
100
AcDbLine
 10
201.0
 20
113.00550181634338
 30
0.0
 11
201.0
 21
113.0082527245151
 31
0.0
  0
LINE
  5
8AB
330
17
100
AcDbEntity
  8
GEOMETRY
100
AcDbLine
 10
201.0
 20
113.0082527245151
 30
0.0
 11
201.0
 21
113.0110036326868
 31
0.0
  0
LINE
  5
8AC
330
17
100
AcDbEntity
  8
GEOMETRY
100
AcDbLine
 10
201.0
 20
113.0110036326868
 30
0.0
 11
201.0
 21
113.01609763603437
 31
0.0
  0
LINE
  5
8AD
330
17
100
AcDbEntity
  8
GEOMETRY
100
AcDbLine
 10
201.0
 20
113.01609763603437
 30
0.0
 11
201.0
 21
113.02431576628314
 31
0.0
  0
LINE
  5
8AE
330
17
100
AcDbEntity
  8
GEOMETRY
100
AcDbLine
 10
201.0
 20
113.02431576628314
 30
0.0
 11
201.0
 21
113.03253389653187
 31
0.0
  0
LINE
  5
8AF
330
17
100
AcDbEntity
  8
GEOMETRY
100
AcDbLine
 10
201.0
 20
113.03253389653187
 30
0.0
 11
201.0
 21
113.04075202678062
 31
0.0
  0
LINE
  5
8B0
330
17
100
AcDbEntity
  8
GEOMETRY
100
AcDbLine
 10
201.0
 20
113.04075202678062
 30
0.0
 11
201.0
 21
113.04897015702937
 31
0.0
  0
LINE
  5
8B1
330
17
100
AcDbEntity
  8
GEOMETRY
100
AcDbLine
 10
201.0
 20
113.04897015702937
 30
0.0
 11
201.0
 21
113.06178589383887
 31
0.0
  0
LINE
  5
8B2
330
17
100
AcDbEntity
  8
GEOMETRY
100
AcDbLine
 10
201.0
 20
113.06178589383887
 30
0.0
 11
201.0
 21
113.07536789840852
 31
0.0
  0
LINE
  5
8B3
330
17
100
AcDbEntity
  8
GEOMETRY
100
AcDbLine
 10
201.0
 20
113.07536789840852
 30
0.0
 11
201.0
 21
113.08894990297816
 31
0.0
  0
LINE
  5
8B4
330
17
100
AcDbEntity
  8
GEOMETRY
100
AcDbLine
 10
201.0
 20
113.08894990297816
 30
0.0
 11
201.0
 21
113.10253190754779
 31
0.0
  0
LINE
  5
8B5
330
17
100
AcDbEntity
  8
GEOMETRY
100
AcDbLine
 10
201.0
 20
113.10253190754779
 30
0.0
 11
201.0
 21
113.11759764718398
 31
0.0
  0
LINE
  5
8B6
330
17
100
AcDbEntity
  8
GEOMETRY
100
AcDbLine
 10
201.0
 20
113.11759764718398
 30
0.0
 11
201.0
 21
113.13637272448659
 31
0.0
  0
LINE
  5
8B7
330
17
100
AcDbEntity
  8
GEOMETRY
100
AcDbLine
 10
201.0
 20
113.13637272448659
 30
0.0
 11
201.0
 21
113.15514780178918
 31
0.0
  0
LINE
  5
8B8
330
17
100
AcDbEntity
  8
GEOMETRY
100
AcDbLine
 10
201.0
 20
113.15514780178918
 30
0.0
 11
201.0
 21
113.1739228790918
 31
0.0
  0
LINE
  5
8B9
330
17
100
AcDbEntity
  8
GEOMETRY
100
AcDbLine
 10
201.0
 20
113.1739228790918
 30
0.0
 11
201.0
 21
113.1926979563944
 31
0.0
  0
LINE
  5
8BA
330
17
100
AcDbEntity
  8
GEOMETRY
100
AcDbLine
 10
201.0
 20
113.1926979563944
 30
0.0
 11
201.0
 21
113.2150137231558
 31
0.0
  0
LINE
  5
8BB
330
17
100
AcDbEntity
  8
GEOMETRY
100
AcDbLine
 10
201.0
 20
113.2150137231558
 30
0.0
 11
201.0
 21
113.23874576570074
 31
0.0
  0
LINE
  5
8BC
330
17
100
AcDbEntity
  8
GEOMETRY
100
AcDbLine
 10
201.0
 20
113.23874576570074
 30
0.0
 11
201.0
 21
113.26247780824568
 31
0.0
  0
LINE
  5
8BD
330
17
100
AcDbEntity
  8
GEOMETRY
100
AcDbLine
 10
201.0
 20
113.26247780824568
 30
0.0
 11
201.0
 21
113.28620985079061
 31
0.0
  0
LINE
  5
8BE
330
17
100
AcDbEntity
  8
GEOMETRY
100
AcDbLine
 10
201.0
 20
113.28620985079061
 30
0.0
 11
201.0
 21
113.31060739634093
 31
0.0
  0
LINE
  5
8BF
330
17
100
AcDbEntity
  8
GEOMETRY
100
AcDbLine
 10
201.0
 20
113.31060739634093
 30
0.0
 11
201.0
 21
113.33899795992355
 31
0.0
  0
LINE
  5
8C0
330
17
100
AcDbEntity
  8
GEOMETRY
100
AcDbLine
 10
201.0
 20
113.33899795992355
 30
0.0
 11
201.0
 21
113.36738852350615
 31
0.0
  0
LINE
  5
8C1
330
17
100
AcDbEntity
  8
GEOMETRY
100
AcDbLine
 10
201.0
 20
113.36738852350615
 30
0.0
 11
201.0
 21
113.39577908708875
 31
0.0
  0
LINE
  5
8C2
330
17
100
AcDbEntity
  8
GEOMETRY
100
AcDbLine
 10
201.0
 20
113.39577908708875
 30
0.0
 11
201.0
 21
113.42416965067137
 31
0.0
  0
LINE
  5
8C3
330
17
100
AcDbEntity
  8
GEOMETRY
100
AcDbLine
 10
201.0
 20
113.42416965067137
 30
0.0
 11
201.0
 21
113.45501821038428
 31
0.0
  0
LINE
  5
8C4
330
17
100
AcDbEntity
  8
GEOMETRY
100
AcDbLine
 10
201.0
 20
113.45501821038428
 30
0.0
 11
201.0
 21
113.48771026719494
 31
0.0
  0
LINE
  5
8C5
330
17
100
AcDbEntity
  8
GEOMETRY
100
AcDbLine
 10
201.0
 20
113.48771026719494
 30
0.0
 11
201.0
 21
113.52040232400559
 31
0.0
  0
LINE
  5
8C6
330
17
100
AcDbEntity
  8
GEOMETRY
100
AcDbLine
 10
201.0
 20
113.52040232400559
 30
0.0
 11
201.0
 21
113.55309438081623
 31
0.0
  0
LINE
  5
8C7
330
17
100
AcDbEntity
  8
GEOMETRY
100
AcDbLine
 10
201.0
 20
113.55309438081623
 30
0.0
 11
201.0
 21
113.5857864376269
 31
0.0
  0
LINE
  5
8C8
330
17
100
AcDbEntity
  8
GEOMETRY
100
AcDbLine
 10
201.0
 20
113.5857864376269
 30
0.0
 11
201.0
 21
113.62236886608281
 31
0.0
  0
LINE
  5
8C9
330
17
100
AcDbEntity
  8
GEOMETRY
100
AcDbLine
 10
201.0
 20
113.62236886608281
 30
0.0
 11
201.0
 21
113.65895129453872
 31
0.0
  0
LINE
  5
8CA
330
17
100
AcDbEntity
  8
GEOMETRY
100
AcDbLine
 10
201.0
 20
113.65895129453872
 30
0.0
 11
201.0
 21
113.69553372299464
 31
0.0
  0
LINE
  5
8CB
330
17
100
AcDbEntity
  8
GEOMETRY
100
AcDbLine
 10
201.0
 20
113.69553372299464
 30
0.0
 11
201.0
 21
113.73211615145055
 31
0.0
  0
LINE
  5
8CC
330
17
100
AcDbEntity
  8
GEOMETRY
100
AcDbLine
 10
201.0
 20
113.73211615145055
 30
0.0
 11
201.0
 21
113.7701687197844
 31
0.0
  0
LINE
  5
8CD
330
17
100
AcDbEntity
  8
GEOMETRY
100
AcDbLine
 10
201.0
 20
113.7701687197844
 30
0.0
 11
201.0
 21
113.81018147462214
 31
0.0
  0
LINE
  5
8CE
330
17
100
AcDbEntity
  8
GEOMETRY
100
AcDbLine
 10
201.0
 20
113.81018147462214
 30
0.0
 11
201.0
 21
113.85019422945987
 31
0.0
  0
LINE
  5
8CF
330
17
100
AcDbEntity
  8
GEOMETRY
100
AcDbLine
 10
201.0
 20
113.85019422945987
 30
0.0
 11
201.0
 21
113.8902069842976
 31
0.0
  0
LINE
  5
8D0
330
17
100
AcDbEntity
  8
GEOMETRY
100
AcDbLine
 10
201.0
 20
113.8902069842976
 30
0.0
 11
201.0
 21
113.93021973913534
 31
0.0
  0
LINE
  5
8D1
330
17
100
AcDbEntity
  8
GEOMETRY
100
AcDbLine
 10
201.0
 20
113.93021973913534
 30
0.0
 11
201.0
 21
113.97274147349347
 31
0.0
  0
LINE
  5
8D2
330
17
100
AcDbEntity
  8
GEOMETRY
100
AcDbLine
 10
201.0
 20
113.97274147349347
 30
0.0
 11
201.0
 21
114.015681371105
 31
0.0
  0
LINE
  5
8D3
330
17
100
AcDbEntity
  8
GEOMETRY
100
AcDbLine
 10
201.0
 20
114.015681371105
 30
0.0
 11
201.0
 21
114.05862126871654
 31
0.0
  0
LINE
  5
8D4
330
17
100
AcDbEntity
  8
GEOMETRY
100
AcDbLine
 10
201.0
 20
114.05862126871654
 30
0.0
 11
201.0
 21
114.10156116632805
 31
0.0
  0
LINE
  5
8D5
330
17
100
AcDbEntity
  8
GEOMETRY
100
AcDbLine
 10
201.0
 20
114.10156116632805
 30
0.0
 11
201.0
 21
114.14518310641016
 31
0.0
  0
LINE
  5
8D6
330
17
100
AcDbEntity
  8
GEOMETRY
100
AcDbLine
 10
201.0
 20
114.14518310641016
 30
0.0
 11
201.0
 21
114.19051015266871
 31
0.0
  0
LINE
  5
8D7
330
17
100
AcDbEntity
  8
GEOMETRY
100
AcDbLine
 10
201.0
 20
114.19051015266871
 30
0.0
 11
201.0
 21
114.23583719892724
 31
0.0
  0
LINE
  5
8D8
330
17
100
AcDbEntity
  8
GEOMETRY
100
AcDbLine
 10
201.0
 20
114.23583719892724
 30
0.0
 11
201.0
 21
114.2811642451858
 31
0.0
  0
LINE
  5
8D9
330
17
100
AcDbEntity
  8
GEOMETRY
100
AcDbLine
 10
201.0
 20
114.2811642451858
 30
0.0
 11
201.0
 21
114.32649129144434
 31
0.0
  0
LINE
  5
8DA
330
17
100
AcDbEntity
  8
GEOMETRY
100
AcDbLine
 10
201.0
 20
114.32649129144434
 30
0.0
 11
201.0
 21
114.37311629108929
 31
0.0
  0
LINE
  5
8DB
330
17
100
AcDbEntity
  8
GEOMETRY
100
AcDbLine
 10
201.0
 20
114.37311629108929
 30
0.0
 11
201.0
 21
114.42026047208878
 31
0.0
  0
LINE
  5
8DC
330
17
100
AcDbEntity
  8
GEOMETRY
100
AcDbLine
 10
201.0
 20
114.42026047208878
 30
0.0
 11
201.0
 21
114.46740465308828
 31
0.0
  0
LINE
  5
8DD
330
17
100
AcDbEntity
  8
GEOMETRY
100
AcDbLine
 10
201.0
 20
114.46740465308828
 30
0.0
 11
201.0
 21
114.51454883408778
 31
0.0
  0
LINE
  5
8DE
330
17
100
AcDbEntity
  8
GEOMETRY
100
AcDbLine
 10
201.0
 20
114.51454883408778
 30
0.0
 11
201.0
 21
114.56186791070317
 31
0.0
  0
LINE
  5
8DF
330
17
100
AcDbEntity
  8
GEOMETRY
100
AcDbLine
 10
201.0
 20
114.56186791070317
 30
0.0
 11
201.0
 21
114.61023636101385
 31
0.0
  0
LINE
  5
8E0
330
17
100
AcDbEntity
  8
GEOMETRY
100
AcDbLine
 10
201.0
 20
114.61023636101385
 30
0.0
 11
201.0
 21
114.65860481132455
 31
0.0
  0
LINE
  5
8E1
330
17
100
AcDbEntity
  8
GEOMETRY
100
AcDbLine
 10
201.0
 20
114.65860481132455
 30
0.0
 11
201.0
 21
114.70697326163523
 31
0.0
  0
LINE
  5
8E2
330
17
100
AcDbEntity
  8
GEOMETRY
100
AcDbLine
 10
201.0
 20
114.70697326163523
 30
0.0
 11
201.0
 21
114.75534171194593
 31
0.0
  0
LINE
  5
8E3
330
17
100
AcDbEntity
  8
GEOMETRY
100
AcDbLine
 10
201.0
 20
114.75534171194593
 30
0.0
 11
201.0
 21
114.8040621668192
 31
0.0
  0
LINE
  5
8E4
330
17
100
AcDbEntity
  8
GEOMETRY
100
AcDbLine
 10
201.0
 20
114.8040621668192
 30
0.0
 11
201.0
 21
114.85304662511439
 31
0.0
  0
LINE
  5
8E5
330
17
100
AcDbEntity
  8
GEOMETRY
100
AcDbLine
 10
201.0
 20
114.85304662511439
 30
0.0
 11
201.0
 21
114.90203108340958
 31
0.0
  0
LINE
  5
8E6
330
17
100
AcDbEntity
  8
GEOMETRY
100
AcDbLine
 10
201.0
 20
114.90203108340958
 30
0.0
 11
201.0
 21
114.95101554170478
 31
0.0
  0
LINE
  5
8E7
330
17
100
AcDbEntity
  8
GEOMETRY
100
AcDbLine
 10
201.0
 20
114.95101554170478
 30
0.0
 11
201.0
 21
114.99999999999997
 31
0.0
  0
LINE
  5
8E8
330
17
100
AcDbEntity
  8
GEOMETRY
100
AcDbLine
 10
126.0
 20
112.99999999999997
 30
0.0
 11
126.0
 21
113.00275090817169
 31
0.0
  0
LINE
  5
8E9
330
17
100
AcDbEntity
  8
GEOMETRY
100
AcDbLine
 10
126.0
 20
113.00275090817169
 30
0.0
 11
126.0
 21
113.00550181634338
 31
0.0
  0
LINE
  5
8EA
330
17
100
AcDbEntity
  8
GEOMETRY
100
AcDbLine
 10
126.0
 20
113.00550181634338
 30
0.0
 11
126.0
 21
113.0082527245151
 31
0.0
  0
LINE
  5
8EB
330
17
100
AcDbEntity
  8
GEOMETRY
100
AcDbLine
 10
126.0
 20
113.0082527245151
 30
0.0
 11
126.0
 21
113.0110036326868
 31
0.0
  0
LINE
  5
8EC
330
17
100
AcDbEntity
  8
GEOMETRY
100
AcDbLine
 10
126.0
 20
113.0110036326868
 30
0.0
 11
126.0
 21
113.01609763603437
 31
0.0
  0
LINE
  5
8ED
330
17
100
AcDbEntity
  8
GEOMETRY
100
AcDbLine
 10
126.0
 20
113.01609763603437
 30
0.0
 11
126.0
 21
113.02431576628314
 31
0.0
  0
LINE
  5
8EE
330
17
100
AcDbEntity
  8
GEOMETRY
100
AcDbLine
 10
126.0
 20
113.02431576628314
 30
0.0
 11
126.0
 21
113.03253389653187
 31
0.0
  0
LINE
  5
8EF
330
17
100
AcDbEntity
  8
GEOMETRY
100
AcDbLine
 10
126.0
 20
113.03253389653187
 30
0.0
 11
126.0
 21
113.04075202678062
 31
0.0
  0
LINE
  5
8F0
330
17
100
AcDbEntity
  8
GEOMETRY
100
AcDbLine
 10
126.0
 20
113.04075202678062
 30
0.0
 11
126.0
 21
113.04897015702937
 31
0.0
  0
LINE
  5
8F1
330
17
100
AcDbEntity
  8
GEOMETRY
100
AcDbLine
 10
126.0
 20
113.04897015702937
 30
0.0
 11
126.0
 21
113.06178589383887
 31
0.0
  0
LINE
  5
8F2
330
17
100
AcDbEntity
  8
GEOMETRY
100
AcDbLine
 10
126.0
 20
113.06178589383887
 30
0.0
 11
126.0
 21
113.07536789840852
 31
0.0
  0
LINE
  5
8F3
330
17
100
AcDbEntity
  8
GEOMETRY
100
AcDbLine
 10
126.0
 20
113.07536789840852
 30
0.0
 11
126.0
 21
113.08894990297816
 31
0.0
  0
LINE
  5
8F4
330
17
100
AcDbEntity
  8
GEOMETRY
100
AcDbLine
 10
126.0
 20
113.08894990297816
 30
0.0
 11
126.0
 21
113.10253190754779
 31
0.0
  0
LINE
  5
8F5
330
17
100
AcDbEntity
  8
GEOMETRY
100
AcDbLine
 10
126.0
 20
113.10253190754779
 30
0.0
 11
126.0
 21
113.11759764718398
 31
0.0
  0
LINE
  5
8F6
330
17
100
AcDbEntity
  8
GEOMETRY
100
AcDbLine
 10
126.0
 20
113.11759764718398
 30
0.0
 11
126.0
 21
113.13637272448659
 31
0.0
  0
LINE
  5
8F7
330
17
100
AcDbEntity
  8
GEOMETRY
100
AcDbLine
 10
126.0
 20
113.13637272448659
 30
0.0
 11
126.0
 21
113.15514780178918
 31
0.0
  0
LINE
  5
8F8
330
17
100
AcDbEntity
  8
GEOMETRY
100
AcDbLine
 10
126.0
 20
113.15514780178918
 30
0.0
 11
126.0
 21
113.1739228790918
 31
0.0
  0
LINE
  5
8F9
330
17
100
AcDbEntity
  8
GEOMETRY
100
AcDbLine
 10
126.0
 20
113.1739228790918
 30
0.0
 11
126.0
 21
113.1926979563944
 31
0.0
  0
LINE
  5
8FA
330
17
100
AcDbEntity
  8
GEOMETRY
100
AcDbLine
 10
126.0
 20
113.1926979563944
 30
0.0
 11
126.0
 21
113.2150137231558
 31
0.0
  0
LINE
  5
8FB
330
17
100
AcDbEntity
  8
GEOMETRY
100
AcDbLine
 10
126.0
 20
113.2150137231558
 30
0.0
 11
126.0
 21
113.23874576570074
 31
0.0
  0
LINE
  5
8FC
330
17
100
AcDbEntity
  8
GEOMETRY
100
AcDbLine
 10
126.0
 20
113.23874576570074
 30
0.0
 11
126.0
 21
113.26247780824568
 31
0.0
  0
LINE
  5
8FD
330
17
100
AcDbEntity
  8
GEOMETRY
100
AcDbLine
 10
126.0
 20
113.26247780824568
 30
0.0
 11
126.0
 21
113.28620985079061
 31
0.0
  0
LINE
  5
8FE
330
17
100
AcDbEntity
  8
GEOMETRY
100
AcDbLine
 10
126.0
 20
113.28620985079061
 30
0.0
 11
126.0
 21
113.31060739634093
 31
0.0
  0
LINE
  5
8FF
330
17
100
AcDbEntity
  8
GEOMETRY
100
AcDbLine
 10
126.0
 20
113.31060739634093
 30
0.0
 11
126.0
 21
113.33899795992355
 31
0.0
  0
LINE
  5
900
330
17
100
AcDbEntity
  8
GEOMETRY
100
AcDbLine
 10
126.0
 20
113.33899795992355
 30
0.0
 11
126.0
 21
113.36738852350615
 31
0.0
  0
LINE
  5
901
330
17
100
AcDbEntity
  8
GEOMETRY
100
AcDbLine
 10
126.0
 20
113.36738852350615
 30
0.0
 11
126.0
 21
113.39577908708875
 31
0.0
  0
LINE
  5
902
330
17
100
AcDbEntity
  8
GEOMETRY
100
AcDbLine
 10
126.0
 20
113.39577908708875
 30
0.0
 11
126.0
 21
113.42416965067137
 31
0.0
  0
LINE
  5
903
330
17
100
AcDbEntity
  8
GEOMETRY
100
AcDbLine
 10
126.0
 20
113.42416965067137
 30
0.0
 11
126.0
 21
113.45501821038428
 31
0.0
  0
LINE
  5
904
330
17
100
AcDbEntity
  8
GEOMETRY
100
AcDbLine
 10
126.0
 20
113.45501821038428
 30
0.0
 11
126.0
 21
113.48771026719494
 31
0.0
  0
LINE
  5
905
330
17
100
AcDbEntity
  8
GEOMETRY
100
AcDbLine
 10
126.0
 20
113.48771026719494
 30
0.0
 11
126.0
 21
113.52040232400559
 31
0.0
  0
LINE
  5
906
330
17
100
AcDbEntity
  8
GEOMETRY
100
AcDbLine
 10
126.0
 20
113.52040232400559
 30
0.0
 11
126.0
 21
113.55309438081623
 31
0.0
  0
LINE
  5
907
330
17
100
AcDbEntity
  8
GEOMETRY
100
AcDbLine
 10
126.0
 20
113.55309438081623
 30
0.0
 11
126.0
 21
113.5857864376269
 31
0.0
  0
LINE
  5
908
330
17
100
AcDbEntity
  8
GEOMETRY
100
AcDbLine
 10
126.0
 20
113.5857864376269
 30
0.0
 11
126.0
 21
113.62236886608281
 31
0.0
  0
LINE
  5
909
330
17
100
AcDbEntity
  8
GEOMETRY
100
AcDbLine
 10
126.0
 20
113.62236886608281
 30
0.0
 11
126.0
 21
113.65895129453872
 31
0.0
  0
LINE
  5
90A
330
17
100
AcDbEntity
  8
GEOMETRY
100
AcDbLine
 10
126.0
 20
113.65895129453872
 30
0.0
 11
126.0
 21
113.69553372299464
 31
0.0
  0
LINE
  5
90B
330
17
100
AcDbEntity
  8
GEOMETRY
100
AcDbLine
 10
126.0
 20
113.69553372299464
 30
0.0
 11
126.0
 21
113.73211615145055
 31
0.0
  0
LINE
  5
90C
330
17
100
AcDbEntity
  8
GEOMETRY
100
AcDbLine
 10
126.0
 20
113.73211615145055
 30
0.0
 11
126.0
 21
113.7701687197844
 31
0.0
  0
LINE
  5
90D
330
17
100
AcDbEntity
  8
GEOMETRY
100
AcDbLine
 10
126.0
 20
113.7701687197844
 30
0.0
 11
126.0
 21
113.81018147462214
 31
0.0
  0
LINE
  5
90E
330
17
100
AcDbEntity
  8
GEOMETRY
100
AcDbLine
 10
126.0
 20
113.81018147462214
 30
0.0
 11
126.0
 21
113.85019422945987
 31
0.0
  0
LINE
  5
90F
330
17
100
AcDbEntity
  8
GEOMETRY
100
AcDbLine
 10
126.0
 20
113.85019422945987
 30
0.0
 11
126.0
 21
113.8902069842976
 31
0.0
  0
LINE
  5
910
330
17
100
AcDbEntity
  8
GEOMETRY
100
AcDbLine
 10
126.0
 20
113.8902069842976
 30
0.0
 11
126.0
 21
113.93021973913534
 31
0.0
  0
LINE
  5
911
330
17
100
AcDbEntity
  8
GEOMETRY
100
AcDbLine
 10
126.0
 20
113.93021973913534
 30
0.0
 11
126.0
 21
113.97274147349347
 31
0.0
  0
LINE
  5
912
330
17
100
AcDbEntity
  8
GEOMETRY
100
AcDbLine
 10
126.0
 20
113.97274147349347
 30
0.0
 11
126.0
 21
114.015681371105
 31
0.0
  0
LINE
  5
913
330
17
100
AcDbEntity
  8
GEOMETRY
100
AcDbLine
 10
126.0
 20
114.015681371105
 30
0.0
 11
126.0
 21
114.05862126871654
 31
0.0
  0
LINE
  5
914
330
17
100
AcDbEntity
  8
GEOMETRY
100
AcDbLine
 10
126.0
 20
114.05862126871654
 30
0.0
 11
126.0
 21
114.10156116632805
 31
0.0
  0
LINE
  5
915
330
17
100
AcDbEntity
  8
GEOMETRY
100
AcDbLine
 10
126.0
 20
114.10156116632805
 30
0.0
 11
126.0
 21
114.14518310641016
 31
0.0
  0
LINE
  5
916
330
17
100
AcDbEntity
  8
GEOMETRY
100
AcDbLine
 10
126.0
 20
114.14518310641016
 30
0.0
 11
126.0
 21
114.19051015266871
 31
0.0
  0
LINE
  5
917
330
17
100
AcDbEntity
  8
GEOMETRY
100
AcDbLine
 10
126.0
 20
114.19051015266871
 30
0.0
 11
126.0
 21
114.23583719892724
 31
0.0
  0
LINE
  5
918
330
17
100
AcDbEntity
  8
GEOMETRY
100
AcDbLine
 10
126.0
 20
114.23583719892724
 30
0.0
 11
126.0
 21
114.2811642451858
 31
0.0
  0
LINE
  5
919
330
17
100
AcDbEntity
  8
GEOMETRY
100
AcDbLine
 10
126.0
 20
114.2811642451858
 30
0.0
 11
126.0
 21
114.32649129144434
 31
0.0
  0
LINE
  5
91A
330
17
100
AcDbEntity
  8
GEOMETRY
100
AcDbLine
 10
126.0
 20
114.32649129144434
 30
0.0
 11
126.0
 21
114.37311629108929
 31
0.0
  0
LINE
  5
91B
330
17
100
AcDbEntity
  8
GEOMETRY
100
AcDbLine
 10
126.0
 20
114.37311629108929
 30
0.0
 11
126.0
 21
114.42026047208878
 31
0.0
  0
LINE
  5
91C
330
17
100
AcDbEntity
  8
GEOMETRY
100
AcDbLine
 10
126.0
 20
114.42026047208878
 30
0.0
 11
126.0
 21
114.46740465308828
 31
0.0
  0
LINE
  5
91D
330
17
100
AcDbEntity
  8
GEOMETRY
100
AcDbLine
 10
126.0
 20
114.46740465308828
 30
0.0
 11
126.0
 21
114.51454883408778
 31
0.0
  0
LINE
  5
91E
330
17
100
AcDbEntity
  8
GEOMETRY
100
AcDbLine
 10
126.0
 20
114.51454883408778
 30
0.0
 11
126.0
 21
114.56186791070317
 31
0.0
  0
LINE
  5
91F
330
17
100
AcDbEntity
  8
GEOMETRY
100
AcDbLine
 10
126.0
 20
114.56186791070317
 30
0.0
 11
126.0
 21
114.61023636101385
 31
0.0
  0
LINE
  5
920
330
17
100
AcDbEntity
  8
GEOMETRY
100
AcDbLine
 10
126.0
 20
114.61023636101385
 30
0.0
 11
126.0
 21
114.65860481132455
 31
0.0
  0
LINE
  5
921
330
17
100
AcDbEntity
  8
GEOMETRY
100
AcDbLine
 10
126.0
 20
114.65860481132455
 30
0.0
 11
126.0
 21
114.70697326163523
 31
0.0
  0
LINE
  5
922
330
17
100
AcDbEntity
  8
GEOMETRY
100
AcDbLine
 10
126.0
 20
114.70697326163523
 30
0.0
 11
126.0
 21
114.75534171194593
 31
0.0
  0
LINE
  5
923
330
17
100
AcDbEntity
  8
GEOMETRY
100
AcDbLine
 10
126.0
 20
114.75534171194593
 30
0.0
 11
126.0
 21
114.8040621668192
 31
0.0
  0
LINE
  5
924
330
17
100
AcDbEntity
  8
GEOMETRY
100
AcDbLine
 10
126.0
 20
114.8040621668192
 30
0.0
 11
126.0
 21
114.85304662511439
 31
0.0
  0
LINE
  5
925
330
17
100
AcDbEntity
  8
GEOMETRY
100
AcDbLine
 10
126.0
 20
114.85304662511439
 30
0.0
 11
126.0
 21
114.90203108340958
 31
0.0
  0
LINE
  5
926
330
17
100
AcDbEntity
  8
GEOMETRY
100
AcDbLine
 10
126.0
 20
114.90203108340958
 30
0.0
 11
126.0
 21
114.95101554170478
 31
0.0
  0
LINE
  5
927
330
17
100
AcDbEntity
  8
GEOMETRY
100
AcDbLine
 10
126.0
 20
114.95101554170478
 30
0.0
 11
126.0
 21
114.99999999999997
 31
0.0
  0
LINE
  5
928
330
17
100
AcDbEntity
  8
GEOMETRY
100
AcDbLine
 10
201.0
 20
112.99999999999997
 30
0.0
 11
201.0
 21
110.99999999999997
 31
0.0
  0
LINE
  5
929
330
17
100
AcDbEntity
  8
GEOMETRY
100
AcDbLine
 10
126.0
 20
112.99999999999997
 30
0.0
 11
126.0
 21
110.99999999999997
 31
0.0
  0
LINE
  5
92A
330
17
100
AcDbEntity
  8
GEOMETRY
100
AcDbLine
 10
136.75
 20
112.99999999999997
 30
0.0
 11
136.75
 21
112.96874999999997
 31
0.0
  0
LINE
  5
92B
330
17
100
AcDbEntity
  8
GEOMETRY
100
AcDbLine
 10
136.75
 20
112.96874999999997
 30
0.0
 11
136.75
 21
112.93749999999997
 31
0.0
  0
LINE
  5
92C
330
17
100
AcDbEntity
  8
GEOMETRY
100
AcDbLine
 10
136.75
 20
112.93749999999997
 30
0.0
 11
136.75
 21
112.90624999999997
 31
0.0
  0
LINE
  5
92D
330
17
100
AcDbEntity
  8
GEOMETRY
100
AcDbLine
 10
136.75
 20
112.90624999999997
 30
0.0
 11
136.75
 21
112.87499999999997
 31
0.0
  0
LINE
  5
92E
330
17
100
AcDbEntity
  8
GEOMETRY
100
AcDbLine
 10
136.75
 20
112.87499999999997
 30
0.0
 11
136.75
 21
112.84374999999997
 31
0.0
  0
LINE
  5
92F
330
17
100
AcDbEntity
  8
GEOMETRY
100
AcDbLine
 10
136.75
 20
112.84374999999997
 30
0.0
 11
136.75
 21
112.81249999999997
 31
0.0
  0
LINE
  5
930
330
17
100
AcDbEntity
  8
GEOMETRY
100
AcDbLine
 10
136.75
 20
112.81249999999997
 30
0.0
 11
136.75
 21
112.78124999999997
 31
0.0
  0
LINE
  5
931
330
17
100
AcDbEntity
  8
GEOMETRY
100
AcDbLine
 10
136.75
 20
112.78124999999997
 30
0.0
 11
136.75
 21
112.74999999999997
 31
0.0
  0
LINE
  5
932
330
17
100
AcDbEntity
  8
GEOMETRY
100
AcDbLine
 10
136.75
 20
112.74999999999997
 30
0.0
 11
136.75
 21
112.71874999999997
 31
0.0
  0
LINE
  5
933
330
17
100
AcDbEntity
  8
GEOMETRY
100
AcDbLine
 10
136.75
 20
112.71874999999997
 30
0.0
 11
136.75
 21
112.68749999999997
 31
0.0
  0
LINE
  5
934
330
17
100
AcDbEntity
  8
GEOMETRY
100
AcDbLine
 10
136.75
 20
112.68749999999997
 30
0.0
 11
136.75
 21
112.65624999999997
 31
0.0
  0
LINE
  5
935
330
17
100
AcDbEntity
  8
GEOMETRY
100
AcDbLine
 10
136.75
 20
112.65624999999997
 30
0.0
 11
136.75
 21
112.62499999999997
 31
0.0
  0
LINE
  5
936
330
17
100
AcDbEntity
  8
GEOMETRY
100
AcDbLine
 10
136.75
 20
112.62499999999997
 30
0.0
 11
136.75
 21
112.59374999999997
 31
0.0
  0
LINE
  5
937
330
17
100
AcDbEntity
  8
GEOMETRY
100
AcDbLine
 10
136.75
 20
112.59374999999997
 30
0.0
 11
136.75
 21
112.56249999999997
 31
0.0
  0
LINE
  5
938
330
17
100
AcDbEntity
  8
GEOMETRY
100
AcDbLine
 10
136.75
 20
112.56249999999997
 30
0.0
 11
136.75
 21
112.53124999999997
 31
0.0
  0
LINE
  5
939
330
17
100
AcDbEntity
  8
GEOMETRY
100
AcDbLine
 10
136.75
 20
112.53124999999997
 30
0.0
 11
136.75
 21
112.49999999999997
 31
0.0
  0
LINE
  5
93A
330
17
100
AcDbEntity
  8
GEOMETRY
100
AcDbLine
 10
136.75
 20
112.49999999999997
 30
0.0
 11
136.75
 21
112.46874999999997
 31
0.0
  0
LINE
  5
93B
330
17
100
AcDbEntity
  8
GEOMETRY
100
AcDbLine
 10
136.75
 20
112.46874999999997
 30
0.0
 11
136.75
 21
112.43749999999997
 31
0.0
  0
LINE
  5
93C
330
17
100
AcDbEntity
  8
GEOMETRY
100
AcDbLine
 10
136.75
 20
112.43749999999997
 30
0.0
 11
136.75
 21
112.40624999999997
 31
0.0
  0
LINE
  5
93D
330
17
100
AcDbEntity
  8
GEOMETRY
100
AcDbLine
 10
136.75
 20
112.40624999999997
 30
0.0
 11
136.75
 21
112.37499999999997
 31
0.0
  0
LINE
  5
93E
330
17
100
AcDbEntity
  8
GEOMETRY
100
AcDbLine
 10
136.75
 20
112.37499999999997
 30
0.0
 11
136.75
 21
112.34374999999997
 31
0.0
  0
LINE
  5
93F
330
17
100
AcDbEntity
  8
GEOMETRY
100
AcDbLine
 10
136.75
 20
112.34374999999997
 30
0.0
 11
136.75
 21
112.31249999999997
 31
0.0
  0
LINE
  5
940
330
17
100
AcDbEntity
  8
GEOMETRY
100
AcDbLine
 10
136.75
 20
112.31249999999997
 30
0.0
 11
136.75
 21
112.28124999999997
 31
0.0
  0
LINE
  5
941
330
17
100
AcDbEntity
  8
GEOMETRY
100
AcDbLine
 10
136.75
 20
112.28124999999997
 30
0.0
 11
136.75
 21
112.24999999999997
 31
0.0
  0
LINE
  5
942
330
17
100
AcDbEntity
  8
GEOMETRY
100
AcDbLine
 10
136.75
 20
112.24999999999997
 30
0.0
 11
136.75
 21
112.21874999999997
 31
0.0
  0
LINE
  5
943
330
17
100
AcDbEntity
  8
GEOMETRY
100
AcDbLine
 10
136.75
 20
112.21874999999997
 30
0.0
 11
136.75
 21
112.18749999999997
 31
0.0
  0
LINE
  5
944
330
17
100
AcDbEntity
  8
GEOMETRY
100
AcDbLine
 10
136.75
 20
112.18749999999997
 30
0.0
 11
136.75
 21
112.15624999999997
 31
0.0
  0
LINE
  5
945
330
17
100
AcDbEntity
  8
GEOMETRY
100
AcDbLine
 10
136.75
 20
112.15624999999997
 30
0.0
 11
136.75
 21
112.12499999999997
 31
0.0
  0
LINE
  5
946
330
17
100
AcDbEntity
  8
GEOMETRY
100
AcDbLine
 10
136.75
 20
112.12499999999997
 30
0.0
 11
136.75
 21
112.09374999999997
 31
0.0
  0
LINE
  5
947
330
17
100
AcDbEntity
  8
GEOMETRY
100
AcDbLine
 10
136.75
 20
112.09374999999997
 30
0.0
 11
136.75
 21
112.06249999999997
 31
0.0
  0
LINE
  5
948
330
17
100
AcDbEntity
  8
GEOMETRY
100
AcDbLine
 10
136.75
 20
112.06249999999997
 30
0.0
 11
136.75
 21
112.03124999999997
 31
0.0
  0
LINE
  5
949
330
17
100
AcDbEntity
  8
GEOMETRY
100
AcDbLine
 10
136.75
 20
112.03124999999997
 30
0.0
 11
136.75
 21
111.99999999999997
 31
0.0
  0
LINE
  5
94A
330
17
100
AcDbEntity
  8
GEOMETRY
100
AcDbLine
 10
136.75
 20
111.99999999999997
 30
0.0
 11
136.75
 21
111.96874999999997
 31
0.0
  0
LINE
  5
94B
330
17
100
AcDbEntity
  8
GEOMETRY
100
AcDbLine
 10
136.75
 20
111.96874999999997
 30
0.0
 11
136.75
 21
111.93749999999997
 31
0.0
  0
LINE
  5
94C
330
17
100
AcDbEntity
  8
GEOMETRY
100
AcDbLine
 10
136.75
 20
111.93749999999997
 30
0.0
 11
136.75
 21
111.90624999999997
 31
0.0
  0
LINE
  5
94D
330
17
100
AcDbEntity
  8
GEOMETRY
100
AcDbLine
 10
136.75
 20
111.90624999999997
 30
0.0
 11
136.75
 21
111.87499999999997
 31
0.0
  0
LINE
  5
94E
330
17
100
AcDbEntity
  8
GEOMETRY
100
AcDbLine
 10
136.75
 20
111.87499999999997
 30
0.0
 11
136.75
 21
111.84374999999997
 31
0.0
  0
LINE
  5
94F
330
17
100
AcDbEntity
  8
GEOMETRY
100
AcDbLine
 10
136.75
 20
111.84374999999997
 30
0.0
 11
136.75
 21
111.81249999999997
 31
0.0
  0
LINE
  5
950
330
17
100
AcDbEntity
  8
GEOMETRY
100
AcDbLine
 10
136.75
 20
111.81249999999997
 30
0.0
 11
136.75
 21
111.78124999999997
 31
0.0
  0
LINE
  5
951
330
17
100
AcDbEntity
  8
GEOMETRY
100
AcDbLine
 10
136.75
 20
111.78124999999997
 30
0.0
 11
136.75
 21
111.74999999999997
 31
0.0
  0
LINE
  5
952
330
17
100
AcDbEntity
  8
GEOMETRY
100
AcDbLine
 10
136.75
 20
111.74999999999997
 30
0.0
 11
136.75
 21
111.71874999999997
 31
0.0
  0
LINE
  5
953
330
17
100
AcDbEntity
  8
GEOMETRY
100
AcDbLine
 10
136.75
 20
111.71874999999997
 30
0.0
 11
136.75
 21
111.68749999999997
 31
0.0
  0
LINE
  5
954
330
17
100
AcDbEntity
  8
GEOMETRY
100
AcDbLine
 10
136.75
 20
111.68749999999997
 30
0.0
 11
136.75
 21
111.65624999999997
 31
0.0
  0
LINE
  5
955
330
17
100
AcDbEntity
  8
GEOMETRY
100
AcDbLine
 10
136.75
 20
111.65624999999997
 30
0.0
 11
136.75
 21
111.62499999999997
 31
0.0
  0
LINE
  5
956
330
17
100
AcDbEntity
  8
GEOMETRY
100
AcDbLine
 10
136.75
 20
111.62499999999997
 30
0.0
 11
136.75
 21
111.59374999999997
 31
0.0
  0
LINE
  5
957
330
17
100
AcDbEntity
  8
GEOMETRY
100
AcDbLine
 10
136.75
 20
111.59374999999997
 30
0.0
 11
136.75
 21
111.56249999999997
 31
0.0
  0
LINE
  5
958
330
17
100
AcDbEntity
  8
GEOMETRY
100
AcDbLine
 10
136.75
 20
111.56249999999997
 30
0.0
 11
136.75
 21
111.53124999999997
 31
0.0
  0
LINE
  5
959
330
17
100
AcDbEntity
  8
GEOMETRY
100
AcDbLine
 10
136.75
 20
111.53124999999997
 30
0.0
 11
136.75
 21
111.49999999999997
 31
0.0
  0
LINE
  5
95A
330
17
100
AcDbEntity
  8
GEOMETRY
100
AcDbLine
 10
136.75
 20
111.49999999999997
 30
0.0
 11
136.75
 21
111.46874999999997
 31
0.0
  0
LINE
  5
95B
330
17
100
AcDbEntity
  8
GEOMETRY
100
AcDbLine
 10
136.75
 20
111.46874999999997
 30
0.0
 11
136.75
 21
111.43749999999997
 31
0.0
  0
LINE
  5
95C
330
17
100
AcDbEntity
  8
GEOMETRY
100
AcDbLine
 10
136.75
 20
111.43749999999997
 30
0.0
 11
136.75
 21
111.40624999999997
 31
0.0
  0
LINE
  5
95D
330
17
100
AcDbEntity
  8
GEOMETRY
100
AcDbLine
 10
136.75
 20
111.40624999999997
 30
0.0
 11
136.75
 21
111.37499999999997
 31
0.0
  0
LINE
  5
95E
330
17
100
AcDbEntity
  8
GEOMETRY
100
AcDbLine
 10
136.75
 20
111.37499999999997
 30
0.0
 11
136.75
 21
111.34374999999997
 31
0.0
  0
LINE
  5
95F
330
17
100
AcDbEntity
  8
GEOMETRY
100
AcDbLine
 10
136.75
 20
111.34374999999997
 30
0.0
 11
136.75
 21
111.31249999999997
 31
0.0
  0
LINE
  5
960
330
17
100
AcDbEntity
  8
GEOMETRY
100
AcDbLine
 10
136.75
 20
111.31249999999997
 30
0.0
 11
136.75
 21
111.28124999999997
 31
0.0
  0
LINE
  5
961
330
17
100
AcDbEntity
  8
GEOMETRY
100
AcDbLine
 10
136.75
 20
111.28124999999997
 30
0.0
 11
136.75
 21
111.24999999999997
 31
0.0
  0
LINE
  5
962
330
17
100
AcDbEntity
  8
GEOMETRY
100
AcDbLine
 10
136.75
 20
111.24999999999997
 30
0.0
 11
136.75
 21
111.21874999999997
 31
0.0
  0
LINE
  5
963
330
17
100
AcDbEntity
  8
GEOMETRY
100
AcDbLine
 10
136.75
 20
111.21874999999997
 30
0.0
 11
136.75
 21
111.18749999999997
 31
0.0
  0
LINE
  5
964
330
17
100
AcDbEntity
  8
GEOMETRY
100
AcDbLine
 10
136.75
 20
111.18749999999997
 30
0.0
 11
136.75
 21
111.15624999999997
 31
0.0
  0
LINE
  5
965
330
17
100
AcDbEntity
  8
GEOMETRY
100
AcDbLine
 10
136.75
 20
111.15624999999997
 30
0.0
 11
136.75
 21
111.12499999999997
 31
0.0
  0
LINE
  5
966
330
17
100
AcDbEntity
  8
GEOMETRY
100
AcDbLine
 10
136.75
 20
111.12499999999997
 30
0.0
 11
136.75
 21
111.09374999999997
 31
0.0
  0
LINE
  5
967
330
17
100
AcDbEntity
  8
GEOMETRY
100
AcDbLine
 10
136.75
 20
111.09374999999997
 30
0.0
 11
136.75
 21
111.06249999999997
 31
0.0
  0
LINE
  5
968
330
17
100
AcDbEntity
  8
GEOMETRY
100
AcDbLine
 10
136.75
 20
111.06249999999997
 30
0.0
 11
136.75
 21
111.03124999999997
 31
0.0
  0
LINE
  5
969
330
17
100
AcDbEntity
  8
GEOMETRY
100
AcDbLine
 10
136.75
 20
111.03124999999997
 30
0.0
 11
136.75
 21
110.99999999999997
 31
0.0
  0
LINE
  5
96A
330
17
100
AcDbEntity
  8
GEOMETRY
100
AcDbLine
 10
196.75
 20
112.99999999999997
 30
0.0
 11
196.75
 21
112.96874999999997
 31
0.0
  0
LINE
  5
96B
330
17
100
AcDbEntity
  8
GEOMETRY
100
AcDbLine
 10
196.75
 20
112.96874999999997
 30
0.0
 11
196.75
 21
112.93749999999997
 31
0.0
  0
LINE
  5
96C
330
17
100
AcDbEntity
  8
GEOMETRY
100
AcDbLine
 10
196.75
 20
112.93749999999997
 30
0.0
 11
196.75
 21
112.90624999999997
 31
0.0
  0
LINE
  5
96D
330
17
100
AcDbEntity
  8
GEOMETRY
100
AcDbLine
 10
196.75
 20
112.90624999999997
 30
0.0
 11
196.75
 21
112.87499999999997
 31
0.0
  0
LINE
  5
96E
330
17
100
AcDbEntity
  8
GEOMETRY
100
AcDbLine
 10
196.75
 20
112.87499999999997
 30
0.0
 11
196.75
 21
112.84374999999997
 31
0.0
  0
LINE
  5
96F
330
17
100
AcDbEntity
  8
GEOMETRY
100
AcDbLine
 10
196.75
 20
112.84374999999997
 30
0.0
 11
196.75
 21
112.81249999999997
 31
0.0
  0
LINE
  5
970
330
17
100
AcDbEntity
  8
GEOMETRY
100
AcDbLine
 10
196.75
 20
112.81249999999997
 30
0.0
 11
196.75
 21
112.78124999999997
 31
0.0
  0
LINE
  5
971
330
17
100
AcDbEntity
  8
GEOMETRY
100
AcDbLine
 10
196.75
 20
112.78124999999997
 30
0.0
 11
196.75
 21
112.74999999999997
 31
0.0
  0
LINE
  5
972
330
17
100
AcDbEntity
  8
GEOMETRY
100
AcDbLine
 10
196.75
 20
112.74999999999997
 30
0.0
 11
196.75
 21
112.71874999999997
 31
0.0
  0
LINE
  5
973
330
17
100
AcDbEntity
  8
GEOMETRY
100
AcDbLine
 10
196.75
 20
112.71874999999997
 30
0.0
 11
196.75
 21
112.68749999999997
 31
0.0
  0
LINE
  5
974
330
17
100
AcDbEntity
  8
GEOMETRY
100
AcDbLine
 10
196.75
 20
112.68749999999997
 30
0.0
 11
196.75
 21
112.65624999999997
 31
0.0
  0
LINE
  5
975
330
17
100
AcDbEntity
  8
GEOMETRY
100
AcDbLine
 10
196.75
 20
112.65624999999997
 30
0.0
 11
196.75
 21
112.62499999999997
 31
0.0
  0
LINE
  5
976
330
17
100
AcDbEntity
  8
GEOMETRY
100
AcDbLine
 10
196.75
 20
112.62499999999997
 30
0.0
 11
196.75
 21
112.59374999999997
 31
0.0
  0
LINE
  5
977
330
17
100
AcDbEntity
  8
GEOMETRY
100
AcDbLine
 10
196.75
 20
112.59374999999997
 30
0.0
 11
196.75
 21
112.56249999999997
 31
0.0
  0
LINE
  5
978
330
17
100
AcDbEntity
  8
GEOMETRY
100
AcDbLine
 10
196.75
 20
112.56249999999997
 30
0.0
 11
196.75
 21
112.53124999999997
 31
0.0
  0
LINE
  5
979
330
17
100
AcDbEntity
  8
GEOMETRY
100
AcDbLine
 10
196.75
 20
112.53124999999997
 30
0.0
 11
196.75
 21
112.49999999999997
 31
0.0
  0
LINE
  5
97A
330
17
100
AcDbEntity
  8
GEOMETRY
100
AcDbLine
 10
196.75
 20
112.49999999999997
 30
0.0
 11
196.75
 21
112.46874999999997
 31
0.0
  0
LINE
  5
97B
330
17
100
AcDbEntity
  8
GEOMETRY
100
AcDbLine
 10
196.75
 20
112.46874999999997
 30
0.0
 11
196.75
 21
112.43749999999997
 31
0.0
  0
LINE
  5
97C
330
17
100
AcDbEntity
  8
GEOMETRY
100
AcDbLine
 10
196.75
 20
112.43749999999997
 30
0.0
 11
196.75
 21
112.40624999999997
 31
0.0
  0
LINE
  5
97D
330
17
100
AcDbEntity
  8
GEOMETRY
100
AcDbLine
 10
196.75
 20
112.40624999999997
 30
0.0
 11
196.75
 21
112.37499999999997
 31
0.0
  0
LINE
  5
97E
330
17
100
AcDbEntity
  8
GEOMETRY
100
AcDbLine
 10
196.75
 20
112.37499999999997
 30
0.0
 11
196.75
 21
112.34374999999997
 31
0.0
  0
LINE
  5
97F
330
17
100
AcDbEntity
  8
GEOMETRY
100
AcDbLine
 10
196.75
 20
112.34374999999997
 30
0.0
 11
196.75
 21
112.31249999999997
 31
0.0
  0
LINE
  5
980
330
17
100
AcDbEntity
  8
GEOMETRY
100
AcDbLine
 10
196.75
 20
112.31249999999997
 30
0.0
 11
196.75
 21
112.28124999999997
 31
0.0
  0
LINE
  5
981
330
17
100
AcDbEntity
  8
GEOMETRY
100
AcDbLine
 10
196.75
 20
112.28124999999997
 30
0.0
 11
196.75
 21
112.24999999999997
 31
0.0
  0
LINE
  5
982
330
17
100
AcDbEntity
  8
GEOMETRY
100
AcDbLine
 10
196.75
 20
112.24999999999997
 30
0.0
 11
196.75
 21
112.21874999999997
 31
0.0
  0
LINE
  5
983
330
17
100
AcDbEntity
  8
GEOMETRY
100
AcDbLine
 10
196.75
 20
112.21874999999997
 30
0.0
 11
196.75
 21
112.18749999999997
 31
0.0
  0
LINE
  5
984
330
17
100
AcDbEntity
  8
GEOMETRY
100
AcDbLine
 10
196.75
 20
112.18749999999997
 30
0.0
 11
196.75
 21
112.15624999999997
 31
0.0
  0
LINE
  5
985
330
17
100
AcDbEntity
  8
GEOMETRY
100
AcDbLine
 10
196.75
 20
112.15624999999997
 30
0.0
 11
196.75
 21
112.12499999999997
 31
0.0
  0
LINE
  5
986
330
17
100
AcDbEntity
  8
GEOMETRY
100
AcDbLine
 10
196.75
 20
112.12499999999997
 30
0.0
 11
196.75
 21
112.09374999999997
 31
0.0
  0
LINE
  5
987
330
17
100
AcDbEntity
  8
GEOMETRY
100
AcDbLine
 10
196.75
 20
112.09374999999997
 30
0.0
 11
196.75
 21
112.06249999999997
 31
0.0
  0
LINE
  5
988
330
17
100
AcDbEntity
  8
GEOMETRY
100
AcDbLine
 10
196.75
 20
112.06249999999997
 30
0.0
 11
196.75
 21
112.03124999999997
 31
0.0
  0
LINE
  5
989
330
17
100
AcDbEntity
  8
GEOMETRY
100
AcDbLine
 10
196.75
 20
112.03124999999997
 30
0.0
 11
196.75
 21
111.99999999999997
 31
0.0
  0
LINE
  5
98A
330
17
100
AcDbEntity
  8
GEOMETRY
100
AcDbLine
 10
196.75
 20
111.99999999999997
 30
0.0
 11
196.75
 21
111.96874999999997
 31
0.0
  0
LINE
  5
98B
330
17
100
AcDbEntity
  8
GEOMETRY
100
AcDbLine
 10
196.75
 20
111.96874999999997
 30
0.0
 11
196.75
 21
111.93749999999997
 31
0.0
  0
LINE
  5
98C
330
17
100
AcDbEntity
  8
GEOMETRY
100
AcDbLine
 10
196.75
 20
111.93749999999997
 30
0.0
 11
196.75
 21
111.90624999999997
 31
0.0
  0
LINE
  5
98D
330
17
100
AcDbEntity
  8
GEOMETRY
100
AcDbLine
 10
196.75
 20
111.90624999999997
 30
0.0
 11
196.75
 21
111.87499999999997
 31
0.0
  0
LINE
  5
98E
330
17
100
AcDbEntity
  8
GEOMETRY
100
AcDbLine
 10
196.75
 20
111.87499999999997
 30
0.0
 11
196.75
 21
111.84374999999997
 31
0.0
  0
LINE
  5
98F
330
17
100
AcDbEntity
  8
GEOMETRY
100
AcDbLine
 10
196.75
 20
111.84374999999997
 30
0.0
 11
196.75
 21
111.81249999999997
 31
0.0
  0
LINE
  5
990
330
17
100
AcDbEntity
  8
GEOMETRY
100
AcDbLine
 10
196.75
 20
111.81249999999997
 30
0.0
 11
196.75
 21
111.78124999999997
 31
0.0
  0
LINE
  5
991
330
17
100
AcDbEntity
  8
GEOMETRY
100
AcDbLine
 10
196.75
 20
111.78124999999997
 30
0.0
 11
196.75
 21
111.74999999999997
 31
0.0
  0
LINE
  5
992
330
17
100
AcDbEntity
  8
GEOMETRY
100
AcDbLine
 10
196.75
 20
111.74999999999997
 30
0.0
 11
196.75
 21
111.71874999999997
 31
0.0
  0
LINE
  5
993
330
17
100
AcDbEntity
  8
GEOMETRY
100
AcDbLine
 10
196.75
 20
111.71874999999997
 30
0.0
 11
196.75
 21
111.68749999999997
 31
0.0
  0
LINE
  5
994
330
17
100
AcDbEntity
  8
GEOMETRY
100
AcDbLine
 10
196.75
 20
111.68749999999997
 30
0.0
 11
196.75
 21
111.65624999999997
 31
0.0
  0
LINE
  5
995
330
17
100
AcDbEntity
  8
GEOMETRY
100
AcDbLine
 10
196.75
 20
111.65624999999997
 30
0.0
 11
196.75
 21
111.62499999999997
 31
0.0
  0
LINE
  5
996
330
17
100
AcDbEntity
  8
GEOMETRY
100
AcDbLine
 10
196.75
 20
111.62499999999997
 30
0.0
 11
196.75
 21
111.59374999999997
 31
0.0
  0
LINE
  5
997
330
17
100
AcDbEntity
  8
GEOMETRY
100
AcDbLine
 10
196.75
 20
111.59374999999997
 30
0.0
 11
196.75
 21
111.56249999999997
 31
0.0
  0
LINE
  5
998
330
17
100
AcDbEntity
  8
GEOMETRY
100
AcDbLine
 10
196.75
 20
111.56249999999997
 30
0.0
 11
196.75
 21
111.53124999999997
 31
0.0
  0
LINE
  5
999
330
17
100
AcDbEntity
  8
GEOMETRY
100
AcDbLine
 10
196.75
 20
111.53124999999997
 30
0.0
 11
196.75
 21
111.49999999999997
 31
0.0
  0
LINE
  5
99A
330
17
100
AcDbEntity
  8
GEOMETRY
100
AcDbLine
 10
196.75
 20
111.49999999999997
 30
0.0
 11
196.75
 21
111.46874999999997
 31
0.0
  0
LINE
  5
99B
330
17
100
AcDbEntity
  8
GEOMETRY
100
AcDbLine
 10
196.75
 20
111.46874999999997
 30
0.0
 11
196.75
 21
111.43749999999997
 31
0.0
  0
LINE
  5
99C
330
17
100
AcDbEntity
  8
GEOMETRY
100
AcDbLine
 10
196.75
 20
111.43749999999997
 30
0.0
 11
196.75
 21
111.40624999999997
 31
0.0
  0
LINE
  5
99D
330
17
100
AcDbEntity
  8
GEOMETRY
100
AcDbLine
 10
196.75
 20
111.40624999999997
 30
0.0
 11
196.75
 21
111.37499999999997
 31
0.0
  0
LINE
  5
99E
330
17
100
AcDbEntity
  8
GEOMETRY
100
AcDbLine
 10
196.75
 20
111.37499999999997
 30
0.0
 11
196.75
 21
111.34374999999997
 31
0.0
  0
LINE
  5
99F
330
17
100
AcDbEntity
  8
GEOMETRY
100
AcDbLine
 10
196.75
 20
111.34374999999997
 30
0.0
 11
196.75
 21
111.31249999999997
 31
0.0
  0
LINE
  5
9A0
330
17
100
AcDbEntity
  8
GEOMETRY
100
AcDbLine
 10
196.75
 20
111.31249999999997
 30
0.0
 11
196.75
 21
111.28124999999997
 31
0.0
  0
LINE
  5
9A1
330
17
100
AcDbEntity
  8
GEOMETRY
100
AcDbLine
 10
196.75
 20
111.28124999999997
 30
0.0
 11
196.75
 21
111.24999999999997
 31
0.0
  0
LINE
  5
9A2
330
17
100
AcDbEntity
  8
GEOMETRY
100
AcDbLine
 10
196.75
 20
111.24999999999997
 30
0.0
 11
196.75
 21
111.21874999999997
 31
0.0
  0
LINE
  5
9A3
330
17
100
AcDbEntity
  8
GEOMETRY
100
AcDbLine
 10
196.75
 20
111.21874999999997
 30
0.0
 11
196.75
 21
111.18749999999997
 31
0.0
  0
LINE
  5
9A4
330
17
100
AcDbEntity
  8
GEOMETRY
100
AcDbLine
 10
196.75
 20
111.18749999999997
 30
0.0
 11
196.75
 21
111.15624999999997
 31
0.0
  0
LINE
  5
9A5
330
17
100
AcDbEntity
  8
GEOMETRY
100
AcDbLine
 10
196.75
 20
111.15624999999997
 30
0.0
 11
196.75
 21
111.12499999999997
 31
0.0
  0
LINE
  5
9A6
330
17
100
AcDbEntity
  8
GEOMETRY
100
AcDbLine
 10
196.75
 20
111.12499999999997
 30
0.0
 11
196.75
 21
111.09374999999997
 31
0.0
  0
LINE
  5
9A7
330
17
100
AcDbEntity
  8
GEOMETRY
100
AcDbLine
 10
196.75
 20
111.09374999999997
 30
0.0
 11
196.75
 21
111.06249999999997
 31
0.0
  0
LINE
  5
9A8
330
17
100
AcDbEntity
  8
GEOMETRY
100
AcDbLine
 10
196.75
 20
111.06249999999997
 30
0.0
 11
196.75
 21
111.03124999999997
 31
0.0
  0
LINE
  5
9A9
330
17
100
AcDbEntity
  8
GEOMETRY
100
AcDbLine
 10
196.75
 20
111.03124999999997
 30
0.0
 11
196.75
 21
110.99999999999997
 31
0.0
  0
LINE
  5
9AA
330
17
100
AcDbEntity
  8
GEOMETRY
100
AcDbLine
 10
201.0
 20
114.99999999999997
 30
0.0
 11
126.0
 21
114.99999999999997
 31
0.0
  0
LINE
  5
9AB
330
17
100
AcDbEntity
  8
GEOMETRY
100
AcDbLine
 10
201.0
 20
114.99999999999997
 30
0.0
 11
126.0
 21
114.99999999999997
 31
0.0
  0
LINE
  5
9AC
330
17
100
AcDbEntity
  8
GEOMETRY
100
AcDbLine
 10
128.0
 20
112.99999999999997
 30
0.0
 11
128.0
 21
110.99999999999997
 31
0.0
  0
LINE
  5
9AD
330
17
100
AcDbEntity
  8
GEOMETRY
100
AcDbLine
 10
199.0
 20
112.99999999999997
 30
0.0
 11
199.0
 21
110.99999999999997
 31
0.0
  0
LINE
  5
9AE
330
17
100
AcDbEntity
  8
GEOMETRY
100
AcDbLine
 10
130.25
 20
112.99999999999997
 30
0.0
 11
130.25
 21
110.99999999999997
 31
0.0
  0
LINE
  5
9AF
330
17
100
AcDbEntity
  8
GEOMETRY
100
AcDbLine
 10
190.25
 20
112.99999999999997
 30
0.0
 11
190.25
 21
110.99999999999997
 31
0.0
  0
LINE
  5
9B0
330
17
100
AcDbEntity
  8
GEOMETRY
100
AcDbLine
 10
261.0
 20
81.99999999999997
 30
0.0
 11
261.0
 21
82.07959974472966
 31
0.0
  0
LINE
  5
9B1
330
17
100
AcDbEntity
  8
GEOMETRY
100
AcDbLine
 10
261.0
 20
82.07959974472966
 30
0.0
 11
261.0
 21
82.15919948945937
 31
0.0
  0
LINE
  5
9B2
330
17
100
AcDbEntity
  8
GEOMETRY
100
AcDbLine
 10
261.0
 20
82.15919948945937
 30
0.0
 11
261.0
 21
82.23879923418906
 31
0.0
  0
LINE
  5
9B3
330
17
100
AcDbEntity
  8
GEOMETRY
100
AcDbLine
 10
261.0
 20
82.23879923418906
 30
0.0
 11
261.0
 21
82.31839897891875
 31
0.0
  0
LINE
  5
9B4
330
17
100
AcDbEntity
  8
GEOMETRY
100
AcDbLine
 10
261.0
 20
82.31839897891875
 30
0.0
 11
261.0
 21
82.39756971808781
 31
0.0
  0
LINE
  5
9B5
330
17
100
AcDbEntity
  8
GEOMETRY
100
AcDbLine
 10
261.0
 20
82.39756971808781
 30
0.0
 11
261.0
 21
82.47616844984267
 31
0.0
  0
LINE
  5
9B6
330
17
100
AcDbEntity
  8
GEOMETRY
100
AcDbLine
 10
261.0
 20
82.47616844984267
 30
0.0
 11
261.0
 21
82.55476718159755
 31
0.0
  0
LINE
  5
9B7
330
17
100
AcDbEntity
  8
GEOMETRY
100
AcDbLine
 10
261.0
 20
82.55476718159755
 30
0.0
 11
261.0
 21
82.63336591335242
 31
0.0
  0
LINE
  5
9B8
330
17
100
AcDbEntity
  8
GEOMETRY
100
AcDbLine
 10
261.0
 20
82.63336591335242
 30
0.0
 11
261.0
 21
82.7119646451073
 31
0.0
  0
LINE
  5
9B9
330
17
100
AcDbEntity
  8
GEOMETRY
100
AcDbLine
 10
261.0
 20
82.7119646451073
 30
0.0
 11
261.0
 21
82.78885814460729
 31
0.0
  0
LINE
  5
9BA
330
17
100
AcDbEntity
  8
GEOMETRY
100
AcDbLine
 10
261.0
 20
82.78885814460729
 30
0.0
 11
261.0
 21
82.86546743873149
 31
0.0
  0
LINE
  5
9BB
330
17
100
AcDbEntity
  8
GEOMETRY
100
AcDbLine
 10
261.0
 20
82.86546743873149
 30
0.0
 11
261.0
 21
82.94207673285567
 31
0.0
  0
LINE
  5
9BC
330
17
100
AcDbEntity
  8
GEOMETRY
100
AcDbLine
 10
261.0
 20
82.94207673285567
 30
0.0
 11
261.0
 21
83.01868602697985
 31
0.0
  0
LINE
  5
9BD
330
17
100
AcDbEntity
  8
GEOMETRY
100
AcDbLine
 10
261.0
 20
83.01868602697985
 30
0.0
 11
261.0
 21
83.09445165140288
 31
0.0
  0
LINE
  5
9BE
330
17
100
AcDbEntity
  8
GEOMETRY
100
AcDbLine
 10
261.0
 20
83.09445165140288
 30
0.0
 11
261.0
 21
83.16810810157301
 31
0.0
  0
LINE
  5
9BF
330
17
100
AcDbEntity
  8
GEOMETRY
100
AcDbLine
 10
261.0
 20
83.16810810157301
 30
0.0
 11
261.0
 21
83.24176455174315
 31
0.0
  0
LINE
  5
9C0
330
17
100
AcDbEntity
  8
GEOMETRY
100
AcDbLine
 10
261.0
 20
83.24176455174315
 30
0.0
 11
261.0
 21
83.3154210019133
 31
0.0
  0
LINE
  5
9C1
330
17
100
AcDbEntity
  8
GEOMETRY
100
AcDbLine
 10
261.0
 20
83.3154210019133
 30
0.0
 11
261.0
 21
83.38907745208343
 31
0.0
  0
LINE
  5
9C2
330
17
100
AcDbEntity
  8
GEOMETRY
100
AcDbLine
 10
261.0
 20
83.38907745208343
 30
0.0
 11
261.0
 21
83.45996310471685
 31
0.0
  0
LINE
  5
9C3
330
17
100
AcDbEntity
  8
GEOMETRY
100
AcDbLine
 10
261.0
 20
83.45996310471685
 30
0.0
 11
261.0
 21
83.52974043833558
 31
0.0
  0
LINE
  5
9C4
330
17
100
AcDbEntity
  8
GEOMETRY
100
AcDbLine
 10
261.0
 20
83.52974043833558
 30
0.0
 11
261.0
 21
83.59951777195431
 31
0.0
  0
LINE
  5
9C5
330
17
100
AcDbEntity
  8
GEOMETRY
100
AcDbLine
 10
261.0
 20
83.59951777195431
 30
0.0
 11
261.0
 21
83.66929510557304
 31
0.0
  0
LINE
  5
9C6
330
17
100
AcDbEntity
  8
GEOMETRY
100
AcDbLine
 10
261.0
 20
83.66929510557304
 30
0.0
 11
261.0
 21
83.738392923905
 31
0.0
  0
LINE
  5
9C7
330
17
100
AcDbEntity
  8
GEOMETRY
100
AcDbLine
 10
261.0
 20
83.738392923905
 30
0.0
 11
261.0
 21
83.80341365051632
 31
0.0
  0
LINE
  5
9C8
330
17
100
AcDbEntity
  8
GEOMETRY
100
AcDbLine
 10
261.0
 20
83.80341365051632
 30
0.0
 11
261.0
 21
83.86843437712764
 31
0.0
  0
LINE
  5
9C9
330
17
100
AcDbEntity
  8
GEOMETRY
100
AcDbLine
 10
261.0
 20
83.86843437712764
 30
0.0
 11
261.0
 21
83.93345510373896
 31
0.0
  0
LINE
  5
9CA
330
17
100
AcDbEntity
  8
GEOMETRY
100
AcDbLine
 10
261.0
 20
83.93345510373896
 30
0.0
 11
261.0
 21
83.99847583035029
 31
0.0
  0
LINE
  5
9CB
330
17
100
AcDbEntity
  8
GEOMETRY
100
AcDbLine
 10
261.0
 20
83.99847583035029
 30
0.0
 11
261.0
 21
84.06031125389278
 31
0.0
  0
LINE
  5
9CC
330
17
100
AcDbEntity
  8
GEOMETRY
100
AcDbLine
 10
261.0
 20
84.06031125389278
 30
0.0
 11
261.0
 21
84.11975770013365
 31
0.0
  0
LINE
  5
9CD
330
17
100
AcDbEntity
  8
GEOMETRY
100
AcDbLine
 10
261.0
 20
84.11975770013365
 30
0.0
 11
261.0
 21
84.17920414637452
 31
0.0
  0
LINE
  5
9CE
330
17
100
AcDbEntity
  8
GEOMETRY
100
AcDbLine
 10
261.0
 20
84.17920414637452
 30
0.0
 11
261.0
 21
84.23865059261539
 31
0.0
  0
LINE
  5
9CF
330
17
100
AcDbEntity
  8
GEOMETRY
100
AcDbLine
 10
261.0
 20
84.23865059261539
 30
0.0
 11
261.0
 21
84.29809703885626
 31
0.0
  0
LINE
  5
9D0
330
17
100
AcDbEntity
  8
GEOMETRY
100
AcDbLine
 10
261.0
 20
84.29809703885626
 30
0.0
 11
261.0
 21
84.35122163117356
 31
0.0
  0
LINE
  5
9D1
330
17
100
AcDbEntity
  8
GEOMETRY
100
AcDbLine
 10
261.0
 20
84.35122163117356
 30
0.0
 11
261.0
 21
84.40434622349086
 31
0.0
  0
LINE
  5
9D2
330
17
100
AcDbEntity
  8
GEOMETRY
100
AcDbLine
 10
261.0
 20
84.40434622349086
 30
0.0
 11
261.0
 21
84.45747081580816
 31
0.0
  0
LINE
  5
9D3
330
17
100
AcDbEntity
  8
GEOMETRY
100
AcDbLine
 10
261.0
 20
84.45747081580816
 30
0.0
 11
261.0
 21
84.51059540812547
 31
0.0
  0
LINE
  5
9D4
330
17
100
AcDbEntity
  8
GEOMETRY
100
AcDbLine
 10
261.0
 20
84.51059540812547
 30
0.0
 11
261.0
 21
84.56072431765895
 31
0.0
  0
LINE
  5
9D5
330
17
100
AcDbEntity
  8
GEOMETRY
100
AcDbLine
 10
261.0
 20
84.56072431765895
 30
0.0
 11
261.0
 21
84.6068589834807
 31
0.0
  0
LINE
  5
9D6
330
17
100
AcDbEntity
  8
GEOMETRY
100
AcDbLine
 10
261.0
 20
84.6068589834807
 30
0.0
 11
261.0
 21
84.65299364930245
 31
0.0
  0
LINE
  5
9D7
330
17
100
AcDbEntity
  8
GEOMETRY
100
AcDbLine
 10
261.0
 20
84.65299364930245
 30
0.0
 11
261.0
 21
84.69912831512418
 31
0.0
  0
LINE
  5
9D8
330
17
100
AcDbEntity
  8
GEOMETRY
100
AcDbLine
 10
261.0
 20
84.69912831512418
 30
0.0
 11
261.0
 21
84.74526298094594
 31
0.0
  0
LINE
  5
9D9
330
17
100
AcDbEntity
  8
GEOMETRY
100
AcDbLine
 10
261.0
 20
84.74526298094594
 30
0.0
 11
261.0
 21
84.78490899246519
 31
0.0
  0
LINE
  5
9DA
330
17
100
AcDbEntity
  8
GEOMETRY
100
AcDbLine
 10
261.0
 20
84.78490899246519
 30
0.0
 11
261.0
 21
84.82347356160071
 31
0.0
  0
LINE
  5
9DB
330
17
100
AcDbEntity
  8
GEOMETRY
100
AcDbLine
 10
261.0
 20
84.82347356160071
 30
0.0
 11
261.0
 21
84.86203813073624
 31
0.0
  0
LINE
  5
9DC
330
17
100
AcDbEntity
  8
GEOMETRY
100
AcDbLine
 10
261.0
 20
84.86203813073624
 30
0.0
 11
261.0
 21
84.90060269987175
 31
0.0
  0
LINE
  5
9DD
330
17
100
AcDbEntity
  8
GEOMETRY
100
AcDbLine
 10
261.0
 20
84.90060269987175
 30
0.0
 11
261.0
 21
84.93686582085904
 31
0.0
  0
LINE
  5
9DE
330
17
100
AcDbEntity
  8
GEOMETRY
100
AcDbLine
 10
261.0
 20
84.93686582085904
 30
0.0
 11
261.0
 21
84.96737532147577
 31
0.0
  0
LINE
  5
9DF
330
17
100
AcDbEntity
  8
GEOMETRY
100
AcDbLine
 10
261.0
 20
84.96737532147577
 30
0.0
 11
261.0
 21
84.9978848220925
 31
0.0
  0
LINE
  5
9E0
330
17
100
AcDbEntity
  8
GEOMETRY
100
AcDbLine
 10
261.0
 20
84.9978848220925
 30
0.0
 11
261.0
 21
85.02839432270923
 31
0.0
  0
LINE
  5
9E1
330
17
100
AcDbEntity
  8
GEOMETRY
100
AcDbLine
 10
261.0
 20
85.02839432270923
 30
0.0
 11
261.0
 21
85.05890382332596
 31
0.0
  0
LINE
  5
9E2
330
17
100
AcDbEntity
  8
GEOMETRY
100
AcDbLine
 10
261.0
 20
85.05890382332596
 30
0.0
 11
261.0
 21
85.08338565023477
 31
0.0
  0
LINE
  5
9E3
330
17
100
AcDbEntity
  8
GEOMETRY
100
AcDbLine
 10
261.0
 20
85.08338565023477
 30
0.0
 11
261.0
 21
85.10545640766044
 31
0.0
  0
LINE
  5
9E4
330
17
100
AcDbEntity
  8
GEOMETRY
100
AcDbLine
 10
261.0
 20
85.10545640766044
 30
0.0
 11
261.0
 21
85.1275271650861
 31
0.0
  0
LINE
  5
9E5
330
17
100
AcDbEntity
  8
GEOMETRY
100
AcDbLine
 10
261.0
 20
85.1275271650861
 30
0.0
 11
261.0
 21
85.14959792251176
 31
0.0
  0
LINE
  5
9E6
330
17
100
AcDbEntity
  8
GEOMETRY
100
AcDbLine
 10
261.0
 20
85.14959792251176
 30
0.0
 11
261.0
 21
85.17042349482722
 31
0.0
  0
LINE
  5
9E7
330
17
100
AcDbEntity
  8
GEOMETRY
100
AcDbLine
 10
261.0
 20
85.17042349482722
 30
0.0
 11
261.0
 21
85.18377795648142
 31
0.0
  0
LINE
  5
9E8
330
17
100
AcDbEntity
  8
GEOMETRY
100
AcDbLine
 10
261.0
 20
85.18377795648142
 30
0.0
 11
261.0
 21
85.19713241813564
 31
0.0
  0
LINE
  5
9E9
330
17
100
AcDbEntity
  8
GEOMETRY
100
AcDbLine
 10
261.0
 20
85.19713241813564
 30
0.0
 11
261.0
 21
85.21048687978985
 31
0.0
  0
LINE
  5
9EA
330
17
100
AcDbEntity
  8
GEOMETRY
100
AcDbLine
 10
261.0
 20
85.21048687978985
 30
0.0
 11
261.0
 21
85.22384134144406
 31
0.0
  0
LINE
  5
9EB
330
17
100
AcDbEntity
  8
GEOMETRY
100
AcDbLine
 10
261.0
 20
85.22384134144406
 30
0.0
 11
261.0
 21
85.23211909688388
 31
0.0
  0
LINE
  5
9EC
330
17
100
AcDbEntity
  8
GEOMETRY
100
AcDbLine
 10
261.0
 20
85.23211909688388
 30
0.0
 11
261.0
 21
85.23658932266291
 31
0.0
  0
LINE
  5
9ED
330
17
100
AcDbEntity
  8
GEOMETRY
100
AcDbLine
 10
261.0
 20
85.23658932266291
 30
0.0
 11
261.0
 21
85.24105954844192
 31
0.0
  0
LINE
  5
9EE
330
17
100
AcDbEntity
  8
GEOMETRY
100
AcDbLine
 10
261.0
 20
85.24105954844192
 30
0.0
 11
261.0
 21
85.24552977422096
 31
0.0
  0
LINE
  5
9EF
330
17
100
AcDbEntity
  8
GEOMETRY
100
AcDbLine
 10
261.0
 20
85.24552977422096
 30
0.0
 11
261.0
 21
85.24999999999997
 31
0.0
  0
LINE
  5
9F0
330
17
100
AcDbEntity
  8
GEOMETRY
100
AcDbLine
 10
261.0
 20
85.24999999999997
 30
0.0
 11
261.0
 21
85.23217531256674
 31
0.0
  0
LINE
  5
9F1
330
17
100
AcDbEntity
  8
GEOMETRY
100
AcDbLine
 10
261.0
 20
85.23217531256674
 30
0.0
 11
261.0
 21
85.2143506251335
 31
0.0
  0
LINE
  5
9F2
330
17
100
AcDbEntity
  8
GEOMETRY
100
AcDbLine
 10
261.0
 20
85.2143506251335
 30
0.0
 11
261.0
 21
85.19652593770027
 31
0.0
  0
LINE
  5
9F3
330
17
100
AcDbEntity
  8
GEOMETRY
100
AcDbLine
 10
261.0
 20
85.19652593770027
 30
0.0
 11
261.0
 21
85.17870125026704
 31
0.0
  0
LINE
  5
9F4
330
17
100
AcDbEntity
  8
GEOMETRY
100
AcDbLine
 10
261.0
 20
85.17870125026704
 30
0.0
 11
261.0
 21
85.14598131828701
 31
0.0
  0
LINE
  5
9F5
330
17
100
AcDbEntity
  8
GEOMETRY
100
AcDbLine
 10
261.0
 20
85.14598131828701
 30
0.0
 11
261.0
 21
85.09340106024463
 31
0.0
  0
LINE
  5
9F6
330
17
100
AcDbEntity
  8
GEOMETRY
100
AcDbLine
 10
261.0
 20
85.09340106024463
 30
0.0
 11
261.0
 21
85.04082080220223
 31
0.0
  0
LINE
  5
9F7
330
17
100
AcDbEntity
  8
GEOMETRY
100
AcDbLine
 10
261.0
 20
85.04082080220223
 30
0.0
 11
261.0
 21
84.98824054415985
 31
0.0
  0
LINE
  5
9F8
330
17
100
AcDbEntity
  8
GEOMETRY
100
AcDbLine
 10
261.0
 20
84.98824054415985
 30
0.0
 11
261.0
 21
84.93566028611747
 31
0.0
  0
LINE
  5
9F9
330
17
100
AcDbEntity
  8
GEOMETRY
100
AcDbLine
 10
261.0
 20
84.93566028611747
 30
0.0
 11
261.0
 21
84.85554947643375
 31
0.0
  0
LINE
  5
9FA
330
17
100
AcDbEntity
  8
GEOMETRY
100
AcDbLine
 10
261.0
 20
84.85554947643375
 30
0.0
 11
261.0
 21
84.7708502414765
 31
0.0
  0
LINE
  5
9FB
330
17
100
AcDbEntity
  8
GEOMETRY
100
AcDbLine
 10
261.0
 20
84.7708502414765
 30
0.0
 11
261.0
 21
84.68615100651922
 31
0.0
  0
LINE
  5
9FC
330
17
100
AcDbEntity
  8
GEOMETRY
100
AcDbLine
 10
261.0
 20
84.68615100651922
 30
0.0
 11
261.0
 21
84.60145177156197
 31
0.0
  0
LINE
  5
9FD
330
17
100
AcDbEntity
  8
GEOMETRY
100
AcDbLine
 10
261.0
 20
84.60145177156197
 30
0.0
 11
261.0
 21
84.5087891641473
 31
0.0
  0
LINE
  5
9FE
330
17
100
AcDbEntity
  8
GEOMETRY
100
AcDbLine
 10
261.0
 20
84.5087891641473
 30
0.0
 11
261.0
 21
84.39621812558913
 31
0.0
  0
LINE
  5
9FF
330
17
100
AcDbEntity
  8
GEOMETRY
100
AcDbLine
 10
261.0
 20
84.39621812558913
 30
0.0
 11
261.0
 21
84.28364708703097
 31
0.0
  0
LINE
  5
A00
330
17
100
AcDbEntity
  8
GEOMETRY
100
AcDbLine
 10
261.0
 20
84.28364708703097
 30
0.0
 11
261.0
 21
84.1710760484728
 31
0.0
  0
LINE
  5
A01
330
17
100
AcDbEntity
  8
GEOMETRY
100
AcDbLine
 10
261.0
 20
84.1710760484728
 30
0.0
 11
261.0
 21
84.05850500991463
 31
0.0
  0
LINE
  5
A02
330
17
100
AcDbEntity
  8
GEOMETRY
100
AcDbLine
 10
261.0
 20
84.05850500991463
 30
0.0
 11
261.0
 21
83.93005752730511
 31
0.0
  0
LINE
  5
A03
330
17
100
AcDbEntity
  8
GEOMETRY
100
AcDbLine
 10
261.0
 20
83.93005752730511
 30
0.0
 11
261.0
 21
83.79525946707506
 31
0.0
  0
LINE
  5
A04
330
17
100
AcDbEntity
  8
GEOMETRY
100
AcDbLine
 10
261.0
 20
83.79525946707506
 30
0.0
 11
261.0
 21
83.660461406845
 31
0.0
  0
LINE
  5
A05
330
17
100
AcDbEntity
  8
GEOMETRY
100
AcDbLine
 10
261.0
 20
83.660461406845
 30
0.0
 11
261.0
 21
83.52566334661495
 31
0.0
  0
LINE
  5
A06
330
17
100
AcDbEntity
  8
GEOMETRY
100
AcDbLine
 10
261.0
 20
83.52566334661495
 30
0.0
 11
261.0
 21
83.38865561723284
 31
0.0
  0
LINE
  5
A07
330
17
100
AcDbEntity
  8
GEOMETRY
100
AcDbLine
 10
261.0
 20
83.38865561723284
 30
0.0
 11
261.0
 21
83.23838987293853
 31
0.0
  0
LINE
  5
A08
330
17
100
AcDbEntity
  8
GEOMETRY
100
AcDbLine
 10
261.0
 20
83.23838987293853
 30
0.0
 11
261.0
 21
83.08812412864421
 31
0.0
  0
LINE
  5
A09
330
17
100
AcDbEntity
  8
GEOMETRY
100
AcDbLine
 10
261.0
 20
83.08812412864421
 30
0.0
 11
261.0
 21
82.93785838434988
 31
0.0
  0
LINE
  5
A0A
330
17
100
AcDbEntity
  8
GEOMETRY
100
AcDbLine
 10
261.0
 20
82.93785838434988
 30
0.0
 11
261.0
 21
82.78759264005556
 31
0.0
  0
LINE
  5
A0B
330
17
100
AcDbEntity
  8
GEOMETRY
100
AcDbLine
 10
261.0
 20
82.78759264005556
 30
0.0
 11
261.0
 21
82.63279390593824
 31
0.0
  0
LINE
  5
A0C
330
17
100
AcDbEntity
  8
GEOMETRY
100
AcDbLine
 10
261.0
 20
82.63279390593824
 30
0.0
 11
261.0
 21
82.47459542945367
 31
0.0
  0
LINE
  5
A0D
330
17
100
AcDbEntity
  8
GEOMETRY
100
AcDbLine
 10
261.0
 20
82.47459542945367
 30
0.0
 11
261.0
 21
82.31639695296911
 31
0.0
  0
LINE
  5
A0E
330
17
100
AcDbEntity
  8
GEOMETRY
100
AcDbLine
 10
261.0
 20
82.31639695296911
 30
0.0
 11
261.0
 21
82.15819847648454
 31
0.0
  0
LINE
  5
A0F
330
17
100
AcDbEntity
  8
GEOMETRY
100
AcDbLine
 10
261.0
 20
82.15819847648454
 30
0.0
 11
261.0
 21
81.99999999999997
 31
0.0
  0
LINE
  5
A10
330
17
100
AcDbEntity
  8
GEOMETRY
100
AcDbLine
 10
261.0
 20
81.99999999999997
 30
0.0
 11
261.0
 21
81.8418015235154
 31
0.0
  0
LINE
  5
A11
330
17
100
AcDbEntity
  8
GEOMETRY
100
AcDbLine
 10
261.0
 20
81.8418015235154
 30
0.0
 11
261.0
 21
81.68360304703084
 31
0.0
  0
LINE
  5
A12
330
17
100
AcDbEntity
  8
GEOMETRY
100
AcDbLine
 10
261.0
 20
81.68360304703084
 30
0.0
 11
261.0
 21
81.52540457054627
 31
0.0
  0
LINE
  5
A13
330
17
100
AcDbEntity
  8
GEOMETRY
100
AcDbLine
 10
261.0
 20
81.52540457054627
 30
0.0
 11
261.0
 21
81.3672060940617
 31
0.0
  0
LINE
  5
A14
330
17
100
AcDbEntity
  8
GEOMETRY
100
AcDbLine
 10
261.0
 20
81.3672060940617
 30
0.0
 11
261.0
 21
81.21240735994438
 31
0.0
  0
LINE
  5
A15
330
17
100
AcDbEntity
  8
GEOMETRY
100
AcDbLine
 10
261.0
 20
81.21240735994438
 30
0.0
 11
261.0
 21
81.06214161565006
 31
0.0
  0
LINE
  5
A16
330
17
100
AcDbEntity
  8
GEOMETRY
100
AcDbLine
 10
261.0
 20
81.06214161565006
 30
0.0
 11
261.0
 21
80.91187587135575
 31
0.0
  0
LINE
  5
A17
330
17
100
AcDbEntity
  8
GEOMETRY
100
AcDbLine
 10
261.0
 20
80.91187587135575
 30
0.0
 11
261.0
 21
80.76161012706142
 31
0.0
  0
LINE
  5
A18
330
17
100
AcDbEntity
  8
GEOMETRY
100
AcDbLine
 10
261.0
 20
80.76161012706142
 30
0.0
 11
261.0
 21
80.6113443827671
 31
0.0
  0
LINE
  5
A19
330
17
100
AcDbEntity
  8
GEOMETRY
100
AcDbLine
 10
261.0
 20
80.6113443827671
 30
0.0
 11
261.0
 21
80.47433665338501
 31
0.0
  0
LINE
  5
A1A
330
17
100
AcDbEntity
  8
GEOMETRY
100
AcDbLine
 10
261.0
 20
80.47433665338501
 30
0.0
 11
261.0
 21
80.33953859315496
 31
0.0
  0
LINE
  5
A1B
330
17
100
AcDbEntity
  8
GEOMETRY
100
AcDbLine
 10
261.0
 20
80.33953859315496
 30
0.0
 11
261.0
 21
80.2047405329249
 31
0.0
  0
LINE
  5
A1C
330
17
100
AcDbEntity
  8
GEOMETRY
100
AcDbLine
 10
261.0
 20
80.2047405329249
 30
0.0
 11
261.0
 21
80.06994247269483
 31
0.0
  0
LINE
  5
A1D
330
17
100
AcDbEntity
  8
GEOMETRY
100
AcDbLine
 10
261.0
 20
80.06994247269483
 30
0.0
 11
261.0
 21
79.94149499008533
 31
0.0
  0
LINE
  5
A1E
330
17
100
AcDbEntity
  8
GEOMETRY
100
AcDbLine
 10
261.0
 20
79.94149499008533
 30
0.0
 11
261.0
 21
79.82892395152716
 31
0.0
  0
LINE
  5
A1F
330
17
100
AcDbEntity
  8
GEOMETRY
100
AcDbLine
 10
261.0
 20
79.82892395152716
 30
0.0
 11
261.0
 21
79.71635291296899
 31
0.0
  0
LINE
  5
A20
330
17
100
AcDbEntity
  8
GEOMETRY
100
AcDbLine
 10
261.0
 20
79.71635291296899
 30
0.0
 11
261.0
 21
79.60378187441081
 31
0.0
  0
LINE
  5
A21
330
17
100
AcDbEntity
  8
GEOMETRY
100
AcDbLine
 10
261.0
 20
79.60378187441081
 30
0.0
 11
261.0
 21
79.49121083585264
 31
0.0
  0
LINE
  5
A22
330
17
100
AcDbEntity
  8
GEOMETRY
100
AcDbLine
 10
261.0
 20
79.49121083585264
 30
0.0
 11
261.0
 21
79.39854822843797
 31
0.0
  0
LINE
  5
A23
330
17
100
AcDbEntity
  8
GEOMETRY
100
AcDbLine
 10
261.0
 20
79.39854822843797
 30
0.0
 11
261.0
 21
79.31384899348072
 31
0.0
  0
LINE
  5
A24
330
17
100
AcDbEntity
  8
GEOMETRY
100
AcDbLine
 10
261.0
 20
79.31384899348072
 30
0.0
 11
261.0
 21
79.22914975852345
 31
0.0
  0
LINE
  5
A25
330
17
100
AcDbEntity
  8
GEOMETRY
100
AcDbLine
 10
261.0
 20
79.22914975852345
 30
0.0
 11
261.0
 21
79.14445052356619
 31
0.0
  0
LINE
  5
A26
330
17
100
AcDbEntity
  8
GEOMETRY
100
AcDbLine
 10
261.0
 20
79.14445052356619
 30
0.0
 11
261.0
 21
79.06433971388248
 31
0.0
  0
LINE
  5
A27
330
17
100
AcDbEntity
  8
GEOMETRY
100
AcDbLine
 10
261.0
 20
79.06433971388248
 30
0.0
 11
261.0
 21
79.01175945584009
 31
0.0
  0
LINE
  5
A28
330
17
100
AcDbEntity
  8
GEOMETRY
100
AcDbLine
 10
261.0
 20
79.01175945584009
 30
0.0
 11
261.0
 21
78.95917919779771
 31
0.0
  0
LINE
  5
A29
330
17
100
AcDbEntity
  8
GEOMETRY
100
AcDbLine
 10
261.0
 20
78.95917919779771
 30
0.0
 11
261.0
 21
78.90659893975531
 31
0.0
  0
LINE
  5
A2A
330
17
100
AcDbEntity
  8
GEOMETRY
100
AcDbLine
 10
261.0
 20
78.90659893975531
 30
0.0
 11
261.0
 21
78.85401868171293
 31
0.0
  0
LINE
  5
A2B
330
17
100
AcDbEntity
  8
GEOMETRY
100
AcDbLine
 10
261.0
 20
78.85401868171293
 30
0.0
 11
261.0
 21
78.8212987497329
 31
0.0
  0
LINE
  5
A2C
330
17
100
AcDbEntity
  8
GEOMETRY
100
AcDbLine
 10
261.0
 20
78.8212987497329
 30
0.0
 11
261.0
 21
78.80347406229967
 31
0.0
  0
LINE
  5
A2D
330
17
100
AcDbEntity
  8
GEOMETRY
100
AcDbLine
 10
261.0
 20
78.80347406229967
 30
0.0
 11
261.0
 21
78.78564937486644
 31
0.0
  0
LINE
  5
A2E
330
17
100
AcDbEntity
  8
GEOMETRY
100
AcDbLine
 10
261.0
 20
78.78564937486644
 30
0.0
 11
261.0
 21
78.7678246874332
 31
0.0
  0
LINE
  5
A2F
330
17
100
AcDbEntity
  8
GEOMETRY
100
AcDbLine
 10
261.0
 20
78.7678246874332
 30
0.0
 11
261.0
 21
78.74999999999997
 31
0.0
  0
LINE
  5
A30
330
17
100
AcDbEntity
  8
GEOMETRY
100
AcDbLine
 10
261.0
 20
78.74999999999997
 30
0.0
 11
261.0
 21
78.75447022577899
 31
0.0
  0
LINE
  5
A31
330
17
100
AcDbEntity
  8
GEOMETRY
100
AcDbLine
 10
261.0
 20
78.75447022577899
 30
0.0
 11
261.0
 21
78.75894045155802
 31
0.0
  0
LINE
  5
A32
330
17
100
AcDbEntity
  8
GEOMETRY
100
AcDbLine
 10
261.0
 20
78.75894045155802
 30
0.0
 11
261.0
 21
78.76341067733703
 31
0.0
  0
LINE
  5
A33
330
17
100
AcDbEntity
  8
GEOMETRY
100
AcDbLine
 10
261.0
 20
78.76341067733703
 30
0.0
 11
261.0
 21
78.76788090311607
 31
0.0
  0
LINE
  5
A34
330
17
100
AcDbEntity
  8
GEOMETRY
100
AcDbLine
 10
261.0
 20
78.76788090311607
 30
0.0
 11
261.0
 21
78.77615865855589
 31
0.0
  0
LINE
  5
A35
330
17
100
AcDbEntity
  8
GEOMETRY
100
AcDbLine
 10
261.0
 20
78.77615865855589
 30
0.0
 11
261.0
 21
78.78951312021009
 31
0.0
  0
LINE
  5
A36
330
17
100
AcDbEntity
  8
GEOMETRY
100
AcDbLine
 10
261.0
 20
78.78951312021009
 30
0.0
 11
261.0
 21
78.8028675818643
 31
0.0
  0
LINE
  5
A37
330
17
100
AcDbEntity
  8
GEOMETRY
100
AcDbLine
 10
261.0
 20
78.8028675818643
 30
0.0
 11
261.0
 21
78.81622204351852
 31
0.0
  0
LINE
  5
A38
330
17
100
AcDbEntity
  8
GEOMETRY
100
AcDbLine
 10
261.0
 20
78.81622204351852
 30
0.0
 11
261.0
 21
78.82957650517272
 31
0.0
  0
LINE
  5
A39
330
17
100
AcDbEntity
  8
GEOMETRY
100
AcDbLine
 10
261.0
 20
78.82957650517272
 30
0.0
 11
261.0
 21
78.85040207748818
 31
0.0
  0
LINE
  5
A3A
330
17
100
AcDbEntity
  8
GEOMETRY
100
AcDbLine
 10
261.0
 20
78.85040207748818
 30
0.0
 11
261.0
 21
78.87247283491385
 31
0.0
  0
LINE
  5
A3B
330
17
100
AcDbEntity
  8
GEOMETRY
100
AcDbLine
 10
261.0
 20
78.87247283491385
 30
0.0
 11
261.0
 21
78.8945435923395
 31
0.0
  0
LINE
  5
A3C
330
17
100
AcDbEntity
  8
GEOMETRY
100
AcDbLine
 10
261.0
 20
78.8945435923395
 30
0.0
 11
261.0
 21
78.91661434976517
 31
0.0
  0
LINE
  5
A3D
330
17
100
AcDbEntity
  8
GEOMETRY
100
AcDbLine
 10
261.0
 20
78.91661434976517
 30
0.0
 11
261.0
 21
78.94109617667398
 31
0.0
  0
LINE
  5
A3E
330
17
100
AcDbEntity
  8
GEOMETRY
100
AcDbLine
 10
261.0
 20
78.94109617667398
 30
0.0
 11
261.0
 21
78.97160567729071
 31
0.0
  0
LINE
  5
A3F
330
17
100
AcDbEntity
  8
GEOMETRY
100
AcDbLine
 10
261.0
 20
78.97160567729071
 30
0.0
 11
261.0
 21
79.00211517790744
 31
0.0
  0
LINE
  5
A40
330
17
100
AcDbEntity
  8
GEOMETRY
100
AcDbLine
 10
261.0
 20
79.00211517790744
 30
0.0
 11
261.0
 21
79.03262467852417
 31
0.0
  0
LINE
  5
A41
330
17
100
AcDbEntity
  8
GEOMETRY
100
AcDbLine
 10
261.0
 20
79.03262467852417
 30
0.0
 11
261.0
 21
79.0631341791409
 31
0.0
  0
LINE
  5
A42
330
17
100
AcDbEntity
  8
GEOMETRY
100
AcDbLine
 10
261.0
 20
79.0631341791409
 30
0.0
 11
261.0
 21
79.09939730012819
 31
0.0
  0
LINE
  5
A43
330
17
100
AcDbEntity
  8
GEOMETRY
100
AcDbLine
 10
261.0
 20
79.09939730012819
 30
0.0
 11
261.0
 21
79.1379618692637
 31
0.0
  0
LINE
  5
A44
330
17
100
AcDbEntity
  8
GEOMETRY
100
AcDbLine
 10
261.0
 20
79.1379618692637
 30
0.0
 11
261.0
 21
79.17652643839924
 31
0.0
  0
LINE
  5
A45
330
17
100
AcDbEntity
  8
GEOMETRY
100
AcDbLine
 10
261.0
 20
79.17652643839924
 30
0.0
 11
261.0
 21
79.21509100753475
 31
0.0
  0
LINE
  5
A46
330
17
100
AcDbEntity
  8
GEOMETRY
100
AcDbLine
 10
261.0
 20
79.21509100753475
 30
0.0
 11
261.0
 21
79.254737019054
 31
0.0
  0
LINE
  5
A47
330
17
100
AcDbEntity
  8
GEOMETRY
100
AcDbLine
 10
261.0
 20
79.254737019054
 30
0.0
 11
261.0
 21
79.30087168487576
 31
0.0
  0
LINE
  5
A48
330
17
100
AcDbEntity
  8
GEOMETRY
100
AcDbLine
 10
261.0
 20
79.30087168487576
 30
0.0
 11
261.0
 21
79.3470063506975
 31
0.0
  0
LINE
  5
A49
330
17
100
AcDbEntity
  8
GEOMETRY
100
AcDbLine
 10
261.0
 20
79.3470063506975
 30
0.0
 11
261.0
 21
79.39314101651924
 31
0.0
  0
LINE
  5
A4A
330
17
100
AcDbEntity
  8
GEOMETRY
100
AcDbLine
 10
261.0
 20
79.39314101651924
 30
0.0
 11
261.0
 21
79.43927568234099
 31
0.0
  0
LINE
  5
A4B
330
17
100
AcDbEntity
  8
GEOMETRY
100
AcDbLine
 10
261.0
 20
79.43927568234099
 30
0.0
 11
261.0
 21
79.48940459187448
 31
0.0
  0
LINE
  5
A4C
330
17
100
AcDbEntity
  8
GEOMETRY
100
AcDbLine
 10
261.0
 20
79.48940459187448
 30
0.0
 11
261.0
 21
79.54252918419178
 31
0.0
  0
LINE
  5
A4D
330
17
100
AcDbEntity
  8
GEOMETRY
100
AcDbLine
 10
261.0
 20
79.54252918419178
 30
0.0
 11
261.0
 21
79.59565377650908
 31
0.0
  0
LINE
  5
A4E
330
17
100
AcDbEntity
  8
GEOMETRY
100
AcDbLine
 10
261.0
 20
79.59565377650908
 30
0.0
 11
261.0
 21
79.64877836882638
 31
0.0
  0
LINE
  5
A4F
330
17
100
AcDbEntity
  8
GEOMETRY
100
AcDbLine
 10
261.0
 20
79.64877836882638
 30
0.0
 11
261.0
 21
79.70190296114369
 31
0.0
  0
LINE
  5
A50
330
17
100
AcDbEntity
  8
GEOMETRY
100
AcDbLine
 10
261.0
 20
79.70190296114369
 30
0.0
 11
261.0
 21
79.76134940738456
 31
0.0
  0
LINE
  5
A51
330
17
100
AcDbEntity
  8
GEOMETRY
100
AcDbLine
 10
261.0
 20
79.76134940738456
 30
0.0
 11
261.0
 21
79.82079585362543
 31
0.0
  0
LINE
  5
A52
330
17
100
AcDbEntity
  8
GEOMETRY
100
AcDbLine
 10
261.0
 20
79.82079585362543
 30
0.0
 11
261.0
 21
79.8802422998663
 31
0.0
  0
LINE
  5
A53
330
17
100
AcDbEntity
  8
GEOMETRY
100
AcDbLine
 10
261.0
 20
79.8802422998663
 30
0.0
 11
261.0
 21
79.93968874610717
 31
0.0
  0
LINE
  5
A54
330
17
100
AcDbEntity
  8
GEOMETRY
100
AcDbLine
 10
261.0
 20
79.93968874610717
 30
0.0
 11
261.0
 21
80.00152416964966
 31
0.0
  0
LINE
  5
A55
330
17
100
AcDbEntity
  8
GEOMETRY
100
AcDbLine
 10
261.0
 20
80.00152416964966
 30
0.0
 11
261.0
 21
80.06654489626098
 31
0.0
  0
LINE
  5
A56
330
17
100
AcDbEntity
  8
GEOMETRY
100
AcDbLine
 10
261.0
 20
80.06654489626098
 30
0.0
 11
261.0
 21
80.1315656228723
 31
0.0
  0
LINE
  5
A57
330
17
100
AcDbEntity
  8
GEOMETRY
100
AcDbLine
 10
261.0
 20
80.1315656228723
 30
0.0
 11
261.0
 21
80.19658634948362
 31
0.0
  0
LINE
  5
A58
330
17
100
AcDbEntity
  8
GEOMETRY
100
AcDbLine
 10
261.0
 20
80.19658634948362
 30
0.0
 11
261.0
 21
80.26160707609495
 31
0.0
  0
LINE
  5
A59
330
17
100
AcDbEntity
  8
GEOMETRY
100
AcDbLine
 10
261.0
 20
80.26160707609495
 30
0.0
 11
261.0
 21
80.3307048944269
 31
0.0
  0
LINE
  5
A5A
330
17
100
AcDbEntity
  8
GEOMETRY
100
AcDbLine
 10
261.0
 20
80.3307048944269
 30
0.0
 11
261.0
 21
80.40048222804563
 31
0.0
  0
LINE
  5
A5B
330
17
100
AcDbEntity
  8
GEOMETRY
100
AcDbLine
 10
261.0
 20
80.40048222804563
 30
0.0
 11
261.0
 21
80.47025956166436
 31
0.0
  0
LINE
  5
A5C
330
17
100
AcDbEntity
  8
GEOMETRY
100
AcDbLine
 10
261.0
 20
80.47025956166436
 30
0.0
 11
261.0
 21
80.5400368952831
 31
0.0
  0
LINE
  5
A5D
330
17
100
AcDbEntity
  8
GEOMETRY
100
AcDbLine
 10
261.0
 20
80.5400368952831
 30
0.0
 11
261.0
 21
80.61092254791652
 31
0.0
  0
LINE
  5
A5E
330
17
100
AcDbEntity
  8
GEOMETRY
100
AcDbLine
 10
261.0
 20
80.61092254791652
 30
0.0
 11
261.0
 21
80.68457899808666
 31
0.0
  0
LINE
  5
A5F
330
17
100
AcDbEntity
  8
GEOMETRY
100
AcDbLine
 10
261.0
 20
80.68457899808666
 30
0.0
 11
261.0
 21
80.75823544825678
 31
0.0
  0
LINE
  5
A60
330
17
100
AcDbEntity
  8
GEOMETRY
100
AcDbLine
 10
261.0
 20
80.75823544825678
 30
0.0
 11
261.0
 21
80.83189189842693
 31
0.0
  0
LINE
  5
A61
330
17
100
AcDbEntity
  8
GEOMETRY
100
AcDbLine
 10
261.0
 20
80.83189189842693
 30
0.0
 11
261.0
 21
80.90554834859707
 31
0.0
  0
LINE
  5
A62
330
17
100
AcDbEntity
  8
GEOMETRY
100
AcDbLine
 10
261.0
 20
80.90554834859707
 30
0.0
 11
261.0
 21
80.9813139730201
 31
0.0
  0
LINE
  5
A63
330
17
100
AcDbEntity
  8
GEOMETRY
100
AcDbLine
 10
261.0
 20
80.9813139730201
 30
0.0
 11
261.0
 21
81.05792326714428
 31
0.0
  0
LINE
  5
A64
330
17
100
AcDbEntity
  8
GEOMETRY
100
AcDbLine
 10
261.0
 20
81.05792326714428
 30
0.0
 11
261.0
 21
81.13453256126846
 31
0.0
  0
LINE
  5
A65
330
17
100
AcDbEntity
  8
GEOMETRY
100
AcDbLine
 10
261.0
 20
81.13453256126846
 30
0.0
 11
261.0
 21
81.21114185539265
 31
0.0
  0
LINE
  5
A66
330
17
100
AcDbEntity
  8
GEOMETRY
100
AcDbLine
 10
261.0
 20
81.21114185539265
 30
0.0
 11
261.0
 21
81.28803535489264
 31
0.0
  0
LINE
  5
A67
330
17
100
AcDbEntity
  8
GEOMETRY
100
AcDbLine
 10
261.0
 20
81.28803535489264
 30
0.0
 11
261.0
 21
81.36663408664752
 31
0.0
  0
LINE
  5
A68
330
17
100
AcDbEntity
  8
GEOMETRY
100
AcDbLine
 10
261.0
 20
81.36663408664752
 30
0.0
 11
261.0
 21
81.44523281840239
 31
0.0
  0
LINE
  5
A69
330
17
100
AcDbEntity
  8
GEOMETRY
100
AcDbLine
 10
261.0
 20
81.44523281840239
 30
0.0
 11
261.0
 21
81.52383155015727
 31
0.0
  0
LINE
  5
A6A
330
17
100
AcDbEntity
  8
GEOMETRY
100
AcDbLine
 10
261.0
 20
81.52383155015727
 30
0.0
 11
261.0
 21
81.60243028191213
 31
0.0
  0
LINE
  5
A6B
330
17
100
AcDbEntity
  8
GEOMETRY
100
AcDbLine
 10
261.0
 20
81.60243028191213
 30
0.0
 11
261.0
 21
81.68160102108119
 31
0.0
  0
LINE
  5
A6C
330
17
100
AcDbEntity
  8
GEOMETRY
100
AcDbLine
 10
261.0
 20
81.68160102108119
 30
0.0
 11
261.0
 21
81.76120076581088
 31
0.0
  0
LINE
  5
A6D
330
17
100
AcDbEntity
  8
GEOMETRY
100
AcDbLine
 10
261.0
 20
81.76120076581088
 30
0.0
 11
261.0
 21
81.84080051054059
 31
0.0
  0
LINE
  5
A6E
330
17
100
AcDbEntity
  8
GEOMETRY
100
AcDbLine
 10
261.0
 20
81.84080051054059
 30
0.0
 11
261.0
 21
81.92040025527028
 31
0.0
  0
LINE
  5
A6F
330
17
100
AcDbEntity
  8
GEOMETRY
100
AcDbLine
 10
261.0
 20
81.92040025527028
 30
0.0
 11
261.0
 21
81.99999999999997
 31
0.0
  0
LINE
  5
A70
330
17
100
AcDbEntity
  8
GEOMETRY
100
AcDbLine
 10
261.0
 20
81.99999999999997
 30
0.0
 11
261.0
 21
82.07959974472966
 31
0.0
  0
LINE
  5
A71
330
17
100
AcDbEntity
  8
GEOMETRY
100
AcDbLine
 10
261.0
 20
82.07959974472966
 30
0.0
 11
261.0
 21
82.15919948945937
 31
0.0
  0
LINE
  5
A72
330
17
100
AcDbEntity
  8
GEOMETRY
100
AcDbLine
 10
261.0
 20
82.15919948945937
 30
0.0
 11
261.0
 21
82.23879923418906
 31
0.0
  0
LINE
  5
A73
330
17
100
AcDbEntity
  8
GEOMETRY
100
AcDbLine
 10
261.0
 20
82.23879923418906
 30
0.0
 11
261.0
 21
82.31839897891875
 31
0.0
  0
LINE
  5
A74
330
17
100
AcDbEntity
  8
GEOMETRY
100
AcDbLine
 10
261.0
 20
82.31839897891875
 30
0.0
 11
261.0
 21
82.39756971808781
 31
0.0
  0
LINE
  5
A75
330
17
100
AcDbEntity
  8
GEOMETRY
100
AcDbLine
 10
261.0
 20
82.39756971808781
 30
0.0
 11
261.0
 21
82.47616844984267
 31
0.0
  0
LINE
  5
A76
330
17
100
AcDbEntity
  8
GEOMETRY
100
AcDbLine
 10
261.0
 20
82.47616844984267
 30
0.0
 11
261.0
 21
82.55476718159755
 31
0.0
  0
LINE
  5
A77
330
17
100
AcDbEntity
  8
GEOMETRY
100
AcDbLine
 10
261.0
 20
82.55476718159755
 30
0.0
 11
261.0
 21
82.63336591335242
 31
0.0
  0
LINE
  5
A78
330
17
100
AcDbEntity
  8
GEOMETRY
100
AcDbLine
 10
261.0
 20
82.63336591335242
 30
0.0
 11
261.0
 21
82.7119646451073
 31
0.0
  0
LINE
  5
A79
330
17
100
AcDbEntity
  8
GEOMETRY
100
AcDbLine
 10
261.0
 20
82.7119646451073
 30
0.0
 11
261.0
 21
82.78885814460729
 31
0.0
  0
LINE
  5
A7A
330
17
100
AcDbEntity
  8
GEOMETRY
100
AcDbLine
 10
261.0
 20
82.78885814460729
 30
0.0
 11
261.0
 21
82.86546743873149
 31
0.0
  0
LINE
  5
A7B
330
17
100
AcDbEntity
  8
GEOMETRY
100
AcDbLine
 10
261.0
 20
82.86546743873149
 30
0.0
 11
261.0
 21
82.94207673285567
 31
0.0
  0
LINE
  5
A7C
330
17
100
AcDbEntity
  8
GEOMETRY
100
AcDbLine
 10
261.0
 20
82.94207673285567
 30
0.0
 11
261.0
 21
83.01868602697985
 31
0.0
  0
LINE
  5
A7D
330
17
100
AcDbEntity
  8
GEOMETRY
100
AcDbLine
 10
261.0
 20
83.01868602697985
 30
0.0
 11
261.0
 21
83.09445165140288
 31
0.0
  0
LINE
  5
A7E
330
17
100
AcDbEntity
  8
GEOMETRY
100
AcDbLine
 10
261.0
 20
83.09445165140288
 30
0.0
 11
261.0
 21
83.16810810157301
 31
0.0
  0
LINE
  5
A7F
330
17
100
AcDbEntity
  8
GEOMETRY
100
AcDbLine
 10
261.0
 20
83.16810810157301
 30
0.0
 11
261.0
 21
83.24176455174315
 31
0.0
  0
LINE
  5
A80
330
17
100
AcDbEntity
  8
GEOMETRY
100
AcDbLine
 10
261.0
 20
83.24176455174315
 30
0.0
 11
261.0
 21
83.3154210019133
 31
0.0
  0
LINE
  5
A81
330
17
100
AcDbEntity
  8
GEOMETRY
100
AcDbLine
 10
261.0
 20
83.3154210019133
 30
0.0
 11
261.0
 21
83.38907745208343
 31
0.0
  0
LINE
  5
A82
330
17
100
AcDbEntity
  8
GEOMETRY
100
AcDbLine
 10
261.0
 20
83.38907745208343
 30
0.0
 11
261.0
 21
83.45996310471685
 31
0.0
  0
LINE
  5
A83
330
17
100
AcDbEntity
  8
GEOMETRY
100
AcDbLine
 10
261.0
 20
83.45996310471685
 30
0.0
 11
261.0
 21
83.52974043833558
 31
0.0
  0
LINE
  5
A84
330
17
100
AcDbEntity
  8
GEOMETRY
100
AcDbLine
 10
261.0
 20
83.52974043833558
 30
0.0
 11
261.0
 21
83.59951777195431
 31
0.0
  0
LINE
  5
A85
330
17
100
AcDbEntity
  8
GEOMETRY
100
AcDbLine
 10
261.0
 20
83.59951777195431
 30
0.0
 11
261.0
 21
83.66929510557304
 31
0.0
  0
LINE
  5
A86
330
17
100
AcDbEntity
  8
GEOMETRY
100
AcDbLine
 10
261.0
 20
83.66929510557304
 30
0.0
 11
261.0
 21
83.738392923905
 31
0.0
  0
LINE
  5
A87
330
17
100
AcDbEntity
  8
GEOMETRY
100
AcDbLine
 10
261.0
 20
83.738392923905
 30
0.0
 11
261.0
 21
83.80341365051632
 31
0.0
  0
LINE
  5
A88
330
17
100
AcDbEntity
  8
GEOMETRY
100
AcDbLine
 10
261.0
 20
83.80341365051632
 30
0.0
 11
261.0
 21
83.86843437712764
 31
0.0
  0
LINE
  5
A89
330
17
100
AcDbEntity
  8
GEOMETRY
100
AcDbLine
 10
261.0
 20
83.86843437712764
 30
0.0
 11
261.0
 21
83.93345510373896
 31
0.0
  0
LINE
  5
A8A
330
17
100
AcDbEntity
  8
GEOMETRY
100
AcDbLine
 10
261.0
 20
83.93345510373896
 30
0.0
 11
261.0
 21
83.99847583035029
 31
0.0
  0
LINE
  5
A8B
330
17
100
AcDbEntity
  8
GEOMETRY
100
AcDbLine
 10
261.0
 20
83.99847583035029
 30
0.0
 11
261.0
 21
84.06031125389278
 31
0.0
  0
LINE
  5
A8C
330
17
100
AcDbEntity
  8
GEOMETRY
100
AcDbLine
 10
261.0
 20
84.06031125389278
 30
0.0
 11
261.0
 21
84.11975770013365
 31
0.0
  0
LINE
  5
A8D
330
17
100
AcDbEntity
  8
GEOMETRY
100
AcDbLine
 10
261.0
 20
84.11975770013365
 30
0.0
 11
261.0
 21
84.17920414637452
 31
0.0
  0
LINE
  5
A8E
330
17
100
AcDbEntity
  8
GEOMETRY
100
AcDbLine
 10
261.0
 20
84.17920414637452
 30
0.0
 11
261.0
 21
84.23865059261539
 31
0.0
  0
LINE
  5
A8F
330
17
100
AcDbEntity
  8
GEOMETRY
100
AcDbLine
 10
261.0
 20
84.23865059261539
 30
0.0
 11
261.0
 21
84.29809703885626
 31
0.0
  0
LINE
  5
A90
330
17
100
AcDbEntity
  8
GEOMETRY
100
AcDbLine
 10
261.0
 20
84.29809703885626
 30
0.0
 11
261.0
 21
84.35122163117356
 31
0.0
  0
LINE
  5
A91
330
17
100
AcDbEntity
  8
GEOMETRY
100
AcDbLine
 10
261.0
 20
84.35122163117356
 30
0.0
 11
261.0
 21
84.40434622349086
 31
0.0
  0
LINE
  5
A92
330
17
100
AcDbEntity
  8
GEOMETRY
100
AcDbLine
 10
261.0
 20
84.40434622349086
 30
0.0
 11
261.0
 21
84.45747081580816
 31
0.0
  0
LINE
  5
A93
330
17
100
AcDbEntity
  8
GEOMETRY
100
AcDbLine
 10
261.0
 20
84.45747081580816
 30
0.0
 11
261.0
 21
84.51059540812547
 31
0.0
  0
LINE
  5
A94
330
17
100
AcDbEntity
  8
GEOMETRY
100
AcDbLine
 10
261.0
 20
84.51059540812547
 30
0.0
 11
261.0
 21
84.56072431765895
 31
0.0
  0
LINE
  5
A95
330
17
100
AcDbEntity
  8
GEOMETRY
100
AcDbLine
 10
261.0
 20
84.56072431765895
 30
0.0
 11
261.0
 21
84.6068589834807
 31
0.0
  0
LINE
  5
A96
330
17
100
AcDbEntity
  8
GEOMETRY
100
AcDbLine
 10
261.0
 20
84.6068589834807
 30
0.0
 11
261.0
 21
84.65299364930245
 31
0.0
  0
LINE
  5
A97
330
17
100
AcDbEntity
  8
GEOMETRY
100
AcDbLine
 10
261.0
 20
84.65299364930245
 30
0.0
 11
261.0
 21
84.69912831512418
 31
0.0
  0
LINE
  5
A98
330
17
100
AcDbEntity
  8
GEOMETRY
100
AcDbLine
 10
261.0
 20
84.69912831512418
 30
0.0
 11
261.0
 21
84.74526298094594
 31
0.0
  0
LINE
  5
A99
330
17
100
AcDbEntity
  8
GEOMETRY
100
AcDbLine
 10
261.0
 20
84.74526298094594
 30
0.0
 11
261.0
 21
84.78490899246519
 31
0.0
  0
LINE
  5
A9A
330
17
100
AcDbEntity
  8
GEOMETRY
100
AcDbLine
 10
261.0
 20
84.78490899246519
 30
0.0
 11
261.0
 21
84.82347356160071
 31
0.0
  0
LINE
  5
A9B
330
17
100
AcDbEntity
  8
GEOMETRY
100
AcDbLine
 10
261.0
 20
84.82347356160071
 30
0.0
 11
261.0
 21
84.86203813073624
 31
0.0
  0
LINE
  5
A9C
330
17
100
AcDbEntity
  8
GEOMETRY
100
AcDbLine
 10
261.0
 20
84.86203813073624
 30
0.0
 11
261.0
 21
84.90060269987175
 31
0.0
  0
LINE
  5
A9D
330
17
100
AcDbEntity
  8
GEOMETRY
100
AcDbLine
 10
261.0
 20
84.90060269987175
 30
0.0
 11
261.0
 21
84.93686582085904
 31
0.0
  0
LINE
  5
A9E
330
17
100
AcDbEntity
  8
GEOMETRY
100
AcDbLine
 10
261.0
 20
84.93686582085904
 30
0.0
 11
261.0
 21
84.96737532147577
 31
0.0
  0
LINE
  5
A9F
330
17
100
AcDbEntity
  8
GEOMETRY
100
AcDbLine
 10
261.0
 20
84.96737532147577
 30
0.0
 11
261.0
 21
84.9978848220925
 31
0.0
  0
LINE
  5
AA0
330
17
100
AcDbEntity
  8
GEOMETRY
100
AcDbLine
 10
261.0
 20
84.9978848220925
 30
0.0
 11
261.0
 21
85.02839432270923
 31
0.0
  0
LINE
  5
AA1
330
17
100
AcDbEntity
  8
GEOMETRY
100
AcDbLine
 10
261.0
 20
85.02839432270923
 30
0.0
 11
261.0
 21
85.05890382332596
 31
0.0
  0
LINE
  5
AA2
330
17
100
AcDbEntity
  8
GEOMETRY
100
AcDbLine
 10
261.0
 20
85.05890382332596
 30
0.0
 11
261.0
 21
85.08338565023477
 31
0.0
  0
LINE
  5
AA3
330
17
100
AcDbEntity
  8
GEOMETRY
100
AcDbLine
 10
261.0
 20
85.08338565023477
 30
0.0
 11
261.0
 21
85.10545640766044
 31
0.0
  0
LINE
  5
AA4
330
17
100
AcDbEntity
  8
GEOMETRY
100
AcDbLine
 10
261.0
 20
85.10545640766044
 30
0.0
 11
261.0
 21
85.1275271650861
 31
0.0
  0
LINE
  5
AA5
330
17
100
AcDbEntity
  8
GEOMETRY
100
AcDbLine
 10
261.0
 20
85.1275271650861
 30
0.0
 11
261.0
 21
85.14959792251176
 31
0.0
  0
LINE
  5
AA6
330
17
100
AcDbEntity
  8
GEOMETRY
100
AcDbLine
 10
261.0
 20
85.14959792251176
 30
0.0
 11
261.0
 21
85.17042349482722
 31
0.0
  0
LINE
  5
AA7
330
17
100
AcDbEntity
  8
GEOMETRY
100
AcDbLine
 10
261.0
 20
85.17042349482722
 30
0.0
 11
261.0
 21
85.18377795648142
 31
0.0
  0
LINE
  5
AA8
330
17
100
AcDbEntity
  8
GEOMETRY
100
AcDbLine
 10
261.0
 20
85.18377795648142
 30
0.0
 11
261.0
 21
85.19713241813564
 31
0.0
  0
LINE
  5
AA9
330
17
100
AcDbEntity
  8
GEOMETRY
100
AcDbLine
 10
261.0
 20
85.19713241813564
 30
0.0
 11
261.0
 21
85.21048687978985
 31
0.0
  0
LINE
  5
AAA
330
17
100
AcDbEntity
  8
GEOMETRY
100
AcDbLine
 10
261.0
 20
85.21048687978985
 30
0.0
 11
261.0
 21
85.22384134144406
 31
0.0
  0
LINE
  5
AAB
330
17
100
AcDbEntity
  8
GEOMETRY
100
AcDbLine
 10
261.0
 20
85.22384134144406
 30
0.0
 11
261.0
 21
85.23211909688388
 31
0.0
  0
LINE
  5
AAC
330
17
100
AcDbEntity
  8
GEOMETRY
100
AcDbLine
 10
261.0
 20
85.23211909688388
 30
0.0
 11
261.0
 21
85.23658932266291
 31
0.0
  0
LINE
  5
AAD
330
17
100
AcDbEntity
  8
GEOMETRY
100
AcDbLine
 10
261.0
 20
85.23658932266291
 30
0.0
 11
261.0
 21
85.24105954844192
 31
0.0
  0
LINE
  5
AAE
330
17
100
AcDbEntity
  8
GEOMETRY
100
AcDbLine
 10
261.0
 20
85.24105954844192
 30
0.0
 11
261.0
 21
85.24552977422096
 31
0.0
  0
LINE
  5
AAF
330
17
100
AcDbEntity
  8
GEOMETRY
100
AcDbLine
 10
261.0
 20
85.24552977422096
 30
0.0
 11
261.0
 21
85.24999999999997
 31
0.0
  0
LINE
  5
AB0
330
17
100
AcDbEntity
  8
GEOMETRY
100
AcDbLine
 10
261.0
 20
85.24999999999997
 30
0.0
 11
261.0
 21
85.23217531256674
 31
0.0
  0
LINE
  5
AB1
330
17
100
AcDbEntity
  8
GEOMETRY
100
AcDbLine
 10
261.0
 20
85.23217531256674
 30
0.0
 11
261.0
 21
85.2143506251335
 31
0.0
  0
LINE
  5
AB2
330
17
100
AcDbEntity
  8
GEOMETRY
100
AcDbLine
 10
261.0
 20
85.2143506251335
 30
0.0
 11
261.0
 21
85.19652593770027
 31
0.0
  0
LINE
  5
AB3
330
17
100
AcDbEntity
  8
GEOMETRY
100
AcDbLine
 10
261.0
 20
85.19652593770027
 30
0.0
 11
261.0
 21
85.17870125026704
 31
0.0
  0
LINE
  5
AB4
330
17
100
AcDbEntity
  8
GEOMETRY
100
AcDbLine
 10
261.0
 20
85.17870125026704
 30
0.0
 11
261.0
 21
85.14598131828701
 31
0.0
  0
LINE
  5
AB5
330
17
100
AcDbEntity
  8
GEOMETRY
100
AcDbLine
 10
261.0
 20
85.14598131828701
 30
0.0
 11
261.0
 21
85.09340106024463
 31
0.0
  0
LINE
  5
AB6
330
17
100
AcDbEntity
  8
GEOMETRY
100
AcDbLine
 10
261.0
 20
85.09340106024463
 30
0.0
 11
261.0
 21
85.04082080220223
 31
0.0
  0
LINE
  5
AB7
330
17
100
AcDbEntity
  8
GEOMETRY
100
AcDbLine
 10
261.0
 20
85.04082080220223
 30
0.0
 11
261.0
 21
84.98824054415985
 31
0.0
  0
LINE
  5
AB8
330
17
100
AcDbEntity
  8
GEOMETRY
100
AcDbLine
 10
261.0
 20
84.98824054415985
 30
0.0
 11
261.0
 21
84.93566028611747
 31
0.0
  0
LINE
  5
AB9
330
17
100
AcDbEntity
  8
GEOMETRY
100
AcDbLine
 10
261.0
 20
84.93566028611747
 30
0.0
 11
261.0
 21
84.85554947643375
 31
0.0
  0
LINE
  5
ABA
330
17
100
AcDbEntity
  8
GEOMETRY
100
AcDbLine
 10
261.0
 20
84.85554947643375
 30
0.0
 11
261.0
 21
84.7708502414765
 31
0.0
  0
LINE
  5
ABB
330
17
100
AcDbEntity
  8
GEOMETRY
100
AcDbLine
 10
261.0
 20
84.7708502414765
 30
0.0
 11
261.0
 21
84.68615100651922
 31
0.0
  0
LINE
  5
ABC
330
17
100
AcDbEntity
  8
GEOMETRY
100
AcDbLine
 10
261.0
 20
84.68615100651922
 30
0.0
 11
261.0
 21
84.60145177156197
 31
0.0
  0
LINE
  5
ABD
330
17
100
AcDbEntity
  8
GEOMETRY
100
AcDbLine
 10
261.0
 20
84.60145177156197
 30
0.0
 11
261.0
 21
84.5087891641473
 31
0.0
  0
LINE
  5
ABE
330
17
100
AcDbEntity
  8
GEOMETRY
100
AcDbLine
 10
261.0
 20
84.5087891641473
 30
0.0
 11
261.0
 21
84.39621812558913
 31
0.0
  0
LINE
  5
ABF
330
17
100
AcDbEntity
  8
GEOMETRY
100
AcDbLine
 10
261.0
 20
84.39621812558913
 30
0.0
 11
261.0
 21
84.28364708703097
 31
0.0
  0
LINE
  5
AC0
330
17
100
AcDbEntity
  8
GEOMETRY
100
AcDbLine
 10
261.0
 20
84.28364708703097
 30
0.0
 11
261.0
 21
84.1710760484728
 31
0.0
  0
LINE
  5
AC1
330
17
100
AcDbEntity
  8
GEOMETRY
100
AcDbLine
 10
261.0
 20
84.1710760484728
 30
0.0
 11
261.0
 21
84.05850500991463
 31
0.0
  0
LINE
  5
AC2
330
17
100
AcDbEntity
  8
GEOMETRY
100
AcDbLine
 10
261.0
 20
84.05850500991463
 30
0.0
 11
261.0
 21
83.93005752730511
 31
0.0
  0
LINE
  5
AC3
330
17
100
AcDbEntity
  8
GEOMETRY
100
AcDbLine
 10
261.0
 20
83.93005752730511
 30
0.0
 11
261.0
 21
83.79525946707506
 31
0.0
  0
LINE
  5
AC4
330
17
100
AcDbEntity
  8
GEOMETRY
100
AcDbLine
 10
261.0
 20
83.79525946707506
 30
0.0
 11
261.0
 21
83.660461406845
 31
0.0
  0
LINE
  5
AC5
330
17
100
AcDbEntity
  8
GEOMETRY
100
AcDbLine
 10
261.0
 20
83.660461406845
 30
0.0
 11
261.0
 21
83.52566334661495
 31
0.0
  0
LINE
  5
AC6
330
17
100
AcDbEntity
  8
GEOMETRY
100
AcDbLine
 10
261.0
 20
83.52566334661495
 30
0.0
 11
261.0
 21
83.38865561723284
 31
0.0
  0
LINE
  5
AC7
330
17
100
AcDbEntity
  8
GEOMETRY
100
AcDbLine
 10
261.0
 20
83.38865561723284
 30
0.0
 11
261.0
 21
83.23838987293853
 31
0.0
  0
LINE
  5
AC8
330
17
100
AcDbEntity
  8
GEOMETRY
100
AcDbLine
 10
261.0
 20
83.23838987293853
 30
0.0
 11
261.0
 21
83.08812412864421
 31
0.0
  0
LINE
  5
AC9
330
17
100
AcDbEntity
  8
GEOMETRY
100
AcDbLine
 10
261.0
 20
83.08812412864421
 30
0.0
 11
261.0
 21
82.93785838434988
 31
0.0
  0
LINE
  5
ACA
330
17
100
AcDbEntity
  8
GEOMETRY
100
AcDbLine
 10
261.0
 20
82.93785838434988
 30
0.0
 11
261.0
 21
82.78759264005556
 31
0.0
  0
LINE
  5
ACB
330
17
100
AcDbEntity
  8
GEOMETRY
100
AcDbLine
 10
261.0
 20
82.78759264005556
 30
0.0
 11
261.0
 21
82.63279390593824
 31
0.0
  0
LINE
  5
ACC
330
17
100
AcDbEntity
  8
GEOMETRY
100
AcDbLine
 10
261.0
 20
82.63279390593824
 30
0.0
 11
261.0
 21
82.47459542945367
 31
0.0
  0
LINE
  5
ACD
330
17
100
AcDbEntity
  8
GEOMETRY
100
AcDbLine
 10
261.0
 20
82.47459542945367
 30
0.0
 11
261.0
 21
82.31639695296911
 31
0.0
  0
LINE
  5
ACE
330
17
100
AcDbEntity
  8
GEOMETRY
100
AcDbLine
 10
261.0
 20
82.31639695296911
 30
0.0
 11
261.0
 21
82.15819847648454
 31
0.0
  0
LINE
  5
ACF
330
17
100
AcDbEntity
  8
GEOMETRY
100
AcDbLine
 10
261.0
 20
82.15819847648454
 30
0.0
 11
261.0
 21
81.99999999999997
 31
0.0
  0
LINE
  5
AD0
330
17
100
AcDbEntity
  8
GEOMETRY
100
AcDbLine
 10
261.0
 20
81.99999999999997
 30
0.0
 11
261.0
 21
81.8418015235154
 31
0.0
  0
LINE
  5
AD1
330
17
100
AcDbEntity
  8
GEOMETRY
100
AcDbLine
 10
261.0
 20
81.8418015235154
 30
0.0
 11
261.0
 21
81.68360304703084
 31
0.0
  0
LINE
  5
AD2
330
17
100
AcDbEntity
  8
GEOMETRY
100
AcDbLine
 10
261.0
 20
81.68360304703084
 30
0.0
 11
261.0
 21
81.52540457054627
 31
0.0
  0
LINE
  5
AD3
330
17
100
AcDbEntity
  8
GEOMETRY
100
AcDbLine
 10
261.0
 20
81.52540457054627
 30
0.0
 11
261.0
 21
81.3672060940617
 31
0.0
  0
LINE
  5
AD4
330
17
100
AcDbEntity
  8
GEOMETRY
100
AcDbLine
 10
261.0
 20
81.3672060940617
 30
0.0
 11
261.0
 21
81.21240735994438
 31
0.0
  0
LINE
  5
AD5
330
17
100
AcDbEntity
  8
GEOMETRY
100
AcDbLine
 10
261.0
 20
81.21240735994438
 30
0.0
 11
261.0
 21
81.06214161565006
 31
0.0
  0
LINE
  5
AD6
330
17
100
AcDbEntity
  8
GEOMETRY
100
AcDbLine
 10
261.0
 20
81.06214161565006
 30
0.0
 11
261.0
 21
80.91187587135575
 31
0.0
  0
LINE
  5
AD7
330
17
100
AcDbEntity
  8
GEOMETRY
100
AcDbLine
 10
261.0
 20
80.91187587135575
 30
0.0
 11
261.0
 21
80.76161012706142
 31
0.0
  0
LINE
  5
AD8
330
17
100
AcDbEntity
  8
GEOMETRY
100
AcDbLine
 10
261.0
 20
80.76161012706142
 30
0.0
 11
261.0
 21
80.6113443827671
 31
0.0
  0
LINE
  5
AD9
330
17
100
AcDbEntity
  8
GEOMETRY
100
AcDbLine
 10
261.0
 20
80.6113443827671
 30
0.0
 11
261.0
 21
80.47433665338501
 31
0.0
  0
LINE
  5
ADA
330
17
100
AcDbEntity
  8
GEOMETRY
100
AcDbLine
 10
261.0
 20
80.47433665338501
 30
0.0
 11
261.0
 21
80.33953859315496
 31
0.0
  0
LINE
  5
ADB
330
17
100
AcDbEntity
  8
GEOMETRY
100
AcDbLine
 10
261.0
 20
80.33953859315496
 30
0.0
 11
261.0
 21
80.2047405329249
 31
0.0
  0
LINE
  5
ADC
330
17
100
AcDbEntity
  8
GEOMETRY
100
AcDbLine
 10
261.0
 20
80.2047405329249
 30
0.0
 11
261.0
 21
80.06994247269483
 31
0.0
  0
LINE
  5
ADD
330
17
100
AcDbEntity
  8
GEOMETRY
100
AcDbLine
 10
261.0
 20
80.06994247269483
 30
0.0
 11
261.0
 21
79.94149499008533
 31
0.0
  0
LINE
  5
ADE
330
17
100
AcDbEntity
  8
GEOMETRY
100
AcDbLine
 10
261.0
 20
79.94149499008533
 30
0.0
 11
261.0
 21
79.82892395152716
 31
0.0
  0
LINE
  5
ADF
330
17
100
AcDbEntity
  8
GEOMETRY
100
AcDbLine
 10
261.0
 20
79.82892395152716
 30
0.0
 11
261.0
 21
79.71635291296899
 31
0.0
  0
LINE
  5
AE0
330
17
100
AcDbEntity
  8
GEOMETRY
100
AcDbLine
 10
261.0
 20
79.71635291296899
 30
0.0
 11
261.0
 21
79.60378187441081
 31
0.0
  0
LINE
  5
AE1
330
17
100
AcDbEntity
  8
GEOMETRY
100
AcDbLine
 10
261.0
 20
79.60378187441081
 30
0.0
 11
261.0
 21
79.49121083585264
 31
0.0
  0
LINE
  5
AE2
330
17
100
AcDbEntity
  8
GEOMETRY
100
AcDbLine
 10
261.0
 20
79.49121083585264
 30
0.0
 11
261.0
 21
79.39854822843797
 31
0.0
  0
LINE
  5
AE3
330
17
100
AcDbEntity
  8
GEOMETRY
100
AcDbLine
 10
261.0
 20
79.39854822843797
 30
0.0
 11
261.0
 21
79.31384899348072
 31
0.0
  0
LINE
  5
AE4
330
17
100
AcDbEntity
  8
GEOMETRY
100
AcDbLine
 10
261.0
 20
79.31384899348072
 30
0.0
 11
261.0
 21
79.22914975852345
 31
0.0
  0
LINE
  5
AE5
330
17
100
AcDbEntity
  8
GEOMETRY
100
AcDbLine
 10
261.0
 20
79.22914975852345
 30
0.0
 11
261.0
 21
79.14445052356619
 31
0.0
  0
LINE
  5
AE6
330
17
100
AcDbEntity
  8
GEOMETRY
100
AcDbLine
 10
261.0
 20
79.14445052356619
 30
0.0
 11
261.0
 21
79.06433971388248
 31
0.0
  0
LINE
  5
AE7
330
17
100
AcDbEntity
  8
GEOMETRY
100
AcDbLine
 10
261.0
 20
79.06433971388248
 30
0.0
 11
261.0
 21
79.01175945584009
 31
0.0
  0
LINE
  5
AE8
330
17
100
AcDbEntity
  8
GEOMETRY
100
AcDbLine
 10
261.0
 20
79.01175945584009
 30
0.0
 11
261.0
 21
78.95917919779771
 31
0.0
  0
LINE
  5
AE9
330
17
100
AcDbEntity
  8
GEOMETRY
100
AcDbLine
 10
261.0
 20
78.95917919779771
 30
0.0
 11
261.0
 21
78.90659893975531
 31
0.0
  0
LINE
  5
AEA
330
17
100
AcDbEntity
  8
GEOMETRY
100
AcDbLine
 10
261.0
 20
78.90659893975531
 30
0.0
 11
261.0
 21
78.85401868171293
 31
0.0
  0
LINE
  5
AEB
330
17
100
AcDbEntity
  8
GEOMETRY
100
AcDbLine
 10
261.0
 20
78.85401868171293
 30
0.0
 11
261.0
 21
78.8212987497329
 31
0.0
  0
LINE
  5
AEC
330
17
100
AcDbEntity
  8
GEOMETRY
100
AcDbLine
 10
261.0
 20
78.8212987497329
 30
0.0
 11
261.0
 21
78.80347406229967
 31
0.0
  0
LINE
  5
AED
330
17
100
AcDbEntity
  8
GEOMETRY
100
AcDbLine
 10
261.0
 20
78.80347406229967
 30
0.0
 11
261.0
 21
78.78564937486644
 31
0.0
  0
LINE
  5
AEE
330
17
100
AcDbEntity
  8
GEOMETRY
100
AcDbLine
 10
261.0
 20
78.78564937486644
 30
0.0
 11
261.0
 21
78.7678246874332
 31
0.0
  0
LINE
  5
AEF
330
17
100
AcDbEntity
  8
GEOMETRY
100
AcDbLine
 10
261.0
 20
78.7678246874332
 30
0.0
 11
261.0
 21
78.74999999999997
 31
0.0
  0
LINE
  5
AF0
330
17
100
AcDbEntity
  8
GEOMETRY
100
AcDbLine
 10
261.0
 20
78.74999999999997
 30
0.0
 11
261.0
 21
78.75447022577899
 31
0.0
  0
LINE
  5
AF1
330
17
100
AcDbEntity
  8
GEOMETRY
100
AcDbLine
 10
261.0
 20
78.75447022577899
 30
0.0
 11
261.0
 21
78.75894045155802
 31
0.0
  0
LINE
  5
AF2
330
17
100
AcDbEntity
  8
GEOMETRY
100
AcDbLine
 10
261.0
 20
78.75894045155802
 30
0.0
 11
261.0
 21
78.76341067733703
 31
0.0
  0
LINE
  5
AF3
330
17
100
AcDbEntity
  8
GEOMETRY
100
AcDbLine
 10
261.0
 20
78.76341067733703
 30
0.0
 11
261.0
 21
78.76788090311607
 31
0.0
  0
LINE
  5
AF4
330
17
100
AcDbEntity
  8
GEOMETRY
100
AcDbLine
 10
261.0
 20
78.76788090311607
 30
0.0
 11
261.0
 21
78.77615865855589
 31
0.0
  0
LINE
  5
AF5
330
17
100
AcDbEntity
  8
GEOMETRY
100
AcDbLine
 10
261.0
 20
78.77615865855589
 30
0.0
 11
261.0
 21
78.78951312021009
 31
0.0
  0
LINE
  5
AF6
330
17
100
AcDbEntity
  8
GEOMETRY
100
AcDbLine
 10
261.0
 20
78.78951312021009
 30
0.0
 11
261.0
 21
78.8028675818643
 31
0.0
  0
LINE
  5
AF7
330
17
100
AcDbEntity
  8
GEOMETRY
100
AcDbLine
 10
261.0
 20
78.8028675818643
 30
0.0
 11
261.0
 21
78.81622204351852
 31
0.0
  0
LINE
  5
AF8
330
17
100
AcDbEntity
  8
GEOMETRY
100
AcDbLine
 10
261.0
 20
78.81622204351852
 30
0.0
 11
261.0
 21
78.82957650517272
 31
0.0
  0
LINE
  5
AF9
330
17
100
AcDbEntity
  8
GEOMETRY
100
AcDbLine
 10
261.0
 20
78.82957650517272
 30
0.0
 11
261.0
 21
78.85040207748818
 31
0.0
  0
LINE
  5
AFA
330
17
100
AcDbEntity
  8
GEOMETRY
100
AcDbLine
 10
261.0
 20
78.85040207748818
 30
0.0
 11
261.0
 21
78.87247283491385
 31
0.0
  0
LINE
  5
AFB
330
17
100
AcDbEntity
  8
GEOMETRY
100
AcDbLine
 10
261.0
 20
78.87247283491385
 30
0.0
 11
261.0
 21
78.8945435923395
 31
0.0
  0
LINE
  5
AFC
330
17
100
AcDbEntity
  8
GEOMETRY
100
AcDbLine
 10
261.0
 20
78.8945435923395
 30
0.0
 11
261.0
 21
78.91661434976517
 31
0.0
  0
LINE
  5
AFD
330
17
100
AcDbEntity
  8
GEOMETRY
100
AcDbLine
 10
261.0
 20
78.91661434976517
 30
0.0
 11
261.0
 21
78.94109617667398
 31
0.0
  0
LINE
  5
AFE
330
17
100
AcDbEntity
  8
GEOMETRY
100
AcDbLine
 10
261.0
 20
78.94109617667398
 30
0.0
 11
261.0
 21
78.97160567729071
 31
0.0
  0
LINE
  5
AFF
330
17
100
AcDbEntity
  8
GEOMETRY
100
AcDbLine
 10
261.0
 20
78.97160567729071
 30
0.0
 11
261.0
 21
79.00211517790744
 31
0.0
  0
LINE
  5
B00
330
17
100
AcDbEntity
  8
GEOMETRY
100
AcDbLine
 10
261.0
 20
79.00211517790744
 30
0.0
 11
261.0
 21
79.03262467852417
 31
0.0
  0
LINE
  5
B01
330
17
100
AcDbEntity
  8
GEOMETRY
100
AcDbLine
 10
261.0
 20
79.03262467852417
 30
0.0
 11
261.0
 21
79.0631341791409
 31
0.0
  0
LINE
  5
B02
330
17
100
AcDbEntity
  8
GEOMETRY
100
AcDbLine
 10
261.0
 20
79.0631341791409
 30
0.0
 11
261.0
 21
79.09939730012819
 31
0.0
  0
LINE
  5
B03
330
17
100
AcDbEntity
  8
GEOMETRY
100
AcDbLine
 10
261.0
 20
79.09939730012819
 30
0.0
 11
261.0
 21
79.1379618692637
 31
0.0
  0
LINE
  5
B04
330
17
100
AcDbEntity
  8
GEOMETRY
100
AcDbLine
 10
261.0
 20
79.1379618692637
 30
0.0
 11
261.0
 21
79.17652643839924
 31
0.0
  0
LINE
  5
B05
330
17
100
AcDbEntity
  8
GEOMETRY
100
AcDbLine
 10
261.0
 20
79.17652643839924
 30
0.0
 11
261.0
 21
79.21509100753475
 31
0.0
  0
LINE
  5
B06
330
17
100
AcDbEntity
  8
GEOMETRY
100
AcDbLine
 10
261.0
 20
79.21509100753475
 30
0.0
 11
261.0
 21
79.254737019054
 31
0.0
  0
LINE
  5
B07
330
17
100
AcDbEntity
  8
GEOMETRY
100
AcDbLine
 10
261.0
 20
79.254737019054
 30
0.0
 11
261.0
 21
79.30087168487576
 31
0.0
  0
LINE
  5
B08
330
17
100
AcDbEntity
  8
GEOMETRY
100
AcDbLine
 10
261.0
 20
79.30087168487576
 30
0.0
 11
261.0
 21
79.3470063506975
 31
0.0
  0
LINE
  5
B09
330
17
100
AcDbEntity
  8
GEOMETRY
100
AcDbLine
 10
261.0
 20
79.3470063506975
 30
0.0
 11
261.0
 21
79.39314101651924
 31
0.0
  0
LINE
  5
B0A
330
17
100
AcDbEntity
  8
GEOMETRY
100
AcDbLine
 10
261.0
 20
79.39314101651924
 30
0.0
 11
261.0
 21
79.43927568234099
 31
0.0
  0
LINE
  5
B0B
330
17
100
AcDbEntity
  8
GEOMETRY
100
AcDbLine
 10
261.0
 20
79.43927568234099
 30
0.0
 11
261.0
 21
79.48940459187448
 31
0.0
  0
LINE
  5
B0C
330
17
100
AcDbEntity
  8
GEOMETRY
100
AcDbLine
 10
261.0
 20
79.48940459187448
 30
0.0
 11
261.0
 21
79.54252918419178
 31
0.0
  0
LINE
  5
B0D
330
17
100
AcDbEntity
  8
GEOMETRY
100
AcDbLine
 10
261.0
 20
79.54252918419178
 30
0.0
 11
261.0
 21
79.59565377650908
 31
0.0
  0
LINE
  5
B0E
330
17
100
AcDbEntity
  8
GEOMETRY
100
AcDbLine
 10
261.0
 20
79.59565377650908
 30
0.0
 11
261.0
 21
79.64877836882638
 31
0.0
  0
LINE
  5
B0F
330
17
100
AcDbEntity
  8
GEOMETRY
100
AcDbLine
 10
261.0
 20
79.64877836882638
 30
0.0
 11
261.0
 21
79.70190296114369
 31
0.0
  0
LINE
  5
B10
330
17
100
AcDbEntity
  8
GEOMETRY
100
AcDbLine
 10
261.0
 20
79.70190296114369
 30
0.0
 11
261.0
 21
79.76134940738456
 31
0.0
  0
LINE
  5
B11
330
17
100
AcDbEntity
  8
GEOMETRY
100
AcDbLine
 10
261.0
 20
79.76134940738456
 30
0.0
 11
261.0
 21
79.82079585362543
 31
0.0
  0
LINE
  5
B12
330
17
100
AcDbEntity
  8
GEOMETRY
100
AcDbLine
 10
261.0
 20
79.82079585362543
 30
0.0
 11
261.0
 21
79.8802422998663
 31
0.0
  0
LINE
  5
B13
330
17
100
AcDbEntity
  8
GEOMETRY
100
AcDbLine
 10
261.0
 20
79.8802422998663
 30
0.0
 11
261.0
 21
79.93968874610717
 31
0.0
  0
LINE
  5
B14
330
17
100
AcDbEntity
  8
GEOMETRY
100
AcDbLine
 10
261.0
 20
79.93968874610717
 30
0.0
 11
261.0
 21
80.00152416964966
 31
0.0
  0
LINE
  5
B15
330
17
100
AcDbEntity
  8
GEOMETRY
100
AcDbLine
 10
261.0
 20
80.00152416964966
 30
0.0
 11
261.0
 21
80.06654489626098
 31
0.0
  0
LINE
  5
B16
330
17
100
AcDbEntity
  8
GEOMETRY
100
AcDbLine
 10
261.0
 20
80.06654489626098
 30
0.0
 11
261.0
 21
80.1315656228723
 31
0.0
  0
LINE
  5
B17
330
17
100
AcDbEntity
  8
GEOMETRY
100
AcDbLine
 10
261.0
 20
80.1315656228723
 30
0.0
 11
261.0
 21
80.19658634948362
 31
0.0
  0
LINE
  5
B18
330
17
100
AcDbEntity
  8
GEOMETRY
100
AcDbLine
 10
261.0
 20
80.19658634948362
 30
0.0
 11
261.0
 21
80.26160707609495
 31
0.0
  0
LINE
  5
B19
330
17
100
AcDbEntity
  8
GEOMETRY
100
AcDbLine
 10
261.0
 20
80.26160707609495
 30
0.0
 11
261.0
 21
80.3307048944269
 31
0.0
  0
LINE
  5
B1A
330
17
100
AcDbEntity
  8
GEOMETRY
100
AcDbLine
 10
261.0
 20
80.3307048944269
 30
0.0
 11
261.0
 21
80.40048222804563
 31
0.0
  0
LINE
  5
B1B
330
17
100
AcDbEntity
  8
GEOMETRY
100
AcDbLine
 10
261.0
 20
80.40048222804563
 30
0.0
 11
261.0
 21
80.47025956166436
 31
0.0
  0
LINE
  5
B1C
330
17
100
AcDbEntity
  8
GEOMETRY
100
AcDbLine
 10
261.0
 20
80.47025956166436
 30
0.0
 11
261.0
 21
80.5400368952831
 31
0.0
  0
LINE
  5
B1D
330
17
100
AcDbEntity
  8
GEOMETRY
100
AcDbLine
 10
261.0
 20
80.5400368952831
 30
0.0
 11
261.0
 21
80.61092254791652
 31
0.0
  0
LINE
  5
B1E
330
17
100
AcDbEntity
  8
GEOMETRY
100
AcDbLine
 10
261.0
 20
80.61092254791652
 30
0.0
 11
261.0
 21
80.68457899808666
 31
0.0
  0
LINE
  5
B1F
330
17
100
AcDbEntity
  8
GEOMETRY
100
AcDbLine
 10
261.0
 20
80.68457899808666
 30
0.0
 11
261.0
 21
80.75823544825678
 31
0.0
  0
LINE
  5
B20
330
17
100
AcDbEntity
  8
GEOMETRY
100
AcDbLine
 10
261.0
 20
80.75823544825678
 30
0.0
 11
261.0
 21
80.83189189842693
 31
0.0
  0
LINE
  5
B21
330
17
100
AcDbEntity
  8
GEOMETRY
100
AcDbLine
 10
261.0
 20
80.83189189842693
 30
0.0
 11
261.0
 21
80.90554834859707
 31
0.0
  0
LINE
  5
B22
330
17
100
AcDbEntity
  8
GEOMETRY
100
AcDbLine
 10
261.0
 20
80.90554834859707
 30
0.0
 11
261.0
 21
80.9813139730201
 31
0.0
  0
LINE
  5
B23
330
17
100
AcDbEntity
  8
GEOMETRY
100
AcDbLine
 10
261.0
 20
80.9813139730201
 30
0.0
 11
261.0
 21
81.05792326714428
 31
0.0
  0
LINE
  5
B24
330
17
100
AcDbEntity
  8
GEOMETRY
100
AcDbLine
 10
261.0
 20
81.05792326714428
 30
0.0
 11
261.0
 21
81.13453256126846
 31
0.0
  0
LINE
  5
B25
330
17
100
AcDbEntity
  8
GEOMETRY
100
AcDbLine
 10
261.0
 20
81.13453256126846
 30
0.0
 11
261.0
 21
81.21114185539265
 31
0.0
  0
LINE
  5
B26
330
17
100
AcDbEntity
  8
GEOMETRY
100
AcDbLine
 10
261.0
 20
81.21114185539265
 30
0.0
 11
261.0
 21
81.28803535489264
 31
0.0
  0
LINE
  5
B27
330
17
100
AcDbEntity
  8
GEOMETRY
100
AcDbLine
 10
261.0
 20
81.28803535489264
 30
0.0
 11
261.0
 21
81.36663408664752
 31
0.0
  0
LINE
  5
B28
330
17
100
AcDbEntity
  8
GEOMETRY
100
AcDbLine
 10
261.0
 20
81.36663408664752
 30
0.0
 11
261.0
 21
81.44523281840239
 31
0.0
  0
LINE
  5
B29
330
17
100
AcDbEntity
  8
GEOMETRY
100
AcDbLine
 10
261.0
 20
81.44523281840239
 30
0.0
 11
261.0
 21
81.52383155015727
 31
0.0
  0
LINE
  5
B2A
330
17
100
AcDbEntity
  8
GEOMETRY
100
AcDbLine
 10
261.0
 20
81.52383155015727
 30
0.0
 11
261.0
 21
81.60243028191213
 31
0.0
  0
LINE
  5
B2B
330
17
100
AcDbEntity
  8
GEOMETRY
100
AcDbLine
 10
261.0
 20
81.60243028191213
 30
0.0
 11
261.0
 21
81.68160102108119
 31
0.0
  0
LINE
  5
B2C
330
17
100
AcDbEntity
  8
GEOMETRY
100
AcDbLine
 10
261.0
 20
81.68160102108119
 30
0.0
 11
261.0
 21
81.76120076581088
 31
0.0
  0
LINE
  5
B2D
330
17
100
AcDbEntity
  8
GEOMETRY
100
AcDbLine
 10
261.0
 20
81.76120076581088
 30
0.0
 11
261.0
 21
81.84080051054059
 31
0.0
  0
LINE
  5
B2E
330
17
100
AcDbEntity
  8
GEOMETRY
100
AcDbLine
 10
261.0
 20
81.84080051054059
 30
0.0
 11
261.0
 21
81.92040025527028
 31
0.0
  0
LINE
  5
B2F
330
17
100
AcDbEntity
  8
GEOMETRY
100
AcDbLine
 10
261.0
 20
81.92040025527028
 30
0.0
 11
261.0
 21
81.99999999999997
 31
0.0
  0
LINE
  5
B30
330
17
100
AcDbEntity
  8
GEOMETRY
100
AcDbLine
 10
261.0
 20
89.99999999999997
 30
0.0
 11
261.0
 21
75.99999999999997
 31
0.0
  0
LINE
  5
B31
330
17
100
AcDbEntity
  8
GEOMETRY
100
AcDbLine
 10
261.0
 20
75.99999999999997
 30
0.0
 11
261.0
 21
75.95101554170478
 31
0.0
  0
LINE
  5
B32
330
17
100
AcDbEntity
  8
GEOMETRY
100
AcDbLine
 10
261.0
 20
75.95101554170478
 30
0.0
 11
261.0
 21
75.90203108340958
 31
0.0
  0
LINE
  5
B33
330
17
100
AcDbEntity
  8
GEOMETRY
100
AcDbLine
 10
261.0
 20
75.90203108340958
 30
0.0
 11
261.0
 21
75.85304662511439
 31
0.0
  0
LINE
  5
B34
330
17
100
AcDbEntity
  8
GEOMETRY
100
AcDbLine
 10
261.0
 20
75.85304662511439
 30
0.0
 11
261.0
 21
75.80406216681918
 31
0.0
  0
LINE
  5
B35
330
17
100
AcDbEntity
  8
GEOMETRY
100
AcDbLine
 10
261.0
 20
75.80406216681918
 30
0.0
 11
261.0
 21
75.75534171194592
 31
0.0
  0
LINE
  5
B36
330
17
100
AcDbEntity
  8
GEOMETRY
100
AcDbLine
 10
261.0
 20
75.75534171194592
 30
0.0
 11
261.0
 21
75.70697326163523
 31
0.0
  0
LINE
  5
B37
330
17
100
AcDbEntity
  8
GEOMETRY
100
AcDbLine
 10
261.0
 20
75.70697326163523
 30
0.0
 11
261.0
 21
75.65860481132454
 31
0.0
  0
LINE
  5
B38
330
17
100
AcDbEntity
  8
GEOMETRY
100
AcDbLine
 10
261.0
 20
75.65860481132454
 30
0.0
 11
261.0
 21
75.61023636101385
 31
0.0
  0
LINE
  5
B39
330
17
100
AcDbEntity
  8
GEOMETRY
100
AcDbLine
 10
261.0
 20
75.61023636101385
 30
0.0
 11
261.0
 21
75.56186791070316
 31
0.0
  0
LINE
  5
B3A
330
17
100
AcDbEntity
  8
GEOMETRY
100
AcDbLine
 10
261.0
 20
75.56186791070316
 30
0.0
 11
261.0
 21
75.51454883408778
 31
0.0
  0
LINE
  5
B3B
330
17
100
AcDbEntity
  8
GEOMETRY
100
AcDbLine
 10
261.0
 20
75.51454883408778
 30
0.0
 11
261.0
 21
75.46740465308827
 31
0.0
  0
LINE
  5
B3C
330
17
100
AcDbEntity
  8
GEOMETRY
100
AcDbLine
 10
261.0
 20
75.46740465308827
 30
0.0
 11
261.0
 21
75.42026047208878
 31
0.0
  0
LINE
  5
B3D
330
17
100
AcDbEntity
  8
GEOMETRY
100
AcDbLine
 10
261.0
 20
75.42026047208878
 30
0.0
 11
261.0
 21
75.37311629108927
 31
0.0
  0
LINE
  5
B3E
330
17
100
AcDbEntity
  8
GEOMETRY
100
AcDbLine
 10
261.0
 20
75.37311629108927
 30
0.0
 11
261.0
 21
75.32649129144434
 31
0.0
  0
LINE
  5
B3F
330
17
100
AcDbEntity
  8
GEOMETRY
100
AcDbLine
 10
261.0
 20
75.32649129144434
 30
0.0
 11
261.0
 21
75.28116424518579
 31
0.0
  0
LINE
  5
B40
330
17
100
AcDbEntity
  8
GEOMETRY
100
AcDbLine
 10
261.0
 20
75.28116424518579
 30
0.0
 11
261.0
 21
75.23583719892724
 31
0.0
  0
LINE
  5
B41
330
17
100
AcDbEntity
  8
GEOMETRY
100
AcDbLine
 10
261.0
 20
75.23583719892724
 30
0.0
 11
261.0
 21
75.19051015266871
 31
0.0
  0
LINE
  5
B42
330
17
100
AcDbEntity
  8
GEOMETRY
100
AcDbLine
 10
261.0
 20
75.19051015266871
 30
0.0
 11
261.0
 21
75.14518310641016
 31
0.0
  0
LINE
  5
B43
330
17
100
AcDbEntity
  8
GEOMETRY
100
AcDbLine
 10
261.0
 20
75.14518310641016
 30
0.0
 11
261.0
 21
75.10156116632805
 31
0.0
  0
LINE
  5
B44
330
17
100
AcDbEntity
  8
GEOMETRY
100
AcDbLine
 10
261.0
 20
75.10156116632805
 30
0.0
 11
261.0
 21
75.05862126871652
 31
0.0
  0
LINE
  5
B45
330
17
100
AcDbEntity
  8
GEOMETRY
100
AcDbLine
 10
261.0
 20
75.05862126871652
 30
0.0
 11
261.0
 21
75.01568137110499
 31
0.0
  0
LINE
  5
B46
330
17
100
AcDbEntity
  8
GEOMETRY
100
AcDbLine
 10
261.0
 20
75.01568137110499
 30
0.0
 11
261.0
 21
74.97274147349347
 31
0.0
  0
LINE
  5
B47
330
17
100
AcDbEntity
  8
GEOMETRY
100
AcDbLine
 10
261.0
 20
74.97274147349347
 30
0.0
 11
261.0
 21
74.93021973913534
 31
0.0
  0
LINE
  5
B48
330
17
100
AcDbEntity
  8
GEOMETRY
100
AcDbLine
 10
261.0
 20
74.93021973913534
 30
0.0
 11
261.0
 21
74.8902069842976
 31
0.0
  0
LINE
  5
B49
330
17
100
AcDbEntity
  8
GEOMETRY
100
AcDbLine
 10
261.0
 20
74.8902069842976
 30
0.0
 11
261.0
 21
74.85019422945986
 31
0.0
  0
LINE
  5
B4A
330
17
100
AcDbEntity
  8
GEOMETRY
100
AcDbLine
 10
261.0
 20
74.85019422945986
 30
0.0
 11
261.0
 21
74.81018147462213
 31
0.0
  0
LINE
  5
B4B
330
17
100
AcDbEntity
  8
GEOMETRY
100
AcDbLine
 10
261.0
 20
74.81018147462213
 30
0.0
 11
261.0
 21
74.7701687197844
 31
0.0
  0
LINE
  5
B4C
330
17
100
AcDbEntity
  8
GEOMETRY
100
AcDbLine
 10
261.0
 20
74.7701687197844
 30
0.0
 11
261.0
 21
74.73211615145055
 31
0.0
  0
LINE
  5
B4D
330
17
100
AcDbEntity
  8
GEOMETRY
100
AcDbLine
 10
261.0
 20
74.73211615145055
 30
0.0
 11
261.0
 21
74.69553372299464
 31
0.0
  0
LINE
  5
B4E
330
17
100
AcDbEntity
  8
GEOMETRY
100
AcDbLine
 10
261.0
 20
74.69553372299464
 30
0.0
 11
261.0
 21
74.65895129453871
 31
0.0
  0
LINE
  5
B4F
330
17
100
AcDbEntity
  8
GEOMETRY
100
AcDbLine
 10
261.0
 20
74.65895129453871
 30
0.0
 11
261.0
 21
74.6223688660828
 31
0.0
  0
LINE
  5
B50
330
17
100
AcDbEntity
  8
GEOMETRY
100
AcDbLine
 10
261.0
 20
74.6223688660828
 30
0.0
 11
261.0
 21
74.58578643762688
 31
0.0
  0
LINE
  5
B51
330
17
100
AcDbEntity
  8
GEOMETRY
100
AcDbLine
 10
261.0
 20
74.58578643762688
 30
0.0
 11
261.0
 21
74.55309438081622
 31
0.0
  0
LINE
  5
B52
330
17
100
AcDbEntity
  8
GEOMETRY
100
AcDbLine
 10
261.0
 20
74.55309438081622
 30
0.0
 11
261.0
 21
74.52040232400557
 31
0.0
  0
LINE
  5
B53
330
17
100
AcDbEntity
  8
GEOMETRY
100
AcDbLine
 10
261.0
 20
74.52040232400557
 30
0.0
 11
261.0
 21
74.48771026719493
 31
0.0
  0
LINE
  5
B54
330
17
100
AcDbEntity
  8
GEOMETRY
100
AcDbLine
 10
261.0
 20
74.48771026719493
 30
0.0
 11
261.0
 21
74.45501821038428
 31
0.0
  0
LINE
  5
B55
330
17
100
AcDbEntity
  8
GEOMETRY
100
AcDbLine
 10
261.0
 20
74.45501821038428
 30
0.0
 11
261.0
 21
74.42416965067136
 31
0.0
  0
LINE
  5
B56
330
17
100
AcDbEntity
  8
GEOMETRY
100
AcDbLine
 10
261.0
 20
74.42416965067136
 30
0.0
 11
261.0
 21
74.39577908708875
 31
0.0
  0
LINE
  5
B57
330
17
100
AcDbEntity
  8
GEOMETRY
100
AcDbLine
 10
261.0
 20
74.39577908708875
 30
0.0
 11
261.0
 21
74.36738852350614
 31
0.0
  0
LINE
  5
B58
330
17
100
AcDbEntity
  8
GEOMETRY
100
AcDbLine
 10
261.0
 20
74.36738852350614
 30
0.0
 11
261.0
 21
74.33899795992353
 31
0.0
  0
LINE
  5
B59
330
17
100
AcDbEntity
  8
GEOMETRY
100
AcDbLine
 10
261.0
 20
74.33899795992353
 30
0.0
 11
261.0
 21
74.31060739634091
 31
0.0
  0
LINE
  5
B5A
330
17
100
AcDbEntity
  8
GEOMETRY
100
AcDbLine
 10
261.0
 20
74.31060739634091
 30
0.0
 11
261.0
 21
74.2862098507906
 31
0.0
  0
LINE
  5
B5B
330
17
100
AcDbEntity
  8
GEOMETRY
100
AcDbLine
 10
261.0
 20
74.2862098507906
 30
0.0
 11
261.0
 21
74.26247780824568
 31
0.0
  0
LINE
  5
B5C
330
17
100
AcDbEntity
  8
GEOMETRY
100
AcDbLine
 10
261.0
 20
74.26247780824568
 30
0.0
 11
261.0
 21
74.23874576570074
 31
0.0
  0
LINE
  5
B5D
330
17
100
AcDbEntity
  8
GEOMETRY
100
AcDbLine
 10
261.0
 20
74.23874576570074
 30
0.0
 11
261.0
 21
74.2150137231558
 31
0.0
  0
LINE
  5
B5E
330
17
100
AcDbEntity
  8
GEOMETRY
100
AcDbLine
 10
261.0
 20
74.2150137231558
 30
0.0
 11
261.0
 21
74.1926979563944
 31
0.0
  0
LINE
  5
B5F
330
17
100
AcDbEntity
  8
GEOMETRY
100
AcDbLine
 10
261.0
 20
74.1926979563944
 30
0.0
 11
261.0
 21
74.17392287909179
 31
0.0
  0
LINE
  5
B60
330
17
100
AcDbEntity
  8
GEOMETRY
100
AcDbLine
 10
261.0
 20
74.17392287909179
 30
0.0
 11
261.0
 21
74.15514780178918
 31
0.0
  0
LINE
  5
B61
330
17
100
AcDbEntity
  8
GEOMETRY
100
AcDbLine
 10
261.0
 20
74.15514780178918
 30
0.0
 11
261.0
 21
74.13637272448659
 31
0.0
  0
LINE
  5
B62
330
17
100
AcDbEntity
  8
GEOMETRY
100
AcDbLine
 10
261.0
 20
74.13637272448659
 30
0.0
 11
261.0
 21
74.11759764718398
 31
0.0
  0
LINE
  5
B63
330
17
100
AcDbEntity
  8
GEOMETRY
100
AcDbLine
 10
261.0
 20
74.11759764718398
 30
0.0
 11
261.0
 21
74.10253190754779
 31
0.0
  0
LINE
  5
B64
330
17
100
AcDbEntity
  8
GEOMETRY
100
AcDbLine
 10
261.0
 20
74.10253190754779
 30
0.0
 11
261.0
 21
74.08894990297814
 31
0.0
  0
LINE
  5
B65
330
17
100
AcDbEntity
  8
GEOMETRY
100
AcDbLine
 10
261.0
 20
74.08894990297814
 30
0.0
 11
261.0
 21
74.0753678984085
 31
0.0
  0
LINE
  5
B66
330
17
100
AcDbEntity
  8
GEOMETRY
100
AcDbLine
 10
261.0
 20
74.0753678984085
 30
0.0
 11
261.0
 21
74.06178589383887
 31
0.0
  0
LINE
  5
B67
330
17
100
AcDbEntity
  8
GEOMETRY
100
AcDbLine
 10
261.0
 20
74.06178589383887
 30
0.0
 11
261.0
 21
74.04897015702936
 31
0.0
  0
LINE
  5
B68
330
17
100
AcDbEntity
  8
GEOMETRY
100
AcDbLine
 10
261.0
 20
74.04897015702936
 30
0.0
 11
261.0
 21
74.04075202678061
 31
0.0
  0
LINE
  5
B69
330
17
100
AcDbEntity
  8
GEOMETRY
100
AcDbLine
 10
261.0
 20
74.04075202678061
 30
0.0
 11
261.0
 21
74.03253389653187
 31
0.0
  0
LINE
  5
B6A
330
17
100
AcDbEntity
  8
GEOMETRY
100
AcDbLine
 10
261.0
 20
74.03253389653187
 30
0.0
 11
261.0
 21
74.02431576628312
 31
0.0
  0
LINE
  5
B6B
330
17
100
AcDbEntity
  8
GEOMETRY
100
AcDbLine
 10
261.0
 20
74.02431576628312
 30
0.0
 11
261.0
 21
74.01609763603437
 31
0.0
  0
LINE
  5
B6C
330
17
100
AcDbEntity
  8
GEOMETRY
100
AcDbLine
 10
261.0
 20
74.01609763603437
 30
0.0
 11
261.0
 21
74.0110036326868
 31
0.0
  0
LINE
  5
B6D
330
17
100
AcDbEntity
  8
GEOMETRY
100
AcDbLine
 10
261.0
 20
74.0110036326868
 30
0.0
 11
261.0
 21
74.00825272451509
 31
0.0
  0
LINE
  5
B6E
330
17
100
AcDbEntity
  8
GEOMETRY
100
AcDbLine
 10
261.0
 20
74.00825272451509
 30
0.0
 11
261.0
 21
74.00550181634338
 31
0.0
  0
LINE
  5
B6F
330
17
100
AcDbEntity
  8
GEOMETRY
100
AcDbLine
 10
261.0
 20
74.00550181634338
 30
0.0
 11
261.0
 21
74.00275090817168
 31
0.0
  0
LINE
  5
B70
330
17
100
AcDbEntity
  8
GEOMETRY
100
AcDbLine
 10
261.0
 20
74.00275090817168
 30
0.0
 11
261.0
 21
73.99999999999997
 31
0.0
  0
LINE
  5
B71
330
17
100
AcDbEntity
  8
GEOMETRY
100
AcDbLine
 10
261.0
 20
73.99999999999996
 30
0.0
 11
261.0
 21
74.00275090817166
 31
0.0
  0
LINE
  5
B72
330
17
100
AcDbEntity
  8
GEOMETRY
100
AcDbLine
 10
261.0
 20
74.00275090817166
 30
0.0
 11
261.0
 21
74.00550181634337
 31
0.0
  0
LINE
  5
B73
330
17
100
AcDbEntity
  8
GEOMETRY
100
AcDbLine
 10
261.0
 20
74.00550181634337
 30
0.0
 11
261.0
 21
74.00825272451507
 31
0.0
  0
LINE
  5
B74
330
17
100
AcDbEntity
  8
GEOMETRY
100
AcDbLine
 10
261.0
 20
74.00825272451507
 30
0.0
 11
261.0
 21
74.0110036326868
 31
0.0
  0
LINE
  5
B75
330
17
100
AcDbEntity
  8
GEOMETRY
100
AcDbLine
 10
261.0
 20
74.0110036326868
 30
0.0
 11
261.0
 21
74.01609763603437
 31
0.0
  0
LINE
  5
B76
330
17
100
AcDbEntity
  8
GEOMETRY
100
AcDbLine
 10
261.0
 20
74.01609763603437
 30
0.0
 11
261.0
 21
74.02431576628311
 31
0.0
  0
LINE
  5
B77
330
17
100
AcDbEntity
  8
GEOMETRY
100
AcDbLine
 10
261.0
 20
74.02431576628311
 30
0.0
 11
261.0
 21
74.03253389653186
 31
0.0
  0
LINE
  5
B78
330
17
100
AcDbEntity
  8
GEOMETRY
100
AcDbLine
 10
261.0
 20
74.03253389653186
 30
0.0
 11
261.0
 21
74.04075202678061
 31
0.0
  0
LINE
  5
B79
330
17
100
AcDbEntity
  8
GEOMETRY
100
AcDbLine
 10
261.0
 20
74.04075202678061
 30
0.0
 11
261.0
 21
74.04897015702934
 31
0.0
  0
LINE
  5
B7A
330
17
100
AcDbEntity
  8
GEOMETRY
100
AcDbLine
 10
261.0
 20
74.04897015702934
 30
0.0
 11
261.0
 21
74.06178589383886
 31
0.0
  0
LINE
  5
B7B
330
17
100
AcDbEntity
  8
GEOMETRY
100
AcDbLine
 10
261.0
 20
74.06178589383886
 30
0.0
 11
261.0
 21
74.0753678984085
 31
0.0
  0
LINE
  5
B7C
330
17
100
AcDbEntity
  8
GEOMETRY
100
AcDbLine
 10
261.0
 20
74.0753678984085
 30
0.0
 11
261.0
 21
74.08894990297813
 31
0.0
  0
LINE
  5
B7D
330
17
100
AcDbEntity
  8
GEOMETRY
100
AcDbLine
 10
261.0
 20
74.08894990297813
 30
0.0
 11
261.0
 21
74.10253190754777
 31
0.0
  0
LINE
  5
B7E
330
17
100
AcDbEntity
  8
GEOMETRY
100
AcDbLine
 10
261.0
 20
74.10253190754777
 30
0.0
 11
261.0
 21
74.11759764718397
 31
0.0
  0
LINE
  5
B7F
330
17
100
AcDbEntity
  8
GEOMETRY
100
AcDbLine
 10
261.0
 20
74.11759764718397
 30
0.0
 11
261.0
 21
74.13637272448658
 31
0.0
  0
LINE
  5
B80
330
17
100
AcDbEntity
  8
GEOMETRY
100
AcDbLine
 10
261.0
 20
74.13637272448658
 30
0.0
 11
261.0
 21
74.15514780178918
 31
0.0
  0
LINE
  5
B81
330
17
100
AcDbEntity
  8
GEOMETRY
100
AcDbLine
 10
261.0
 20
74.15514780178918
 30
0.0
 11
261.0
 21
74.17392287909178
 31
0.0
  0
LINE
  5
B82
330
17
100
AcDbEntity
  8
GEOMETRY
100
AcDbLine
 10
261.0
 20
74.17392287909178
 30
0.0
 11
261.0
 21
74.19269795639438
 31
0.0
  0
LINE
  5
B83
330
17
100
AcDbEntity
  8
GEOMETRY
100
AcDbLine
 10
261.0
 20
74.19269795639438
 30
0.0
 11
261.0
 21
74.21501372315579
 31
0.0
  0
LINE
  5
B84
330
17
100
AcDbEntity
  8
GEOMETRY
100
AcDbLine
 10
261.0
 20
74.21501372315579
 30
0.0
 11
261.0
 21
74.23874576570073
 31
0.0
  0
LINE
  5
B85
330
17
100
AcDbEntity
  8
GEOMETRY
100
AcDbLine
 10
261.0
 20
74.23874576570073
 30
0.0
 11
261.0
 21
74.26247780824566
 31
0.0
  0
LINE
  5
B86
330
17
100
AcDbEntity
  8
GEOMETRY
100
AcDbLine
 10
261.0
 20
74.26247780824566
 30
0.0
 11
261.0
 21
74.28620985079058
 31
0.0
  0
LINE
  5
B87
330
17
100
AcDbEntity
  8
GEOMETRY
100
AcDbLine
 10
261.0
 20
74.28620985079058
 30
0.0
 11
261.0
 21
74.31060739634091
 31
0.0
  0
LINE
  5
B88
330
17
100
AcDbEntity
  8
GEOMETRY
100
AcDbLine
 10
261.0
 20
74.31060739634091
 30
0.0
 11
261.0
 21
74.33899795992352
 31
0.0
  0
LINE
  5
B89
330
17
100
AcDbEntity
  8
GEOMETRY
100
AcDbLine
 10
261.0
 20
74.33899795992352
 30
0.0
 11
261.0
 21
74.36738852350614
 31
0.0
  0
LINE
  5
B8A
330
17
100
AcDbEntity
  8
GEOMETRY
100
AcDbLine
 10
261.0
 20
74.36738852350614
 30
0.0
 11
261.0
 21
74.39577908708874
 31
0.0
  0
LINE
  5
B8B
330
17
100
AcDbEntity
  8
GEOMETRY
100
AcDbLine
 10
261.0
 20
74.39577908708874
 30
0.0
 11
261.0
 21
74.42416965067136
 31
0.0
  0
LINE
  5
B8C
330
17
100
AcDbEntity
  8
GEOMETRY
100
AcDbLine
 10
261.0
 20
74.42416965067136
 30
0.0
 11
261.0
 21
74.45501821038428
 31
0.0
  0
LINE
  5
B8D
330
17
100
AcDbEntity
  8
GEOMETRY
100
AcDbLine
 10
261.0
 20
74.45501821038428
 30
0.0
 11
261.0
 21
74.48771026719493
 31
0.0
  0
LINE
  5
B8E
330
17
100
AcDbEntity
  8
GEOMETRY
100
AcDbLine
 10
261.0
 20
74.48771026719493
 30
0.0
 11
261.0
 21
74.52040232400557
 31
0.0
  0
LINE
  5
B8F
330
17
100
AcDbEntity
  8
GEOMETRY
100
AcDbLine
 10
261.0
 20
74.52040232400557
 30
0.0
 11
261.0
 21
74.55309438081622
 31
0.0
  0
LINE
  5
B90
330
17
100
AcDbEntity
  8
GEOMETRY
100
AcDbLine
 10
261.0
 20
74.55309438081622
 30
0.0
 11
261.0
 21
74.58578643762687
 31
0.0
  0
LINE
  5
B91
330
17
100
AcDbEntity
  8
GEOMETRY
100
AcDbLine
 10
261.0
 20
74.58578643762687
 30
0.0
 11
261.0
 21
74.62236886608278
 31
0.0
  0
LINE
  5
B92
330
17
100
AcDbEntity
  8
GEOMETRY
100
AcDbLine
 10
261.0
 20
74.62236886608278
 30
0.0
 11
261.0
 21
74.65895129453871
 31
0.0
  0
LINE
  5
B93
330
17
100
AcDbEntity
  8
GEOMETRY
100
AcDbLine
 10
261.0
 20
74.65895129453871
 30
0.0
 11
261.0
 21
74.69553372299463
 31
0.0
  0
LINE
  5
B94
330
17
100
AcDbEntity
  8
GEOMETRY
100
AcDbLine
 10
261.0
 20
74.69553372299463
 30
0.0
 11
261.0
 21
74.73211615145054
 31
0.0
  0
LINE
  5
B95
330
17
100
AcDbEntity
  8
GEOMETRY
100
AcDbLine
 10
261.0
 20
74.73211615145054
 30
0.0
 11
261.0
 21
74.77016871978438
 31
0.0
  0
LINE
  5
B96
330
17
100
AcDbEntity
  8
GEOMETRY
100
AcDbLine
 10
261.0
 20
74.77016871978438
 30
0.0
 11
261.0
 21
74.81018147462213
 31
0.0
  0
LINE
  5
B97
330
17
100
AcDbEntity
  8
GEOMETRY
100
AcDbLine
 10
261.0
 20
74.81018147462213
 30
0.0
 11
261.0
 21
74.85019422945986
 31
0.0
  0
LINE
  5
B98
330
17
100
AcDbEntity
  8
GEOMETRY
100
AcDbLine
 10
261.0
 20
74.85019422945986
 30
0.0
 11
261.0
 21
74.89020698429759
 31
0.0
  0
LINE
  5
B99
330
17
100
AcDbEntity
  8
GEOMETRY
100
AcDbLine
 10
261.0
 20
74.89020698429759
 30
0.0
 11
261.0
 21
74.93021973913534
 31
0.0
  0
LINE
  5
B9A
330
17
100
AcDbEntity
  8
GEOMETRY
100
AcDbLine
 10
261.0
 20
74.93021973913534
 30
0.0
 11
261.0
 21
74.97274147349346
 31
0.0
  0
LINE
  5
B9B
330
17
100
AcDbEntity
  8
GEOMETRY
100
AcDbLine
 10
261.0
 20
74.97274147349346
 30
0.0
 11
261.0
 21
75.01568137110499
 31
0.0
  0
LINE
  5
B9C
330
17
100
AcDbEntity
  8
GEOMETRY
100
AcDbLine
 10
261.0
 20
75.01568137110499
 30
0.0
 11
261.0
 21
75.05862126871652
 31
0.0
  0
LINE
  5
B9D
330
17
100
AcDbEntity
  8
GEOMETRY
100
AcDbLine
 10
261.0
 20
75.05862126871652
 30
0.0
 11
261.0
 21
75.10156116632805
 31
0.0
  0
LINE
  5
B9E
330
17
100
AcDbEntity
  8
GEOMETRY
100
AcDbLine
 10
261.0
 20
75.10156116632805
 30
0.0
 11
261.0
 21
75.14518310641014
 31
0.0
  0
LINE
  5
B9F
330
17
100
AcDbEntity
  8
GEOMETRY
100
AcDbLine
 10
261.0
 20
75.14518310641014
 30
0.0
 11
261.0
 21
75.1905101526687
 31
0.0
  0
LINE
  5
BA0
330
17
100
AcDbEntity
  8
GEOMETRY
100
AcDbLine
 10
261.0
 20
75.1905101526687
 30
0.0
 11
261.0
 21
75.23583719892724
 31
0.0
  0
LINE
  5
BA1
330
17
100
AcDbEntity
  8
GEOMETRY
100
AcDbLine
 10
261.0
 20
75.23583719892724
 30
0.0
 11
261.0
 21
75.28116424518579
 31
0.0
  0
LINE
  5
BA2
330
17
100
AcDbEntity
  8
GEOMETRY
100
AcDbLine
 10
261.0
 20
75.28116424518579
 30
0.0
 11
261.0
 21
75.32649129144434
 31
0.0
  0
LINE
  5
BA3
330
17
100
AcDbEntity
  8
GEOMETRY
100
AcDbLine
 10
261.0
 20
75.32649129144434
 30
0.0
 11
261.0
 21
75.37311629108927
 31
0.0
  0
LINE
  5
BA4
330
17
100
AcDbEntity
  8
GEOMETRY
100
AcDbLine
 10
261.0
 20
75.37311629108927
 30
0.0
 11
261.0
 21
75.42026047208877
 31
0.0
  0
LINE
  5
BA5
330
17
100
AcDbEntity
  8
GEOMETRY
100
AcDbLine
 10
261.0
 20
75.42026047208877
 30
0.0
 11
261.0
 21
75.46740465308827
 31
0.0
  0
LINE
  5
BA6
330
17
100
AcDbEntity
  8
GEOMETRY
100
AcDbLine
 10
261.0
 20
75.46740465308827
 30
0.0
 11
261.0
 21
75.51454883408778
 31
0.0
  0
LINE
  5
BA7
330
17
100
AcDbEntity
  8
GEOMETRY
100
AcDbLine
 10
261.0
 20
75.51454883408778
 30
0.0
 11
261.0
 21
75.56186791070316
 31
0.0
  0
LINE
  5
BA8
330
17
100
AcDbEntity
  8
GEOMETRY
100
AcDbLine
 10
261.0
 20
75.56186791070316
 30
0.0
 11
261.0
 21
75.61023636101385
 31
0.0
  0
LINE
  5
BA9
330
17
100
AcDbEntity
  8
GEOMETRY
100
AcDbLine
 10
261.0
 20
75.61023636101385
 30
0.0
 11
261.0
 21
75.65860481132454
 31
0.0
  0
LINE
  5
BAA
330
17
100
AcDbEntity
  8
GEOMETRY
100
AcDbLine
 10
261.0
 20
75.65860481132454
 30
0.0
 11
261.0
 21
75.70697326163523
 31
0.0
  0
LINE
  5
BAB
330
17
100
AcDbEntity
  8
GEOMETRY
100
AcDbLine
 10
261.0
 20
75.70697326163523
 30
0.0
 11
261.0
 21
75.75534171194592
 31
0.0
  0
LINE
  5
BAC
330
17
100
AcDbEntity
  8
GEOMETRY
100
AcDbLine
 10
261.0
 20
75.75534171194592
 30
0.0
 11
261.0
 21
75.80406216681918
 31
0.0
  0
LINE
  5
BAD
330
17
100
AcDbEntity
  8
GEOMETRY
100
AcDbLine
 10
261.0
 20
75.80406216681918
 30
0.0
 11
261.0
 21
75.85304662511439
 31
0.0
  0
LINE
  5
BAE
330
17
100
AcDbEntity
  8
GEOMETRY
100
AcDbLine
 10
261.0
 20
75.85304662511439
 30
0.0
 11
261.0
 21
75.90203108340958
 31
0.0
  0
LINE
  5
BAF
330
17
100
AcDbEntity
  8
GEOMETRY
100
AcDbLine
 10
261.0
 20
75.90203108340958
 30
0.0
 11
261.0
 21
75.95101554170478
 31
0.0
  0
LINE
  5
BB0
330
17
100
AcDbEntity
  8
GEOMETRY
100
AcDbLine
 10
261.0
 20
75.95101554170478
 30
0.0
 11
261.0
 21
75.99999999999997
 31
0.0
  0
LINE
  5
BB1
330
17
100
AcDbEntity
  8
GEOMETRY
100
AcDbLine
 10
261.0
 20
89.99999999999997
 30
0.0
 11
261.0
 21
75.99999999999997
 31
0.0
  0
LINE
  5
BB2
330
17
100
AcDbEntity
  8
GEOMETRY
100
AcDbLine
 10
259.0
 20
81.99999999999997
 30
0.0
 11
259.0
 21
82.07959974472966
 31
0.0
  0
LINE
  5
BB3
330
17
100
AcDbEntity
  8
GEOMETRY
100
AcDbLine
 10
259.0
 20
82.07959974472966
 30
0.0
 11
259.0
 21
82.15919948945937
 31
0.0
  0
LINE
  5
BB4
330
17
100
AcDbEntity
  8
GEOMETRY
100
AcDbLine
 10
259.0
 20
82.15919948945937
 30
0.0
 11
259.0
 21
82.23879923418906
 31
0.0
  0
LINE
  5
BB5
330
17
100
AcDbEntity
  8
GEOMETRY
100
AcDbLine
 10
259.0
 20
82.23879923418906
 30
0.0
 11
259.0
 21
82.31839897891875
 31
0.0
  0
LINE
  5
BB6
330
17
100
AcDbEntity
  8
GEOMETRY
100
AcDbLine
 10
259.0
 20
82.31839897891875
 30
0.0
 11
259.0
 21
82.39756971808781
 31
0.0
  0
LINE
  5
BB7
330
17
100
AcDbEntity
  8
GEOMETRY
100
AcDbLine
 10
259.0
 20
82.39756971808781
 30
0.0
 11
259.0
 21
82.47616844984267
 31
0.0
  0
LINE
  5
BB8
330
17
100
AcDbEntity
  8
GEOMETRY
100
AcDbLine
 10
259.0
 20
82.47616844984267
 30
0.0
 11
259.0
 21
82.55476718159755
 31
0.0
  0
LINE
  5
BB9
330
17
100
AcDbEntity
  8
GEOMETRY
100
AcDbLine
 10
259.0
 20
82.55476718159755
 30
0.0
 11
259.0
 21
82.63336591335242
 31
0.0
  0
LINE
  5
BBA
330
17
100
AcDbEntity
  8
GEOMETRY
100
AcDbLine
 10
259.0
 20
82.63336591335242
 30
0.0
 11
259.0
 21
82.7119646451073
 31
0.0
  0
LINE
  5
BBB
330
17
100
AcDbEntity
  8
GEOMETRY
100
AcDbLine
 10
259.0
 20
82.7119646451073
 30
0.0
 11
259.0
 21
82.78885814460729
 31
0.0
  0
LINE
  5
BBC
330
17
100
AcDbEntity
  8
GEOMETRY
100
AcDbLine
 10
259.0
 20
82.78885814460729
 30
0.0
 11
259.0
 21
82.86546743873149
 31
0.0
  0
LINE
  5
BBD
330
17
100
AcDbEntity
  8
GEOMETRY
100
AcDbLine
 10
259.0
 20
82.86546743873149
 30
0.0
 11
259.0
 21
82.94207673285567
 31
0.0
  0
LINE
  5
BBE
330
17
100
AcDbEntity
  8
GEOMETRY
100
AcDbLine
 10
259.0
 20
82.94207673285567
 30
0.0
 11
259.0
 21
83.01868602697985
 31
0.0
  0
LINE
  5
BBF
330
17
100
AcDbEntity
  8
GEOMETRY
100
AcDbLine
 10
259.0
 20
83.01868602697985
 30
0.0
 11
259.0
 21
83.09445165140288
 31
0.0
  0
LINE
  5
BC0
330
17
100
AcDbEntity
  8
GEOMETRY
100
AcDbLine
 10
259.0
 20
83.09445165140288
 30
0.0
 11
259.0
 21
83.16810810157301
 31
0.0
  0
LINE
  5
BC1
330
17
100
AcDbEntity
  8
GEOMETRY
100
AcDbLine
 10
259.0
 20
83.16810810157301
 30
0.0
 11
259.0
 21
83.24176455174315
 31
0.0
  0
LINE
  5
BC2
330
17
100
AcDbEntity
  8
GEOMETRY
100
AcDbLine
 10
259.0
 20
83.24176455174315
 30
0.0
 11
259.0
 21
83.3154210019133
 31
0.0
  0
LINE
  5
BC3
330
17
100
AcDbEntity
  8
GEOMETRY
100
AcDbLine
 10
259.0
 20
83.3154210019133
 30
0.0
 11
259.0
 21
83.38907745208343
 31
0.0
  0
LINE
  5
BC4
330
17
100
AcDbEntity
  8
GEOMETRY
100
AcDbLine
 10
259.0
 20
83.38907745208343
 30
0.0
 11
259.0
 21
83.45996310471685
 31
0.0
  0
LINE
  5
BC5
330
17
100
AcDbEntity
  8
GEOMETRY
100
AcDbLine
 10
259.0
 20
83.45996310471685
 30
0.0
 11
259.0
 21
83.52974043833558
 31
0.0
  0
LINE
  5
BC6
330
17
100
AcDbEntity
  8
GEOMETRY
100
AcDbLine
 10
259.0
 20
83.52974043833558
 30
0.0
 11
259.0
 21
83.59951777195431
 31
0.0
  0
LINE
  5
BC7
330
17
100
AcDbEntity
  8
GEOMETRY
100
AcDbLine
 10
259.0
 20
83.59951777195431
 30
0.0
 11
259.0
 21
83.66929510557304
 31
0.0
  0
LINE
  5
BC8
330
17
100
AcDbEntity
  8
GEOMETRY
100
AcDbLine
 10
259.0
 20
83.66929510557304
 30
0.0
 11
259.0
 21
83.738392923905
 31
0.0
  0
LINE
  5
BC9
330
17
100
AcDbEntity
  8
GEOMETRY
100
AcDbLine
 10
259.0
 20
83.738392923905
 30
0.0
 11
259.0
 21
83.80341365051632
 31
0.0
  0
LINE
  5
BCA
330
17
100
AcDbEntity
  8
GEOMETRY
100
AcDbLine
 10
259.0
 20
83.80341365051632
 30
0.0
 11
259.0
 21
83.86843437712764
 31
0.0
  0
LINE
  5
BCB
330
17
100
AcDbEntity
  8
GEOMETRY
100
AcDbLine
 10
259.0
 20
83.86843437712764
 30
0.0
 11
259.0
 21
83.93345510373896
 31
0.0
  0
LINE
  5
BCC
330
17
100
AcDbEntity
  8
GEOMETRY
100
AcDbLine
 10
259.0
 20
83.93345510373896
 30
0.0
 11
259.0
 21
83.99847583035029
 31
0.0
  0
LINE
  5
BCD
330
17
100
AcDbEntity
  8
GEOMETRY
100
AcDbLine
 10
259.0
 20
83.99847583035029
 30
0.0
 11
259.0
 21
84.06031125389278
 31
0.0
  0
LINE
  5
BCE
330
17
100
AcDbEntity
  8
GEOMETRY
100
AcDbLine
 10
259.0
 20
84.06031125389278
 30
0.0
 11
259.0
 21
84.11975770013365
 31
0.0
  0
LINE
  5
BCF
330
17
100
AcDbEntity
  8
GEOMETRY
100
AcDbLine
 10
259.0
 20
84.11975770013365
 30
0.0
 11
259.0
 21
84.17920414637452
 31
0.0
  0
LINE
  5
BD0
330
17
100
AcDbEntity
  8
GEOMETRY
100
AcDbLine
 10
259.0
 20
84.17920414637452
 30
0.0
 11
259.0
 21
84.23865059261539
 31
0.0
  0
LINE
  5
BD1
330
17
100
AcDbEntity
  8
GEOMETRY
100
AcDbLine
 10
259.0
 20
84.23865059261539
 30
0.0
 11
259.0
 21
84.29809703885626
 31
0.0
  0
LINE
  5
BD2
330
17
100
AcDbEntity
  8
GEOMETRY
100
AcDbLine
 10
259.0
 20
84.29809703885626
 30
0.0
 11
259.0
 21
84.35122163117356
 31
0.0
  0
LINE
  5
BD3
330
17
100
AcDbEntity
  8
GEOMETRY
100
AcDbLine
 10
259.0
 20
84.35122163117356
 30
0.0
 11
259.0
 21
84.40434622349086
 31
0.0
  0
LINE
  5
BD4
330
17
100
AcDbEntity
  8
GEOMETRY
100
AcDbLine
 10
259.0
 20
84.40434622349086
 30
0.0
 11
259.0
 21
84.45747081580816
 31
0.0
  0
LINE
  5
BD5
330
17
100
AcDbEntity
  8
GEOMETRY
100
AcDbLine
 10
259.0
 20
84.45747081580816
 30
0.0
 11
259.0
 21
84.51059540812547
 31
0.0
  0
LINE
  5
BD6
330
17
100
AcDbEntity
  8
GEOMETRY
100
AcDbLine
 10
259.0
 20
84.51059540812547
 30
0.0
 11
259.0
 21
84.56072431765895
 31
0.0
  0
LINE
  5
BD7
330
17
100
AcDbEntity
  8
GEOMETRY
100
AcDbLine
 10
259.0
 20
84.56072431765895
 30
0.0
 11
259.0
 21
84.6068589834807
 31
0.0
  0
LINE
  5
BD8
330
17
100
AcDbEntity
  8
GEOMETRY
100
AcDbLine
 10
259.0
 20
84.6068589834807
 30
0.0
 11
259.0
 21
84.65299364930245
 31
0.0
  0
LINE
  5
BD9
330
17
100
AcDbEntity
  8
GEOMETRY
100
AcDbLine
 10
259.0
 20
84.65299364930245
 30
0.0
 11
259.0
 21
84.69912831512418
 31
0.0
  0
LINE
  5
BDA
330
17
100
AcDbEntity
  8
GEOMETRY
100
AcDbLine
 10
259.0
 20
84.69912831512418
 30
0.0
 11
259.0
 21
84.74526298094594
 31
0.0
  0
LINE
  5
BDB
330
17
100
AcDbEntity
  8
GEOMETRY
100
AcDbLine
 10
259.0
 20
84.74526298094594
 30
0.0
 11
259.0
 21
84.78490899246519
 31
0.0
  0
LINE
  5
BDC
330
17
100
AcDbEntity
  8
GEOMETRY
100
AcDbLine
 10
259.0
 20
84.78490899246519
 30
0.0
 11
259.0
 21
84.82347356160071
 31
0.0
  0
LINE
  5
BDD
330
17
100
AcDbEntity
  8
GEOMETRY
100
AcDbLine
 10
259.0
 20
84.82347356160071
 30
0.0
 11
259.0
 21
84.86203813073624
 31
0.0
  0
LINE
  5
BDE
330
17
100
AcDbEntity
  8
GEOMETRY
100
AcDbLine
 10
259.0
 20
84.86203813073624
 30
0.0
 11
259.0
 21
84.90060269987175
 31
0.0
  0
LINE
  5
BDF
330
17
100
AcDbEntity
  8
GEOMETRY
100
AcDbLine
 10
259.0
 20
84.90060269987175
 30
0.0
 11
259.0
 21
84.93686582085904
 31
0.0
  0
LINE
  5
BE0
330
17
100
AcDbEntity
  8
GEOMETRY
100
AcDbLine
 10
259.0
 20
84.93686582085904
 30
0.0
 11
259.0
 21
84.96737532147577
 31
0.0
  0
LINE
  5
BE1
330
17
100
AcDbEntity
  8
GEOMETRY
100
AcDbLine
 10
259.0
 20
84.96737532147577
 30
0.0
 11
259.0
 21
84.9978848220925
 31
0.0
  0
LINE
  5
BE2
330
17
100
AcDbEntity
  8
GEOMETRY
100
AcDbLine
 10
259.0
 20
84.9978848220925
 30
0.0
 11
259.0
 21
85.02839432270923
 31
0.0
  0
LINE
  5
BE3
330
17
100
AcDbEntity
  8
GEOMETRY
100
AcDbLine
 10
259.0
 20
85.02839432270923
 30
0.0
 11
259.0
 21
85.05890382332596
 31
0.0
  0
LINE
  5
BE4
330
17
100
AcDbEntity
  8
GEOMETRY
100
AcDbLine
 10
259.0
 20
85.05890382332596
 30
0.0
 11
259.0
 21
85.08338565023477
 31
0.0
  0
LINE
  5
BE5
330
17
100
AcDbEntity
  8
GEOMETRY
100
AcDbLine
 10
259.0
 20
85.08338565023477
 30
0.0
 11
259.0
 21
85.10545640766044
 31
0.0
  0
LINE
  5
BE6
330
17
100
AcDbEntity
  8
GEOMETRY
100
AcDbLine
 10
259.0
 20
85.10545640766044
 30
0.0
 11
259.0
 21
85.1275271650861
 31
0.0
  0
LINE
  5
BE7
330
17
100
AcDbEntity
  8
GEOMETRY
100
AcDbLine
 10
259.0
 20
85.1275271650861
 30
0.0
 11
259.0
 21
85.14959792251176
 31
0.0
  0
LINE
  5
BE8
330
17
100
AcDbEntity
  8
GEOMETRY
100
AcDbLine
 10
259.0
 20
85.14959792251176
 30
0.0
 11
259.0
 21
85.17042349482722
 31
0.0
  0
LINE
  5
BE9
330
17
100
AcDbEntity
  8
GEOMETRY
100
AcDbLine
 10
259.0
 20
85.17042349482722
 30
0.0
 11
259.0
 21
85.18377795648142
 31
0.0
  0
LINE
  5
BEA
330
17
100
AcDbEntity
  8
GEOMETRY
100
AcDbLine
 10
259.0
 20
85.18377795648142
 30
0.0
 11
259.0
 21
85.19713241813564
 31
0.0
  0
LINE
  5
BEB
330
17
100
AcDbEntity
  8
GEOMETRY
100
AcDbLine
 10
259.0
 20
85.19713241813564
 30
0.0
 11
259.0
 21
85.21048687978985
 31
0.0
  0
LINE
  5
BEC
330
17
100
AcDbEntity
  8
GEOMETRY
100
AcDbLine
 10
259.0
 20
85.21048687978985
 30
0.0
 11
259.0
 21
85.22384134144406
 31
0.0
  0
LINE
  5
BED
330
17
100
AcDbEntity
  8
GEOMETRY
100
AcDbLine
 10
259.0
 20
85.22384134144406
 30
0.0
 11
259.0
 21
85.23211909688388
 31
0.0
  0
LINE
  5
BEE
330
17
100
AcDbEntity
  8
GEOMETRY
100
AcDbLine
 10
259.0
 20
85.23211909688388
 30
0.0
 11
259.0
 21
85.23658932266291
 31
0.0
  0
LINE
  5
BEF
330
17
100
AcDbEntity
  8
GEOMETRY
100
AcDbLine
 10
259.0
 20
85.23658932266291
 30
0.0
 11
259.0
 21
85.24105954844192
 31
0.0
  0
LINE
  5
BF0
330
17
100
AcDbEntity
  8
GEOMETRY
100
AcDbLine
 10
259.0
 20
85.24105954844192
 30
0.0
 11
259.0
 21
85.24552977422096
 31
0.0
  0
LINE
  5
BF1
330
17
100
AcDbEntity
  8
GEOMETRY
100
AcDbLine
 10
259.0
 20
85.24552977422096
 30
0.0
 11
259.0
 21
85.24999999999997
 31
0.0
  0
LINE
  5
BF2
330
17
100
AcDbEntity
  8
GEOMETRY
100
AcDbLine
 10
259.0
 20
85.24999999999997
 30
0.0
 11
259.0
 21
85.23217531256674
 31
0.0
  0
LINE
  5
BF3
330
17
100
AcDbEntity
  8
GEOMETRY
100
AcDbLine
 10
259.0
 20
85.23217531256674
 30
0.0
 11
259.0
 21
85.2143506251335
 31
0.0
  0
LINE
  5
BF4
330
17
100
AcDbEntity
  8
GEOMETRY
100
AcDbLine
 10
259.0
 20
85.2143506251335
 30
0.0
 11
259.0
 21
85.19652593770027
 31
0.0
  0
LINE
  5
BF5
330
17
100
AcDbEntity
  8
GEOMETRY
100
AcDbLine
 10
259.0
 20
85.19652593770027
 30
0.0
 11
259.0
 21
85.17870125026704
 31
0.0
  0
LINE
  5
BF6
330
17
100
AcDbEntity
  8
GEOMETRY
100
AcDbLine
 10
259.0
 20
85.17870125026704
 30
0.0
 11
259.0
 21
85.14598131828701
 31
0.0
  0
LINE
  5
BF7
330
17
100
AcDbEntity
  8
GEOMETRY
100
AcDbLine
 10
259.0
 20
85.14598131828701
 30
0.0
 11
259.0
 21
85.09340106024463
 31
0.0
  0
LINE
  5
BF8
330
17
100
AcDbEntity
  8
GEOMETRY
100
AcDbLine
 10
259.0
 20
85.09340106024463
 30
0.0
 11
259.0
 21
85.04082080220223
 31
0.0
  0
LINE
  5
BF9
330
17
100
AcDbEntity
  8
GEOMETRY
100
AcDbLine
 10
259.0
 20
85.04082080220223
 30
0.0
 11
259.0
 21
84.98824054415985
 31
0.0
  0
LINE
  5
BFA
330
17
100
AcDbEntity
  8
GEOMETRY
100
AcDbLine
 10
259.0
 20
84.98824054415985
 30
0.0
 11
259.0
 21
84.93566028611747
 31
0.0
  0
LINE
  5
BFB
330
17
100
AcDbEntity
  8
GEOMETRY
100
AcDbLine
 10
259.0
 20
84.93566028611747
 30
0.0
 11
259.0
 21
84.85554947643375
 31
0.0
  0
LINE
  5
BFC
330
17
100
AcDbEntity
  8
GEOMETRY
100
AcDbLine
 10
259.0
 20
84.85554947643375
 30
0.0
 11
259.0
 21
84.7708502414765
 31
0.0
  0
LINE
  5
BFD
330
17
100
AcDbEntity
  8
GEOMETRY
100
AcDbLine
 10
259.0
 20
84.7708502414765
 30
0.0
 11
259.0
 21
84.68615100651922
 31
0.0
  0
LINE
  5
BFE
330
17
100
AcDbEntity
  8
GEOMETRY
100
AcDbLine
 10
259.0
 20
84.68615100651922
 30
0.0
 11
259.0
 21
84.60145177156197
 31
0.0
  0
LINE
  5
BFF
330
17
100
AcDbEntity
  8
GEOMETRY
100
AcDbLine
 10
259.0
 20
84.60145177156197
 30
0.0
 11
259.0
 21
84.5087891641473
 31
0.0
  0
LINE
  5
C00
330
17
100
AcDbEntity
  8
GEOMETRY
100
AcDbLine
 10
259.0
 20
84.5087891641473
 30
0.0
 11
259.0
 21
84.39621812558913
 31
0.0
  0
LINE
  5
C01
330
17
100
AcDbEntity
  8
GEOMETRY
100
AcDbLine
 10
259.0
 20
84.39621812558913
 30
0.0
 11
259.0
 21
84.28364708703097
 31
0.0
  0
LINE
  5
C02
330
17
100
AcDbEntity
  8
GEOMETRY
100
AcDbLine
 10
259.0
 20
84.28364708703097
 30
0.0
 11
259.0
 21
84.1710760484728
 31
0.0
  0
LINE
  5
C03
330
17
100
AcDbEntity
  8
GEOMETRY
100
AcDbLine
 10
259.0
 20
84.1710760484728
 30
0.0
 11
259.0
 21
84.05850500991463
 31
0.0
  0
LINE
  5
C04
330
17
100
AcDbEntity
  8
GEOMETRY
100
AcDbLine
 10
259.0
 20
84.05850500991463
 30
0.0
 11
259.0
 21
83.93005752730511
 31
0.0
  0
LINE
  5
C05
330
17
100
AcDbEntity
  8
GEOMETRY
100
AcDbLine
 10
259.0
 20
83.93005752730511
 30
0.0
 11
259.0
 21
83.79525946707506
 31
0.0
  0
LINE
  5
C06
330
17
100
AcDbEntity
  8
GEOMETRY
100
AcDbLine
 10
259.0
 20
83.79525946707506
 30
0.0
 11
259.0
 21
83.660461406845
 31
0.0
  0
LINE
  5
C07
330
17
100
AcDbEntity
  8
GEOMETRY
100
AcDbLine
 10
259.0
 20
83.660461406845
 30
0.0
 11
259.0
 21
83.52566334661495
 31
0.0
  0
LINE
  5
C08
330
17
100
AcDbEntity
  8
GEOMETRY
100
AcDbLine
 10
259.0
 20
83.52566334661495
 30
0.0
 11
259.0
 21
83.38865561723284
 31
0.0
  0
LINE
  5
C09
330
17
100
AcDbEntity
  8
GEOMETRY
100
AcDbLine
 10
259.0
 20
83.38865561723284
 30
0.0
 11
259.0
 21
83.23838987293853
 31
0.0
  0
LINE
  5
C0A
330
17
100
AcDbEntity
  8
GEOMETRY
100
AcDbLine
 10
259.0
 20
83.23838987293853
 30
0.0
 11
259.0
 21
83.08812412864421
 31
0.0
  0
LINE
  5
C0B
330
17
100
AcDbEntity
  8
GEOMETRY
100
AcDbLine
 10
259.0
 20
83.08812412864421
 30
0.0
 11
259.0
 21
82.93785838434988
 31
0.0
  0
LINE
  5
C0C
330
17
100
AcDbEntity
  8
GEOMETRY
100
AcDbLine
 10
259.0
 20
82.93785838434988
 30
0.0
 11
259.0
 21
82.78759264005556
 31
0.0
  0
LINE
  5
C0D
330
17
100
AcDbEntity
  8
GEOMETRY
100
AcDbLine
 10
259.0
 20
82.78759264005556
 30
0.0
 11
259.0
 21
82.63279390593824
 31
0.0
  0
LINE
  5
C0E
330
17
100
AcDbEntity
  8
GEOMETRY
100
AcDbLine
 10
259.0
 20
82.63279390593824
 30
0.0
 11
259.0
 21
82.47459542945367
 31
0.0
  0
LINE
  5
C0F
330
17
100
AcDbEntity
  8
GEOMETRY
100
AcDbLine
 10
259.0
 20
82.47459542945367
 30
0.0
 11
259.0
 21
82.31639695296911
 31
0.0
  0
LINE
  5
C10
330
17
100
AcDbEntity
  8
GEOMETRY
100
AcDbLine
 10
259.0
 20
82.31639695296911
 30
0.0
 11
259.0
 21
82.15819847648454
 31
0.0
  0
LINE
  5
C11
330
17
100
AcDbEntity
  8
GEOMETRY
100
AcDbLine
 10
259.0
 20
82.15819847648454
 30
0.0
 11
259.0
 21
81.99999999999997
 31
0.0
  0
LINE
  5
C12
330
17
100
AcDbEntity
  8
GEOMETRY
100
AcDbLine
 10
259.0
 20
81.99999999999997
 30
0.0
 11
259.0
 21
81.8418015235154
 31
0.0
  0
LINE
  5
C13
330
17
100
AcDbEntity
  8
GEOMETRY
100
AcDbLine
 10
259.0
 20
81.8418015235154
 30
0.0
 11
259.0
 21
81.68360304703084
 31
0.0
  0
LINE
  5
C14
330
17
100
AcDbEntity
  8
GEOMETRY
100
AcDbLine
 10
259.0
 20
81.68360304703084
 30
0.0
 11
259.0
 21
81.52540457054627
 31
0.0
  0
LINE
  5
C15
330
17
100
AcDbEntity
  8
GEOMETRY
100
AcDbLine
 10
259.0
 20
81.52540457054627
 30
0.0
 11
259.0
 21
81.3672060940617
 31
0.0
  0
LINE
  5
C16
330
17
100
AcDbEntity
  8
GEOMETRY
100
AcDbLine
 10
259.0
 20
81.3672060940617
 30
0.0
 11
259.0
 21
81.21240735994438
 31
0.0
  0
LINE
  5
C17
330
17
100
AcDbEntity
  8
GEOMETRY
100
AcDbLine
 10
259.0
 20
81.21240735994438
 30
0.0
 11
259.0
 21
81.06214161565006
 31
0.0
  0
LINE
  5
C18
330
17
100
AcDbEntity
  8
GEOMETRY
100
AcDbLine
 10
259.0
 20
81.06214161565006
 30
0.0
 11
259.0
 21
80.91187587135575
 31
0.0
  0
LINE
  5
C19
330
17
100
AcDbEntity
  8
GEOMETRY
100
AcDbLine
 10
259.0
 20
80.91187587135575
 30
0.0
 11
259.0
 21
80.76161012706142
 31
0.0
  0
LINE
  5
C1A
330
17
100
AcDbEntity
  8
GEOMETRY
100
AcDbLine
 10
259.0
 20
80.76161012706142
 30
0.0
 11
259.0
 21
80.6113443827671
 31
0.0
  0
LINE
  5
C1B
330
17
100
AcDbEntity
  8
GEOMETRY
100
AcDbLine
 10
259.0
 20
80.6113443827671
 30
0.0
 11
259.0
 21
80.47433665338501
 31
0.0
  0
LINE
  5
C1C
330
17
100
AcDbEntity
  8
GEOMETRY
100
AcDbLine
 10
259.0
 20
80.47433665338501
 30
0.0
 11
259.0
 21
80.33953859315496
 31
0.0
  0
LINE
  5
C1D
330
17
100
AcDbEntity
  8
GEOMETRY
100
AcDbLine
 10
259.0
 20
80.33953859315496
 30
0.0
 11
259.0
 21
80.2047405329249
 31
0.0
  0
LINE
  5
C1E
330
17
100
AcDbEntity
  8
GEOMETRY
100
AcDbLine
 10
259.0
 20
80.2047405329249
 30
0.0
 11
259.0
 21
80.06994247269483
 31
0.0
  0
LINE
  5
C1F
330
17
100
AcDbEntity
  8
GEOMETRY
100
AcDbLine
 10
259.0
 20
80.06994247269483
 30
0.0
 11
259.0
 21
79.94149499008533
 31
0.0
  0
LINE
  5
C20
330
17
100
AcDbEntity
  8
GEOMETRY
100
AcDbLine
 10
259.0
 20
79.94149499008533
 30
0.0
 11
259.0
 21
79.82892395152716
 31
0.0
  0
LINE
  5
C21
330
17
100
AcDbEntity
  8
GEOMETRY
100
AcDbLine
 10
259.0
 20
79.82892395152716
 30
0.0
 11
259.0
 21
79.71635291296899
 31
0.0
  0
LINE
  5
C22
330
17
100
AcDbEntity
  8
GEOMETRY
100
AcDbLine
 10
259.0
 20
79.71635291296899
 30
0.0
 11
259.0
 21
79.60378187441081
 31
0.0
  0
LINE
  5
C23
330
17
100
AcDbEntity
  8
GEOMETRY
100
AcDbLine
 10
259.0
 20
79.60378187441081
 30
0.0
 11
259.0
 21
79.49121083585264
 31
0.0
  0
LINE
  5
C24
330
17
100
AcDbEntity
  8
GEOMETRY
100
AcDbLine
 10
259.0
 20
79.49121083585264
 30
0.0
 11
259.0
 21
79.39854822843797
 31
0.0
  0
LINE
  5
C25
330
17
100
AcDbEntity
  8
GEOMETRY
100
AcDbLine
 10
259.0
 20
79.39854822843797
 30
0.0
 11
259.0
 21
79.31384899348072
 31
0.0
  0
LINE
  5
C26
330
17
100
AcDbEntity
  8
GEOMETRY
100
AcDbLine
 10
259.0
 20
79.31384899348072
 30
0.0
 11
259.0
 21
79.22914975852345
 31
0.0
  0
LINE
  5
C27
330
17
100
AcDbEntity
  8
GEOMETRY
100
AcDbLine
 10
259.0
 20
79.22914975852345
 30
0.0
 11
259.0
 21
79.14445052356619
 31
0.0
  0
LINE
  5
C28
330
17
100
AcDbEntity
  8
GEOMETRY
100
AcDbLine
 10
259.0
 20
79.14445052356619
 30
0.0
 11
259.0
 21
79.06433971388248
 31
0.0
  0
LINE
  5
C29
330
17
100
AcDbEntity
  8
GEOMETRY
100
AcDbLine
 10
259.0
 20
79.06433971388248
 30
0.0
 11
259.0
 21
79.01175945584009
 31
0.0
  0
LINE
  5
C2A
330
17
100
AcDbEntity
  8
GEOMETRY
100
AcDbLine
 10
259.0
 20
79.01175945584009
 30
0.0
 11
259.0
 21
78.95917919779771
 31
0.0
  0
LINE
  5
C2B
330
17
100
AcDbEntity
  8
GEOMETRY
100
AcDbLine
 10
259.0
 20
78.95917919779771
 30
0.0
 11
259.0
 21
78.90659893975531
 31
0.0
  0
LINE
  5
C2C
330
17
100
AcDbEntity
  8
GEOMETRY
100
AcDbLine
 10
259.0
 20
78.90659893975531
 30
0.0
 11
259.0
 21
78.85401868171293
 31
0.0
  0
LINE
  5
C2D
330
17
100
AcDbEntity
  8
GEOMETRY
100
AcDbLine
 10
259.0
 20
78.85401868171293
 30
0.0
 11
259.0
 21
78.8212987497329
 31
0.0
  0
LINE
  5
C2E
330
17
100
AcDbEntity
  8
GEOMETRY
100
AcDbLine
 10
259.0
 20
78.8212987497329
 30
0.0
 11
259.0
 21
78.80347406229967
 31
0.0
  0
LINE
  5
C2F
330
17
100
AcDbEntity
  8
GEOMETRY
100
AcDbLine
 10
259.0
 20
78.80347406229967
 30
0.0
 11
259.0
 21
78.78564937486644
 31
0.0
  0
LINE
  5
C30
330
17
100
AcDbEntity
  8
GEOMETRY
100
AcDbLine
 10
259.0
 20
78.78564937486644
 30
0.0
 11
259.0
 21
78.7678246874332
 31
0.0
  0
LINE
  5
C31
330
17
100
AcDbEntity
  8
GEOMETRY
100
AcDbLine
 10
259.0
 20
78.7678246874332
 30
0.0
 11
259.0
 21
78.74999999999997
 31
0.0
  0
LINE
  5
C32
330
17
100
AcDbEntity
  8
GEOMETRY
100
AcDbLine
 10
259.0
 20
78.74999999999997
 30
0.0
 11
259.0
 21
78.75447022577899
 31
0.0
  0
LINE
  5
C33
330
17
100
AcDbEntity
  8
GEOMETRY
100
AcDbLine
 10
259.0
 20
78.75447022577899
 30
0.0
 11
259.0
 21
78.75894045155802
 31
0.0
  0
LINE
  5
C34
330
17
100
AcDbEntity
  8
GEOMETRY
100
AcDbLine
 10
259.0
 20
78.75894045155802
 30
0.0
 11
259.0
 21
78.76341067733703
 31
0.0
  0
LINE
  5
C35
330
17
100
AcDbEntity
  8
GEOMETRY
100
AcDbLine
 10
259.0
 20
78.76341067733703
 30
0.0
 11
259.0
 21
78.76788090311607
 31
0.0
  0
LINE
  5
C36
330
17
100
AcDbEntity
  8
GEOMETRY
100
AcDbLine
 10
259.0
 20
78.76788090311607
 30
0.0
 11
259.0
 21
78.77615865855589
 31
0.0
  0
LINE
  5
C37
330
17
100
AcDbEntity
  8
GEOMETRY
100
AcDbLine
 10
259.0
 20
78.77615865855589
 30
0.0
 11
259.0
 21
78.78951312021009
 31
0.0
  0
LINE
  5
C38
330
17
100
AcDbEntity
  8
GEOMETRY
100
AcDbLine
 10
259.0
 20
78.78951312021009
 30
0.0
 11
259.0
 21
78.8028675818643
 31
0.0
  0
LINE
  5
C39
330
17
100
AcDbEntity
  8
GEOMETRY
100
AcDbLine
 10
259.0
 20
78.8028675818643
 30
0.0
 11
259.0
 21
78.81622204351852
 31
0.0
  0
LINE
  5
C3A
330
17
100
AcDbEntity
  8
GEOMETRY
100
AcDbLine
 10
259.0
 20
78.81622204351852
 30
0.0
 11
259.0
 21
78.82957650517272
 31
0.0
  0
LINE
  5
C3B
330
17
100
AcDbEntity
  8
GEOMETRY
100
AcDbLine
 10
259.0
 20
78.82957650517272
 30
0.0
 11
259.0
 21
78.85040207748818
 31
0.0
  0
LINE
  5
C3C
330
17
100
AcDbEntity
  8
GEOMETRY
100
AcDbLine
 10
259.0
 20
78.85040207748818
 30
0.0
 11
259.0
 21
78.87247283491385
 31
0.0
  0
LINE
  5
C3D
330
17
100
AcDbEntity
  8
GEOMETRY
100
AcDbLine
 10
259.0
 20
78.87247283491385
 30
0.0
 11
259.0
 21
78.8945435923395
 31
0.0
  0
LINE
  5
C3E
330
17
100
AcDbEntity
  8
GEOMETRY
100
AcDbLine
 10
259.0
 20
78.8945435923395
 30
0.0
 11
259.0
 21
78.91661434976517
 31
0.0
  0
LINE
  5
C3F
330
17
100
AcDbEntity
  8
GEOMETRY
100
AcDbLine
 10
259.0
 20
78.91661434976517
 30
0.0
 11
259.0
 21
78.94109617667398
 31
0.0
  0
LINE
  5
C40
330
17
100
AcDbEntity
  8
GEOMETRY
100
AcDbLine
 10
259.0
 20
78.94109617667398
 30
0.0
 11
259.0
 21
78.97160567729071
 31
0.0
  0
LINE
  5
C41
330
17
100
AcDbEntity
  8
GEOMETRY
100
AcDbLine
 10
259.0
 20
78.97160567729071
 30
0.0
 11
259.0
 21
79.00211517790744
 31
0.0
  0
LINE
  5
C42
330
17
100
AcDbEntity
  8
GEOMETRY
100
AcDbLine
 10
259.0
 20
79.00211517790744
 30
0.0
 11
259.0
 21
79.03262467852417
 31
0.0
  0
LINE
  5
C43
330
17
100
AcDbEntity
  8
GEOMETRY
100
AcDbLine
 10
259.0
 20
79.03262467852417
 30
0.0
 11
259.0
 21
79.0631341791409
 31
0.0
  0
LINE
  5
C44
330
17
100
AcDbEntity
  8
GEOMETRY
100
AcDbLine
 10
259.0
 20
79.0631341791409
 30
0.0
 11
259.0
 21
79.09939730012819
 31
0.0
  0
LINE
  5
C45
330
17
100
AcDbEntity
  8
GEOMETRY
100
AcDbLine
 10
259.0
 20
79.09939730012819
 30
0.0
 11
259.0
 21
79.1379618692637
 31
0.0
  0
LINE
  5
C46
330
17
100
AcDbEntity
  8
GEOMETRY
100
AcDbLine
 10
259.0
 20
79.1379618692637
 30
0.0
 11
259.0
 21
79.17652643839924
 31
0.0
  0
LINE
  5
C47
330
17
100
AcDbEntity
  8
GEOMETRY
100
AcDbLine
 10
259.0
 20
79.17652643839924
 30
0.0
 11
259.0
 21
79.21509100753475
 31
0.0
  0
LINE
  5
C48
330
17
100
AcDbEntity
  8
GEOMETRY
100
AcDbLine
 10
259.0
 20
79.21509100753475
 30
0.0
 11
259.0
 21
79.254737019054
 31
0.0
  0
LINE
  5
C49
330
17
100
AcDbEntity
  8
GEOMETRY
100
AcDbLine
 10
259.0
 20
79.254737019054
 30
0.0
 11
259.0
 21
79.30087168487576
 31
0.0
  0
LINE
  5
C4A
330
17
100
AcDbEntity
  8
GEOMETRY
100
AcDbLine
 10
259.0
 20
79.30087168487576
 30
0.0
 11
259.0
 21
79.3470063506975
 31
0.0
  0
LINE
  5
C4B
330
17
100
AcDbEntity
  8
GEOMETRY
100
AcDbLine
 10
259.0
 20
79.3470063506975
 30
0.0
 11
259.0
 21
79.39314101651924
 31
0.0
  0
LINE
  5
C4C
330
17
100
AcDbEntity
  8
GEOMETRY
100
AcDbLine
 10
259.0
 20
79.39314101651924
 30
0.0
 11
259.0
 21
79.43927568234099
 31
0.0
  0
LINE
  5
C4D
330
17
100
AcDbEntity
  8
GEOMETRY
100
AcDbLine
 10
259.0
 20
79.43927568234099
 30
0.0
 11
259.0
 21
79.48940459187448
 31
0.0
  0
LINE
  5
C4E
330
17
100
AcDbEntity
  8
GEOMETRY
100
AcDbLine
 10
259.0
 20
79.48940459187448
 30
0.0
 11
259.0
 21
79.54252918419178
 31
0.0
  0
LINE
  5
C4F
330
17
100
AcDbEntity
  8
GEOMETRY
100
AcDbLine
 10
259.0
 20
79.54252918419178
 30
0.0
 11
259.0
 21
79.59565377650908
 31
0.0
  0
LINE
  5
C50
330
17
100
AcDbEntity
  8
GEOMETRY
100
AcDbLine
 10
259.0
 20
79.59565377650908
 30
0.0
 11
259.0
 21
79.64877836882638
 31
0.0
  0
LINE
  5
C51
330
17
100
AcDbEntity
  8
GEOMETRY
100
AcDbLine
 10
259.0
 20
79.64877836882638
 30
0.0
 11
259.0
 21
79.70190296114369
 31
0.0
  0
LINE
  5
C52
330
17
100
AcDbEntity
  8
GEOMETRY
100
AcDbLine
 10
259.0
 20
79.70190296114369
 30
0.0
 11
259.0
 21
79.76134940738456
 31
0.0
  0
LINE
  5
C53
330
17
100
AcDbEntity
  8
GEOMETRY
100
AcDbLine
 10
259.0
 20
79.76134940738456
 30
0.0
 11
259.0
 21
79.82079585362543
 31
0.0
  0
LINE
  5
C54
330
17
100
AcDbEntity
  8
GEOMETRY
100
AcDbLine
 10
259.0
 20
79.82079585362543
 30
0.0
 11
259.0
 21
79.8802422998663
 31
0.0
  0
LINE
  5
C55
330
17
100
AcDbEntity
  8
GEOMETRY
100
AcDbLine
 10
259.0
 20
79.8802422998663
 30
0.0
 11
259.0
 21
79.93968874610717
 31
0.0
  0
LINE
  5
C56
330
17
100
AcDbEntity
  8
GEOMETRY
100
AcDbLine
 10
259.0
 20
79.93968874610717
 30
0.0
 11
259.0
 21
80.00152416964966
 31
0.0
  0
LINE
  5
C57
330
17
100
AcDbEntity
  8
GEOMETRY
100
AcDbLine
 10
259.0
 20
80.00152416964966
 30
0.0
 11
259.0
 21
80.06654489626098
 31
0.0
  0
LINE
  5
C58
330
17
100
AcDbEntity
  8
GEOMETRY
100
AcDbLine
 10
259.0
 20
80.06654489626098
 30
0.0
 11
259.0
 21
80.1315656228723
 31
0.0
  0
LINE
  5
C59
330
17
100
AcDbEntity
  8
GEOMETRY
100
AcDbLine
 10
259.0
 20
80.1315656228723
 30
0.0
 11
259.0
 21
80.19658634948362
 31
0.0
  0
LINE
  5
C5A
330
17
100
AcDbEntity
  8
GEOMETRY
100
AcDbLine
 10
259.0
 20
80.19658634948362
 30
0.0
 11
259.0
 21
80.26160707609495
 31
0.0
  0
LINE
  5
C5B
330
17
100
AcDbEntity
  8
GEOMETRY
100
AcDbLine
 10
259.0
 20
80.26160707609495
 30
0.0
 11
259.0
 21
80.3307048944269
 31
0.0
  0
LINE
  5
C5C
330
17
100
AcDbEntity
  8
GEOMETRY
100
AcDbLine
 10
259.0
 20
80.3307048944269
 30
0.0
 11
259.0
 21
80.40048222804563
 31
0.0
  0
LINE
  5
C5D
330
17
100
AcDbEntity
  8
GEOMETRY
100
AcDbLine
 10
259.0
 20
80.40048222804563
 30
0.0
 11
259.0
 21
80.47025956166436
 31
0.0
  0
LINE
  5
C5E
330
17
100
AcDbEntity
  8
GEOMETRY
100
AcDbLine
 10
259.0
 20
80.47025956166436
 30
0.0
 11
259.0
 21
80.5400368952831
 31
0.0
  0
LINE
  5
C5F
330
17
100
AcDbEntity
  8
GEOMETRY
100
AcDbLine
 10
259.0
 20
80.5400368952831
 30
0.0
 11
259.0
 21
80.61092254791652
 31
0.0
  0
LINE
  5
C60
330
17
100
AcDbEntity
  8
GEOMETRY
100
AcDbLine
 10
259.0
 20
80.61092254791652
 30
0.0
 11
259.0
 21
80.68457899808666
 31
0.0
  0
LINE
  5
C61
330
17
100
AcDbEntity
  8
GEOMETRY
100
AcDbLine
 10
259.0
 20
80.68457899808666
 30
0.0
 11
259.0
 21
80.75823544825678
 31
0.0
  0
LINE
  5
C62
330
17
100
AcDbEntity
  8
GEOMETRY
100
AcDbLine
 10
259.0
 20
80.75823544825678
 30
0.0
 11
259.0
 21
80.83189189842693
 31
0.0
  0
LINE
  5
C63
330
17
100
AcDbEntity
  8
GEOMETRY
100
AcDbLine
 10
259.0
 20
80.83189189842693
 30
0.0
 11
259.0
 21
80.90554834859707
 31
0.0
  0
LINE
  5
C64
330
17
100
AcDbEntity
  8
GEOMETRY
100
AcDbLine
 10
259.0
 20
80.90554834859707
 30
0.0
 11
259.0
 21
80.9813139730201
 31
0.0
  0
LINE
  5
C65
330
17
100
AcDbEntity
  8
GEOMETRY
100
AcDbLine
 10
259.0
 20
80.9813139730201
 30
0.0
 11
259.0
 21
81.05792326714428
 31
0.0
  0
LINE
  5
C66
330
17
100
AcDbEntity
  8
GEOMETRY
100
AcDbLine
 10
259.0
 20
81.05792326714428
 30
0.0
 11
259.0
 21
81.13453256126846
 31
0.0
  0
LINE
  5
C67
330
17
100
AcDbEntity
  8
GEOMETRY
100
AcDbLine
 10
259.0
 20
81.13453256126846
 30
0.0
 11
259.0
 21
81.21114185539265
 31
0.0
  0
LINE
  5
C68
330
17
100
AcDbEntity
  8
GEOMETRY
100
AcDbLine
 10
259.0
 20
81.21114185539265
 30
0.0
 11
259.0
 21
81.28803535489264
 31
0.0
  0
LINE
  5
C69
330
17
100
AcDbEntity
  8
GEOMETRY
100
AcDbLine
 10
259.0
 20
81.28803535489264
 30
0.0
 11
259.0
 21
81.36663408664752
 31
0.0
  0
LINE
  5
C6A
330
17
100
AcDbEntity
  8
GEOMETRY
100
AcDbLine
 10
259.0
 20
81.36663408664752
 30
0.0
 11
259.0
 21
81.44523281840239
 31
0.0
  0
LINE
  5
C6B
330
17
100
AcDbEntity
  8
GEOMETRY
100
AcDbLine
 10
259.0
 20
81.44523281840239
 30
0.0
 11
259.0
 21
81.52383155015727
 31
0.0
  0
LINE
  5
C6C
330
17
100
AcDbEntity
  8
GEOMETRY
100
AcDbLine
 10
259.0
 20
81.52383155015727
 30
0.0
 11
259.0
 21
81.60243028191213
 31
0.0
  0
LINE
  5
C6D
330
17
100
AcDbEntity
  8
GEOMETRY
100
AcDbLine
 10
259.0
 20
81.60243028191213
 30
0.0
 11
259.0
 21
81.68160102108119
 31
0.0
  0
LINE
  5
C6E
330
17
100
AcDbEntity
  8
GEOMETRY
100
AcDbLine
 10
259.0
 20
81.68160102108119
 30
0.0
 11
259.0
 21
81.76120076581088
 31
0.0
  0
LINE
  5
C6F
330
17
100
AcDbEntity
  8
GEOMETRY
100
AcDbLine
 10
259.0
 20
81.76120076581088
 30
0.0
 11
259.0
 21
81.84080051054059
 31
0.0
  0
LINE
  5
C70
330
17
100
AcDbEntity
  8
GEOMETRY
100
AcDbLine
 10
259.0
 20
81.84080051054059
 30
0.0
 11
259.0
 21
81.92040025527028
 31
0.0
  0
LINE
  5
C71
330
17
100
AcDbEntity
  8
GEOMETRY
100
AcDbLine
 10
259.0
 20
81.92040025527028
 30
0.0
 11
259.0
 21
81.99999999999997
 31
0.0
  0
LINE
  5
C72
330
17
100
AcDbEntity
  8
GEOMETRY
100
AcDbLine
 10
259.0
 20
81.99999999999997
 30
0.0
 11
259.0
 21
82.07959974472966
 31
0.0
  0
LINE
  5
C73
330
17
100
AcDbEntity
  8
GEOMETRY
100
AcDbLine
 10
259.0
 20
82.07959974472966
 30
0.0
 11
259.0
 21
82.15919948945937
 31
0.0
  0
LINE
  5
C74
330
17
100
AcDbEntity
  8
GEOMETRY
100
AcDbLine
 10
259.0
 20
82.15919948945937
 30
0.0
 11
259.0
 21
82.23879923418906
 31
0.0
  0
LINE
  5
C75
330
17
100
AcDbEntity
  8
GEOMETRY
100
AcDbLine
 10
259.0
 20
82.23879923418906
 30
0.0
 11
259.0
 21
82.31839897891875
 31
0.0
  0
LINE
  5
C76
330
17
100
AcDbEntity
  8
GEOMETRY
100
AcDbLine
 10
259.0
 20
82.31839897891875
 30
0.0
 11
259.0
 21
82.39756971808781
 31
0.0
  0
LINE
  5
C77
330
17
100
AcDbEntity
  8
GEOMETRY
100
AcDbLine
 10
259.0
 20
82.39756971808781
 30
0.0
 11
259.0
 21
82.47616844984267
 31
0.0
  0
LINE
  5
C78
330
17
100
AcDbEntity
  8
GEOMETRY
100
AcDbLine
 10
259.0
 20
82.47616844984267
 30
0.0
 11
259.0
 21
82.55476718159755
 31
0.0
  0
LINE
  5
C79
330
17
100
AcDbEntity
  8
GEOMETRY
100
AcDbLine
 10
259.0
 20
82.55476718159755
 30
0.0
 11
259.0
 21
82.63336591335242
 31
0.0
  0
LINE
  5
C7A
330
17
100
AcDbEntity
  8
GEOMETRY
100
AcDbLine
 10
259.0
 20
82.63336591335242
 30
0.0
 11
259.0
 21
82.7119646451073
 31
0.0
  0
LINE
  5
C7B
330
17
100
AcDbEntity
  8
GEOMETRY
100
AcDbLine
 10
259.0
 20
82.7119646451073
 30
0.0
 11
259.0
 21
82.78885814460729
 31
0.0
  0
LINE
  5
C7C
330
17
100
AcDbEntity
  8
GEOMETRY
100
AcDbLine
 10
259.0
 20
82.78885814460729
 30
0.0
 11
259.0
 21
82.86546743873149
 31
0.0
  0
LINE
  5
C7D
330
17
100
AcDbEntity
  8
GEOMETRY
100
AcDbLine
 10
259.0
 20
82.86546743873149
 30
0.0
 11
259.0
 21
82.94207673285567
 31
0.0
  0
LINE
  5
C7E
330
17
100
AcDbEntity
  8
GEOMETRY
100
AcDbLine
 10
259.0
 20
82.94207673285567
 30
0.0
 11
259.0
 21
83.01868602697985
 31
0.0
  0
LINE
  5
C7F
330
17
100
AcDbEntity
  8
GEOMETRY
100
AcDbLine
 10
259.0
 20
83.01868602697985
 30
0.0
 11
259.0
 21
83.09445165140288
 31
0.0
  0
LINE
  5
C80
330
17
100
AcDbEntity
  8
GEOMETRY
100
AcDbLine
 10
259.0
 20
83.09445165140288
 30
0.0
 11
259.0
 21
83.16810810157301
 31
0.0
  0
LINE
  5
C81
330
17
100
AcDbEntity
  8
GEOMETRY
100
AcDbLine
 10
259.0
 20
83.16810810157301
 30
0.0
 11
259.0
 21
83.24176455174315
 31
0.0
  0
LINE
  5
C82
330
17
100
AcDbEntity
  8
GEOMETRY
100
AcDbLine
 10
259.0
 20
83.24176455174315
 30
0.0
 11
259.0
 21
83.3154210019133
 31
0.0
  0
LINE
  5
C83
330
17
100
AcDbEntity
  8
GEOMETRY
100
AcDbLine
 10
259.0
 20
83.3154210019133
 30
0.0
 11
259.0
 21
83.38907745208343
 31
0.0
  0
LINE
  5
C84
330
17
100
AcDbEntity
  8
GEOMETRY
100
AcDbLine
 10
259.0
 20
83.38907745208343
 30
0.0
 11
259.0
 21
83.45996310471685
 31
0.0
  0
LINE
  5
C85
330
17
100
AcDbEntity
  8
GEOMETRY
100
AcDbLine
 10
259.0
 20
83.45996310471685
 30
0.0
 11
259.0
 21
83.52974043833558
 31
0.0
  0
LINE
  5
C86
330
17
100
AcDbEntity
  8
GEOMETRY
100
AcDbLine
 10
259.0
 20
83.52974043833558
 30
0.0
 11
259.0
 21
83.59951777195431
 31
0.0
  0
LINE
  5
C87
330
17
100
AcDbEntity
  8
GEOMETRY
100
AcDbLine
 10
259.0
 20
83.59951777195431
 30
0.0
 11
259.0
 21
83.66929510557304
 31
0.0
  0
LINE
  5
C88
330
17
100
AcDbEntity
  8
GEOMETRY
100
AcDbLine
 10
259.0
 20
83.66929510557304
 30
0.0
 11
259.0
 21
83.738392923905
 31
0.0
  0
LINE
  5
C89
330
17
100
AcDbEntity
  8
GEOMETRY
100
AcDbLine
 10
259.0
 20
83.738392923905
 30
0.0
 11
259.0
 21
83.80341365051632
 31
0.0
  0
LINE
  5
C8A
330
17
100
AcDbEntity
  8
GEOMETRY
100
AcDbLine
 10
259.0
 20
83.80341365051632
 30
0.0
 11
259.0
 21
83.86843437712764
 31
0.0
  0
LINE
  5
C8B
330
17
100
AcDbEntity
  8
GEOMETRY
100
AcDbLine
 10
259.0
 20
83.86843437712764
 30
0.0
 11
259.0
 21
83.93345510373896
 31
0.0
  0
LINE
  5
C8C
330
17
100
AcDbEntity
  8
GEOMETRY
100
AcDbLine
 10
259.0
 20
83.93345510373896
 30
0.0
 11
259.0
 21
83.99847583035029
 31
0.0
  0
LINE
  5
C8D
330
17
100
AcDbEntity
  8
GEOMETRY
100
AcDbLine
 10
259.0
 20
83.99847583035029
 30
0.0
 11
259.0
 21
84.06031125389278
 31
0.0
  0
LINE
  5
C8E
330
17
100
AcDbEntity
  8
GEOMETRY
100
AcDbLine
 10
259.0
 20
84.06031125389278
 30
0.0
 11
259.0
 21
84.11975770013365
 31
0.0
  0
LINE
  5
C8F
330
17
100
AcDbEntity
  8
GEOMETRY
100
AcDbLine
 10
259.0
 20
84.11975770013365
 30
0.0
 11
259.0
 21
84.17920414637452
 31
0.0
  0
LINE
  5
C90
330
17
100
AcDbEntity
  8
GEOMETRY
100
AcDbLine
 10
259.0
 20
84.17920414637452
 30
0.0
 11
259.0
 21
84.23865059261539
 31
0.0
  0
LINE
  5
C91
330
17
100
AcDbEntity
  8
GEOMETRY
100
AcDbLine
 10
259.0
 20
84.23865059261539
 30
0.0
 11
259.0
 21
84.29809703885626
 31
0.0
  0
LINE
  5
C92
330
17
100
AcDbEntity
  8
GEOMETRY
100
AcDbLine
 10
259.0
 20
84.29809703885626
 30
0.0
 11
259.0
 21
84.35122163117356
 31
0.0
  0
LINE
  5
C93
330
17
100
AcDbEntity
  8
GEOMETRY
100
AcDbLine
 10
259.0
 20
84.35122163117356
 30
0.0
 11
259.0
 21
84.40434622349086
 31
0.0
  0
LINE
  5
C94
330
17
100
AcDbEntity
  8
GEOMETRY
100
AcDbLine
 10
259.0
 20
84.40434622349086
 30
0.0
 11
259.0
 21
84.45747081580816
 31
0.0
  0
LINE
  5
C95
330
17
100
AcDbEntity
  8
GEOMETRY
100
AcDbLine
 10
259.0
 20
84.45747081580816
 30
0.0
 11
259.0
 21
84.51059540812547
 31
0.0
  0
LINE
  5
C96
330
17
100
AcDbEntity
  8
GEOMETRY
100
AcDbLine
 10
259.0
 20
84.51059540812547
 30
0.0
 11
259.0
 21
84.56072431765895
 31
0.0
  0
LINE
  5
C97
330
17
100
AcDbEntity
  8
GEOMETRY
100
AcDbLine
 10
259.0
 20
84.56072431765895
 30
0.0
 11
259.0
 21
84.6068589834807
 31
0.0
  0
LINE
  5
C98
330
17
100
AcDbEntity
  8
GEOMETRY
100
AcDbLine
 10
259.0
 20
84.6068589834807
 30
0.0
 11
259.0
 21
84.65299364930245
 31
0.0
  0
LINE
  5
C99
330
17
100
AcDbEntity
  8
GEOMETRY
100
AcDbLine
 10
259.0
 20
84.65299364930245
 30
0.0
 11
259.0
 21
84.69912831512418
 31
0.0
  0
LINE
  5
C9A
330
17
100
AcDbEntity
  8
GEOMETRY
100
AcDbLine
 10
259.0
 20
84.69912831512418
 30
0.0
 11
259.0
 21
84.74526298094594
 31
0.0
  0
LINE
  5
C9B
330
17
100
AcDbEntity
  8
GEOMETRY
100
AcDbLine
 10
259.0
 20
84.74526298094594
 30
0.0
 11
259.0
 21
84.78490899246519
 31
0.0
  0
LINE
  5
C9C
330
17
100
AcDbEntity
  8
GEOMETRY
100
AcDbLine
 10
259.0
 20
84.78490899246519
 30
0.0
 11
259.0
 21
84.82347356160071
 31
0.0
  0
LINE
  5
C9D
330
17
100
AcDbEntity
  8
GEOMETRY
100
AcDbLine
 10
259.0
 20
84.82347356160071
 30
0.0
 11
259.0
 21
84.86203813073624
 31
0.0
  0
LINE
  5
C9E
330
17
100
AcDbEntity
  8
GEOMETRY
100
AcDbLine
 10
259.0
 20
84.86203813073624
 30
0.0
 11
259.0
 21
84.90060269987175
 31
0.0
  0
LINE
  5
C9F
330
17
100
AcDbEntity
  8
GEOMETRY
100
AcDbLine
 10
259.0
 20
84.90060269987175
 30
0.0
 11
259.0
 21
84.93686582085904
 31
0.0
  0
LINE
  5
CA0
330
17
100
AcDbEntity
  8
GEOMETRY
100
AcDbLine
 10
259.0
 20
84.93686582085904
 30
0.0
 11
259.0
 21
84.96737532147577
 31
0.0
  0
LINE
  5
CA1
330
17
100
AcDbEntity
  8
GEOMETRY
100
AcDbLine
 10
259.0
 20
84.96737532147577
 30
0.0
 11
259.0
 21
84.9978848220925
 31
0.0
  0
LINE
  5
CA2
330
17
100
AcDbEntity
  8
GEOMETRY
100
AcDbLine
 10
259.0
 20
84.9978848220925
 30
0.0
 11
259.0
 21
85.02839432270923
 31
0.0
  0
LINE
  5
CA3
330
17
100
AcDbEntity
  8
GEOMETRY
100
AcDbLine
 10
259.0
 20
85.02839432270923
 30
0.0
 11
259.0
 21
85.05890382332596
 31
0.0
  0
LINE
  5
CA4
330
17
100
AcDbEntity
  8
GEOMETRY
100
AcDbLine
 10
259.0
 20
85.05890382332596
 30
0.0
 11
259.0
 21
85.08338565023477
 31
0.0
  0
LINE
  5
CA5
330
17
100
AcDbEntity
  8
GEOMETRY
100
AcDbLine
 10
259.0
 20
85.08338565023477
 30
0.0
 11
259.0
 21
85.10545640766044
 31
0.0
  0
LINE
  5
CA6
330
17
100
AcDbEntity
  8
GEOMETRY
100
AcDbLine
 10
259.0
 20
85.10545640766044
 30
0.0
 11
259.0
 21
85.1275271650861
 31
0.0
  0
LINE
  5
CA7
330
17
100
AcDbEntity
  8
GEOMETRY
100
AcDbLine
 10
259.0
 20
85.1275271650861
 30
0.0
 11
259.0
 21
85.14959792251176
 31
0.0
  0
LINE
  5
CA8
330
17
100
AcDbEntity
  8
GEOMETRY
100
AcDbLine
 10
259.0
 20
85.14959792251176
 30
0.0
 11
259.0
 21
85.17042349482722
 31
0.0
  0
LINE
  5
CA9
330
17
100
AcDbEntity
  8
GEOMETRY
100
AcDbLine
 10
259.0
 20
85.17042349482722
 30
0.0
 11
259.0
 21
85.18377795648142
 31
0.0
  0
LINE
  5
CAA
330
17
100
AcDbEntity
  8
GEOMETRY
100
AcDbLine
 10
259.0
 20
85.18377795648142
 30
0.0
 11
259.0
 21
85.19713241813564
 31
0.0
  0
LINE
  5
CAB
330
17
100
AcDbEntity
  8
GEOMETRY
100
AcDbLine
 10
259.0
 20
85.19713241813564
 30
0.0
 11
259.0
 21
85.21048687978985
 31
0.0
  0
LINE
  5
CAC
330
17
100
AcDbEntity
  8
GEOMETRY
100
AcDbLine
 10
259.0
 20
85.21048687978985
 30
0.0
 11
259.0
 21
85.22384134144406
 31
0.0
  0
LINE
  5
CAD
330
17
100
AcDbEntity
  8
GEOMETRY
100
AcDbLine
 10
259.0
 20
85.22384134144406
 30
0.0
 11
259.0
 21
85.23211909688388
 31
0.0
  0
LINE
  5
CAE
330
17
100
AcDbEntity
  8
GEOMETRY
100
AcDbLine
 10
259.0
 20
85.23211909688388
 30
0.0
 11
259.0
 21
85.23658932266291
 31
0.0
  0
LINE
  5
CAF
330
17
100
AcDbEntity
  8
GEOMETRY
100
AcDbLine
 10
259.0
 20
85.23658932266291
 30
0.0
 11
259.0
 21
85.24105954844192
 31
0.0
  0
LINE
  5
CB0
330
17
100
AcDbEntity
  8
GEOMETRY
100
AcDbLine
 10
259.0
 20
85.24105954844192
 30
0.0
 11
259.0
 21
85.24552977422096
 31
0.0
  0
LINE
  5
CB1
330
17
100
AcDbEntity
  8
GEOMETRY
100
AcDbLine
 10
259.0
 20
85.24552977422096
 30
0.0
 11
259.0
 21
85.24999999999997
 31
0.0
  0
LINE
  5
CB2
330
17
100
AcDbEntity
  8
GEOMETRY
100
AcDbLine
 10
259.0
 20
85.24999999999997
 30
0.0
 11
259.0
 21
85.23217531256674
 31
0.0
  0
LINE
  5
CB3
330
17
100
AcDbEntity
  8
GEOMETRY
100
AcDbLine
 10
259.0
 20
85.23217531256674
 30
0.0
 11
259.0
 21
85.2143506251335
 31
0.0
  0
LINE
  5
CB4
330
17
100
AcDbEntity
  8
GEOMETRY
100
AcDbLine
 10
259.0
 20
85.2143506251335
 30
0.0
 11
259.0
 21
85.19652593770027
 31
0.0
  0
LINE
  5
CB5
330
17
100
AcDbEntity
  8
GEOMETRY
100
AcDbLine
 10
259.0
 20
85.19652593770027
 30
0.0
 11
259.0
 21
85.17870125026704
 31
0.0
  0
LINE
  5
CB6
330
17
100
AcDbEntity
  8
GEOMETRY
100
AcDbLine
 10
259.0
 20
85.17870125026704
 30
0.0
 11
259.0
 21
85.14598131828701
 31
0.0
  0
LINE
  5
CB7
330
17
100
AcDbEntity
  8
GEOMETRY
100
AcDbLine
 10
259.0
 20
85.14598131828701
 30
0.0
 11
259.0
 21
85.09340106024463
 31
0.0
  0
LINE
  5
CB8
330
17
100
AcDbEntity
  8
GEOMETRY
100
AcDbLine
 10
259.0
 20
85.09340106024463
 30
0.0
 11
259.0
 21
85.04082080220223
 31
0.0
  0
LINE
  5
CB9
330
17
100
AcDbEntity
  8
GEOMETRY
100
AcDbLine
 10
259.0
 20
85.04082080220223
 30
0.0
 11
259.0
 21
84.98824054415985
 31
0.0
  0
LINE
  5
CBA
330
17
100
AcDbEntity
  8
GEOMETRY
100
AcDbLine
 10
259.0
 20
84.98824054415985
 30
0.0
 11
259.0
 21
84.93566028611747
 31
0.0
  0
LINE
  5
CBB
330
17
100
AcDbEntity
  8
GEOMETRY
100
AcDbLine
 10
259.0
 20
84.93566028611747
 30
0.0
 11
259.0
 21
84.85554947643375
 31
0.0
  0
LINE
  5
CBC
330
17
100
AcDbEntity
  8
GEOMETRY
100
AcDbLine
 10
259.0
 20
84.85554947643375
 30
0.0
 11
259.0
 21
84.7708502414765
 31
0.0
  0
LINE
  5
CBD
330
17
100
AcDbEntity
  8
GEOMETRY
100
AcDbLine
 10
259.0
 20
84.7708502414765
 30
0.0
 11
259.0
 21
84.68615100651922
 31
0.0
  0
LINE
  5
CBE
330
17
100
AcDbEntity
  8
GEOMETRY
100
AcDbLine
 10
259.0
 20
84.68615100651922
 30
0.0
 11
259.0
 21
84.60145177156197
 31
0.0
  0
LINE
  5
CBF
330
17
100
AcDbEntity
  8
GEOMETRY
100
AcDbLine
 10
259.0
 20
84.60145177156197
 30
0.0
 11
259.0
 21
84.5087891641473
 31
0.0
  0
LINE
  5
CC0
330
17
100
AcDbEntity
  8
GEOMETRY
100
AcDbLine
 10
259.0
 20
84.5087891641473
 30
0.0
 11
259.0
 21
84.39621812558913
 31
0.0
  0
LINE
  5
CC1
330
17
100
AcDbEntity
  8
GEOMETRY
100
AcDbLine
 10
259.0
 20
84.39621812558913
 30
0.0
 11
259.0
 21
84.28364708703097
 31
0.0
  0
LINE
  5
CC2
330
17
100
AcDbEntity
  8
GEOMETRY
100
AcDbLine
 10
259.0
 20
84.28364708703097
 30
0.0
 11
259.0
 21
84.1710760484728
 31
0.0
  0
LINE
  5
CC3
330
17
100
AcDbEntity
  8
GEOMETRY
100
AcDbLine
 10
259.0
 20
84.1710760484728
 30
0.0
 11
259.0
 21
84.05850500991463
 31
0.0
  0
LINE
  5
CC4
330
17
100
AcDbEntity
  8
GEOMETRY
100
AcDbLine
 10
259.0
 20
84.05850500991463
 30
0.0
 11
259.0
 21
83.93005752730511
 31
0.0
  0
LINE
  5
CC5
330
17
100
AcDbEntity
  8
GEOMETRY
100
AcDbLine
 10
259.0
 20
83.93005752730511
 30
0.0
 11
259.0
 21
83.79525946707506
 31
0.0
  0
LINE
  5
CC6
330
17
100
AcDbEntity
  8
GEOMETRY
100
AcDbLine
 10
259.0
 20
83.79525946707506
 30
0.0
 11
259.0
 21
83.660461406845
 31
0.0
  0
LINE
  5
CC7
330
17
100
AcDbEntity
  8
GEOMETRY
100
AcDbLine
 10
259.0
 20
83.660461406845
 30
0.0
 11
259.0
 21
83.52566334661495
 31
0.0
  0
LINE
  5
CC8
330
17
100
AcDbEntity
  8
GEOMETRY
100
AcDbLine
 10
259.0
 20
83.52566334661495
 30
0.0
 11
259.0
 21
83.38865561723284
 31
0.0
  0
LINE
  5
CC9
330
17
100
AcDbEntity
  8
GEOMETRY
100
AcDbLine
 10
259.0
 20
83.38865561723284
 30
0.0
 11
259.0
 21
83.23838987293853
 31
0.0
  0
LINE
  5
CCA
330
17
100
AcDbEntity
  8
GEOMETRY
100
AcDbLine
 10
259.0
 20
83.23838987293853
 30
0.0
 11
259.0
 21
83.08812412864421
 31
0.0
  0
LINE
  5
CCB
330
17
100
AcDbEntity
  8
GEOMETRY
100
AcDbLine
 10
259.0
 20
83.08812412864421
 30
0.0
 11
259.0
 21
82.93785838434988
 31
0.0
  0
LINE
  5
CCC
330
17
100
AcDbEntity
  8
GEOMETRY
100
AcDbLine
 10
259.0
 20
82.93785838434988
 30
0.0
 11
259.0
 21
82.78759264005556
 31
0.0
  0
LINE
  5
CCD
330
17
100
AcDbEntity
  8
GEOMETRY
100
AcDbLine
 10
259.0
 20
82.78759264005556
 30
0.0
 11
259.0
 21
82.63279390593824
 31
0.0
  0
LINE
  5
CCE
330
17
100
AcDbEntity
  8
GEOMETRY
100
AcDbLine
 10
259.0
 20
82.63279390593824
 30
0.0
 11
259.0
 21
82.47459542945367
 31
0.0
  0
LINE
  5
CCF
330
17
100
AcDbEntity
  8
GEOMETRY
100
AcDbLine
 10
259.0
 20
82.47459542945367
 30
0.0
 11
259.0
 21
82.31639695296911
 31
0.0
  0
LINE
  5
CD0
330
17
100
AcDbEntity
  8
GEOMETRY
100
AcDbLine
 10
259.0
 20
82.31639695296911
 30
0.0
 11
259.0
 21
82.15819847648454
 31
0.0
  0
LINE
  5
CD1
330
17
100
AcDbEntity
  8
GEOMETRY
100
AcDbLine
 10
259.0
 20
82.15819847648454
 30
0.0
 11
259.0
 21
81.99999999999997
 31
0.0
  0
LINE
  5
CD2
330
17
100
AcDbEntity
  8
GEOMETRY
100
AcDbLine
 10
259.0
 20
81.99999999999997
 30
0.0
 11
259.0
 21
81.8418015235154
 31
0.0
  0
LINE
  5
CD3
330
17
100
AcDbEntity
  8
GEOMETRY
100
AcDbLine
 10
259.0
 20
81.8418015235154
 30
0.0
 11
259.0
 21
81.68360304703084
 31
0.0
  0
LINE
  5
CD4
330
17
100
AcDbEntity
  8
GEOMETRY
100
AcDbLine
 10
259.0
 20
81.68360304703084
 30
0.0
 11
259.0
 21
81.52540457054627
 31
0.0
  0
LINE
  5
CD5
330
17
100
AcDbEntity
  8
GEOMETRY
100
AcDbLine
 10
259.0
 20
81.52540457054627
 30
0.0
 11
259.0
 21
81.3672060940617
 31
0.0
  0
LINE
  5
CD6
330
17
100
AcDbEntity
  8
GEOMETRY
100
AcDbLine
 10
259.0
 20
81.3672060940617
 30
0.0
 11
259.0
 21
81.21240735994438
 31
0.0
  0
LINE
  5
CD7
330
17
100
AcDbEntity
  8
GEOMETRY
100
AcDbLine
 10
259.0
 20
81.21240735994438
 30
0.0
 11
259.0
 21
81.06214161565006
 31
0.0
  0
LINE
  5
CD8
330
17
100
AcDbEntity
  8
GEOMETRY
100
AcDbLine
 10
259.0
 20
81.06214161565006
 30
0.0
 11
259.0
 21
80.91187587135575
 31
0.0
  0
LINE
  5
CD9
330
17
100
AcDbEntity
  8
GEOMETRY
100
AcDbLine
 10
259.0
 20
80.91187587135575
 30
0.0
 11
259.0
 21
80.76161012706142
 31
0.0
  0
LINE
  5
CDA
330
17
100
AcDbEntity
  8
GEOMETRY
100
AcDbLine
 10
259.0
 20
80.76161012706142
 30
0.0
 11
259.0
 21
80.6113443827671
 31
0.0
  0
LINE
  5
CDB
330
17
100
AcDbEntity
  8
GEOMETRY
100
AcDbLine
 10
259.0
 20
80.6113443827671
 30
0.0
 11
259.0
 21
80.47433665338501
 31
0.0
  0
LINE
  5
CDC
330
17
100
AcDbEntity
  8
GEOMETRY
100
AcDbLine
 10
259.0
 20
80.47433665338501
 30
0.0
 11
259.0
 21
80.33953859315496
 31
0.0
  0
LINE
  5
CDD
330
17
100
AcDbEntity
  8
GEOMETRY
100
AcDbLine
 10
259.0
 20
80.33953859315496
 30
0.0
 11
259.0
 21
80.2047405329249
 31
0.0
  0
LINE
  5
CDE
330
17
100
AcDbEntity
  8
GEOMETRY
100
AcDbLine
 10
259.0
 20
80.2047405329249
 30
0.0
 11
259.0
 21
80.06994247269483
 31
0.0
  0
LINE
  5
CDF
330
17
100
AcDbEntity
  8
GEOMETRY
100
AcDbLine
 10
259.0
 20
80.06994247269483
 30
0.0
 11
259.0
 21
79.94149499008533
 31
0.0
  0
LINE
  5
CE0
330
17
100
AcDbEntity
  8
GEOMETRY
100
AcDbLine
 10
259.0
 20
79.94149499008533
 30
0.0
 11
259.0
 21
79.82892395152716
 31
0.0
  0
LINE
  5
CE1
330
17
100
AcDbEntity
  8
GEOMETRY
100
AcDbLine
 10
259.0
 20
79.82892395152716
 30
0.0
 11
259.0
 21
79.71635291296899
 31
0.0
  0
LINE
  5
CE2
330
17
100
AcDbEntity
  8
GEOMETRY
100
AcDbLine
 10
259.0
 20
79.71635291296899
 30
0.0
 11
259.0
 21
79.60378187441081
 31
0.0
  0
LINE
  5
CE3
330
17
100
AcDbEntity
  8
GEOMETRY
100
AcDbLine
 10
259.0
 20
79.60378187441081
 30
0.0
 11
259.0
 21
79.49121083585264
 31
0.0
  0
LINE
  5
CE4
330
17
100
AcDbEntity
  8
GEOMETRY
100
AcDbLine
 10
259.0
 20
79.49121083585264
 30
0.0
 11
259.0
 21
79.39854822843797
 31
0.0
  0
LINE
  5
CE5
330
17
100
AcDbEntity
  8
GEOMETRY
100
AcDbLine
 10
259.0
 20
79.39854822843797
 30
0.0
 11
259.0
 21
79.31384899348072
 31
0.0
  0
LINE
  5
CE6
330
17
100
AcDbEntity
  8
GEOMETRY
100
AcDbLine
 10
259.0
 20
79.31384899348072
 30
0.0
 11
259.0
 21
79.22914975852345
 31
0.0
  0
LINE
  5
CE7
330
17
100
AcDbEntity
  8
GEOMETRY
100
AcDbLine
 10
259.0
 20
79.22914975852345
 30
0.0
 11
259.0
 21
79.14445052356619
 31
0.0
  0
LINE
  5
CE8
330
17
100
AcDbEntity
  8
GEOMETRY
100
AcDbLine
 10
259.0
 20
79.14445052356619
 30
0.0
 11
259.0
 21
79.06433971388248
 31
0.0
  0
LINE
  5
CE9
330
17
100
AcDbEntity
  8
GEOMETRY
100
AcDbLine
 10
259.0
 20
79.06433971388248
 30
0.0
 11
259.0
 21
79.01175945584009
 31
0.0
  0
LINE
  5
CEA
330
17
100
AcDbEntity
  8
GEOMETRY
100
AcDbLine
 10
259.0
 20
79.01175945584009
 30
0.0
 11
259.0
 21
78.95917919779771
 31
0.0
  0
LINE
  5
CEB
330
17
100
AcDbEntity
  8
GEOMETRY
100
AcDbLine
 10
259.0
 20
78.95917919779771
 30
0.0
 11
259.0
 21
78.90659893975531
 31
0.0
  0
LINE
  5
CEC
330
17
100
AcDbEntity
  8
GEOMETRY
100
AcDbLine
 10
259.0
 20
78.90659893975531
 30
0.0
 11
259.0
 21
78.85401868171293
 31
0.0
  0
LINE
  5
CED
330
17
100
AcDbEntity
  8
GEOMETRY
100
AcDbLine
 10
259.0
 20
78.85401868171293
 30
0.0
 11
259.0
 21
78.8212987497329
 31
0.0
  0
LINE
  5
CEE
330
17
100
AcDbEntity
  8
GEOMETRY
100
AcDbLine
 10
259.0
 20
78.8212987497329
 30
0.0
 11
259.0
 21
78.80347406229967
 31
0.0
  0
LINE
  5
CEF
330
17
100
AcDbEntity
  8
GEOMETRY
100
AcDbLine
 10
259.0
 20
78.80347406229967
 30
0.0
 11
259.0
 21
78.78564937486644
 31
0.0
  0
LINE
  5
CF0
330
17
100
AcDbEntity
  8
GEOMETRY
100
AcDbLine
 10
259.0
 20
78.78564937486644
 30
0.0
 11
259.0
 21
78.7678246874332
 31
0.0
  0
LINE
  5
CF1
330
17
100
AcDbEntity
  8
GEOMETRY
100
AcDbLine
 10
259.0
 20
78.7678246874332
 30
0.0
 11
259.0
 21
78.74999999999997
 31
0.0
  0
LINE
  5
CF2
330
17
100
AcDbEntity
  8
GEOMETRY
100
AcDbLine
 10
259.0
 20
78.74999999999997
 30
0.0
 11
259.0
 21
78.75447022577899
 31
0.0
  0
LINE
  5
CF3
330
17
100
AcDbEntity
  8
GEOMETRY
100
AcDbLine
 10
259.0
 20
78.75447022577899
 30
0.0
 11
259.0
 21
78.75894045155802
 31
0.0
  0
LINE
  5
CF4
330
17
100
AcDbEntity
  8
GEOMETRY
100
AcDbLine
 10
259.0
 20
78.75894045155802
 30
0.0
 11
259.0
 21
78.76341067733703
 31
0.0
  0
LINE
  5
CF5
330
17
100
AcDbEntity
  8
GEOMETRY
100
AcDbLine
 10
259.0
 20
78.76341067733703
 30
0.0
 11
259.0
 21
78.76788090311607
 31
0.0
  0
LINE
  5
CF6
330
17
100
AcDbEntity
  8
GEOMETRY
100
AcDbLine
 10
259.0
 20
78.76788090311607
 30
0.0
 11
259.0
 21
78.77615865855589
 31
0.0
  0
LINE
  5
CF7
330
17
100
AcDbEntity
  8
GEOMETRY
100
AcDbLine
 10
259.0
 20
78.77615865855589
 30
0.0
 11
259.0
 21
78.78951312021009
 31
0.0
  0
LINE
  5
CF8
330
17
100
AcDbEntity
  8
GEOMETRY
100
AcDbLine
 10
259.0
 20
78.78951312021009
 30
0.0
 11
259.0
 21
78.8028675818643
 31
0.0
  0
LINE
  5
CF9
330
17
100
AcDbEntity
  8
GEOMETRY
100
AcDbLine
 10
259.0
 20
78.8028675818643
 30
0.0
 11
259.0
 21
78.81622204351852
 31
0.0
  0
LINE
  5
CFA
330
17
100
AcDbEntity
  8
GEOMETRY
100
AcDbLine
 10
259.0
 20
78.81622204351852
 30
0.0
 11
259.0
 21
78.82957650517272
 31
0.0
  0
LINE
  5
CFB
330
17
100
AcDbEntity
  8
GEOMETRY
100
AcDbLine
 10
259.0
 20
78.82957650517272
 30
0.0
 11
259.0
 21
78.85040207748818
 31
0.0
  0
LINE
  5
CFC
330
17
100
AcDbEntity
  8
GEOMETRY
100
AcDbLine
 10
259.0
 20
78.85040207748818
 30
0.0
 11
259.0
 21
78.87247283491385
 31
0.0
  0
LINE
  5
CFD
330
17
100
AcDbEntity
  8
GEOMETRY
100
AcDbLine
 10
259.0
 20
78.87247283491385
 30
0.0
 11
259.0
 21
78.8945435923395
 31
0.0
  0
LINE
  5
CFE
330
17
100
AcDbEntity
  8
GEOMETRY
100
AcDbLine
 10
259.0
 20
78.8945435923395
 30
0.0
 11
259.0
 21
78.91661434976517
 31
0.0
  0
LINE
  5
CFF
330
17
100
AcDbEntity
  8
GEOMETRY
100
AcDbLine
 10
259.0
 20
78.91661434976517
 30
0.0
 11
259.0
 21
78.94109617667398
 31
0.0
  0
LINE
  5
D00
330
17
100
AcDbEntity
  8
GEOMETRY
100
AcDbLine
 10
259.0
 20
78.94109617667398
 30
0.0
 11
259.0
 21
78.97160567729071
 31
0.0
  0
LINE
  5
D01
330
17
100
AcDbEntity
  8
GEOMETRY
100
AcDbLine
 10
259.0
 20
78.97160567729071
 30
0.0
 11
259.0
 21
79.00211517790744
 31
0.0
  0
LINE
  5
D02
330
17
100
AcDbEntity
  8
GEOMETRY
100
AcDbLine
 10
259.0
 20
79.00211517790744
 30
0.0
 11
259.0
 21
79.03262467852417
 31
0.0
  0
LINE
  5
D03
330
17
100
AcDbEntity
  8
GEOMETRY
100
AcDbLine
 10
259.0
 20
79.03262467852417
 30
0.0
 11
259.0
 21
79.0631341791409
 31
0.0
  0
LINE
  5
D04
330
17
100
AcDbEntity
  8
GEOMETRY
100
AcDbLine
 10
259.0
 20
79.0631341791409
 30
0.0
 11
259.0
 21
79.09939730012819
 31
0.0
  0
LINE
  5
D05
330
17
100
AcDbEntity
  8
GEOMETRY
100
AcDbLine
 10
259.0
 20
79.09939730012819
 30
0.0
 11
259.0
 21
79.1379618692637
 31
0.0
  0
LINE
  5
D06
330
17
100
AcDbEntity
  8
GEOMETRY
100
AcDbLine
 10
259.0
 20
79.1379618692637
 30
0.0
 11
259.0
 21
79.17652643839924
 31
0.0
  0
LINE
  5
D07
330
17
100
AcDbEntity
  8
GEOMETRY
100
AcDbLine
 10
259.0
 20
79.17652643839924
 30
0.0
 11
259.0
 21
79.21509100753475
 31
0.0
  0
LINE
  5
D08
330
17
100
AcDbEntity
  8
GEOMETRY
100
AcDbLine
 10
259.0
 20
79.21509100753475
 30
0.0
 11
259.0
 21
79.254737019054
 31
0.0
  0
LINE
  5
D09
330
17
100
AcDbEntity
  8
GEOMETRY
100
AcDbLine
 10
259.0
 20
79.254737019054
 30
0.0
 11
259.0
 21
79.30087168487576
 31
0.0
  0
LINE
  5
D0A
330
17
100
AcDbEntity
  8
GEOMETRY
100
AcDbLine
 10
259.0
 20
79.30087168487576
 30
0.0
 11
259.0
 21
79.3470063506975
 31
0.0
  0
LINE
  5
D0B
330
17
100
AcDbEntity
  8
GEOMETRY
100
AcDbLine
 10
259.0
 20
79.3470063506975
 30
0.0
 11
259.0
 21
79.39314101651924
 31
0.0
  0
LINE
  5
D0C
330
17
100
AcDbEntity
  8
GEOMETRY
100
AcDbLine
 10
259.0
 20
79.39314101651924
 30
0.0
 11
259.0
 21
79.43927568234099
 31
0.0
  0
LINE
  5
D0D
330
17
100
AcDbEntity
  8
GEOMETRY
100
AcDbLine
 10
259.0
 20
79.43927568234099
 30
0.0
 11
259.0
 21
79.48940459187448
 31
0.0
  0
LINE
  5
D0E
330
17
100
AcDbEntity
  8
GEOMETRY
100
AcDbLine
 10
259.0
 20
79.48940459187448
 30
0.0
 11
259.0
 21
79.54252918419178
 31
0.0
  0
LINE
  5
D0F
330
17
100
AcDbEntity
  8
GEOMETRY
100
AcDbLine
 10
259.0
 20
79.54252918419178
 30
0.0
 11
259.0
 21
79.59565377650908
 31
0.0
  0
LINE
  5
D10
330
17
100
AcDbEntity
  8
GEOMETRY
100
AcDbLine
 10
259.0
 20
79.59565377650908
 30
0.0
 11
259.0
 21
79.64877836882638
 31
0.0
  0
LINE
  5
D11
330
17
100
AcDbEntity
  8
GEOMETRY
100
AcDbLine
 10
259.0
 20
79.64877836882638
 30
0.0
 11
259.0
 21
79.70190296114369
 31
0.0
  0
LINE
  5
D12
330
17
100
AcDbEntity
  8
GEOMETRY
100
AcDbLine
 10
259.0
 20
79.70190296114369
 30
0.0
 11
259.0
 21
79.76134940738456
 31
0.0
  0
LINE
  5
D13
330
17
100
AcDbEntity
  8
GEOMETRY
100
AcDbLine
 10
259.0
 20
79.76134940738456
 30
0.0
 11
259.0
 21
79.82079585362543
 31
0.0
  0
LINE
  5
D14
330
17
100
AcDbEntity
  8
GEOMETRY
100
AcDbLine
 10
259.0
 20
79.82079585362543
 30
0.0
 11
259.0
 21
79.8802422998663
 31
0.0
  0
LINE
  5
D15
330
17
100
AcDbEntity
  8
GEOMETRY
100
AcDbLine
 10
259.0
 20
79.8802422998663
 30
0.0
 11
259.0
 21
79.93968874610717
 31
0.0
  0
LINE
  5
D16
330
17
100
AcDbEntity
  8
GEOMETRY
100
AcDbLine
 10
259.0
 20
79.93968874610717
 30
0.0
 11
259.0
 21
80.00152416964966
 31
0.0
  0
LINE
  5
D17
330
17
100
AcDbEntity
  8
GEOMETRY
100
AcDbLine
 10
259.0
 20
80.00152416964966
 30
0.0
 11
259.0
 21
80.06654489626098
 31
0.0
  0
LINE
  5
D18
330
17
100
AcDbEntity
  8
GEOMETRY
100
AcDbLine
 10
259.0
 20
80.06654489626098
 30
0.0
 11
259.0
 21
80.1315656228723
 31
0.0
  0
LINE
  5
D19
330
17
100
AcDbEntity
  8
GEOMETRY
100
AcDbLine
 10
259.0
 20
80.1315656228723
 30
0.0
 11
259.0
 21
80.19658634948362
 31
0.0
  0
LINE
  5
D1A
330
17
100
AcDbEntity
  8
GEOMETRY
100
AcDbLine
 10
259.0
 20
80.19658634948362
 30
0.0
 11
259.0
 21
80.26160707609495
 31
0.0
  0
LINE
  5
D1B
330
17
100
AcDbEntity
  8
GEOMETRY
100
AcDbLine
 10
259.0
 20
80.26160707609495
 30
0.0
 11
259.0
 21
80.3307048944269
 31
0.0
  0
LINE
  5
D1C
330
17
100
AcDbEntity
  8
GEOMETRY
100
AcDbLine
 10
259.0
 20
80.3307048944269
 30
0.0
 11
259.0
 21
80.40048222804563
 31
0.0
  0
LINE
  5
D1D
330
17
100
AcDbEntity
  8
GEOMETRY
100
AcDbLine
 10
259.0
 20
80.40048222804563
 30
0.0
 11
259.0
 21
80.47025956166436
 31
0.0
  0
LINE
  5
D1E
330
17
100
AcDbEntity
  8
GEOMETRY
100
AcDbLine
 10
259.0
 20
80.47025956166436
 30
0.0
 11
259.0
 21
80.5400368952831
 31
0.0
  0
LINE
  5
D1F
330
17
100
AcDbEntity
  8
GEOMETRY
100
AcDbLine
 10
259.0
 20
80.5400368952831
 30
0.0
 11
259.0
 21
80.61092254791652
 31
0.0
  0
LINE
  5
D20
330
17
100
AcDbEntity
  8
GEOMETRY
100
AcDbLine
 10
259.0
 20
80.61092254791652
 30
0.0
 11
259.0
 21
80.68457899808666
 31
0.0
  0
LINE
  5
D21
330
17
100
AcDbEntity
  8
GEOMETRY
100
AcDbLine
 10
259.0
 20
80.68457899808666
 30
0.0
 11
259.0
 21
80.75823544825678
 31
0.0
  0
LINE
  5
D22
330
17
100
AcDbEntity
  8
GEOMETRY
100
AcDbLine
 10
259.0
 20
80.75823544825678
 30
0.0
 11
259.0
 21
80.83189189842693
 31
0.0
  0
LINE
  5
D23
330
17
100
AcDbEntity
  8
GEOMETRY
100
AcDbLine
 10
259.0
 20
80.83189189842693
 30
0.0
 11
259.0
 21
80.90554834859707
 31
0.0
  0
LINE
  5
D24
330
17
100
AcDbEntity
  8
GEOMETRY
100
AcDbLine
 10
259.0
 20
80.90554834859707
 30
0.0
 11
259.0
 21
80.9813139730201
 31
0.0
  0
LINE
  5
D25
330
17
100
AcDbEntity
  8
GEOMETRY
100
AcDbLine
 10
259.0
 20
80.9813139730201
 30
0.0
 11
259.0
 21
81.05792326714428
 31
0.0
  0
LINE
  5
D26
330
17
100
AcDbEntity
  8
GEOMETRY
100
AcDbLine
 10
259.0
 20
81.05792326714428
 30
0.0
 11
259.0
 21
81.13453256126846
 31
0.0
  0
LINE
  5
D27
330
17
100
AcDbEntity
  8
GEOMETRY
100
AcDbLine
 10
259.0
 20
81.13453256126846
 30
0.0
 11
259.0
 21
81.21114185539265
 31
0.0
  0
LINE
  5
D28
330
17
100
AcDbEntity
  8
GEOMETRY
100
AcDbLine
 10
259.0
 20
81.21114185539265
 30
0.0
 11
259.0
 21
81.28803535489264
 31
0.0
  0
LINE
  5
D29
330
17
100
AcDbEntity
  8
GEOMETRY
100
AcDbLine
 10
259.0
 20
81.28803535489264
 30
0.0
 11
259.0
 21
81.36663408664752
 31
0.0
  0
LINE
  5
D2A
330
17
100
AcDbEntity
  8
GEOMETRY
100
AcDbLine
 10
259.0
 20
81.36663408664752
 30
0.0
 11
259.0
 21
81.44523281840239
 31
0.0
  0
LINE
  5
D2B
330
17
100
AcDbEntity
  8
GEOMETRY
100
AcDbLine
 10
259.0
 20
81.44523281840239
 30
0.0
 11
259.0
 21
81.52383155015727
 31
0.0
  0
LINE
  5
D2C
330
17
100
AcDbEntity
  8
GEOMETRY
100
AcDbLine
 10
259.0
 20
81.52383155015727
 30
0.0
 11
259.0
 21
81.60243028191213
 31
0.0
  0
LINE
  5
D2D
330
17
100
AcDbEntity
  8
GEOMETRY
100
AcDbLine
 10
259.0
 20
81.60243028191213
 30
0.0
 11
259.0
 21
81.68160102108119
 31
0.0
  0
LINE
  5
D2E
330
17
100
AcDbEntity
  8
GEOMETRY
100
AcDbLine
 10
259.0
 20
81.68160102108119
 30
0.0
 11
259.0
 21
81.76120076581088
 31
0.0
  0
LINE
  5
D2F
330
17
100
AcDbEntity
  8
GEOMETRY
100
AcDbLine
 10
259.0
 20
81.76120076581088
 30
0.0
 11
259.0
 21
81.84080051054059
 31
0.0
  0
LINE
  5
D30
330
17
100
AcDbEntity
  8
GEOMETRY
100
AcDbLine
 10
259.0
 20
81.84080051054059
 30
0.0
 11
259.0
 21
81.92040025527028
 31
0.0
  0
LINE
  5
D31
330
17
100
AcDbEntity
  8
GEOMETRY
100
AcDbLine
 10
259.0
 20
81.92040025527028
 30
0.0
 11
259.0
 21
81.99999999999997
 31
0.0
  0
LINE
  5
D32
330
17
100
AcDbEntity
  8
GEOMETRY
100
AcDbLine
 10
259.0
 20
75.99999999999997
 30
0.0
 11
259.0
 21
89.99999999999997
 31
0.0
  0
LINE
  5
D33
330
17
100
AcDbEntity
  8
GEOMETRY
100
AcDbLine
 10
259.0
 20
75.99999999999997
 30
0.0
 11
259.0
 21
89.99999999999997
 31
0.0
  0
LINE
  5
D34
330
17
100
AcDbEntity
  8
GEOMETRY
100
AcDbLine
 10
259.0
 20
73.99999999999996
 30
0.0
 11
259.0
 21
74.00275090817166
 31
0.0
  0
LINE
  5
D35
330
17
100
AcDbEntity
  8
GEOMETRY
100
AcDbLine
 10
259.0
 20
74.00275090817166
 30
0.0
 11
259.0
 21
74.00550181634337
 31
0.0
  0
LINE
  5
D36
330
17
100
AcDbEntity
  8
GEOMETRY
100
AcDbLine
 10
259.0
 20
74.00550181634337
 30
0.0
 11
259.0
 21
74.00825272451507
 31
0.0
  0
LINE
  5
D37
330
17
100
AcDbEntity
  8
GEOMETRY
100
AcDbLine
 10
259.0
 20
74.00825272451507
 30
0.0
 11
259.0
 21
74.0110036326868
 31
0.0
  0
LINE
  5
D38
330
17
100
AcDbEntity
  8
GEOMETRY
100
AcDbLine
 10
259.0
 20
74.0110036326868
 30
0.0
 11
259.0
 21
74.01609763603437
 31
0.0
  0
LINE
  5
D39
330
17
100
AcDbEntity
  8
GEOMETRY
100
AcDbLine
 10
259.0
 20
74.01609763603437
 30
0.0
 11
259.0
 21
74.02431576628311
 31
0.0
  0
LINE
  5
D3A
330
17
100
AcDbEntity
  8
GEOMETRY
100
AcDbLine
 10
259.0
 20
74.02431576628311
 30
0.0
 11
259.0
 21
74.03253389653186
 31
0.0
  0
LINE
  5
D3B
330
17
100
AcDbEntity
  8
GEOMETRY
100
AcDbLine
 10
259.0
 20
74.03253389653186
 30
0.0
 11
259.0
 21
74.04075202678061
 31
0.0
  0
LINE
  5
D3C
330
17
100
AcDbEntity
  8
GEOMETRY
100
AcDbLine
 10
259.0
 20
74.04075202678061
 30
0.0
 11
259.0
 21
74.04897015702934
 31
0.0
  0
LINE
  5
D3D
330
17
100
AcDbEntity
  8
GEOMETRY
100
AcDbLine
 10
259.0
 20
74.04897015702934
 30
0.0
 11
259.0
 21
74.06178589383886
 31
0.0
  0
LINE
  5
D3E
330
17
100
AcDbEntity
  8
GEOMETRY
100
AcDbLine
 10
259.0
 20
74.06178589383886
 30
0.0
 11
259.0
 21
74.0753678984085
 31
0.0
  0
LINE
  5
D3F
330
17
100
AcDbEntity
  8
GEOMETRY
100
AcDbLine
 10
259.0
 20
74.0753678984085
 30
0.0
 11
259.0
 21
74.08894990297813
 31
0.0
  0
LINE
  5
D40
330
17
100
AcDbEntity
  8
GEOMETRY
100
AcDbLine
 10
259.0
 20
74.08894990297813
 30
0.0
 11
259.0
 21
74.10253190754777
 31
0.0
  0
LINE
  5
D41
330
17
100
AcDbEntity
  8
GEOMETRY
100
AcDbLine
 10
259.0
 20
74.10253190754777
 30
0.0
 11
259.0
 21
74.11759764718397
 31
0.0
  0
LINE
  5
D42
330
17
100
AcDbEntity
  8
GEOMETRY
100
AcDbLine
 10
259.0
 20
74.11759764718397
 30
0.0
 11
259.0
 21
74.13637272448658
 31
0.0
  0
LINE
  5
D43
330
17
100
AcDbEntity
  8
GEOMETRY
100
AcDbLine
 10
259.0
 20
74.13637272448658
 30
0.0
 11
259.0
 21
74.15514780178918
 31
0.0
  0
LINE
  5
D44
330
17
100
AcDbEntity
  8
GEOMETRY
100
AcDbLine
 10
259.0
 20
74.15514780178918
 30
0.0
 11
259.0
 21
74.17392287909178
 31
0.0
  0
LINE
  5
D45
330
17
100
AcDbEntity
  8
GEOMETRY
100
AcDbLine
 10
259.0
 20
74.17392287909178
 30
0.0
 11
259.0
 21
74.19269795639438
 31
0.0
  0
LINE
  5
D46
330
17
100
AcDbEntity
  8
GEOMETRY
100
AcDbLine
 10
259.0
 20
74.19269795639438
 30
0.0
 11
259.0
 21
74.21501372315579
 31
0.0
  0
LINE
  5
D47
330
17
100
AcDbEntity
  8
GEOMETRY
100
AcDbLine
 10
259.0
 20
74.21501372315579
 30
0.0
 11
259.0
 21
74.23874576570073
 31
0.0
  0
LINE
  5
D48
330
17
100
AcDbEntity
  8
GEOMETRY
100
AcDbLine
 10
259.0
 20
74.23874576570073
 30
0.0
 11
259.0
 21
74.26247780824566
 31
0.0
  0
LINE
  5
D49
330
17
100
AcDbEntity
  8
GEOMETRY
100
AcDbLine
 10
259.0
 20
74.26247780824566
 30
0.0
 11
259.0
 21
74.28620985079058
 31
0.0
  0
LINE
  5
D4A
330
17
100
AcDbEntity
  8
GEOMETRY
100
AcDbLine
 10
259.0
 20
74.28620985079058
 30
0.0
 11
259.0
 21
74.31060739634091
 31
0.0
  0
LINE
  5
D4B
330
17
100
AcDbEntity
  8
GEOMETRY
100
AcDbLine
 10
259.0
 20
74.31060739634091
 30
0.0
 11
259.0
 21
74.33899795992352
 31
0.0
  0
LINE
  5
D4C
330
17
100
AcDbEntity
  8
GEOMETRY
100
AcDbLine
 10
259.0
 20
74.33899795992352
 30
0.0
 11
259.0
 21
74.36738852350614
 31
0.0
  0
LINE
  5
D4D
330
17
100
AcDbEntity
  8
GEOMETRY
100
AcDbLine
 10
259.0
 20
74.36738852350614
 30
0.0
 11
259.0
 21
74.39577908708874
 31
0.0
  0
LINE
  5
D4E
330
17
100
AcDbEntity
  8
GEOMETRY
100
AcDbLine
 10
259.0
 20
74.39577908708874
 30
0.0
 11
259.0
 21
74.42416965067136
 31
0.0
  0
LINE
  5
D4F
330
17
100
AcDbEntity
  8
GEOMETRY
100
AcDbLine
 10
259.0
 20
74.42416965067136
 30
0.0
 11
259.0
 21
74.45501821038428
 31
0.0
  0
LINE
  5
D50
330
17
100
AcDbEntity
  8
GEOMETRY
100
AcDbLine
 10
259.0
 20
74.45501821038428
 30
0.0
 11
259.0
 21
74.48771026719493
 31
0.0
  0
LINE
  5
D51
330
17
100
AcDbEntity
  8
GEOMETRY
100
AcDbLine
 10
259.0
 20
74.48771026719493
 30
0.0
 11
259.0
 21
74.52040232400557
 31
0.0
  0
LINE
  5
D52
330
17
100
AcDbEntity
  8
GEOMETRY
100
AcDbLine
 10
259.0
 20
74.52040232400557
 30
0.0
 11
259.0
 21
74.55309438081622
 31
0.0
  0
LINE
  5
D53
330
17
100
AcDbEntity
  8
GEOMETRY
100
AcDbLine
 10
259.0
 20
74.55309438081622
 30
0.0
 11
259.0
 21
74.58578643762687
 31
0.0
  0
LINE
  5
D54
330
17
100
AcDbEntity
  8
GEOMETRY
100
AcDbLine
 10
259.0
 20
74.58578643762687
 30
0.0
 11
259.0
 21
74.62236886608278
 31
0.0
  0
LINE
  5
D55
330
17
100
AcDbEntity
  8
GEOMETRY
100
AcDbLine
 10
259.0
 20
74.62236886608278
 30
0.0
 11
259.0
 21
74.65895129453871
 31
0.0
  0
LINE
  5
D56
330
17
100
AcDbEntity
  8
GEOMETRY
100
AcDbLine
 10
259.0
 20
74.65895129453871
 30
0.0
 11
259.0
 21
74.69553372299463
 31
0.0
  0
LINE
  5
D57
330
17
100
AcDbEntity
  8
GEOMETRY
100
AcDbLine
 10
259.0
 20
74.69553372299463
 30
0.0
 11
259.0
 21
74.73211615145054
 31
0.0
  0
LINE
  5
D58
330
17
100
AcDbEntity
  8
GEOMETRY
100
AcDbLine
 10
259.0
 20
74.73211615145054
 30
0.0
 11
259.0
 21
74.77016871978438
 31
0.0
  0
LINE
  5
D59
330
17
100
AcDbEntity
  8
GEOMETRY
100
AcDbLine
 10
259.0
 20
74.77016871978438
 30
0.0
 11
259.0
 21
74.81018147462213
 31
0.0
  0
LINE
  5
D5A
330
17
100
AcDbEntity
  8
GEOMETRY
100
AcDbLine
 10
259.0
 20
74.81018147462213
 30
0.0
 11
259.0
 21
74.85019422945986
 31
0.0
  0
LINE
  5
D5B
330
17
100
AcDbEntity
  8
GEOMETRY
100
AcDbLine
 10
259.0
 20
74.85019422945986
 30
0.0
 11
259.0
 21
74.89020698429759
 31
0.0
  0
LINE
  5
D5C
330
17
100
AcDbEntity
  8
GEOMETRY
100
AcDbLine
 10
259.0
 20
74.89020698429759
 30
0.0
 11
259.0
 21
74.93021973913534
 31
0.0
  0
LINE
  5
D5D
330
17
100
AcDbEntity
  8
GEOMETRY
100
AcDbLine
 10
259.0
 20
74.93021973913534
 30
0.0
 11
259.0
 21
74.97274147349346
 31
0.0
  0
LINE
  5
D5E
330
17
100
AcDbEntity
  8
GEOMETRY
100
AcDbLine
 10
259.0
 20
74.97274147349346
 30
0.0
 11
259.0
 21
75.01568137110499
 31
0.0
  0
LINE
  5
D5F
330
17
100
AcDbEntity
  8
GEOMETRY
100
AcDbLine
 10
259.0
 20
75.01568137110499
 30
0.0
 11
259.0
 21
75.05862126871652
 31
0.0
  0
LINE
  5
D60
330
17
100
AcDbEntity
  8
GEOMETRY
100
AcDbLine
 10
259.0
 20
75.05862126871652
 30
0.0
 11
259.0
 21
75.10156116632805
 31
0.0
  0
LINE
  5
D61
330
17
100
AcDbEntity
  8
GEOMETRY
100
AcDbLine
 10
259.0
 20
75.10156116632805
 30
0.0
 11
259.0
 21
75.14518310641014
 31
0.0
  0
LINE
  5
D62
330
17
100
AcDbEntity
  8
GEOMETRY
100
AcDbLine
 10
259.0
 20
75.14518310641014
 30
0.0
 11
259.0
 21
75.1905101526687
 31
0.0
  0
LINE
  5
D63
330
17
100
AcDbEntity
  8
GEOMETRY
100
AcDbLine
 10
259.0
 20
75.1905101526687
 30
0.0
 11
259.0
 21
75.23583719892724
 31
0.0
  0
LINE
  5
D64
330
17
100
AcDbEntity
  8
GEOMETRY
100
AcDbLine
 10
259.0
 20
75.23583719892724
 30
0.0
 11
259.0
 21
75.28116424518579
 31
0.0
  0
LINE
  5
D65
330
17
100
AcDbEntity
  8
GEOMETRY
100
AcDbLine
 10
259.0
 20
75.28116424518579
 30
0.0
 11
259.0
 21
75.32649129144434
 31
0.0
  0
LINE
  5
D66
330
17
100
AcDbEntity
  8
GEOMETRY
100
AcDbLine
 10
259.0
 20
75.32649129144434
 30
0.0
 11
259.0
 21
75.37311629108927
 31
0.0
  0
LINE
  5
D67
330
17
100
AcDbEntity
  8
GEOMETRY
100
AcDbLine
 10
259.0
 20
75.37311629108927
 30
0.0
 11
259.0
 21
75.42026047208877
 31
0.0
  0
LINE
  5
D68
330
17
100
AcDbEntity
  8
GEOMETRY
100
AcDbLine
 10
259.0
 20
75.42026047208877
 30
0.0
 11
259.0
 21
75.46740465308827
 31
0.0
  0
LINE
  5
D69
330
17
100
AcDbEntity
  8
GEOMETRY
100
AcDbLine
 10
259.0
 20
75.46740465308827
 30
0.0
 11
259.0
 21
75.51454883408778
 31
0.0
  0
LINE
  5
D6A
330
17
100
AcDbEntity
  8
GEOMETRY
100
AcDbLine
 10
259.0
 20
75.51454883408778
 30
0.0
 11
259.0
 21
75.56186791070316
 31
0.0
  0
LINE
  5
D6B
330
17
100
AcDbEntity
  8
GEOMETRY
100
AcDbLine
 10
259.0
 20
75.56186791070316
 30
0.0
 11
259.0
 21
75.61023636101385
 31
0.0
  0
LINE
  5
D6C
330
17
100
AcDbEntity
  8
GEOMETRY
100
AcDbLine
 10
259.0
 20
75.61023636101385
 30
0.0
 11
259.0
 21
75.65860481132454
 31
0.0
  0
LINE
  5
D6D
330
17
100
AcDbEntity
  8
GEOMETRY
100
AcDbLine
 10
259.0
 20
75.65860481132454
 30
0.0
 11
259.0
 21
75.70697326163523
 31
0.0
  0
LINE
  5
D6E
330
17
100
AcDbEntity
  8
GEOMETRY
100
AcDbLine
 10
259.0
 20
75.70697326163523
 30
0.0
 11
259.0
 21
75.75534171194592
 31
0.0
  0
LINE
  5
D6F
330
17
100
AcDbEntity
  8
GEOMETRY
100
AcDbLine
 10
259.0
 20
75.75534171194592
 30
0.0
 11
259.0
 21
75.80406216681918
 31
0.0
  0
LINE
  5
D70
330
17
100
AcDbEntity
  8
GEOMETRY
100
AcDbLine
 10
259.0
 20
75.80406216681918
 30
0.0
 11
259.0
 21
75.85304662511439
 31
0.0
  0
LINE
  5
D71
330
17
100
AcDbEntity
  8
GEOMETRY
100
AcDbLine
 10
259.0
 20
75.85304662511439
 30
0.0
 11
259.0
 21
75.90203108340958
 31
0.0
  0
LINE
  5
D72
330
17
100
AcDbEntity
  8
GEOMETRY
100
AcDbLine
 10
259.0
 20
75.90203108340958
 30
0.0
 11
259.0
 21
75.95101554170478
 31
0.0
  0
LINE
  5
D73
330
17
100
AcDbEntity
  8
GEOMETRY
100
AcDbLine
 10
259.0
 20
75.95101554170478
 30
0.0
 11
259.0
 21
75.99999999999997
 31
0.0
  0
LINE
  5
D74
330
17
100
AcDbEntity
  8
GEOMETRY
100
AcDbLine
 10
259.0
 20
75.99999999999997
 30
0.0
 11
259.0
 21
75.95101554170478
 31
0.0
  0
LINE
  5
D75
330
17
100
AcDbEntity
  8
GEOMETRY
100
AcDbLine
 10
259.0
 20
75.95101554170478
 30
0.0
 11
259.0
 21
75.90203108340958
 31
0.0
  0
LINE
  5
D76
330
17
100
AcDbEntity
  8
GEOMETRY
100
AcDbLine
 10
259.0
 20
75.90203108340958
 30
0.0
 11
259.0
 21
75.85304662511439
 31
0.0
  0
LINE
  5
D77
330
17
100
AcDbEntity
  8
GEOMETRY
100
AcDbLine
 10
259.0
 20
75.85304662511439
 30
0.0
 11
259.0
 21
75.80406216681918
 31
0.0
  0
LINE
  5
D78
330
17
100
AcDbEntity
  8
GEOMETRY
100
AcDbLine
 10
259.0
 20
75.80406216681918
 30
0.0
 11
259.0
 21
75.75534171194592
 31
0.0
  0
LINE
  5
D79
330
17
100
AcDbEntity
  8
GEOMETRY
100
AcDbLine
 10
259.0
 20
75.75534171194592
 30
0.0
 11
259.0
 21
75.70697326163523
 31
0.0
  0
LINE
  5
D7A
330
17
100
AcDbEntity
  8
GEOMETRY
100
AcDbLine
 10
259.0
 20
75.70697326163523
 30
0.0
 11
259.0
 21
75.65860481132454
 31
0.0
  0
LINE
  5
D7B
330
17
100
AcDbEntity
  8
GEOMETRY
100
AcDbLine
 10
259.0
 20
75.65860481132454
 30
0.0
 11
259.0
 21
75.61023636101385
 31
0.0
  0
LINE
  5
D7C
330
17
100
AcDbEntity
  8
GEOMETRY
100
AcDbLine
 10
259.0
 20
75.61023636101385
 30
0.0
 11
259.0
 21
75.56186791070316
 31
0.0
  0
LINE
  5
D7D
330
17
100
AcDbEntity
  8
GEOMETRY
100
AcDbLine
 10
259.0
 20
75.56186791070316
 30
0.0
 11
259.0
 21
75.51454883408778
 31
0.0
  0
LINE
  5
D7E
330
17
100
AcDbEntity
  8
GEOMETRY
100
AcDbLine
 10
259.0
 20
75.51454883408778
 30
0.0
 11
259.0
 21
75.46740465308827
 31
0.0
  0
LINE
  5
D7F
330
17
100
AcDbEntity
  8
GEOMETRY
100
AcDbLine
 10
259.0
 20
75.46740465308827
 30
0.0
 11
259.0
 21
75.42026047208878
 31
0.0
  0
LINE
  5
D80
330
17
100
AcDbEntity
  8
GEOMETRY
100
AcDbLine
 10
259.0
 20
75.42026047208878
 30
0.0
 11
259.0
 21
75.37311629108927
 31
0.0
  0
LINE
  5
D81
330
17
100
AcDbEntity
  8
GEOMETRY
100
AcDbLine
 10
259.0
 20
75.37311629108927
 30
0.0
 11
259.0
 21
75.32649129144434
 31
0.0
  0
LINE
  5
D82
330
17
100
AcDbEntity
  8
GEOMETRY
100
AcDbLine
 10
259.0
 20
75.32649129144434
 30
0.0
 11
259.0
 21
75.28116424518579
 31
0.0
  0
LINE
  5
D83
330
17
100
AcDbEntity
  8
GEOMETRY
100
AcDbLine
 10
259.0
 20
75.28116424518579
 30
0.0
 11
259.0
 21
75.23583719892724
 31
0.0
  0
LINE
  5
D84
330
17
100
AcDbEntity
  8
GEOMETRY
100
AcDbLine
 10
259.0
 20
75.23583719892724
 30
0.0
 11
259.0
 21
75.19051015266871
 31
0.0
  0
LINE
  5
D85
330
17
100
AcDbEntity
  8
GEOMETRY
100
AcDbLine
 10
259.0
 20
75.19051015266871
 30
0.0
 11
259.0
 21
75.14518310641016
 31
0.0
  0
LINE
  5
D86
330
17
100
AcDbEntity
  8
GEOMETRY
100
AcDbLine
 10
259.0
 20
75.14518310641016
 30
0.0
 11
259.0
 21
75.10156116632805
 31
0.0
  0
LINE
  5
D87
330
17
100
AcDbEntity
  8
GEOMETRY
100
AcDbLine
 10
259.0
 20
75.10156116632805
 30
0.0
 11
259.0
 21
75.05862126871652
 31
0.0
  0
LINE
  5
D88
330
17
100
AcDbEntity
  8
GEOMETRY
100
AcDbLine
 10
259.0
 20
75.05862126871652
 30
0.0
 11
259.0
 21
75.01568137110499
 31
0.0
  0
LINE
  5
D89
330
17
100
AcDbEntity
  8
GEOMETRY
100
AcDbLine
 10
259.0
 20
75.01568137110499
 30
0.0
 11
259.0
 21
74.97274147349347
 31
0.0
  0
LINE
  5
D8A
330
17
100
AcDbEntity
  8
GEOMETRY
100
AcDbLine
 10
259.0
 20
74.97274147349347
 30
0.0
 11
259.0
 21
74.93021973913534
 31
0.0
  0
LINE
  5
D8B
330
17
100
AcDbEntity
  8
GEOMETRY
100
AcDbLine
 10
259.0
 20
74.93021973913534
 30
0.0
 11
259.0
 21
74.8902069842976
 31
0.0
  0
LINE
  5
D8C
330
17
100
AcDbEntity
  8
GEOMETRY
100
AcDbLine
 10
259.0
 20
74.8902069842976
 30
0.0
 11
259.0
 21
74.85019422945986
 31
0.0
  0
LINE
  5
D8D
330
17
100
AcDbEntity
  8
GEOMETRY
100
AcDbLine
 10
259.0
 20
74.85019422945986
 30
0.0
 11
259.0
 21
74.81018147462213
 31
0.0
  0
LINE
  5
D8E
330
17
100
AcDbEntity
  8
GEOMETRY
100
AcDbLine
 10
259.0
 20
74.81018147462213
 30
0.0
 11
259.0
 21
74.7701687197844
 31
0.0
  0
LINE
  5
D8F
330
17
100
AcDbEntity
  8
GEOMETRY
100
AcDbLine
 10
259.0
 20
74.7701687197844
 30
0.0
 11
259.0
 21
74.73211615145055
 31
0.0
  0
LINE
  5
D90
330
17
100
AcDbEntity
  8
GEOMETRY
100
AcDbLine
 10
259.0
 20
74.73211615145055
 30
0.0
 11
259.0
 21
74.69553372299464
 31
0.0
  0
LINE
  5
D91
330
17
100
AcDbEntity
  8
GEOMETRY
100
AcDbLine
 10
259.0
 20
74.69553372299464
 30
0.0
 11
259.0
 21
74.65895129453871
 31
0.0
  0
LINE
  5
D92
330
17
100
AcDbEntity
  8
GEOMETRY
100
AcDbLine
 10
259.0
 20
74.65895129453871
 30
0.0
 11
259.0
 21
74.6223688660828
 31
0.0
  0
LINE
  5
D93
330
17
100
AcDbEntity
  8
GEOMETRY
100
AcDbLine
 10
259.0
 20
74.6223688660828
 30
0.0
 11
259.0
 21
74.58578643762688
 31
0.0
  0
LINE
  5
D94
330
17
100
AcDbEntity
  8
GEOMETRY
100
AcDbLine
 10
259.0
 20
74.58578643762688
 30
0.0
 11
259.0
 21
74.55309438081622
 31
0.0
  0
LINE
  5
D95
330
17
100
AcDbEntity
  8
GEOMETRY
100
AcDbLine
 10
259.0
 20
74.55309438081622
 30
0.0
 11
259.0
 21
74.52040232400557
 31
0.0
  0
LINE
  5
D96
330
17
100
AcDbEntity
  8
GEOMETRY
100
AcDbLine
 10
259.0
 20
74.52040232400557
 30
0.0
 11
259.0
 21
74.48771026719493
 31
0.0
  0
LINE
  5
D97
330
17
100
AcDbEntity
  8
GEOMETRY
100
AcDbLine
 10
259.0
 20
74.48771026719493
 30
0.0
 11
259.0
 21
74.45501821038428
 31
0.0
  0
LINE
  5
D98
330
17
100
AcDbEntity
  8
GEOMETRY
100
AcDbLine
 10
259.0
 20
74.45501821038428
 30
0.0
 11
259.0
 21
74.42416965067136
 31
0.0
  0
LINE
  5
D99
330
17
100
AcDbEntity
  8
GEOMETRY
100
AcDbLine
 10
259.0
 20
74.42416965067136
 30
0.0
 11
259.0
 21
74.39577908708875
 31
0.0
  0
LINE
  5
D9A
330
17
100
AcDbEntity
  8
GEOMETRY
100
AcDbLine
 10
259.0
 20
74.39577908708875
 30
0.0
 11
259.0
 21
74.36738852350614
 31
0.0
  0
LINE
  5
D9B
330
17
100
AcDbEntity
  8
GEOMETRY
100
AcDbLine
 10
259.0
 20
74.36738852350614
 30
0.0
 11
259.0
 21
74.33899795992353
 31
0.0
  0
LINE
  5
D9C
330
17
100
AcDbEntity
  8
GEOMETRY
100
AcDbLine
 10
259.0
 20
74.33899795992353
 30
0.0
 11
259.0
 21
74.31060739634091
 31
0.0
  0
LINE
  5
D9D
330
17
100
AcDbEntity
  8
GEOMETRY
100
AcDbLine
 10
259.0
 20
74.31060739634091
 30
0.0
 11
259.0
 21
74.2862098507906
 31
0.0
  0
LINE
  5
D9E
330
17
100
AcDbEntity
  8
GEOMETRY
100
AcDbLine
 10
259.0
 20
74.2862098507906
 30
0.0
 11
259.0
 21
74.26247780824568
 31
0.0
  0
LINE
  5
D9F
330
17
100
AcDbEntity
  8
GEOMETRY
100
AcDbLine
 10
259.0
 20
74.26247780824568
 30
0.0
 11
259.0
 21
74.23874576570074
 31
0.0
  0
LINE
  5
DA0
330
17
100
AcDbEntity
  8
GEOMETRY
100
AcDbLine
 10
259.0
 20
74.23874576570074
 30
0.0
 11
259.0
 21
74.2150137231558
 31
0.0
  0
LINE
  5
DA1
330
17
100
AcDbEntity
  8
GEOMETRY
100
AcDbLine
 10
259.0
 20
74.2150137231558
 30
0.0
 11
259.0
 21
74.1926979563944
 31
0.0
  0
LINE
  5
DA2
330
17
100
AcDbEntity
  8
GEOMETRY
100
AcDbLine
 10
259.0
 20
74.1926979563944
 30
0.0
 11
259.0
 21
74.17392287909179
 31
0.0
  0
LINE
  5
DA3
330
17
100
AcDbEntity
  8
GEOMETRY
100
AcDbLine
 10
259.0
 20
74.17392287909179
 30
0.0
 11
259.0
 21
74.15514780178918
 31
0.0
  0
LINE
  5
DA4
330
17
100
AcDbEntity
  8
GEOMETRY
100
AcDbLine
 10
259.0
 20
74.15514780178918
 30
0.0
 11
259.0
 21
74.13637272448659
 31
0.0
  0
LINE
  5
DA5
330
17
100
AcDbEntity
  8
GEOMETRY
100
AcDbLine
 10
259.0
 20
74.13637272448659
 30
0.0
 11
259.0
 21
74.11759764718398
 31
0.0
  0
LINE
  5
DA6
330
17
100
AcDbEntity
  8
GEOMETRY
100
AcDbLine
 10
259.0
 20
74.11759764718398
 30
0.0
 11
259.0
 21
74.10253190754779
 31
0.0
  0
LINE
  5
DA7
330
17
100
AcDbEntity
  8
GEOMETRY
100
AcDbLine
 10
259.0
 20
74.10253190754779
 30
0.0
 11
259.0
 21
74.08894990297814
 31
0.0
  0
LINE
  5
DA8
330
17
100
AcDbEntity
  8
GEOMETRY
100
AcDbLine
 10
259.0
 20
74.08894990297814
 30
0.0
 11
259.0
 21
74.0753678984085
 31
0.0
  0
LINE
  5
DA9
330
17
100
AcDbEntity
  8
GEOMETRY
100
AcDbLine
 10
259.0
 20
74.0753678984085
 30
0.0
 11
259.0
 21
74.06178589383887
 31
0.0
  0
LINE
  5
DAA
330
17
100
AcDbEntity
  8
GEOMETRY
100
AcDbLine
 10
259.0
 20
74.06178589383887
 30
0.0
 11
259.0
 21
74.04897015702936
 31
0.0
  0
LINE
  5
DAB
330
17
100
AcDbEntity
  8
GEOMETRY
100
AcDbLine
 10
259.0
 20
74.04897015702936
 30
0.0
 11
259.0
 21
74.04075202678061
 31
0.0
  0
LINE
  5
DAC
330
17
100
AcDbEntity
  8
GEOMETRY
100
AcDbLine
 10
259.0
 20
74.04075202678061
 30
0.0
 11
259.0
 21
74.03253389653187
 31
0.0
  0
LINE
  5
DAD
330
17
100
AcDbEntity
  8
GEOMETRY
100
AcDbLine
 10
259.0
 20
74.03253389653187
 30
0.0
 11
259.0
 21
74.02431576628312
 31
0.0
  0
LINE
  5
DAE
330
17
100
AcDbEntity
  8
GEOMETRY
100
AcDbLine
 10
259.0
 20
74.02431576628312
 30
0.0
 11
259.0
 21
74.01609763603437
 31
0.0
  0
LINE
  5
DAF
330
17
100
AcDbEntity
  8
GEOMETRY
100
AcDbLine
 10
259.0
 20
74.01609763603437
 30
0.0
 11
259.0
 21
74.0110036326868
 31
0.0
  0
LINE
  5
DB0
330
17
100
AcDbEntity
  8
GEOMETRY
100
AcDbLine
 10
259.0
 20
74.0110036326868
 30
0.0
 11
259.0
 21
74.00825272451509
 31
0.0
  0
LINE
  5
DB1
330
17
100
AcDbEntity
  8
GEOMETRY
100
AcDbLine
 10
259.0
 20
74.00825272451509
 30
0.0
 11
259.0
 21
74.00550181634338
 31
0.0
  0
LINE
  5
DB2
330
17
100
AcDbEntity
  8
GEOMETRY
100
AcDbLine
 10
259.0
 20
74.00550181634338
 30
0.0
 11
259.0
 21
74.00275090817168
 31
0.0
  0
LINE
  5
DB3
330
17
100
AcDbEntity
  8
GEOMETRY
100
AcDbLine
 10
259.0
 20
74.00275090817168
 30
0.0
 11
259.0
 21
73.99999999999997
 31
0.0
  0
LINE
  5
DB4
330
17
100
AcDbEntity
  8
GEOMETRY
100
AcDbLine
 10
259.0
 20
89.99999999999997
 30
0.0
 11
259.00214165009453
 21
90.13087633128707
 31
0.0
  0
LINE
  5
DB5
330
17
100
AcDbEntity
  8
GEOMETRY
100
AcDbLine
 10
259.00214165009453
 20
90.13087633128707
 30
0.0
 11
259.00856430704556
 21
90.26161251692055
 31
0.0
  0
LINE
  5
DB6
330
17
100
AcDbEntity
  8
GEOMETRY
100
AcDbLine
 10
259.00856430704556
 20
90.26161251692055
 30
0.0
 11
259.01926109331123
 21
90.39206856131821
 31
0.0
  0
LINE
  5
DB7
330
17
100
AcDbEntity
  8
GEOMETRY
100
AcDbLine
 10
259.01926109331123
 20
90.39206856131821
 30
0.0
 11
259.03422055450477
 21
90.52210476888018
 31
0.0
  0
LINE
  5
DB8
330
17
100
AcDbEntity
  8
GEOMETRY
100
AcDbLine
 10
259.03422055450477
 20
90.52210476888018
 30
0.0
 11
259.0534266716605
 21
90.65158189357832
 31
0.0
  0
LINE
  5
DB9
330
17
100
AcDbEntity
  8
GEOMETRY
100
AcDbLine
 10
259.0534266716605
 20
90.65158189357832
 30
0.0
 11
259.0768588783871
 21
90.78036128806448
 31
0.0
  0
LINE
  5
DBA
330
17
100
AcDbEntity
  8
GEOMETRY
100
AcDbLine
 10
259.0768588783871
 20
90.78036128806448
 30
0.0
 11
259.10449208289066
 21
90.90830505213746
 31
0.0
  0
LINE
  5
DBB
330
17
100
AcDbEntity
  8
GEOMETRY
100
AcDbLine
 10
259.10449208289066
 20
90.90830505213746
 30
0.0
 11
259.13629669484374
 21
91.03527618041005
 31
0.0
  0
LINE
  5
DBC
330
17
100
AcDbEntity
  8
GEOMETRY
100
AcDbLine
 10
259.13629669484374
 20
91.03527618041005
 30
0.0
 11
259.17223865707115
 21
91.16113870901782
 31
0.0
  0
LINE
  5
DBD
330
17
100
AcDbEntity
  8
GEOMETRY
100
AcDbLine
 10
259.17223865707115
 20
91.16113870901782
 30
0.0
 11
259.2122794820196
 21
91.28575786121262
 31
0.0
  0
LINE
  5
DBE
330
17
100
AcDbEntity
  8
GEOMETRY
100
AcDbLine
 10
259.2122794820196
 20
91.28575786121262
 30
0.0
 11
259.2563762929707
 21
91.40900019168491
 31
0.0
  0
LINE
  5
DBF
330
17
100
AcDbEntity
  8
GEOMETRY
100
AcDbLine
 10
259.2563762929707
 20
91.40900019168491
 30
0.0
 11
259.3044818699548
 21
91.53073372946034
 31
0.0
  0
LINE
  5
DC0
330
17
100
AcDbEntity
  8
GEOMETRY
100
AcDbLine
 10
259.3044818699548
 20
91.53073372946034
 30
0.0
 11
259.3565447003153
 21
91.65082811921755
 31
0.0
  0
LINE
  5
DC1
330
17
100
AcDbEntity
  8
GEOMETRY
100
AcDbLine
 10
259.3565447003153
 20
91.65082811921755
 30
0.0
 11
259.41250903386924
 21
91.76915476087598
 31
0.0
  0
LINE
  5
DC2
330
17
100
AcDbEntity
  8
GEOMETRY
100
AcDbLine
 10
259.41250903386924
 20
91.76915476087598
 30
0.0
 11
259.4723149426066
 21
91.88558694730396
 31
0.0
  0
LINE
  5
DC3
330
17
100
AcDbEntity
  8
GEOMETRY
100
AcDbLine
 10
259.4723149426066
 20
91.88558694730396
 30
0.0
 11
259.53589838486226
 21
91.99999999999997
 31
0.0
  0
LINE
  5
DC4
330
17
100
AcDbEntity
  8
GEOMETRY
100
AcDbLine
 10
259.53589838486226
 20
91.99999999999997
 30
0.0
 11
259.6031912738937
 21
92.11227140260145
 31
0.0
  0
LINE
  5
DC5
330
17
100
AcDbEntity
  8
GEOMETRY
100
AcDbLine
 10
259.6031912738937
 20
92.11227140260145
 30
0.0
 11
259.67412155078983
 21
92.22228093207838
 31
0.0
  0
LINE
  5
DC6
330
17
100
AcDbEntity
  8
GEOMETRY
100
AcDbLine
 10
259.67412155078983
 20
92.22228093207838
 30
0.0
 11
259.7486132616335
 21
92.32991078747118
 31
0.0
  0
LINE
  5
DC7
330
17
100
AcDbEntity
  8
GEOMETRY
100
AcDbLine
 10
259.7486132616335
 20
92.32991078747118
 30
0.0
 11
259.82658663883507
 21
92.43504571603485
 31
0.0
  0
LINE
  5
DC8
330
17
100
AcDbEntity
  8
GEOMETRY
100
AcDbLine
 10
259.82658663883507
 20
92.43504571603485
 30
0.0
 11
259.9079581865491
 21
92.53757313665456
 31
0.0
  0
LINE
  5
DC9
330
17
100
AcDbEntity
  8
GEOMETRY
100
AcDbLine
 10
259.9079581865491
 20
92.53757313665456
 30
0.0
 11
259.9926407700841
 21
92.63738326040024
 31
0.0
  0
LINE
  5
DCA
330
17
100
AcDbEntity
  8
GEOMETRY
100
AcDbLine
 10
259.9926407700841
 20
92.63738326040024
 30
0.0
 11
260.08054370920865
 21
92.73436920809145
 31
0.0
  0
LINE
  5
DCB
330
17
100
AcDbEntity
  8
GEOMETRY
100
AcDbLine
 10
260.08054370920865
 20
92.73436920809145
 30
0.0
 11
260.1715728752538
 21
92.82842712474616
 31
0.0
  0
LINE
  5
DCC
330
17
100
AcDbEntity
  8
GEOMETRY
100
AcDbLine
 10
260.1715728752538
 20
92.82842712474616
 30
0.0
 11
260.2656307919085
 21
92.91945629079132
 31
0.0
  0
LINE
  5
DCD
330
17
100
AcDbEntity
  8
GEOMETRY
100
AcDbLine
 10
260.2656307919085
 20
92.91945629079132
 30
0.0
 11
260.36261673959973
 21
93.00735922991588
 31
0.0
  0
LINE
  5
DCE
330
17
100
AcDbEntity
  8
GEOMETRY
100
AcDbLine
 10
260.36261673959973
 20
93.00735922991588
 30
0.0
 11
260.4624268633454
 21
93.09204181345092
 31
0.0
  0
LINE
  5
DCF
330
17
100
AcDbEntity
  8
GEOMETRY
100
AcDbLine
 10
260.4624268633454
 20
93.09204181345092
 30
0.0
 11
260.5649542839651
 21
93.1734133611649
 31
0.0
  0
LINE
  5
DD0
330
17
100
AcDbEntity
  8
GEOMETRY
100
AcDbLine
 10
260.5649542839651
 20
93.1734133611649
 30
0.0
 11
260.6700892125288
 21
93.25138673836643
 31
0.0
  0
LINE
  5
DD1
330
17
100
AcDbEntity
  8
GEOMETRY
100
AcDbLine
 10
260.6700892125288
 20
93.25138673836643
 30
0.0
 11
260.77771906792157
 21
93.32587844921015
 31
0.0
  0
LINE
  5
DD2
330
17
100
AcDbEntity
  8
GEOMETRY
100
AcDbLine
 10
260.77771906792157
 20
93.32587844921015
 30
0.0
 11
260.8877285973985
 21
93.39680872610629
 31
0.0
  0
LINE
  5
DD3
330
17
100
AcDbEntity
  8
GEOMETRY
100
AcDbLine
 10
260.8877285973985
 20
93.39680872610629
 30
0.0
 11
261.0
 21
93.46410161513772
 31
0.0
  0
LINE
  5
DD4
330
17
100
AcDbEntity
  8
GEOMETRY
100
AcDbLine
 10
261.0
 20
93.46410161513772
 30
0.0
 11
261.114413052696
 21
93.52768505739338
 31
0.0
  0
LINE
  5
DD5
330
17
100
AcDbEntity
  8
GEOMETRY
100
AcDbLine
 10
261.114413052696
 20
93.52768505739338
 30
0.0
 11
261.230845239124
 21
93.58749096613073
 31
0.0
  0
LINE
  5
DD6
330
17
100
AcDbEntity
  8
GEOMETRY
100
AcDbLine
 10
261.230845239124
 20
93.58749096613073
 30
0.0
 11
261.3491718807824
 21
93.64345529968467
 31
0.0
  0
LINE
  5
DD7
330
17
100
AcDbEntity
  8
GEOMETRY
100
AcDbLine
 10
261.3491718807824
 20
93.64345529968467
 30
0.0
 11
261.46926627053966
 21
93.69551813004512
 31
0.0
  0
LINE
  5
DD8
330
17
100
AcDbEntity
  8
GEOMETRY
100
AcDbLine
 10
261.46926627053966
 20
93.69551813004512
 30
0.0
 11
261.5909998083151
 21
93.74362370702927
 31
0.0
  0
LINE
  5
DD9
330
17
100
AcDbEntity
  8
GEOMETRY
100
AcDbLine
 10
261.5909998083151
 20
93.74362370702927
 30
0.0
 11
261.71424213878737
 21
93.78772051798039
 31
0.0
  0
LINE
  5
DDA
330
17
100
AcDbEntity
  8
GEOMETRY
100
AcDbLine
 10
261.71424213878737
 20
93.78772051798039
 30
0.0
 11
261.83886129098215
 21
93.82776134292881
 31
0.0
  0
LINE
  5
DDB
330
17
100
AcDbEntity
  8
GEOMETRY
100
AcDbLine
 10
261.83886129098215
 20
93.82776134292881
 30
0.0
 11
261.9647238195899
 21
93.86370330515625
 31
0.0
  0
LINE
  5
DDC
330
17
100
AcDbEntity
  8
GEOMETRY
100
AcDbLine
 10
261.9647238195899
 20
93.86370330515625
 30
0.0
 11
262.0916949478625
 21
93.8955079171093
 31
0.0
  0
LINE
  5
DDD
330
17
100
AcDbEntity
  8
GEOMETRY
100
AcDbLine
 10
262.0916949478625
 20
93.8955079171093
 30
0.0
 11
262.2196387119355
 21
93.92314112161289
 31
0.0
  0
LINE
  5
DDE
330
17
100
AcDbEntity
  8
GEOMETRY
100
AcDbLine
 10
262.2196387119355
 20
93.92314112161289
 30
0.0
 11
262.34841810642166
 21
93.94657332833948
 31
0.0
  0
LINE
  5
DDF
330
17
100
AcDbEntity
  8
GEOMETRY
100
AcDbLine
 10
262.34841810642166
 20
93.94657332833948
 30
0.0
 11
262.4778952311198
 21
93.96577944549522
 31
0.0
  0
LINE
  5
DE0
330
17
100
AcDbEntity
  8
GEOMETRY
100
AcDbLine
 10
262.4778952311198
 20
93.96577944549522
 30
0.0
 11
262.60793143868176
 21
93.98073890668876
 31
0.0
  0
LINE
  5
DE1
330
17
100
AcDbEntity
  8
GEOMETRY
100
AcDbLine
 10
262.60793143868176
 20
93.98073890668876
 30
0.0
 11
262.7383874830794
 21
93.99143569295438
 31
0.0
  0
LINE
  5
DE2
330
17
100
AcDbEntity
  8
GEOMETRY
100
AcDbLine
 10
262.7383874830794
 20
93.99143569295438
 30
0.0
 11
262.8691236687129
 21
93.99785834990543
 31
0.0
  0
LINE
  5
DE3
330
17
100
AcDbEntity
  8
GEOMETRY
100
AcDbLine
 10
262.8691236687129
 20
93.99785834990543
 30
0.0
 11
263.0
 21
93.99999999999997
 31
0.0
  0
LINE
  5
DE4
330
17
100
AcDbEntity
  8
GEOMETRY
100
AcDbLine
 10
259.0
 20
89.99999999999997
 30
0.0
 11
259.00214165009453
 21
90.13087633128707
 31
0.0
  0
LINE
  5
DE5
330
17
100
AcDbEntity
  8
GEOMETRY
100
AcDbLine
 10
259.00214165009453
 20
90.13087633128707
 30
0.0
 11
259.00856430704556
 21
90.26161251692055
 31
0.0
  0
LINE
  5
DE6
330
17
100
AcDbEntity
  8
GEOMETRY
100
AcDbLine
 10
259.00856430704556
 20
90.26161251692055
 30
0.0
 11
259.01926109331123
 21
90.39206856131821
 31
0.0
  0
LINE
  5
DE7
330
17
100
AcDbEntity
  8
GEOMETRY
100
AcDbLine
 10
259.01926109331123
 20
90.39206856131821
 30
0.0
 11
259.03422055450477
 21
90.52210476888018
 31
0.0
  0
LINE
  5
DE8
330
17
100
AcDbEntity
  8
GEOMETRY
100
AcDbLine
 10
259.03422055450477
 20
90.52210476888018
 30
0.0
 11
259.0534266716605
 21
90.65158189357832
 31
0.0
  0
LINE
  5
DE9
330
17
100
AcDbEntity
  8
GEOMETRY
100
AcDbLine
 10
259.0534266716605
 20
90.65158189357832
 30
0.0
 11
259.0768588783871
 21
90.78036128806448
 31
0.0
  0
LINE
  5
DEA
330
17
100
AcDbEntity
  8
GEOMETRY
100
AcDbLine
 10
259.0768588783871
 20
90.78036128806448
 30
0.0
 11
259.10449208289066
 21
90.90830505213746
 31
0.0
  0
LINE
  5
DEB
330
17
100
AcDbEntity
  8
GEOMETRY
100
AcDbLine
 10
259.10449208289066
 20
90.90830505213746
 30
0.0
 11
259.13629669484374
 21
91.03527618041005
 31
0.0
  0
LINE
  5
DEC
330
17
100
AcDbEntity
  8
GEOMETRY
100
AcDbLine
 10
259.13629669484374
 20
91.03527618041005
 30
0.0
 11
259.17223865707115
 21
91.16113870901782
 31
0.0
  0
LINE
  5
DED
330
17
100
AcDbEntity
  8
GEOMETRY
100
AcDbLine
 10
259.17223865707115
 20
91.16113870901782
 30
0.0
 11
259.2122794820196
 21
91.28575786121262
 31
0.0
  0
LINE
  5
DEE
330
17
100
AcDbEntity
  8
GEOMETRY
100
AcDbLine
 10
259.2122794820196
 20
91.28575786121262
 30
0.0
 11
259.2563762929707
 21
91.40900019168491
 31
0.0
  0
LINE
  5
DEF
330
17
100
AcDbEntity
  8
GEOMETRY
100
AcDbLine
 10
259.2563762929707
 20
91.40900019168491
 30
0.0
 11
259.3044818699548
 21
91.53073372946034
 31
0.0
  0
LINE
  5
DF0
330
17
100
AcDbEntity
  8
GEOMETRY
100
AcDbLine
 10
259.3044818699548
 20
91.53073372946034
 30
0.0
 11
259.3565447003153
 21
91.65082811921755
 31
0.0
  0
LINE
  5
DF1
330
17
100
AcDbEntity
  8
GEOMETRY
100
AcDbLine
 10
259.3565447003153
 20
91.65082811921755
 30
0.0
 11
259.41250903386924
 21
91.76915476087598
 31
0.0
  0
LINE
  5
DF2
330
17
100
AcDbEntity
  8
GEOMETRY
100
AcDbLine
 10
259.41250903386924
 20
91.76915476087598
 30
0.0
 11
259.4723149426066
 21
91.88558694730396
 31
0.0
  0
LINE
  5
DF3
330
17
100
AcDbEntity
  8
GEOMETRY
100
AcDbLine
 10
259.4723149426066
 20
91.88558694730396
 30
0.0
 11
259.53589838486226
 21
91.99999999999997
 31
0.0
  0
LINE
  5
DF4
330
17
100
AcDbEntity
  8
GEOMETRY
100
AcDbLine
 10
259.53589838486226
 20
91.99999999999997
 30
0.0
 11
259.6031912738937
 21
92.11227140260145
 31
0.0
  0
LINE
  5
DF5
330
17
100
AcDbEntity
  8
GEOMETRY
100
AcDbLine
 10
259.6031912738937
 20
92.11227140260145
 30
0.0
 11
259.67412155078983
 21
92.22228093207838
 31
0.0
  0
LINE
  5
DF6
330
17
100
AcDbEntity
  8
GEOMETRY
100
AcDbLine
 10
259.67412155078983
 20
92.22228093207838
 30
0.0
 11
259.7486132616335
 21
92.32991078747118
 31
0.0
  0
LINE
  5
DF7
330
17
100
AcDbEntity
  8
GEOMETRY
100
AcDbLine
 10
259.7486132616335
 20
92.32991078747118
 30
0.0
 11
259.82658663883507
 21
92.43504571603485
 31
0.0
  0
LINE
  5
DF8
330
17
100
AcDbEntity
  8
GEOMETRY
100
AcDbLine
 10
259.82658663883507
 20
92.43504571603485
 30
0.0
 11
259.9079581865491
 21
92.53757313665456
 31
0.0
  0
LINE
  5
DF9
330
17
100
AcDbEntity
  8
GEOMETRY
100
AcDbLine
 10
259.9079581865491
 20
92.53757313665456
 30
0.0
 11
259.9926407700841
 21
92.63738326040024
 31
0.0
  0
LINE
  5
DFA
330
17
100
AcDbEntity
  8
GEOMETRY
100
AcDbLine
 10
259.9926407700841
 20
92.63738326040024
 30
0.0
 11
260.08054370920865
 21
92.73436920809145
 31
0.0
  0
LINE
  5
DFB
330
17
100
AcDbEntity
  8
GEOMETRY
100
AcDbLine
 10
260.08054370920865
 20
92.73436920809145
 30
0.0
 11
260.1715728752538
 21
92.82842712474616
 31
0.0
  0
LINE
  5
DFC
330
17
100
AcDbEntity
  8
GEOMETRY
100
AcDbLine
 10
260.1715728752538
 20
92.82842712474616
 30
0.0
 11
260.2656307919085
 21
92.91945629079132
 31
0.0
  0
LINE
  5
DFD
330
17
100
AcDbEntity
  8
GEOMETRY
100
AcDbLine
 10
260.2656307919085
 20
92.91945629079132
 30
0.0
 11
260.36261673959973
 21
93.00735922991588
 31
0.0
  0
LINE
  5
DFE
330
17
100
AcDbEntity
  8
GEOMETRY
100
AcDbLine
 10
260.36261673959973
 20
93.00735922991588
 30
0.0
 11
260.4624268633454
 21
93.09204181345092
 31
0.0
  0
LINE
  5
DFF
330
17
100
AcDbEntity
  8
GEOMETRY
100
AcDbLine
 10
260.4624268633454
 20
93.09204181345092
 30
0.0
 11
260.5649542839651
 21
93.1734133611649
 31
0.0
  0
LINE
  5
E00
330
17
100
AcDbEntity
  8
GEOMETRY
100
AcDbLine
 10
260.5649542839651
 20
93.1734133611649
 30
0.0
 11
260.6700892125288
 21
93.25138673836643
 31
0.0
  0
LINE
  5
E01
330
17
100
AcDbEntity
  8
GEOMETRY
100
AcDbLine
 10
260.6700892125288
 20
93.25138673836643
 30
0.0
 11
260.77771906792157
 21
93.32587844921015
 31
0.0
  0
LINE
  5
E02
330
17
100
AcDbEntity
  8
GEOMETRY
100
AcDbLine
 10
260.77771906792157
 20
93.32587844921015
 30
0.0
 11
260.8877285973985
 21
93.39680872610629
 31
0.0
  0
LINE
  5
E03
330
17
100
AcDbEntity
  8
GEOMETRY
100
AcDbLine
 10
260.8877285973985
 20
93.39680872610629
 30
0.0
 11
261.0
 21
93.46410161513772
 31
0.0
  0
LINE
  5
E04
330
17
100
AcDbEntity
  8
GEOMETRY
100
AcDbLine
 10
261.0
 20
93.46410161513772
 30
0.0
 11
261.114413052696
 21
93.52768505739338
 31
0.0
  0
LINE
  5
E05
330
17
100
AcDbEntity
  8
GEOMETRY
100
AcDbLine
 10
261.114413052696
 20
93.52768505739338
 30
0.0
 11
261.230845239124
 21
93.58749096613073
 31
0.0
  0
LINE
  5
E06
330
17
100
AcDbEntity
  8
GEOMETRY
100
AcDbLine
 10
261.230845239124
 20
93.58749096613073
 30
0.0
 11
261.3491718807824
 21
93.64345529968467
 31
0.0
  0
LINE
  5
E07
330
17
100
AcDbEntity
  8
GEOMETRY
100
AcDbLine
 10
261.3491718807824
 20
93.64345529968467
 30
0.0
 11
261.46926627053966
 21
93.69551813004512
 31
0.0
  0
LINE
  5
E08
330
17
100
AcDbEntity
  8
GEOMETRY
100
AcDbLine
 10
261.46926627053966
 20
93.69551813004512
 30
0.0
 11
261.5909998083151
 21
93.74362370702927
 31
0.0
  0
LINE
  5
E09
330
17
100
AcDbEntity
  8
GEOMETRY
100
AcDbLine
 10
261.5909998083151
 20
93.74362370702927
 30
0.0
 11
261.71424213878737
 21
93.78772051798039
 31
0.0
  0
LINE
  5
E0A
330
17
100
AcDbEntity
  8
GEOMETRY
100
AcDbLine
 10
261.71424213878737
 20
93.78772051798039
 30
0.0
 11
261.83886129098215
 21
93.82776134292881
 31
0.0
  0
LINE
  5
E0B
330
17
100
AcDbEntity
  8
GEOMETRY
100
AcDbLine
 10
261.83886129098215
 20
93.82776134292881
 30
0.0
 11
261.9647238195899
 21
93.86370330515625
 31
0.0
  0
LINE
  5
E0C
330
17
100
AcDbEntity
  8
GEOMETRY
100
AcDbLine
 10
261.9647238195899
 20
93.86370330515625
 30
0.0
 11
262.0916949478625
 21
93.8955079171093
 31
0.0
  0
LINE
  5
E0D
330
17
100
AcDbEntity
  8
GEOMETRY
100
AcDbLine
 10
262.0916949478625
 20
93.8955079171093
 30
0.0
 11
262.2196387119355
 21
93.92314112161289
 31
0.0
  0
LINE
  5
E0E
330
17
100
AcDbEntity
  8
GEOMETRY
100
AcDbLine
 10
262.2196387119355
 20
93.92314112161289
 30
0.0
 11
262.34841810642166
 21
93.94657332833948
 31
0.0
  0
LINE
  5
E0F
330
17
100
AcDbEntity
  8
GEOMETRY
100
AcDbLine
 10
262.34841810642166
 20
93.94657332833948
 30
0.0
 11
262.4778952311198
 21
93.96577944549522
 31
0.0
  0
LINE
  5
E10
330
17
100
AcDbEntity
  8
GEOMETRY
100
AcDbLine
 10
262.4778952311198
 20
93.96577944549522
 30
0.0
 11
262.60793143868176
 21
93.98073890668876
 31
0.0
  0
LINE
  5
E11
330
17
100
AcDbEntity
  8
GEOMETRY
100
AcDbLine
 10
262.60793143868176
 20
93.98073890668876
 30
0.0
 11
262.7383874830794
 21
93.99143569295438
 31
0.0
  0
LINE
  5
E12
330
17
100
AcDbEntity
  8
GEOMETRY
100
AcDbLine
 10
262.7383874830794
 20
93.99143569295438
 30
0.0
 11
262.8691236687129
 21
93.99785834990543
 31
0.0
  0
LINE
  5
E13
330
17
100
AcDbEntity
  8
GEOMETRY
100
AcDbLine
 10
262.8691236687129
 20
93.99785834990543
 30
0.0
 11
263.0
 21
93.99999999999997
 31
0.0
  0
LINE
  5
E14
330
17
100
AcDbEntity
  8
GEOMETRY
100
AcDbLine
 10
299.0
 20
93.99999999999997
 30
0.0
 11
299.26941452062357
 21
93.99999999999997
 31
0.0
  0
LINE
  5
E15
330
17
100
AcDbEntity
  8
GEOMETRY
100
AcDbLine
 10
299.26941452062357
 20
93.99999999999997
 30
0.0
 11
299.53882904124714
 21
93.99999999999997
 31
0.0
  0
LINE
  5
E16
330
17
100
AcDbEntity
  8
GEOMETRY
100
AcDbLine
 10
299.53882904124714
 20
93.99999999999997
 30
0.0
 11
299.80824356187077
 21
93.99999999999997
 31
0.0
  0
LINE
  5
E17
330
17
100
AcDbEntity
  8
GEOMETRY
100
AcDbLine
 10
299.80824356187077
 20
93.99999999999997
 30
0.0
 11
300.07765808249434
 21
93.99999999999997
 31
0.0
  0
LINE
  5
E18
330
17
100
AcDbEntity
  8
GEOMETRY
100
AcDbLine
 10
300.07765808249434
 20
93.99999999999997
 30
0.0
 11
300.3456205842973
 21
93.99999999999997
 31
0.0
  0
LINE
  5
E19
330
17
100
AcDbEntity
  8
GEOMETRY
100
AcDbLine
 10
300.3456205842973
 20
93.99999999999997
 30
0.0
 11
300.6116470610061
 21
93.99999999999997
 31
0.0
  0
LINE
  5
E1A
330
17
100
AcDbEntity
  8
GEOMETRY
100
AcDbLine
 10
300.6116470610061
 20
93.99999999999997
 30
0.0
 11
300.8776735377149
 21
93.99999999999997
 31
0.0
  0
LINE
  5
E1B
330
17
100
AcDbEntity
  8
GEOMETRY
100
AcDbLine
 10
300.8776735377149
 20
93.99999999999997
 30
0.0
 11
301.1437000144237
 21
93.99999999999997
 31
0.0
  0
LINE
  5
E1C
330
17
100
AcDbEntity
  8
GEOMETRY
100
AcDbLine
 10
301.1437000144237
 20
93.99999999999997
 30
0.0
 11
301.40972649113246
 21
93.99999999999997
 31
0.0
  0
LINE
  5
E1D
330
17
100
AcDbEntity
  8
GEOMETRY
100
AcDbLine
 10
301.40972649113246
 20
93.99999999999997
 30
0.0
 11
301.6699814125171
 21
93.99999999999997
 31
0.0
  0
LINE
  5
E1E
330
17
100
AcDbEntity
  8
GEOMETRY
100
AcDbLine
 10
301.6699814125171
 20
93.99999999999997
 30
0.0
 11
301.92927440801435
 21
93.99999999999997
 31
0.0
  0
LINE
  5
E1F
330
17
100
AcDbEntity
  8
GEOMETRY
100
AcDbLine
 10
301.92927440801435
 20
93.99999999999997
 30
0.0
 11
302.18856740351157
 21
93.99999999999997
 31
0.0
  0
LINE
  5
E20
330
17
100
AcDbEntity
  8
GEOMETRY
100
AcDbLine
 10
302.18856740351157
 20
93.99999999999997
 30
0.0
 11
302.4478603990088
 21
93.99999999999997
 31
0.0
  0
LINE
  5
E21
330
17
100
AcDbEntity
  8
GEOMETRY
100
AcDbLine
 10
302.4478603990088
 20
93.99999999999997
 30
0.0
 11
302.704297897056
 21
93.99999999999997
 31
0.0
  0
LINE
  5
E22
330
17
100
AcDbEntity
  8
GEOMETRY
100
AcDbLine
 10
302.704297897056
 20
93.99999999999997
 30
0.0
 11
302.953596651478
 21
93.99999999999997
 31
0.0
  0
LINE
  5
E23
330
17
100
AcDbEntity
  8
GEOMETRY
100
AcDbLine
 10
302.953596651478
 20
93.99999999999997
 30
0.0
 11
303.2028954059
 21
93.99999999999997
 31
0.0
  0
LINE
  5
E24
330
17
100
AcDbEntity
  8
GEOMETRY
100
AcDbLine
 10
303.2028954059
 20
93.99999999999997
 30
0.0
 11
303.452194160322
 21
93.99999999999997
 31
0.0
  0
LINE
  5
E25
330
17
100
AcDbEntity
  8
GEOMETRY
100
AcDbLine
 10
303.452194160322
 20
93.99999999999997
 30
0.0
 11
303.701492914744
 21
93.99999999999997
 31
0.0
  0
LINE
  5
E26
330
17
100
AcDbEntity
  8
GEOMETRY
100
AcDbLine
 10
303.701492914744
 20
93.99999999999997
 30
0.0
 11
303.94141358519556
 21
93.99999999999997
 31
0.0
  0
LINE
  5
E27
330
17
100
AcDbEntity
  8
GEOMETRY
100
AcDbLine
 10
303.94141358519556
 20
93.99999999999997
 30
0.0
 11
304.17758302205897
 21
93.99999999999997
 31
0.0
  0
LINE
  5
E28
330
17
100
AcDbEntity
  8
GEOMETRY
100
AcDbLine
 10
304.17758302205897
 20
93.99999999999997
 30
0.0
 11
304.4137524589224
 21
93.99999999999997
 31
0.0
  0
LINE
  5
E29
330
17
100
AcDbEntity
  8
GEOMETRY
100
AcDbLine
 10
304.4137524589224
 20
93.99999999999997
 30
0.0
 11
304.6499218957858
 21
93.99999999999997
 31
0.0
  0
LINE
  5
E2A
330
17
100
AcDbEntity
  8
GEOMETRY
100
AcDbLine
 10
304.6499218957858
 20
93.99999999999997
 30
0.0
 11
304.8837914347555
 21
93.99999999999997
 31
0.0
  0
LINE
  5
E2B
330
17
100
AcDbEntity
  8
GEOMETRY
100
AcDbLine
 10
304.8837914347555
 20
93.99999999999997
 30
0.0
 11
305.10386158636305
 21
93.99999999999997
 31
0.0
  0
LINE
  5
E2C
330
17
100
AcDbEntity
  8
GEOMETRY
100
AcDbLine
 10
305.10386158636305
 20
93.99999999999997
 30
0.0
 11
305.3239317379706
 21
93.99999999999997
 31
0.0
  0
LINE
  5
E2D
330
17
100
AcDbEntity
  8
GEOMETRY
100
AcDbLine
 10
305.3239317379706
 20
93.99999999999997
 30
0.0
 11
305.5440018895781
 21
93.99999999999997
 31
0.0
  0
LINE
  5
E2E
330
17
100
AcDbEntity
  8
GEOMETRY
100
AcDbLine
 10
305.5440018895781
 20
93.99999999999997
 30
0.0
 11
305.76407204118567
 21
93.99999999999997
 31
0.0
  0
LINE
  5
E2F
330
17
100
AcDbEntity
  8
GEOMETRY
100
AcDbLine
 10
305.76407204118567
 20
93.99999999999997
 30
0.0
 11
305.97336116702184
 21
93.99999999999997
 31
0.0
  0
LINE
  5
E30
330
17
100
AcDbEntity
  8
GEOMETRY
100
AcDbLine
 10
305.97336116702184
 20
93.99999999999997
 30
0.0
 11
306.17456452352934
 21
93.99999999999997
 31
0.0
  0
LINE
  5
E31
330
17
100
AcDbEntity
  8
GEOMETRY
100
AcDbLine
 10
306.17456452352934
 20
93.99999999999997
 30
0.0
 11
306.3757678800369
 21
93.99999999999997
 31
0.0
  0
LINE
  5
E32
330
17
100
AcDbEntity
  8
GEOMETRY
100
AcDbLine
 10
306.3757678800369
 20
93.99999999999997
 30
0.0
 11
306.57697123654447
 21
93.99999999999997
 31
0.0
  0
LINE
  5
E33
330
17
100
AcDbEntity
  8
GEOMETRY
100
AcDbLine
 10
306.57697123654447
 20
93.99999999999997
 30
0.0
 11
306.77817459305203
 21
93.99999999999997
 31
0.0
  0
LINE
  5
E34
330
17
100
AcDbEntity
  8
GEOMETRY
100
AcDbLine
 10
306.77817459305203
 20
93.99999999999997
 30
0.0
 11
306.95798090551057
 21
93.99999999999997
 31
0.0
  0
LINE
  5
E35
330
17
100
AcDbEntity
  8
GEOMETRY
100
AcDbLine
 10
306.95798090551057
 20
93.99999999999997
 30
0.0
 11
307.13778721796916
 21
93.99999999999997
 31
0.0
  0
LINE
  5
E36
330
17
100
AcDbEntity
  8
GEOMETRY
100
AcDbLine
 10
307.13778721796916
 20
93.99999999999997
 30
0.0
 11
307.3175935304277
 21
93.99999999999997
 31
0.0
  0
LINE
  5
E37
330
17
100
AcDbEntity
  8
GEOMETRY
100
AcDbLine
 10
307.3175935304277
 20
93.99999999999997
 30
0.0
 11
307.4973998428863
 21
93.99999999999997
 31
0.0
  0
LINE
  5
E38
330
17
100
AcDbEntity
  8
GEOMETRY
100
AcDbLine
 10
307.4973998428863
 20
93.99999999999997
 30
0.0
 11
307.6670669213073
 21
93.99999999999997
 31
0.0
  0
LINE
  5
E39
330
17
100
AcDbEntity
  8
GEOMETRY
100
AcDbLine
 10
307.6670669213073
 20
93.99999999999997
 30
0.0
 11
307.8232150210117
 21
93.99999999999997
 31
0.0
  0
LINE
  5
E3A
330
17
100
AcDbEntity
  8
GEOMETRY
100
AcDbLine
 10
307.8232150210117
 20
93.99999999999997
 30
0.0
 11
307.9793631207161
 21
93.99999999999997
 31
0.0
  0
LINE
  5
E3B
330
17
100
AcDbEntity
  8
GEOMETRY
100
AcDbLine
 10
307.9793631207161
 20
93.99999999999997
 30
0.0
 11
308.1355112204204
 21
93.99999999999997
 31
0.0
  0
LINE
  5
E3C
330
17
100
AcDbEntity
  8
GEOMETRY
100
AcDbLine
 10
308.1355112204204
 20
93.99999999999997
 30
0.0
 11
308.2916593201248
 21
93.99999999999997
 31
0.0
  0
LINE
  5
E3D
330
17
100
AcDbEntity
  8
GEOMETRY
100
AcDbLine
 10
308.2916593201248
 20
93.99999999999997
 30
0.0
 11
308.42584582065155
 21
93.99999999999997
 31
0.0
  0
LINE
  5
E3E
330
17
100
AcDbEntity
  8
GEOMETRY
100
AcDbLine
 10
308.42584582065155
 20
93.99999999999997
 30
0.0
 11
308.55637205464865
 21
93.99999999999997
 31
0.0
  0
LINE
  5
E3F
330
17
100
AcDbEntity
  8
GEOMETRY
100
AcDbLine
 10
308.55637205464865
 20
93.99999999999997
 30
0.0
 11
308.6868982886458
 21
93.99999999999997
 31
0.0
  0
LINE
  5
E40
330
17
100
AcDbEntity
  8
GEOMETRY
100
AcDbLine
 10
308.6868982886458
 20
93.99999999999997
 30
0.0
 11
308.81742452264297
 21
93.99999999999997
 31
0.0
  0
LINE
  5
E41
330
17
100
AcDbEntity
  8
GEOMETRY
100
AcDbLine
 10
308.81742452264297
 20
93.99999999999997
 30
0.0
 11
308.9401612398307
 21
93.99999999999997
 31
0.0
  0
LINE
  5
E42
330
17
100
AcDbEntity
  8
GEOMETRY
100
AcDbLine
 10
308.9401612398307
 20
93.99999999999997
 30
0.0
 11
309.04342416499503
 21
93.99999999999997
 31
0.0
  0
LINE
  5
E43
330
17
100
AcDbEntity
  8
GEOMETRY
100
AcDbLine
 10
309.04342416499503
 20
93.99999999999997
 30
0.0
 11
309.14668709015933
 21
93.99999999999997
 31
0.0
  0
LINE
  5
E44
330
17
100
AcDbEntity
  8
GEOMETRY
100
AcDbLine
 10
309.14668709015933
 20
93.99999999999997
 30
0.0
 11
309.24995001532363
 21
93.99999999999997
 31
0.0
  0
LINE
  5
E45
330
17
100
AcDbEntity
  8
GEOMETRY
100
AcDbLine
 10
309.24995001532363
 20
93.99999999999997
 30
0.0
 11
309.35321294048794
 21
93.99999999999997
 31
0.0
  0
LINE
  5
E46
330
17
100
AcDbEntity
  8
GEOMETRY
100
AcDbLine
 10
309.35321294048794
 20
93.99999999999997
 30
0.0
 11
309.436074508487
 21
93.99999999999997
 31
0.0
  0
LINE
  5
E47
330
17
100
AcDbEntity
  8
GEOMETRY
100
AcDbLine
 10
309.436074508487
 20
93.99999999999997
 30
0.0
 11
309.51077553362006
 21
93.99999999999997
 31
0.0
  0
LINE
  5
E48
330
17
100
AcDbEntity
  8
GEOMETRY
100
AcDbLine
 10
309.51077553362006
 20
93.99999999999997
 30
0.0
 11
309.58547655875304
 21
93.99999999999997
 31
0.0
  0
LINE
  5
E49
330
17
100
AcDbEntity
  8
GEOMETRY
100
AcDbLine
 10
309.58547655875304
 20
93.99999999999997
 30
0.0
 11
309.660177583886
 21
93.99999999999997
 31
0.0
  0
LINE
  5
E4A
330
17
100
AcDbEntity
  8
GEOMETRY
100
AcDbLine
 10
309.660177583886
 20
93.99999999999997
 30
0.0
 11
309.73066413633836
 21
93.99999999999997
 31
0.0
  0
LINE
  5
E4B
330
17
100
AcDbEntity
  8
GEOMETRY
100
AcDbLine
 10
309.73066413633836
 20
93.99999999999997
 30
0.0
 11
309.7758638527065
 21
93.99999999999997
 31
0.0
  0
LINE
  5
E4C
330
17
100
AcDbEntity
  8
GEOMETRY
100
AcDbLine
 10
309.7758638527065
 20
93.99999999999997
 30
0.0
 11
309.82106356907457
 21
93.99999999999997
 31
0.0
  0
LINE
  5
E4D
330
17
100
AcDbEntity
  8
GEOMETRY
100
AcDbLine
 10
309.82106356907457
 20
93.99999999999997
 30
0.0
 11
309.86626328544264
 21
93.99999999999997
 31
0.0
  0
LINE
  5
E4E
330
17
100
AcDbEntity
  8
GEOMETRY
100
AcDbLine
 10
309.86626328544264
 20
93.99999999999997
 30
0.0
 11
309.9114630018108
 21
93.99999999999997
 31
0.0
  0
LINE
  5
E4F
330
17
100
AcDbEntity
  8
GEOMETRY
100
AcDbLine
 10
309.9114630018108
 20
93.99999999999997
 30
0.0
 11
309.93948002022245
 21
93.99999999999997
 31
0.0
  0
LINE
  5
E50
330
17
100
AcDbEntity
  8
GEOMETRY
100
AcDbLine
 10
309.93948002022245
 20
93.99999999999997
 30
0.0
 11
309.95461001516685
 21
93.99999999999997
 31
0.0
  0
LINE
  5
E51
330
17
100
AcDbEntity
  8
GEOMETRY
100
AcDbLine
 10
309.95461001516685
 20
93.99999999999997
 30
0.0
 11
309.96974001011125
 21
93.99999999999997
 31
0.0
  0
LINE
  5
E52
330
17
100
AcDbEntity
  8
GEOMETRY
100
AcDbLine
 10
309.96974001011125
 20
93.99999999999997
 30
0.0
 11
309.9848700050556
 21
93.99999999999997
 31
0.0
  0
LINE
  5
E53
330
17
100
AcDbEntity
  8
GEOMETRY
100
AcDbLine
 10
309.9848700050556
 20
93.99999999999997
 30
0.0
 11
310.0
 21
93.99999999999997
 31
0.0
  0
LINE
  5
E54
330
17
100
AcDbEntity
  8
GEOMETRY
100
AcDbLine
 10
310.0
 20
93.99999999999997
 30
0.0
 11
309.9396702886875
 21
93.99999999999997
 31
0.0
  0
LINE
  5
E55
330
17
100
AcDbEntity
  8
GEOMETRY
100
AcDbLine
 10
309.9396702886875
 20
93.99999999999997
 30
0.0
 11
309.87934057737505
 21
93.99999999999997
 31
0.0
  0
LINE
  5
E56
330
17
100
AcDbEntity
  8
GEOMETRY
100
AcDbLine
 10
309.87934057737505
 20
93.99999999999997
 30
0.0
 11
309.8190108660625
 21
93.99999999999997
 31
0.0
  0
LINE
  5
E57
330
17
100
AcDbEntity
  8
GEOMETRY
100
AcDbLine
 10
309.8190108660625
 20
93.99999999999997
 30
0.0
 11
309.75868115475004
 21
93.99999999999997
 31
0.0
  0
LINE
  5
E58
330
17
100
AcDbEntity
  8
GEOMETRY
100
AcDbLine
 10
309.75868115475004
 20
93.99999999999997
 30
0.0
 11
309.6479367695869
 21
93.99999999999997
 31
0.0
  0
LINE
  5
E59
330
17
100
AcDbEntity
  8
GEOMETRY
100
AcDbLine
 10
309.6479367695869
 20
93.99999999999997
 30
0.0
 11
309.46997281928964
 21
93.99999999999997
 31
0.0
  0
LINE
  5
E5A
330
17
100
AcDbEntity
  8
GEOMETRY
100
AcDbLine
 10
309.46997281928964
 20
93.99999999999997
 30
0.0
 11
309.2920088689923
 21
93.99999999999997
 31
0.0
  0
LINE
  5
E5B
330
17
100
AcDbEntity
  8
GEOMETRY
100
AcDbLine
 10
309.2920088689923
 20
93.99999999999997
 30
0.0
 11
309.11404491869496
 21
93.99999999999997
 31
0.0
  0
LINE
  5
E5C
330
17
100
AcDbEntity
  8
GEOMETRY
100
AcDbLine
 10
309.11404491869496
 20
93.99999999999997
 30
0.0
 11
308.9360809683977
 21
93.99999999999997
 31
0.0
  0
LINE
  5
E5D
330
17
100
AcDbEntity
  8
GEOMETRY
100
AcDbLine
 10
308.9360809683977
 20
93.99999999999997
 30
0.0
 11
308.66493668946816
 21
93.99999999999997
 31
0.0
  0
LINE
  5
E5E
330
17
100
AcDbEntity
  8
GEOMETRY
100
AcDbLine
 10
308.66493668946816
 20
93.99999999999997
 30
0.0
 11
308.3782623557667
 21
93.99999999999997
 31
0.0
  0
LINE
  5
E5F
330
17
100
AcDbEntity
  8
GEOMETRY
100
AcDbLine
 10
308.3782623557667
 20
93.99999999999997
 30
0.0
 11
308.0915880220652
 21
93.99999999999997
 31
0.0
  0
LINE
  5
E60
330
17
100
AcDbEntity
  8
GEOMETRY
100
AcDbLine
 10
308.0915880220652
 20
93.99999999999997
 30
0.0
 11
307.8049136883637
 21
93.99999999999997
 31
0.0
  0
LINE
  5
E61
330
17
100
AcDbEntity
  8
GEOMETRY
100
AcDbLine
 10
307.8049136883637
 20
93.99999999999997
 30
0.0
 11
307.49128640172944
 21
93.99999999999997
 31
0.0
  0
LINE
  5
E62
330
17
100
AcDbEntity
  8
GEOMETRY
100
AcDbLine
 10
307.49128640172944
 20
93.99999999999997
 30
0.0
 11
307.11027673276334
 21
93.99999999999997
 31
0.0
  0
LINE
  5
E63
330
17
100
AcDbEntity
  8
GEOMETRY
100
AcDbLine
 10
307.11027673276334
 20
93.99999999999997
 30
0.0
 11
306.7292670637972
 21
93.99999999999997
 31
0.0
  0
LINE
  5
E64
330
17
100
AcDbEntity
  8
GEOMETRY
100
AcDbLine
 10
306.7292670637972
 20
93.99999999999997
 30
0.0
 11
306.3482573948311
 21
93.99999999999997
 31
0.0
  0
LINE
  5
E65
330
17
100
AcDbEntity
  8
GEOMETRY
100
AcDbLine
 10
306.3482573948311
 20
93.99999999999997
 30
0.0
 11
305.967247725865
 21
93.99999999999997
 31
0.0
  0
LINE
  5
E66
330
17
100
AcDbEntity
  8
GEOMETRY
100
AcDbLine
 10
305.967247725865
 20
93.99999999999997
 30
0.0
 11
305.5325024001097
 21
93.99999999999997
 31
0.0
  0
LINE
  5
E67
330
17
100
AcDbEntity
  8
GEOMETRY
100
AcDbLine
 10
305.5325024001097
 20
93.99999999999997
 30
0.0
 11
305.07626281163874
 21
93.99999999999997
 31
0.0
  0
LINE
  5
E68
330
17
100
AcDbEntity
  8
GEOMETRY
100
AcDbLine
 10
305.07626281163874
 20
93.99999999999997
 30
0.0
 11
304.6200232231678
 21
93.99999999999997
 31
0.0
  0
LINE
  5
E69
330
17
100
AcDbEntity
  8
GEOMETRY
100
AcDbLine
 10
304.6200232231678
 20
93.99999999999997
 30
0.0
 11
304.1637836346968
 21
93.99999999999997
 31
0.0
  0
LINE
  5
E6A
330
17
100
AcDbEntity
  8
GEOMETRY
100
AcDbLine
 10
304.1637836346968
 20
93.99999999999997
 30
0.0
 11
303.700065166019
 21
93.99999999999997
 31
0.0
  0
LINE
  5
E6B
330
17
100
AcDbEntity
  8
GEOMETRY
100
AcDbLine
 10
303.700065166019
 20
93.99999999999997
 30
0.0
 11
303.1914734160997
 21
93.99999999999997
 31
0.0
  0
LINE
  5
E6C
330
17
100
AcDbEntity
  8
GEOMETRY
100
AcDbLine
 10
303.1914734160997
 20
93.99999999999997
 30
0.0
 11
302.6828816661805
 21
93.99999999999997
 31
0.0
  0
LINE
  5
E6D
330
17
100
AcDbEntity
  8
GEOMETRY
100
AcDbLine
 10
302.6828816661805
 20
93.99999999999997
 30
0.0
 11
302.1742899162612
 21
93.99999999999997
 31
0.0
  0
LINE
  5
E6E
330
17
100
AcDbEntity
  8
GEOMETRY
100
AcDbLine
 10
302.1742899162612
 20
93.99999999999997
 30
0.0
 11
301.665698166342
 21
93.99999999999997
 31
0.0
  0
LINE
  5
E6F
330
17
100
AcDbEntity
  8
GEOMETRY
100
AcDbLine
 10
301.665698166342
 20
93.99999999999997
 30
0.0
 11
301.14176398932955
 21
93.99999999999997
 31
0.0
  0
LINE
  5
E70
330
17
100
AcDbEntity
  8
GEOMETRY
100
AcDbLine
 10
301.14176398932955
 20
93.99999999999997
 30
0.0
 11
300.60632299199716
 21
93.99999999999997
 31
0.0
  0
LINE
  5
E71
330
17
100
AcDbEntity
  8
GEOMETRY
100
AcDbLine
 10
300.60632299199716
 20
93.99999999999997
 30
0.0
 11
300.0708819946648
 21
93.99999999999997
 31
0.0
  0
LINE
  5
E72
330
17
100
AcDbEntity
  8
GEOMETRY
100
AcDbLine
 10
300.0708819946648
 20
93.99999999999997
 30
0.0
 11
299.5354409973324
 21
93.99999999999997
 31
0.0
  0
LINE
  5
E73
330
17
100
AcDbEntity
  8
GEOMETRY
100
AcDbLine
 10
299.5354409973324
 20
93.99999999999997
 30
0.0
 11
299.0
 21
93.99999999999997
 31
0.0
  0
LINE
  5
E74
330
17
100
AcDbEntity
  8
GEOMETRY
100
AcDbLine
 10
299.0
 20
93.99999999999997
 30
0.0
 11
298.4645590026676
 21
93.99999999999997
 31
0.0
  0
LINE
  5
E75
330
17
100
AcDbEntity
  8
GEOMETRY
100
AcDbLine
 10
298.4645590026676
 20
93.99999999999997
 30
0.0
 11
297.9291180053352
 21
93.99999999999997
 31
0.0
  0
LINE
  5
E76
330
17
100
AcDbEntity
  8
GEOMETRY
100
AcDbLine
 10
297.9291180053352
 20
93.99999999999997
 30
0.0
 11
297.39367700800284
 21
93.99999999999997
 31
0.0
  0
LINE
  5
E77
330
17
100
AcDbEntity
  8
GEOMETRY
100
AcDbLine
 10
297.39367700800284
 20
93.99999999999997
 30
0.0
 11
296.85823601067045
 21
93.99999999999997
 31
0.0
  0
LINE
  5
E78
330
17
100
AcDbEntity
  8
GEOMETRY
100
AcDbLine
 10
296.85823601067045
 20
93.99999999999997
 30
0.0
 11
296.334301833658
 21
93.99999999999997
 31
0.0
  0
LINE
  5
E79
330
17
100
AcDbEntity
  8
GEOMETRY
100
AcDbLine
 10
296.334301833658
 20
93.99999999999997
 30
0.0
 11
295.8257100837388
 21
93.99999999999997
 31
0.0
  0
LINE
  5
E7A
330
17
100
AcDbEntity
  8
GEOMETRY
100
AcDbLine
 10
295.8257100837388
 20
93.99999999999997
 30
0.0
 11
295.3171183338195
 21
93.99999999999997
 31
0.0
  0
LINE
  5
E7B
330
17
100
AcDbEntity
  8
GEOMETRY
100
AcDbLine
 10
295.3171183338195
 20
93.99999999999997
 30
0.0
 11
294.8085265839003
 21
93.99999999999997
 31
0.0
  0
LINE
  5
E7C
330
17
100
AcDbEntity
  8
GEOMETRY
100
AcDbLine
 10
294.8085265839003
 20
93.99999999999997
 30
0.0
 11
294.29993483398107
 21
93.99999999999997
 31
0.0
  0
LINE
  5
E7D
330
17
100
AcDbEntity
  8
GEOMETRY
100
AcDbLine
 10
294.29993483398107
 20
93.99999999999997
 30
0.0
 11
293.8362163653032
 21
93.99999999999997
 31
0.0
  0
LINE
  5
E7E
330
17
100
AcDbEntity
  8
GEOMETRY
100
AcDbLine
 10
293.8362163653032
 20
93.99999999999997
 30
0.0
 11
293.3799767768322
 21
93.99999999999997
 31
0.0
  0
LINE
  5
E7F
330
17
100
AcDbEntity
  8
GEOMETRY
100
AcDbLine
 10
293.3799767768322
 20
93.99999999999997
 30
0.0
 11
292.9237371883613
 21
93.99999999999997
 31
0.0
  0
LINE
  5
E80
330
17
100
AcDbEntity
  8
GEOMETRY
100
AcDbLine
 10
292.9237371883613
 20
93.99999999999997
 30
0.0
 11
292.46749759989035
 21
93.99999999999997
 31
0.0
  0
LINE
  5
E81
330
17
100
AcDbEntity
  8
GEOMETRY
100
AcDbLine
 10
292.46749759989035
 20
93.99999999999997
 30
0.0
 11
292.032752274135
 21
93.99999999999997
 31
0.0
  0
LINE
  5
E82
330
17
100
AcDbEntity
  8
GEOMETRY
100
AcDbLine
 10
292.032752274135
 20
93.99999999999997
 30
0.0
 11
291.6517426051689
 21
93.99999999999997
 31
0.0
  0
LINE
  5
E83
330
17
100
AcDbEntity
  8
GEOMETRY
100
AcDbLine
 10
291.6517426051689
 20
93.99999999999997
 30
0.0
 11
291.2707329362028
 21
93.99999999999997
 31
0.0
  0
LINE
  5
E84
330
17
100
AcDbEntity
  8
GEOMETRY
100
AcDbLine
 10
291.2707329362028
 20
93.99999999999997
 30
0.0
 11
290.88972326723666
 21
93.99999999999997
 31
0.0
  0
LINE
  5
E85
330
17
100
AcDbEntity
  8
GEOMETRY
100
AcDbLine
 10
290.88972326723666
 20
93.99999999999997
 30
0.0
 11
290.50871359827056
 21
93.99999999999997
 31
0.0
  0
LINE
  5
E86
330
17
100
AcDbEntity
  8
GEOMETRY
100
AcDbLine
 10
290.50871359827056
 20
93.99999999999997
 30
0.0
 11
290.1950863116363
 21
93.99999999999997
 31
0.0
  0
LINE
  5
E87
330
17
100
AcDbEntity
  8
GEOMETRY
100
AcDbLine
 10
290.1950863116363
 20
93.99999999999997
 30
0.0
 11
289.9084119779348
 21
93.99999999999997
 31
0.0
  0
LINE
  5
E88
330
17
100
AcDbEntity
  8
GEOMETRY
100
AcDbLine
 10
289.9084119779348
 20
93.99999999999997
 30
0.0
 11
289.6217376442333
 21
93.99999999999997
 31
0.0
  0
LINE
  5
E89
330
17
100
AcDbEntity
  8
GEOMETRY
100
AcDbLine
 10
289.6217376442333
 20
93.99999999999997
 30
0.0
 11
289.33506331053184
 21
93.99999999999997
 31
0.0
  0
LINE
  5
E8A
330
17
100
AcDbEntity
  8
GEOMETRY
100
AcDbLine
 10
289.33506331053184
 20
93.99999999999997
 30
0.0
 11
289.0639190316023
 21
93.99999999999997
 31
0.0
  0
LINE
  5
E8B
330
17
100
AcDbEntity
  8
GEOMETRY
100
AcDbLine
 10
289.0639190316023
 20
93.99999999999997
 30
0.0
 11
288.88595508130504
 21
93.99999999999997
 31
0.0
  0
LINE
  5
E8C
330
17
100
AcDbEntity
  8
GEOMETRY
100
AcDbLine
 10
288.88595508130504
 20
93.99999999999997
 30
0.0
 11
288.7079911310077
 21
93.99999999999997
 31
0.0
  0
LINE
  5
E8D
330
17
100
AcDbEntity
  8
GEOMETRY
100
AcDbLine
 10
288.7079911310077
 20
93.99999999999997
 30
0.0
 11
288.5300271807104
 21
93.99999999999997
 31
0.0
  0
LINE
  5
E8E
330
17
100
AcDbEntity
  8
GEOMETRY
100
AcDbLine
 10
288.5300271807104
 20
93.99999999999997
 30
0.0
 11
288.3520632304131
 21
93.99999999999997
 31
0.0
  0
LINE
  5
E8F
330
17
100
AcDbEntity
  8
GEOMETRY
100
AcDbLine
 10
288.3520632304131
 20
93.99999999999997
 30
0.0
 11
288.24131884524996
 21
93.99999999999997
 31
0.0
  0
LINE
  5
E90
330
17
100
AcDbEntity
  8
GEOMETRY
100
AcDbLine
 10
288.24131884524996
 20
93.99999999999997
 30
0.0
 11
288.1809891339375
 21
93.99999999999997
 31
0.0
  0
LINE
  5
E91
330
17
100
AcDbEntity
  8
GEOMETRY
100
AcDbLine
 10
288.1809891339375
 20
93.99999999999997
 30
0.0
 11
288.12065942262495
 21
93.99999999999997
 31
0.0
  0
LINE
  5
E92
330
17
100
AcDbEntity
  8
GEOMETRY
100
AcDbLine
 10
288.12065942262495
 20
93.99999999999997
 30
0.0
 11
288.0603297113125
 21
93.99999999999997
 31
0.0
  0
LINE
  5
E93
330
17
100
AcDbEntity
  8
GEOMETRY
100
AcDbLine
 10
288.0603297113125
 20
93.99999999999997
 30
0.0
 11
288.0
 21
93.99999999999997
 31
0.0
  0
LINE
  5
E94
330
17
100
AcDbEntity
  8
GEOMETRY
100
AcDbLine
 10
288.0
 20
93.99999999999997
 30
0.0
 11
288.0151299949444
 21
93.99999999999997
 31
0.0
  0
LINE
  5
E95
330
17
100
AcDbEntity
  8
GEOMETRY
100
AcDbLine
 10
288.0151299949444
 20
93.99999999999997
 30
0.0
 11
288.03025998988875
 21
93.99999999999997
 31
0.0
  0
LINE
  5
E96
330
17
100
AcDbEntity
  8
GEOMETRY
100
AcDbLine
 10
288.03025998988875
 20
93.99999999999997
 30
0.0
 11
288.04538998483315
 21
93.99999999999997
 31
0.0
  0
LINE
  5
E97
330
17
100
AcDbEntity
  8
GEOMETRY
100
AcDbLine
 10
288.04538998483315
 20
93.99999999999997
 30
0.0
 11
288.06051997977755
 21
93.99999999999997
 31
0.0
  0
LINE
  5
E98
330
17
100
AcDbEntity
  8
GEOMETRY
100
AcDbLine
 10
288.06051997977755
 20
93.99999999999997
 30
0.0
 11
288.0885369981892
 21
93.99999999999997
 31
0.0
  0
LINE
  5
E99
330
17
100
AcDbEntity
  8
GEOMETRY
100
AcDbLine
 10
288.0885369981892
 20
93.99999999999997
 30
0.0
 11
288.13373671455736
 21
93.99999999999997
 31
0.0
  0
LINE
  5
E9A
330
17
100
AcDbEntity
  8
GEOMETRY
100
AcDbLine
 10
288.13373671455736
 20
93.99999999999997
 30
0.0
 11
288.17893643092543
 21
93.99999999999997
 31
0.0
  0
LINE
  5
E9B
330
17
100
AcDbEntity
  8
GEOMETRY
100
AcDbLine
 10
288.17893643092543
 20
93.99999999999997
 30
0.0
 11
288.22413614729356
 21
93.99999999999997
 31
0.0
  0
LINE
  5
E9C
330
17
100
AcDbEntity
  8
GEOMETRY
100
AcDbLine
 10
288.22413614729356
 20
93.99999999999997
 30
0.0
 11
288.26933586366164
 21
93.99999999999997
 31
0.0
  0
LINE
  5
E9D
330
17
100
AcDbEntity
  8
GEOMETRY
100
AcDbLine
 10
288.26933586366164
 20
93.99999999999997
 30
0.0
 11
288.3398224161139
 21
93.99999999999997
 31
0.0
  0
LINE
  5
E9E
330
17
100
AcDbEntity
  8
GEOMETRY
100
AcDbLine
 10
288.3398224161139
 20
93.99999999999997
 30
0.0
 11
288.41452344124696
 21
93.99999999999997
 31
0.0
  0
LINE
  5
E9F
330
17
100
AcDbEntity
  8
GEOMETRY
100
AcDbLine
 10
288.41452344124696
 20
93.99999999999997
 30
0.0
 11
288.48922446637994
 21
93.99999999999997
 31
0.0
  0
LINE
  5
EA0
330
17
100
AcDbEntity
  8
GEOMETRY
100
AcDbLine
 10
288.48922446637994
 20
93.99999999999997
 30
0.0
 11
288.563925491513
 21
93.99999999999997
 31
0.0
  0
LINE
  5
EA1
330
17
100
AcDbEntity
  8
GEOMETRY
100
AcDbLine
 10
288.563925491513
 20
93.99999999999997
 30
0.0
 11
288.64678705951206
 21
93.99999999999997
 31
0.0
  0
LINE
  5
EA2
330
17
100
AcDbEntity
  8
GEOMETRY
100
AcDbLine
 10
288.64678705951206
 20
93.99999999999997
 30
0.0
 11
288.75004998467637
 21
93.99999999999997
 31
0.0
  0
LINE
  5
EA3
330
17
100
AcDbEntity
  8
GEOMETRY
100
AcDbLine
 10
288.75004998467637
 20
93.99999999999997
 30
0.0
 11
288.85331290984067
 21
93.99999999999997
 31
0.0
  0
LINE
  5
EA4
330
17
100
AcDbEntity
  8
GEOMETRY
100
AcDbLine
 10
288.85331290984067
 20
93.99999999999997
 30
0.0
 11
288.95657583500497
 21
93.99999999999997
 31
0.0
  0
LINE
  5
EA5
330
17
100
AcDbEntity
  8
GEOMETRY
100
AcDbLine
 10
288.95657583500497
 20
93.99999999999997
 30
0.0
 11
289.0598387601693
 21
93.99999999999997
 31
0.0
  0
LINE
  5
EA6
330
17
100
AcDbEntity
  8
GEOMETRY
100
AcDbLine
 10
289.0598387601693
 20
93.99999999999997
 30
0.0
 11
289.18257547735703
 21
93.99999999999997
 31
0.0
  0
LINE
  5
EA7
330
17
100
AcDbEntity
  8
GEOMETRY
100
AcDbLine
 10
289.18257547735703
 20
93.99999999999997
 30
0.0
 11
289.3131017113542
 21
93.99999999999997
 31
0.0
  0
LINE
  5
EA8
330
17
100
AcDbEntity
  8
GEOMETRY
100
AcDbLine
 10
289.3131017113542
 20
93.99999999999997
 30
0.0
 11
289.44362794535135
 21
93.99999999999997
 31
0.0
  0
LINE
  5
EA9
330
17
100
AcDbEntity
  8
GEOMETRY
100
AcDbLine
 10
289.44362794535135
 20
93.99999999999997
 30
0.0
 11
289.57415417934845
 21
93.99999999999997
 31
0.0
  0
LINE
  5
EAA
330
17
100
AcDbEntity
  8
GEOMETRY
100
AcDbLine
 10
289.57415417934845
 20
93.99999999999997
 30
0.0
 11
289.7083406798752
 21
93.99999999999997
 31
0.0
  0
LINE
  5
EAB
330
17
100
AcDbEntity
  8
GEOMETRY
100
AcDbLine
 10
289.7083406798752
 20
93.99999999999997
 30
0.0
 11
289.8644887795796
 21
93.99999999999997
 31
0.0
  0
LINE
  5
EAC
330
17
100
AcDbEntity
  8
GEOMETRY
100
AcDbLine
 10
289.8644887795796
 20
93.99999999999997
 30
0.0
 11
290.0206368792839
 21
93.99999999999997
 31
0.0
  0
LINE
  5
EAD
330
17
100
AcDbEntity
  8
GEOMETRY
100
AcDbLine
 10
290.0206368792839
 20
93.99999999999997
 30
0.0
 11
290.1767849789883
 21
93.99999999999997
 31
0.0
  0
LINE
  5
EAE
330
17
100
AcDbEntity
  8
GEOMETRY
100
AcDbLine
 10
290.1767849789883
 20
93.99999999999997
 30
0.0
 11
290.3329330786927
 21
93.99999999999997
 31
0.0
  0
LINE
  5
EAF
330
17
100
AcDbEntity
  8
GEOMETRY
100
AcDbLine
 10
290.3329330786927
 20
93.99999999999997
 30
0.0
 11
290.5026001571137
 21
93.99999999999997
 31
0.0
  0
LINE
  5
EB0
330
17
100
AcDbEntity
  8
GEOMETRY
100
AcDbLine
 10
290.5026001571137
 20
93.99999999999997
 30
0.0
 11
290.6824064695723
 21
93.99999999999997
 31
0.0
  0
LINE
  5
EB1
330
17
100
AcDbEntity
  8
GEOMETRY
100
AcDbLine
 10
290.6824064695723
 20
93.99999999999997
 30
0.0
 11
290.86221278203084
 21
93.99999999999997
 31
0.0
  0
LINE
  5
EB2
330
17
100
AcDbEntity
  8
GEOMETRY
100
AcDbLine
 10
290.86221278203084
 20
93.99999999999997
 30
0.0
 11
291.04201909448943
 21
93.99999999999997
 31
0.0
  0
LINE
  5
EB3
330
17
100
AcDbEntity
  8
GEOMETRY
100
AcDbLine
 10
291.04201909448943
 20
93.99999999999997
 30
0.0
 11
291.22182540694797
 21
93.99999999999997
 31
0.0
  0
LINE
  5
EB4
330
17
100
AcDbEntity
  8
GEOMETRY
100
AcDbLine
 10
291.22182540694797
 20
93.99999999999997
 30
0.0
 11
291.42302876345553
 21
93.99999999999997
 31
0.0
  0
LINE
  5
EB5
330
17
100
AcDbEntity
  8
GEOMETRY
100
AcDbLine
 10
291.42302876345553
 20
93.99999999999997
 30
0.0
 11
291.6242321199631
 21
93.99999999999997
 31
0.0
  0
LINE
  5
EB6
330
17
100
AcDbEntity
  8
GEOMETRY
100
AcDbLine
 10
291.6242321199631
 20
93.99999999999997
 30
0.0
 11
291.8254354764706
 21
93.99999999999997
 31
0.0
  0
LINE
  5
EB7
330
17
100
AcDbEntity
  8
GEOMETRY
100
AcDbLine
 10
291.8254354764706
 20
93.99999999999997
 30
0.0
 11
292.02663883297816
 21
93.99999999999997
 31
0.0
  0
LINE
  5
EB8
330
17
100
AcDbEntity
  8
GEOMETRY
100
AcDbLine
 10
292.02663883297816
 20
93.99999999999997
 30
0.0
 11
292.23592795881433
 21
93.99999999999997
 31
0.0
  0
LINE
  5
EB9
330
17
100
AcDbEntity
  8
GEOMETRY
100
AcDbLine
 10
292.23592795881433
 20
93.99999999999997
 30
0.0
 11
292.4559981104219
 21
93.99999999999997
 31
0.0
  0
LINE
  5
EBA
330
17
100
AcDbEntity
  8
GEOMETRY
100
AcDbLine
 10
292.4559981104219
 20
93.99999999999997
 30
0.0
 11
292.6760682620294
 21
93.99999999999997
 31
0.0
  0
LINE
  5
EBB
330
17
100
AcDbEntity
  8
GEOMETRY
100
AcDbLine
 10
292.6760682620294
 20
93.99999999999997
 30
0.0
 11
292.89613841363695
 21
93.99999999999997
 31
0.0
  0
LINE
  5
EBC
330
17
100
AcDbEntity
  8
GEOMETRY
100
AcDbLine
 10
292.89613841363695
 20
93.99999999999997
 30
0.0
 11
293.1162085652445
 21
93.99999999999997
 31
0.0
  0
LINE
  5
EBD
330
17
100
AcDbEntity
  8
GEOMETRY
100
AcDbLine
 10
293.1162085652445
 20
93.99999999999997
 30
0.0
 11
293.3500781042142
 21
93.99999999999997
 31
0.0
  0
LINE
  5
EBE
330
17
100
AcDbEntity
  8
GEOMETRY
100
AcDbLine
 10
293.3500781042142
 20
93.99999999999997
 30
0.0
 11
293.5862475410776
 21
93.99999999999997
 31
0.0
  0
LINE
  5
EBF
330
17
100
AcDbEntity
  8
GEOMETRY
100
AcDbLine
 10
293.5862475410776
 20
93.99999999999997
 30
0.0
 11
293.82241697794103
 21
93.99999999999997
 31
0.0
  0
LINE
  5
EC0
330
17
100
AcDbEntity
  8
GEOMETRY
100
AcDbLine
 10
293.82241697794103
 20
93.99999999999997
 30
0.0
 11
294.05858641480444
 21
93.99999999999997
 31
0.0
  0
LINE
  5
EC1
330
17
100
AcDbEntity
  8
GEOMETRY
100
AcDbLine
 10
294.05858641480444
 20
93.99999999999997
 30
0.0
 11
294.298507085256
 21
93.99999999999997
 31
0.0
  0
LINE
  5
EC2
330
17
100
AcDbEntity
  8
GEOMETRY
100
AcDbLine
 10
294.298507085256
 20
93.99999999999997
 30
0.0
 11
294.547805839678
 21
93.99999999999997
 31
0.0
  0
LINE
  5
EC3
330
17
100
AcDbEntity
  8
GEOMETRY
100
AcDbLine
 10
294.547805839678
 20
93.99999999999997
 30
0.0
 11
294.7971045941
 21
93.99999999999997
 31
0.0
  0
LINE
  5
EC4
330
17
100
AcDbEntity
  8
GEOMETRY
100
AcDbLine
 10
294.7971045941
 20
93.99999999999997
 30
0.0
 11
295.046403348522
 21
93.99999999999997
 31
0.0
  0
LINE
  5
EC5
330
17
100
AcDbEntity
  8
GEOMETRY
100
AcDbLine
 10
295.046403348522
 20
93.99999999999997
 30
0.0
 11
295.295702102944
 21
93.99999999999997
 31
0.0
  0
LINE
  5
EC6
330
17
100
AcDbEntity
  8
GEOMETRY
100
AcDbLine
 10
295.295702102944
 20
93.99999999999997
 30
0.0
 11
295.5521396009912
 21
93.99999999999997
 31
0.0
  0
LINE
  5
EC7
330
17
100
AcDbEntity
  8
GEOMETRY
100
AcDbLine
 10
295.5521396009912
 20
93.99999999999997
 30
0.0
 11
295.81143259648843
 21
93.99999999999997
 31
0.0
  0
LINE
  5
EC8
330
17
100
AcDbEntity
  8
GEOMETRY
100
AcDbLine
 10
295.81143259648843
 20
93.99999999999997
 30
0.0
 11
296.07072559198565
 21
93.99999999999997
 31
0.0
  0
LINE
  5
EC9
330
17
100
AcDbEntity
  8
GEOMETRY
100
AcDbLine
 10
296.07072559198565
 20
93.99999999999997
 30
0.0
 11
296.3300185874829
 21
93.99999999999997
 31
0.0
  0
LINE
  5
ECA
330
17
100
AcDbEntity
  8
GEOMETRY
100
AcDbLine
 10
296.3300185874829
 20
93.99999999999997
 30
0.0
 11
296.59027350886754
 21
93.99999999999997
 31
0.0
  0
LINE
  5
ECB
330
17
100
AcDbEntity
  8
GEOMETRY
100
AcDbLine
 10
296.59027350886754
 20
93.99999999999997
 30
0.0
 11
296.8562999855763
 21
93.99999999999997
 31
0.0
  0
LINE
  5
ECC
330
17
100
AcDbEntity
  8
GEOMETRY
100
AcDbLine
 10
296.8562999855763
 20
93.99999999999997
 30
0.0
 11
297.1223264622851
 21
93.99999999999997
 31
0.0
  0
LINE
  5
ECD
330
17
100
AcDbEntity
  8
GEOMETRY
100
AcDbLine
 10
297.1223264622851
 20
93.99999999999997
 30
0.0
 11
297.3883529389939
 21
93.99999999999997
 31
0.0
  0
LINE
  5
ECE
330
17
100
AcDbEntity
  8
GEOMETRY
100
AcDbLine
 10
297.3883529389939
 20
93.99999999999997
 30
0.0
 11
297.6543794157027
 21
93.99999999999997
 31
0.0
  0
LINE
  5
ECF
330
17
100
AcDbEntity
  8
GEOMETRY
100
AcDbLine
 10
297.6543794157027
 20
93.99999999999997
 30
0.0
 11
297.92234191750566
 21
93.99999999999997
 31
0.0
  0
LINE
  5
ED0
330
17
100
AcDbEntity
  8
GEOMETRY
100
AcDbLine
 10
297.92234191750566
 20
93.99999999999997
 30
0.0
 11
298.19175643812923
 21
93.99999999999997
 31
0.0
  0
LINE
  5
ED1
330
17
100
AcDbEntity
  8
GEOMETRY
100
AcDbLine
 10
298.19175643812923
 20
93.99999999999997
 30
0.0
 11
298.46117095875286
 21
93.99999999999997
 31
0.0
  0
LINE
  5
ED2
330
17
100
AcDbEntity
  8
GEOMETRY
100
AcDbLine
 10
298.46117095875286
 20
93.99999999999997
 30
0.0
 11
298.73058547937643
 21
93.99999999999997
 31
0.0
  0
LINE
  5
ED3
330
17
100
AcDbEntity
  8
GEOMETRY
100
AcDbLine
 10
298.73058547937643
 20
93.99999999999997
 30
0.0
 11
299.0
 21
93.99999999999997
 31
0.0
  0
LINE
  5
ED4
330
17
100
AcDbEntity
  8
GEOMETRY
100
AcDbLine
 10
263.0
 20
93.99999999999997
 30
0.0
 11
314.0
 21
93.99999999999997
 31
0.0
  0
LINE
  5
ED5
330
17
100
AcDbEntity
  8
GEOMETRY
100
AcDbLine
 10
316.0
 20
93.99999999999997
 30
0.0
 11
315.99724909182834
 21
93.99999999999997
 31
0.0
  0
LINE
  5
ED6
330
17
100
AcDbEntity
  8
GEOMETRY
100
AcDbLine
 10
315.99724909182834
 20
93.99999999999997
 30
0.0
 11
315.9944981836566
 21
93.99999999999997
 31
0.0
  0
LINE
  5
ED7
330
17
100
AcDbEntity
  8
GEOMETRY
100
AcDbLine
 10
315.9944981836566
 20
93.99999999999997
 30
0.0
 11
315.9917472754849
 21
93.99999999999997
 31
0.0
  0
LINE
  5
ED8
330
17
100
AcDbEntity
  8
GEOMETRY
100
AcDbLine
 10
315.9917472754849
 20
93.99999999999997
 30
0.0
 11
315.9889963673132
 21
93.99999999999997
 31
0.0
  0
LINE
  5
ED9
330
17
100
AcDbEntity
  8
GEOMETRY
100
AcDbLine
 10
315.9889963673132
 20
93.99999999999997
 30
0.0
 11
315.9839023639656
 21
93.99999999999997
 31
0.0
  0
LINE
  5
EDA
330
17
100
AcDbEntity
  8
GEOMETRY
100
AcDbLine
 10
315.9839023639656
 20
93.99999999999997
 30
0.0
 11
315.9756842337169
 21
93.99999999999997
 31
0.0
  0
LINE
  5
EDB
330
17
100
AcDbEntity
  8
GEOMETRY
100
AcDbLine
 10
315.9756842337169
 20
93.99999999999997
 30
0.0
 11
315.9674661034681
 21
93.99999999999997
 31
0.0
  0
LINE
  5
EDC
330
17
100
AcDbEntity
  8
GEOMETRY
100
AcDbLine
 10
315.9674661034681
 20
93.99999999999997
 30
0.0
 11
315.95924797321936
 21
93.99999999999997
 31
0.0
  0
LINE
  5
EDD
330
17
100
AcDbEntity
  8
GEOMETRY
100
AcDbLine
 10
315.95924797321936
 20
93.99999999999997
 30
0.0
 11
315.9510298429706
 21
93.99999999999997
 31
0.0
  0
LINE
  5
EDE
330
17
100
AcDbEntity
  8
GEOMETRY
100
AcDbLine
 10
315.9510298429706
 20
93.99999999999997
 30
0.0
 11
315.9382141061611
 21
93.99999999999997
 31
0.0
  0
LINE
  5
EDF
330
17
100
AcDbEntity
  8
GEOMETRY
100
AcDbLine
 10
315.9382141061611
 20
93.99999999999997
 30
0.0
 11
315.9246321015915
 21
93.99999999999997
 31
0.0
  0
LINE
  5
EE0
330
17
100
AcDbEntity
  8
GEOMETRY
100
AcDbLine
 10
315.9246321015915
 20
93.99999999999997
 30
0.0
 11
315.91105009702187
 21
93.99999999999997
 31
0.0
  0
LINE
  5
EE1
330
17
100
AcDbEntity
  8
GEOMETRY
100
AcDbLine
 10
315.91105009702187
 20
93.99999999999997
 30
0.0
 11
315.8974680924522
 21
93.99999999999997
 31
0.0
  0
LINE
  5
EE2
330
17
100
AcDbEntity
  8
GEOMETRY
100
AcDbLine
 10
315.8974680924522
 20
93.99999999999997
 30
0.0
 11
315.88240235281603
 21
93.99999999999997
 31
0.0
  0
LINE
  5
EE3
330
17
100
AcDbEntity
  8
GEOMETRY
100
AcDbLine
 10
315.88240235281603
 20
93.99999999999997
 30
0.0
 11
315.8636272755134
 21
93.99999999999997
 31
0.0
  0
LINE
  5
EE4
330
17
100
AcDbEntity
  8
GEOMETRY
100
AcDbLine
 10
315.8636272755134
 20
93.99999999999997
 30
0.0
 11
315.8448521982108
 21
93.99999999999997
 31
0.0
  0
LINE
  5
EE5
330
17
100
AcDbEntity
  8
GEOMETRY
100
AcDbLine
 10
315.8448521982108
 20
93.99999999999997
 30
0.0
 11
315.8260771209082
 21
93.99999999999997
 31
0.0
  0
LINE
  5
EE6
330
17
100
AcDbEntity
  8
GEOMETRY
100
AcDbLine
 10
315.8260771209082
 20
93.99999999999997
 30
0.0
 11
315.8073020436056
 21
93.99999999999997
 31
0.0
  0
LINE
  5
EE7
330
17
100
AcDbEntity
  8
GEOMETRY
100
AcDbLine
 10
315.8073020436056
 20
93.99999999999997
 30
0.0
 11
315.78498627684417
 21
93.99999999999997
 31
0.0
  0
LINE
  5
EE8
330
17
100
AcDbEntity
  8
GEOMETRY
100
AcDbLine
 10
315.78498627684417
 20
93.99999999999997
 30
0.0
 11
315.76125423429926
 21
93.99999999999997
 31
0.0
  0
LINE
  5
EE9
330
17
100
AcDbEntity
  8
GEOMETRY
100
AcDbLine
 10
315.76125423429926
 20
93.99999999999997
 30
0.0
 11
315.73752219175435
 21
93.99999999999997
 31
0.0
  0
LINE
  5
EEA
330
17
100
AcDbEntity
  8
GEOMETRY
100
AcDbLine
 10
315.73752219175435
 20
93.99999999999997
 30
0.0
 11
315.7137901492094
 21
93.99999999999997
 31
0.0
  0
LINE
  5
EEB
330
17
100
AcDbEntity
  8
GEOMETRY
100
AcDbLine
 10
315.7137901492094
 20
93.99999999999997
 30
0.0
 11
315.6893926036591
 21
93.99999999999997
 31
0.0
  0
LINE
  5
EEC
330
17
100
AcDbEntity
  8
GEOMETRY
100
AcDbLine
 10
315.6893926036591
 20
93.99999999999997
 30
0.0
 11
315.6610020400765
 21
93.99999999999997
 31
0.0
  0
LINE
  5
EED
330
17
100
AcDbEntity
  8
GEOMETRY
100
AcDbLine
 10
315.6610020400765
 20
93.99999999999997
 30
0.0
 11
315.6326114764938
 21
93.99999999999997
 31
0.0
  0
LINE
  5
EEE
330
17
100
AcDbEntity
  8
GEOMETRY
100
AcDbLine
 10
315.6326114764938
 20
93.99999999999997
 30
0.0
 11
315.6042209129112
 21
93.99999999999997
 31
0.0
  0
LINE
  5
EEF
330
17
100
AcDbEntity
  8
GEOMETRY
100
AcDbLine
 10
315.6042209129112
 20
93.99999999999997
 30
0.0
 11
315.5758303493286
 21
93.99999999999997
 31
0.0
  0
LINE
  5
EF0
330
17
100
AcDbEntity
  8
GEOMETRY
100
AcDbLine
 10
315.5758303493286
 20
93.99999999999997
 30
0.0
 11
315.5449817896157
 21
93.99999999999997
 31
0.0
  0
LINE
  5
EF1
330
17
100
AcDbEntity
  8
GEOMETRY
100
AcDbLine
 10
315.5449817896157
 20
93.99999999999997
 30
0.0
 11
315.5122897328051
 21
93.99999999999997
 31
0.0
  0
LINE
  5
EF2
330
17
100
AcDbEntity
  8
GEOMETRY
100
AcDbLine
 10
315.5122897328051
 20
93.99999999999997
 30
0.0
 11
315.4795976759944
 21
93.99999999999997
 31
0.0
  0
LINE
  5
EF3
330
17
100
AcDbEntity
  8
GEOMETRY
100
AcDbLine
 10
315.4795976759944
 20
93.99999999999997
 30
0.0
 11
315.4469056191838
 21
93.99999999999997
 31
0.0
  0
LINE
  5
EF4
330
17
100
AcDbEntity
  8
GEOMETRY
100
AcDbLine
 10
315.4469056191838
 20
93.99999999999997
 30
0.0
 11
315.4142135623731
 21
93.99999999999997
 31
0.0
  0
LINE
  5
EF5
330
17
100
AcDbEntity
  8
GEOMETRY
100
AcDbLine
 10
315.4142135623731
 20
93.99999999999997
 30
0.0
 11
315.3776311339172
 21
93.99999999999997
 31
0.0
  0
LINE
  5
EF6
330
17
100
AcDbEntity
  8
GEOMETRY
100
AcDbLine
 10
315.3776311339172
 20
93.99999999999997
 30
0.0
 11
315.3410487054613
 21
93.99999999999997
 31
0.0
  0
LINE
  5
EF7
330
17
100
AcDbEntity
  8
GEOMETRY
100
AcDbLine
 10
315.3410487054613
 20
93.99999999999997
 30
0.0
 11
315.30446627700536
 21
93.99999999999997
 31
0.0
  0
LINE
  5
EF8
330
17
100
AcDbEntity
  8
GEOMETRY
100
AcDbLine
 10
315.30446627700536
 20
93.99999999999997
 30
0.0
 11
315.26788384854945
 21
93.99999999999997
 31
0.0
  0
LINE
  5
EF9
330
17
100
AcDbEntity
  8
GEOMETRY
100
AcDbLine
 10
315.26788384854945
 20
93.99999999999997
 30
0.0
 11
315.2298312802156
 21
93.99999999999997
 31
0.0
  0
LINE
  5
EFA
330
17
100
AcDbEntity
  8
GEOMETRY
100
AcDbLine
 10
315.2298312802156
 20
93.99999999999997
 30
0.0
 11
315.18981852537786
 21
93.99999999999997
 31
0.0
  0
LINE
  5
EFB
330
17
100
AcDbEntity
  8
GEOMETRY
100
AcDbLine
 10
315.18981852537786
 20
93.99999999999997
 30
0.0
 11
315.1498057705401
 21
93.99999999999997
 31
0.0
  0
LINE
  5
EFC
330
17
100
AcDbEntity
  8
GEOMETRY
100
AcDbLine
 10
315.1498057705401
 20
93.99999999999997
 30
0.0
 11
315.1097930157024
 21
93.99999999999997
 31
0.0
  0
LINE
  5
EFD
330
17
100
AcDbEntity
  8
GEOMETRY
100
AcDbLine
 10
315.1097930157024
 20
93.99999999999997
 30
0.0
 11
315.06978026086466
 21
93.99999999999997
 31
0.0
  0
LINE
  5
EFE
330
17
100
AcDbEntity
  8
GEOMETRY
100
AcDbLine
 10
315.06978026086466
 20
93.99999999999997
 30
0.0
 11
315.0272585265065
 21
93.99999999999997
 31
0.0
  0
LINE
  5
EFF
330
17
100
AcDbEntity
  8
GEOMETRY
100
AcDbLine
 10
315.0272585265065
 20
93.99999999999997
 30
0.0
 11
314.984318628895
 21
93.99999999999997
 31
0.0
  0
LINE
  5
F00
330
17
100
AcDbEntity
  8
GEOMETRY
100
AcDbLine
 10
314.984318628895
 20
93.99999999999997
 30
0.0
 11
314.94137873128346
 21
93.99999999999997
 31
0.0
  0
LINE
  5
F01
330
17
100
AcDbEntity
  8
GEOMETRY
100
AcDbLine
 10
314.94137873128346
 20
93.99999999999997
 30
0.0
 11
314.89843883367195
 21
93.99999999999997
 31
0.0
  0
LINE
  5
F02
330
17
100
AcDbEntity
  8
GEOMETRY
100
AcDbLine
 10
314.89843883367195
 20
93.99999999999997
 30
0.0
 11
314.8548168935898
 21
93.99999999999997
 31
0.0
  0
LINE
  5
F03
330
17
100
AcDbEntity
  8
GEOMETRY
100
AcDbLine
 10
314.8548168935898
 20
93.99999999999997
 30
0.0
 11
314.8094898473313
 21
93.99999999999997
 31
0.0
  0
LINE
  5
F04
330
17
100
AcDbEntity
  8
GEOMETRY
100
AcDbLine
 10
314.8094898473313
 20
93.99999999999997
 30
0.0
 11
314.76416280107276
 21
93.99999999999997
 31
0.0
  0
LINE
  5
F05
330
17
100
AcDbEntity
  8
GEOMETRY
100
AcDbLine
 10
314.76416280107276
 20
93.99999999999997
 30
0.0
 11
314.71883575481417
 21
93.99999999999997
 31
0.0
  0
LINE
  5
F06
330
17
100
AcDbEntity
  8
GEOMETRY
100
AcDbLine
 10
314.71883575481417
 20
93.99999999999997
 30
0.0
 11
314.67350870855563
 21
93.99999999999997
 31
0.0
  0
LINE
  5
F07
330
17
100
AcDbEntity
  8
GEOMETRY
100
AcDbLine
 10
314.67350870855563
 20
93.99999999999997
 30
0.0
 11
314.62688370891067
 21
93.99999999999997
 31
0.0
  0
LINE
  5
F08
330
17
100
AcDbEntity
  8
GEOMETRY
100
AcDbLine
 10
314.62688370891067
 20
93.99999999999997
 30
0.0
 11
314.5797395279112
 21
93.99999999999997
 31
0.0
  0
LINE
  5
F09
330
17
100
AcDbEntity
  8
GEOMETRY
100
AcDbLine
 10
314.5797395279112
 20
93.99999999999997
 30
0.0
 11
314.5325953469117
 21
93.99999999999997
 31
0.0
  0
LINE
  5
F0A
330
17
100
AcDbEntity
  8
GEOMETRY
100
AcDbLine
 10
314.5325953469117
 20
93.99999999999997
 30
0.0
 11
314.4854511659122
 21
93.99999999999997
 31
0.0
  0
LINE
  5
F0B
330
17
100
AcDbEntity
  8
GEOMETRY
100
AcDbLine
 10
314.4854511659122
 20
93.99999999999997
 30
0.0
 11
314.4381320892968
 21
93.99999999999997
 31
0.0
  0
LINE
  5
F0C
330
17
100
AcDbEntity
  8
GEOMETRY
100
AcDbLine
 10
314.4381320892968
 20
93.99999999999997
 30
0.0
 11
314.38976363898615
 21
93.99999999999997
 31
0.0
  0
LINE
  5
F0D
330
17
100
AcDbEntity
  8
GEOMETRY
100
AcDbLine
 10
314.38976363898615
 20
93.99999999999997
 30
0.0
 11
314.34139518867545
 21
93.99999999999997
 31
0.0
  0
LINE
  5
F0E
330
17
100
AcDbEntity
  8
GEOMETRY
100
AcDbLine
 10
314.34139518867545
 20
93.99999999999997
 30
0.0
 11
314.29302673836474
 21
93.99999999999997
 31
0.0
  0
LINE
  5
F0F
330
17
100
AcDbEntity
  8
GEOMETRY
100
AcDbLine
 10
314.29302673836474
 20
93.99999999999997
 30
0.0
 11
314.24465828805404
 21
93.99999999999997
 31
0.0
  0
LINE
  5
F10
330
17
100
AcDbEntity
  8
GEOMETRY
100
AcDbLine
 10
314.24465828805404
 20
93.99999999999997
 30
0.0
 11
314.1959378331808
 21
93.99999999999997
 31
0.0
  0
LINE
  5
F11
330
17
100
AcDbEntity
  8
GEOMETRY
100
AcDbLine
 10
314.1959378331808
 20
93.99999999999997
 30
0.0
 11
314.1469533748856
 21
93.99999999999997
 31
0.0
  0
LINE
  5
F12
330
17
100
AcDbEntity
  8
GEOMETRY
100
AcDbLine
 10
314.1469533748856
 20
93.99999999999997
 30
0.0
 11
314.0979689165904
 21
93.99999999999997
 31
0.0
  0
LINE
  5
F13
330
17
100
AcDbEntity
  8
GEOMETRY
100
AcDbLine
 10
314.0979689165904
 20
93.99999999999997
 30
0.0
 11
314.0489844582952
 21
93.99999999999997
 31
0.0
  0
LINE
  5
F14
330
17
100
AcDbEntity
  8
GEOMETRY
100
AcDbLine
 10
314.0489844582952
 20
93.99999999999997
 30
0.0
 11
314.0
 21
93.99999999999997
 31
0.0
  0
LINE
  5
F15
330
17
100
AcDbEntity
  8
GEOMETRY
100
AcDbLine
 10
314.0
 20
93.99999999999997
 30
0.0
 11
314.0489844582952
 21
93.99999999999997
 31
0.0
  0
LINE
  5
F16
330
17
100
AcDbEntity
  8
GEOMETRY
100
AcDbLine
 10
314.0489844582952
 20
93.99999999999997
 30
0.0
 11
314.0979689165904
 21
93.99999999999997
 31
0.0
  0
LINE
  5
F17
330
17
100
AcDbEntity
  8
GEOMETRY
100
AcDbLine
 10
314.0979689165904
 20
93.99999999999997
 30
0.0
 11
314.1469533748856
 21
93.99999999999997
 31
0.0
  0
LINE
  5
F18
330
17
100
AcDbEntity
  8
GEOMETRY
100
AcDbLine
 10
314.1469533748856
 20
93.99999999999997
 30
0.0
 11
314.1959378331808
 21
93.99999999999997
 31
0.0
  0
LINE
  5
F19
330
17
100
AcDbEntity
  8
GEOMETRY
100
AcDbLine
 10
314.1959378331808
 20
93.99999999999997
 30
0.0
 11
314.24465828805404
 21
93.99999999999997
 31
0.0
  0
LINE
  5
F1A
330
17
100
AcDbEntity
  8
GEOMETRY
100
AcDbLine
 10
314.24465828805404
 20
93.99999999999997
 30
0.0
 11
314.29302673836474
 21
93.99999999999997
 31
0.0
  0
LINE
  5
F1B
330
17
100
AcDbEntity
  8
GEOMETRY
100
AcDbLine
 10
314.29302673836474
 20
93.99999999999997
 30
0.0
 11
314.34139518867545
 21
93.99999999999997
 31
0.0
  0
LINE
  5
F1C
330
17
100
AcDbEntity
  8
GEOMETRY
100
AcDbLine
 10
314.34139518867545
 20
93.99999999999997
 30
0.0
 11
314.38976363898615
 21
93.99999999999997
 31
0.0
  0
LINE
  5
F1D
330
17
100
AcDbEntity
  8
GEOMETRY
100
AcDbLine
 10
314.38976363898615
 20
93.99999999999997
 30
0.0
 11
314.4381320892968
 21
93.99999999999997
 31
0.0
  0
LINE
  5
F1E
330
17
100
AcDbEntity
  8
GEOMETRY
100
AcDbLine
 10
314.4381320892968
 20
93.99999999999997
 30
0.0
 11
314.4854511659122
 21
93.99999999999997
 31
0.0
  0
LINE
  5
F1F
330
17
100
AcDbEntity
  8
GEOMETRY
100
AcDbLine
 10
314.4854511659122
 20
93.99999999999997
 30
0.0
 11
314.5325953469117
 21
93.99999999999997
 31
0.0
  0
LINE
  5
F20
330
17
100
AcDbEntity
  8
GEOMETRY
100
AcDbLine
 10
314.5325953469117
 20
93.99999999999997
 30
0.0
 11
314.5797395279112
 21
93.99999999999997
 31
0.0
  0
LINE
  5
F21
330
17
100
AcDbEntity
  8
GEOMETRY
100
AcDbLine
 10
314.5797395279112
 20
93.99999999999997
 30
0.0
 11
314.62688370891067
 21
93.99999999999997
 31
0.0
  0
LINE
  5
F22
330
17
100
AcDbEntity
  8
GEOMETRY
100
AcDbLine
 10
314.62688370891067
 20
93.99999999999997
 30
0.0
 11
314.67350870855563
 21
93.99999999999997
 31
0.0
  0
LINE
  5
F23
330
17
100
AcDbEntity
  8
GEOMETRY
100
AcDbLine
 10
314.67350870855563
 20
93.99999999999997
 30
0.0
 11
314.71883575481417
 21
93.99999999999997
 31
0.0
  0
LINE
  5
F24
330
17
100
AcDbEntity
  8
GEOMETRY
100
AcDbLine
 10
314.71883575481417
 20
93.99999999999997
 30
0.0
 11
314.76416280107276
 21
93.99999999999997
 31
0.0
  0
LINE
  5
F25
330
17
100
AcDbEntity
  8
GEOMETRY
100
AcDbLine
 10
314.76416280107276
 20
93.99999999999997
 30
0.0
 11
314.8094898473313
 21
93.99999999999997
 31
0.0
  0
LINE
  5
F26
330
17
100
AcDbEntity
  8
GEOMETRY
100
AcDbLine
 10
314.8094898473313
 20
93.99999999999997
 30
0.0
 11
314.8548168935898
 21
93.99999999999997
 31
0.0
  0
LINE
  5
F27
330
17
100
AcDbEntity
  8
GEOMETRY
100
AcDbLine
 10
314.8548168935898
 20
93.99999999999997
 30
0.0
 11
314.89843883367195
 21
93.99999999999997
 31
0.0
  0
LINE
  5
F28
330
17
100
AcDbEntity
  8
GEOMETRY
100
AcDbLine
 10
314.89843883367195
 20
93.99999999999997
 30
0.0
 11
314.94137873128346
 21
93.99999999999997
 31
0.0
  0
LINE
  5
F29
330
17
100
AcDbEntity
  8
GEOMETRY
100
AcDbLine
 10
314.94137873128346
 20
93.99999999999997
 30
0.0
 11
314.984318628895
 21
93.99999999999997
 31
0.0
  0
LINE
  5
F2A
330
17
100
AcDbEntity
  8
GEOMETRY
100
AcDbLine
 10
314.984318628895
 20
93.99999999999997
 30
0.0
 11
315.0272585265065
 21
93.99999999999997
 31
0.0
  0
LINE
  5
F2B
330
17
100
AcDbEntity
  8
GEOMETRY
100
AcDbLine
 10
315.0272585265065
 20
93.99999999999997
 30
0.0
 11
315.06978026086466
 21
93.99999999999997
 31
0.0
  0
LINE
  5
F2C
330
17
100
AcDbEntity
  8
GEOMETRY
100
AcDbLine
 10
315.06978026086466
 20
93.99999999999997
 30
0.0
 11
315.1097930157024
 21
93.99999999999997
 31
0.0
  0
LINE
  5
F2D
330
17
100
AcDbEntity
  8
GEOMETRY
100
AcDbLine
 10
315.1097930157024
 20
93.99999999999997
 30
0.0
 11
315.1498057705401
 21
93.99999999999997
 31
0.0
  0
LINE
  5
F2E
330
17
100
AcDbEntity
  8
GEOMETRY
100
AcDbLine
 10
315.1498057705401
 20
93.99999999999997
 30
0.0
 11
315.18981852537786
 21
93.99999999999997
 31
0.0
  0
LINE
  5
F2F
330
17
100
AcDbEntity
  8
GEOMETRY
100
AcDbLine
 10
315.18981852537786
 20
93.99999999999997
 30
0.0
 11
315.2298312802156
 21
93.99999999999997
 31
0.0
  0
LINE
  5
F30
330
17
100
AcDbEntity
  8
GEOMETRY
100
AcDbLine
 10
315.2298312802156
 20
93.99999999999997
 30
0.0
 11
315.26788384854945
 21
93.99999999999997
 31
0.0
  0
LINE
  5
F31
330
17
100
AcDbEntity
  8
GEOMETRY
100
AcDbLine
 10
315.26788384854945
 20
93.99999999999997
 30
0.0
 11
315.30446627700536
 21
93.99999999999997
 31
0.0
  0
LINE
  5
F32
330
17
100
AcDbEntity
  8
GEOMETRY
100
AcDbLine
 10
315.30446627700536
 20
93.99999999999997
 30
0.0
 11
315.3410487054613
 21
93.99999999999997
 31
0.0
  0
LINE
  5
F33
330
17
100
AcDbEntity
  8
GEOMETRY
100
AcDbLine
 10
315.3410487054613
 20
93.99999999999997
 30
0.0
 11
315.3776311339172
 21
93.99999999999997
 31
0.0
  0
LINE
  5
F34
330
17
100
AcDbEntity
  8
GEOMETRY
100
AcDbLine
 10
315.3776311339172
 20
93.99999999999997
 30
0.0
 11
315.4142135623731
 21
93.99999999999997
 31
0.0
  0
LINE
  5
F35
330
17
100
AcDbEntity
  8
GEOMETRY
100
AcDbLine
 10
315.4142135623731
 20
93.99999999999997
 30
0.0
 11
315.4469056191838
 21
93.99999999999997
 31
0.0
  0
LINE
  5
F36
330
17
100
AcDbEntity
  8
GEOMETRY
100
AcDbLine
 10
315.4469056191838
 20
93.99999999999997
 30
0.0
 11
315.4795976759944
 21
93.99999999999997
 31
0.0
  0
LINE
  5
F37
330
17
100
AcDbEntity
  8
GEOMETRY
100
AcDbLine
 10
315.4795976759944
 20
93.99999999999997
 30
0.0
 11
315.5122897328051
 21
93.99999999999997
 31
0.0
  0
LINE
  5
F38
330
17
100
AcDbEntity
  8
GEOMETRY
100
AcDbLine
 10
315.5122897328051
 20
93.99999999999997
 30
0.0
 11
315.5449817896157
 21
93.99999999999997
 31
0.0
  0
LINE
  5
F39
330
17
100
AcDbEntity
  8
GEOMETRY
100
AcDbLine
 10
315.5449817896157
 20
93.99999999999997
 30
0.0
 11
315.5758303493286
 21
93.99999999999997
 31
0.0
  0
LINE
  5
F3A
330
17
100
AcDbEntity
  8
GEOMETRY
100
AcDbLine
 10
315.5758303493286
 20
93.99999999999997
 30
0.0
 11
315.6042209129112
 21
93.99999999999997
 31
0.0
  0
LINE
  5
F3B
330
17
100
AcDbEntity
  8
GEOMETRY
100
AcDbLine
 10
315.6042209129112
 20
93.99999999999997
 30
0.0
 11
315.6326114764938
 21
93.99999999999997
 31
0.0
  0
LINE
  5
F3C
330
17
100
AcDbEntity
  8
GEOMETRY
100
AcDbLine
 10
315.6326114764938
 20
93.99999999999997
 30
0.0
 11
315.6610020400765
 21
93.99999999999997
 31
0.0
  0
LINE
  5
F3D
330
17
100
AcDbEntity
  8
GEOMETRY
100
AcDbLine
 10
315.6610020400765
 20
93.99999999999997
 30
0.0
 11
315.6893926036591
 21
93.99999999999997
 31
0.0
  0
LINE
  5
F3E
330
17
100
AcDbEntity
  8
GEOMETRY
100
AcDbLine
 10
315.6893926036591
 20
93.99999999999997
 30
0.0
 11
315.7137901492094
 21
93.99999999999997
 31
0.0
  0
LINE
  5
F3F
330
17
100
AcDbEntity
  8
GEOMETRY
100
AcDbLine
 10
315.7137901492094
 20
93.99999999999997
 30
0.0
 11
315.7375221917543
 21
93.99999999999997
 31
0.0
  0
LINE
  5
F40
330
17
100
AcDbEntity
  8
GEOMETRY
100
AcDbLine
 10
315.7375221917543
 20
93.99999999999997
 30
0.0
 11
315.76125423429926
 21
93.99999999999997
 31
0.0
  0
LINE
  5
F41
330
17
100
AcDbEntity
  8
GEOMETRY
100
AcDbLine
 10
315.76125423429926
 20
93.99999999999997
 30
0.0
 11
315.78498627684417
 21
93.99999999999997
 31
0.0
  0
LINE
  5
F42
330
17
100
AcDbEntity
  8
GEOMETRY
100
AcDbLine
 10
315.78498627684417
 20
93.99999999999997
 30
0.0
 11
315.8073020436056
 21
93.99999999999997
 31
0.0
  0
LINE
  5
F43
330
17
100
AcDbEntity
  8
GEOMETRY
100
AcDbLine
 10
315.8073020436056
 20
93.99999999999997
 30
0.0
 11
315.8260771209082
 21
93.99999999999997
 31
0.0
  0
LINE
  5
F44
330
17
100
AcDbEntity
  8
GEOMETRY
100
AcDbLine
 10
315.8260771209082
 20
93.99999999999997
 30
0.0
 11
315.8448521982108
 21
93.99999999999997
 31
0.0
  0
LINE
  5
F45
330
17
100
AcDbEntity
  8
GEOMETRY
100
AcDbLine
 10
315.8448521982108
 20
93.99999999999997
 30
0.0
 11
315.8636272755134
 21
93.99999999999997
 31
0.0
  0
LINE
  5
F46
330
17
100
AcDbEntity
  8
GEOMETRY
100
AcDbLine
 10
315.8636272755134
 20
93.99999999999997
 30
0.0
 11
315.88240235281603
 21
93.99999999999997
 31
0.0
  0
LINE
  5
F47
330
17
100
AcDbEntity
  8
GEOMETRY
100
AcDbLine
 10
315.88240235281603
 20
93.99999999999997
 30
0.0
 11
315.8974680924522
 21
93.99999999999997
 31
0.0
  0
LINE
  5
F48
330
17
100
AcDbEntity
  8
GEOMETRY
100
AcDbLine
 10
315.8974680924522
 20
93.99999999999997
 30
0.0
 11
315.91105009702187
 21
93.99999999999997
 31
0.0
  0
LINE
  5
F49
330
17
100
AcDbEntity
  8
GEOMETRY
100
AcDbLine
 10
315.91105009702187
 20
93.99999999999997
 30
0.0
 11
315.9246321015915
 21
93.99999999999997
 31
0.0
  0
LINE
  5
F4A
330
17
100
AcDbEntity
  8
GEOMETRY
100
AcDbLine
 10
315.9246321015915
 20
93.99999999999997
 30
0.0
 11
315.9382141061611
 21
93.99999999999997
 31
0.0
  0
LINE
  5
F4B
330
17
100
AcDbEntity
  8
GEOMETRY
100
AcDbLine
 10
315.9382141061611
 20
93.99999999999997
 30
0.0
 11
315.9510298429706
 21
93.99999999999997
 31
0.0
  0
LINE
  5
F4C
330
17
100
AcDbEntity
  8
GEOMETRY
100
AcDbLine
 10
315.9510298429706
 20
93.99999999999997
 30
0.0
 11
315.95924797321936
 21
93.99999999999997
 31
0.0
  0
LINE
  5
F4D
330
17
100
AcDbEntity
  8
GEOMETRY
100
AcDbLine
 10
315.95924797321936
 20
93.99999999999997
 30
0.0
 11
315.9674661034681
 21
93.99999999999997
 31
0.0
  0
LINE
  5
F4E
330
17
100
AcDbEntity
  8
GEOMETRY
100
AcDbLine
 10
315.9674661034681
 20
93.99999999999997
 30
0.0
 11
315.9756842337169
 21
93.99999999999997
 31
0.0
  0
LINE
  5
F4F
330
17
100
AcDbEntity
  8
GEOMETRY
100
AcDbLine
 10
315.9756842337169
 20
93.99999999999997
 30
0.0
 11
315.9839023639656
 21
93.99999999999997
 31
0.0
  0
LINE
  5
F50
330
17
100
AcDbEntity
  8
GEOMETRY
100
AcDbLine
 10
315.9839023639656
 20
93.99999999999997
 30
0.0
 11
315.9889963673132
 21
93.99999999999997
 31
0.0
  0
LINE
  5
F51
330
17
100
AcDbEntity
  8
GEOMETRY
100
AcDbLine
 10
315.9889963673132
 20
93.99999999999997
 30
0.0
 11
315.9917472754849
 21
93.99999999999997
 31
0.0
  0
LINE
  5
F52
330
17
100
AcDbEntity
  8
GEOMETRY
100
AcDbLine
 10
315.9917472754849
 20
93.99999999999997
 30
0.0
 11
315.9944981836566
 21
93.99999999999997
 31
0.0
  0
LINE
  5
F53
330
17
100
AcDbEntity
  8
GEOMETRY
100
AcDbLine
 10
315.9944981836566
 20
93.99999999999997
 30
0.0
 11
315.99724909182834
 21
93.99999999999997
 31
0.0
  0
LINE
  5
F54
330
17
100
AcDbEntity
  8
GEOMETRY
100
AcDbLine
 10
315.99724909182834
 20
93.99999999999997
 30
0.0
 11
316.0
 21
93.99999999999997
 31
0.0
  0
LINE
  5
F55
330
17
100
AcDbEntity
  8
GEOMETRY
100
AcDbLine
 10
263.0
 20
93.99999999999997
 30
0.0
 11
314.0
 21
93.99999999999997
 31
0.0
  0
LINE
  5
F56
330
17
100
AcDbEntity
  8
GEOMETRY
100
AcDbLine
 10
299.0
 20
91.99999999999997
 30
0.0
 11
299.26941452062357
 21
91.99999999999997
 31
0.0
  0
LINE
  5
F57
330
17
100
AcDbEntity
  8
GEOMETRY
100
AcDbLine
 10
299.26941452062357
 20
91.99999999999997
 30
0.0
 11
299.53882904124714
 21
91.99999999999997
 31
0.0
  0
LINE
  5
F58
330
17
100
AcDbEntity
  8
GEOMETRY
100
AcDbLine
 10
299.53882904124714
 20
91.99999999999997
 30
0.0
 11
299.80824356187077
 21
91.99999999999997
 31
0.0
  0
LINE
  5
F59
330
17
100
AcDbEntity
  8
GEOMETRY
100
AcDbLine
 10
299.80824356187077
 20
91.99999999999997
 30
0.0
 11
300.07765808249434
 21
91.99999999999997
 31
0.0
  0
LINE
  5
F5A
330
17
100
AcDbEntity
  8
GEOMETRY
100
AcDbLine
 10
300.07765808249434
 20
91.99999999999997
 30
0.0
 11
300.3456205842973
 21
91.99999999999997
 31
0.0
  0
LINE
  5
F5B
330
17
100
AcDbEntity
  8
GEOMETRY
100
AcDbLine
 10
300.3456205842973
 20
91.99999999999997
 30
0.0
 11
300.6116470610061
 21
91.99999999999997
 31
0.0
  0
LINE
  5
F5C
330
17
100
AcDbEntity
  8
GEOMETRY
100
AcDbLine
 10
300.6116470610061
 20
91.99999999999997
 30
0.0
 11
300.8776735377149
 21
91.99999999999997
 31
0.0
  0
LINE
  5
F5D
330
17
100
AcDbEntity
  8
GEOMETRY
100
AcDbLine
 10
300.8776735377149
 20
91.99999999999997
 30
0.0
 11
301.1437000144237
 21
91.99999999999997
 31
0.0
  0
LINE
  5
F5E
330
17
100
AcDbEntity
  8
GEOMETRY
100
AcDbLine
 10
301.1437000144237
 20
91.99999999999997
 30
0.0
 11
301.40972649113246
 21
91.99999999999997
 31
0.0
  0
LINE
  5
F5F
330
17
100
AcDbEntity
  8
GEOMETRY
100
AcDbLine
 10
301.40972649113246
 20
91.99999999999997
 30
0.0
 11
301.6699814125171
 21
91.99999999999997
 31
0.0
  0
LINE
  5
F60
330
17
100
AcDbEntity
  8
GEOMETRY
100
AcDbLine
 10
301.6699814125171
 20
91.99999999999997
 30
0.0
 11
301.92927440801435
 21
91.99999999999997
 31
0.0
  0
LINE
  5
F61
330
17
100
AcDbEntity
  8
GEOMETRY
100
AcDbLine
 10
301.92927440801435
 20
91.99999999999997
 30
0.0
 11
302.18856740351157
 21
91.99999999999997
 31
0.0
  0
LINE
  5
F62
330
17
100
AcDbEntity
  8
GEOMETRY
100
AcDbLine
 10
302.18856740351157
 20
91.99999999999997
 30
0.0
 11
302.4478603990088
 21
91.99999999999997
 31
0.0
  0
LINE
  5
F63
330
17
100
AcDbEntity
  8
GEOMETRY
100
AcDbLine
 10
302.4478603990088
 20
91.99999999999997
 30
0.0
 11
302.704297897056
 21
91.99999999999997
 31
0.0
  0
LINE
  5
F64
330
17
100
AcDbEntity
  8
GEOMETRY
100
AcDbLine
 10
302.704297897056
 20
91.99999999999997
 30
0.0
 11
302.953596651478
 21
91.99999999999997
 31
0.0
  0
LINE
  5
F65
330
17
100
AcDbEntity
  8
GEOMETRY
100
AcDbLine
 10
302.953596651478
 20
91.99999999999997
 30
0.0
 11
303.2028954059
 21
91.99999999999997
 31
0.0
  0
LINE
  5
F66
330
17
100
AcDbEntity
  8
GEOMETRY
100
AcDbLine
 10
303.2028954059
 20
91.99999999999997
 30
0.0
 11
303.452194160322
 21
91.99999999999997
 31
0.0
  0
LINE
  5
F67
330
17
100
AcDbEntity
  8
GEOMETRY
100
AcDbLine
 10
303.452194160322
 20
91.99999999999997
 30
0.0
 11
303.701492914744
 21
91.99999999999997
 31
0.0
  0
LINE
  5
F68
330
17
100
AcDbEntity
  8
GEOMETRY
100
AcDbLine
 10
303.701492914744
 20
91.99999999999997
 30
0.0
 11
303.94141358519556
 21
91.99999999999997
 31
0.0
  0
LINE
  5
F69
330
17
100
AcDbEntity
  8
GEOMETRY
100
AcDbLine
 10
303.94141358519556
 20
91.99999999999997
 30
0.0
 11
304.17758302205897
 21
91.99999999999997
 31
0.0
  0
LINE
  5
F6A
330
17
100
AcDbEntity
  8
GEOMETRY
100
AcDbLine
 10
304.17758302205897
 20
91.99999999999997
 30
0.0
 11
304.4137524589224
 21
91.99999999999997
 31
0.0
  0
LINE
  5
F6B
330
17
100
AcDbEntity
  8
GEOMETRY
100
AcDbLine
 10
304.4137524589224
 20
91.99999999999997
 30
0.0
 11
304.6499218957858
 21
91.99999999999997
 31
0.0
  0
LINE
  5
F6C
330
17
100
AcDbEntity
  8
GEOMETRY
100
AcDbLine
 10
304.6499218957858
 20
91.99999999999997
 30
0.0
 11
304.8837914347555
 21
91.99999999999997
 31
0.0
  0
LINE
  5
F6D
330
17
100
AcDbEntity
  8
GEOMETRY
100
AcDbLine
 10
304.8837914347555
 20
91.99999999999997
 30
0.0
 11
305.10386158636305
 21
91.99999999999997
 31
0.0
  0
LINE
  5
F6E
330
17
100
AcDbEntity
  8
GEOMETRY
100
AcDbLine
 10
305.10386158636305
 20
91.99999999999997
 30
0.0
 11
305.3239317379706
 21
91.99999999999997
 31
0.0
  0
LINE
  5
F6F
330
17
100
AcDbEntity
  8
GEOMETRY
100
AcDbLine
 10
305.3239317379706
 20
91.99999999999997
 30
0.0
 11
305.5440018895781
 21
91.99999999999997
 31
0.0
  0
LINE
  5
F70
330
17
100
AcDbEntity
  8
GEOMETRY
100
AcDbLine
 10
305.5440018895781
 20
91.99999999999997
 30
0.0
 11
305.76407204118567
 21
91.99999999999997
 31
0.0
  0
LINE
  5
F71
330
17
100
AcDbEntity
  8
GEOMETRY
100
AcDbLine
 10
305.76407204118567
 20
91.99999999999997
 30
0.0
 11
305.97336116702184
 21
91.99999999999997
 31
0.0
  0
LINE
  5
F72
330
17
100
AcDbEntity
  8
GEOMETRY
100
AcDbLine
 10
305.97336116702184
 20
91.99999999999997
 30
0.0
 11
306.17456452352934
 21
91.99999999999997
 31
0.0
  0
LINE
  5
F73
330
17
100
AcDbEntity
  8
GEOMETRY
100
AcDbLine
 10
306.17456452352934
 20
91.99999999999997
 30
0.0
 11
306.3757678800369
 21
91.99999999999997
 31
0.0
  0
LINE
  5
F74
330
17
100
AcDbEntity
  8
GEOMETRY
100
AcDbLine
 10
306.3757678800369
 20
91.99999999999997
 30
0.0
 11
306.57697123654447
 21
91.99999999999997
 31
0.0
  0
LINE
  5
F75
330
17
100
AcDbEntity
  8
GEOMETRY
100
AcDbLine
 10
306.57697123654447
 20
91.99999999999997
 30
0.0
 11
306.77817459305203
 21
91.99999999999997
 31
0.0
  0
LINE
  5
F76
330
17
100
AcDbEntity
  8
GEOMETRY
100
AcDbLine
 10
306.77817459305203
 20
91.99999999999997
 30
0.0
 11
306.95798090551057
 21
91.99999999999997
 31
0.0
  0
LINE
  5
F77
330
17
100
AcDbEntity
  8
GEOMETRY
100
AcDbLine
 10
306.95798090551057
 20
91.99999999999997
 30
0.0
 11
307.13778721796916
 21
91.99999999999997
 31
0.0
  0
LINE
  5
F78
330
17
100
AcDbEntity
  8
GEOMETRY
100
AcDbLine
 10
307.13778721796916
 20
91.99999999999997
 30
0.0
 11
307.3175935304277
 21
91.99999999999997
 31
0.0
  0
LINE
  5
F79
330
17
100
AcDbEntity
  8
GEOMETRY
100
AcDbLine
 10
307.3175935304277
 20
91.99999999999997
 30
0.0
 11
307.4973998428863
 21
91.99999999999997
 31
0.0
  0
LINE
  5
F7A
330
17
100
AcDbEntity
  8
GEOMETRY
100
AcDbLine
 10
307.4973998428863
 20
91.99999999999997
 30
0.0
 11
307.6670669213073
 21
91.99999999999997
 31
0.0
  0
LINE
  5
F7B
330
17
100
AcDbEntity
  8
GEOMETRY
100
AcDbLine
 10
307.6670669213073
 20
91.99999999999997
 30
0.0
 11
307.8232150210117
 21
91.99999999999997
 31
0.0
  0
LINE
  5
F7C
330
17
100
AcDbEntity
  8
GEOMETRY
100
AcDbLine
 10
307.8232150210117
 20
91.99999999999997
 30
0.0
 11
307.9793631207161
 21
91.99999999999997
 31
0.0
  0
LINE
  5
F7D
330
17
100
AcDbEntity
  8
GEOMETRY
100
AcDbLine
 10
307.9793631207161
 20
91.99999999999997
 30
0.0
 11
308.1355112204204
 21
91.99999999999997
 31
0.0
  0
LINE
  5
F7E
330
17
100
AcDbEntity
  8
GEOMETRY
100
AcDbLine
 10
308.1355112204204
 20
91.99999999999997
 30
0.0
 11
308.2916593201248
 21
91.99999999999997
 31
0.0
  0
LINE
  5
F7F
330
17
100
AcDbEntity
  8
GEOMETRY
100
AcDbLine
 10
308.2916593201248
 20
91.99999999999997
 30
0.0
 11
308.42584582065155
 21
91.99999999999997
 31
0.0
  0
LINE
  5
F80
330
17
100
AcDbEntity
  8
GEOMETRY
100
AcDbLine
 10
308.42584582065155
 20
91.99999999999997
 30
0.0
 11
308.55637205464865
 21
91.99999999999997
 31
0.0
  0
LINE
  5
F81
330
17
100
AcDbEntity
  8
GEOMETRY
100
AcDbLine
 10
308.55637205464865
 20
91.99999999999997
 30
0.0
 11
308.6868982886458
 21
91.99999999999997
 31
0.0
  0
LINE
  5
F82
330
17
100
AcDbEntity
  8
GEOMETRY
100
AcDbLine
 10
308.6868982886458
 20
91.99999999999997
 30
0.0
 11
308.81742452264297
 21
91.99999999999997
 31
0.0
  0
LINE
  5
F83
330
17
100
AcDbEntity
  8
GEOMETRY
100
AcDbLine
 10
308.81742452264297
 20
91.99999999999997
 30
0.0
 11
308.9401612398307
 21
91.99999999999997
 31
0.0
  0
LINE
  5
F84
330
17
100
AcDbEntity
  8
GEOMETRY
100
AcDbLine
 10
308.9401612398307
 20
91.99999999999997
 30
0.0
 11
309.04342416499503
 21
91.99999999999997
 31
0.0
  0
LINE
  5
F85
330
17
100
AcDbEntity
  8
GEOMETRY
100
AcDbLine
 10
309.04342416499503
 20
91.99999999999997
 30
0.0
 11
309.14668709015933
 21
91.99999999999997
 31
0.0
  0
LINE
  5
F86
330
17
100
AcDbEntity
  8
GEOMETRY
100
AcDbLine
 10
309.14668709015933
 20
91.99999999999997
 30
0.0
 11
309.24995001532363
 21
91.99999999999997
 31
0.0
  0
LINE
  5
F87
330
17
100
AcDbEntity
  8
GEOMETRY
100
AcDbLine
 10
309.24995001532363
 20
91.99999999999997
 30
0.0
 11
309.35321294048794
 21
91.99999999999997
 31
0.0
  0
LINE
  5
F88
330
17
100
AcDbEntity
  8
GEOMETRY
100
AcDbLine
 10
309.35321294048794
 20
91.99999999999997
 30
0.0
 11
309.436074508487
 21
91.99999999999997
 31
0.0
  0
LINE
  5
F89
330
17
100
AcDbEntity
  8
GEOMETRY
100
AcDbLine
 10
309.436074508487
 20
91.99999999999997
 30
0.0
 11
309.51077553362006
 21
91.99999999999997
 31
0.0
  0
LINE
  5
F8A
330
17
100
AcDbEntity
  8
GEOMETRY
100
AcDbLine
 10
309.51077553362006
 20
91.99999999999997
 30
0.0
 11
309.58547655875304
 21
91.99999999999997
 31
0.0
  0
LINE
  5
F8B
330
17
100
AcDbEntity
  8
GEOMETRY
100
AcDbLine
 10
309.58547655875304
 20
91.99999999999997
 30
0.0
 11
309.660177583886
 21
91.99999999999997
 31
0.0
  0
LINE
  5
F8C
330
17
100
AcDbEntity
  8
GEOMETRY
100
AcDbLine
 10
309.660177583886
 20
91.99999999999997
 30
0.0
 11
309.73066413633836
 21
91.99999999999997
 31
0.0
  0
LINE
  5
F8D
330
17
100
AcDbEntity
  8
GEOMETRY
100
AcDbLine
 10
309.73066413633836
 20
91.99999999999997
 30
0.0
 11
309.7758638527065
 21
91.99999999999997
 31
0.0
  0
LINE
  5
F8E
330
17
100
AcDbEntity
  8
GEOMETRY
100
AcDbLine
 10
309.7758638527065
 20
91.99999999999997
 30
0.0
 11
309.82106356907457
 21
91.99999999999997
 31
0.0
  0
LINE
  5
F8F
330
17
100
AcDbEntity
  8
GEOMETRY
100
AcDbLine
 10
309.82106356907457
 20
91.99999999999997
 30
0.0
 11
309.86626328544264
 21
91.99999999999997
 31
0.0
  0
LINE
  5
F90
330
17
100
AcDbEntity
  8
GEOMETRY
100
AcDbLine
 10
309.86626328544264
 20
91.99999999999997
 30
0.0
 11
309.9114630018108
 21
91.99999999999997
 31
0.0
  0
LINE
  5
F91
330
17
100
AcDbEntity
  8
GEOMETRY
100
AcDbLine
 10
309.9114630018108
 20
91.99999999999997
 30
0.0
 11
309.93948002022245
 21
91.99999999999997
 31
0.0
  0
LINE
  5
F92
330
17
100
AcDbEntity
  8
GEOMETRY
100
AcDbLine
 10
309.93948002022245
 20
91.99999999999997
 30
0.0
 11
309.95461001516685
 21
91.99999999999997
 31
0.0
  0
LINE
  5
F93
330
17
100
AcDbEntity
  8
GEOMETRY
100
AcDbLine
 10
309.95461001516685
 20
91.99999999999997
 30
0.0
 11
309.96974001011125
 21
91.99999999999997
 31
0.0
  0
LINE
  5
F94
330
17
100
AcDbEntity
  8
GEOMETRY
100
AcDbLine
 10
309.96974001011125
 20
91.99999999999997
 30
0.0
 11
309.9848700050556
 21
91.99999999999997
 31
0.0
  0
LINE
  5
F95
330
17
100
AcDbEntity
  8
GEOMETRY
100
AcDbLine
 10
309.9848700050556
 20
91.99999999999997
 30
0.0
 11
310.0
 21
91.99999999999997
 31
0.0
  0
LINE
  5
F96
330
17
100
AcDbEntity
  8
GEOMETRY
100
AcDbLine
 10
310.0
 20
91.99999999999997
 30
0.0
 11
309.9396702886875
 21
91.99999999999997
 31
0.0
  0
LINE
  5
F97
330
17
100
AcDbEntity
  8
GEOMETRY
100
AcDbLine
 10
309.9396702886875
 20
91.99999999999997
 30
0.0
 11
309.87934057737505
 21
91.99999999999997
 31
0.0
  0
LINE
  5
F98
330
17
100
AcDbEntity
  8
GEOMETRY
100
AcDbLine
 10
309.87934057737505
 20
91.99999999999997
 30
0.0
 11
309.8190108660625
 21
91.99999999999997
 31
0.0
  0
LINE
  5
F99
330
17
100
AcDbEntity
  8
GEOMETRY
100
AcDbLine
 10
309.8190108660625
 20
91.99999999999997
 30
0.0
 11
309.75868115475004
 21
91.99999999999997
 31
0.0
  0
LINE
  5
F9A
330
17
100
AcDbEntity
  8
GEOMETRY
100
AcDbLine
 10
309.75868115475004
 20
91.99999999999997
 30
0.0
 11
309.6479367695869
 21
91.99999999999997
 31
0.0
  0
LINE
  5
F9B
330
17
100
AcDbEntity
  8
GEOMETRY
100
AcDbLine
 10
309.6479367695869
 20
91.99999999999997
 30
0.0
 11
309.46997281928964
 21
91.99999999999997
 31
0.0
  0
LINE
  5
F9C
330
17
100
AcDbEntity
  8
GEOMETRY
100
AcDbLine
 10
309.46997281928964
 20
91.99999999999997
 30
0.0
 11
309.2920088689923
 21
91.99999999999997
 31
0.0
  0
LINE
  5
F9D
330
17
100
AcDbEntity
  8
GEOMETRY
100
AcDbLine
 10
309.2920088689923
 20
91.99999999999997
 30
0.0
 11
309.11404491869496
 21
91.99999999999997
 31
0.0
  0
LINE
  5
F9E
330
17
100
AcDbEntity
  8
GEOMETRY
100
AcDbLine
 10
309.11404491869496
 20
91.99999999999997
 30
0.0
 11
308.9360809683977
 21
91.99999999999997
 31
0.0
  0
LINE
  5
F9F
330
17
100
AcDbEntity
  8
GEOMETRY
100
AcDbLine
 10
308.9360809683977
 20
91.99999999999997
 30
0.0
 11
308.66493668946816
 21
91.99999999999997
 31
0.0
  0
LINE
  5
FA0
330
17
100
AcDbEntity
  8
GEOMETRY
100
AcDbLine
 10
308.66493668946816
 20
91.99999999999997
 30
0.0
 11
308.3782623557667
 21
91.99999999999997
 31
0.0
  0
LINE
  5
FA1
330
17
100
AcDbEntity
  8
GEOMETRY
100
AcDbLine
 10
308.3782623557667
 20
91.99999999999997
 30
0.0
 11
308.0915880220652
 21
91.99999999999997
 31
0.0
  0
LINE
  5
FA2
330
17
100
AcDbEntity
  8
GEOMETRY
100
AcDbLine
 10
308.0915880220652
 20
91.99999999999997
 30
0.0
 11
307.8049136883637
 21
91.99999999999997
 31
0.0
  0
LINE
  5
FA3
330
17
100
AcDbEntity
  8
GEOMETRY
100
AcDbLine
 10
307.8049136883637
 20
91.99999999999997
 30
0.0
 11
307.49128640172944
 21
91.99999999999997
 31
0.0
  0
LINE
  5
FA4
330
17
100
AcDbEntity
  8
GEOMETRY
100
AcDbLine
 10
307.49128640172944
 20
91.99999999999997
 30
0.0
 11
307.11027673276334
 21
91.99999999999997
 31
0.0
  0
LINE
  5
FA5
330
17
100
AcDbEntity
  8
GEOMETRY
100
AcDbLine
 10
307.11027673276334
 20
91.99999999999997
 30
0.0
 11
306.7292670637972
 21
91.99999999999997
 31
0.0
  0
LINE
  5
FA6
330
17
100
AcDbEntity
  8
GEOMETRY
100
AcDbLine
 10
306.7292670637972
 20
91.99999999999997
 30
0.0
 11
306.3482573948311
 21
91.99999999999997
 31
0.0
  0
LINE
  5
FA7
330
17
100
AcDbEntity
  8
GEOMETRY
100
AcDbLine
 10
306.3482573948311
 20
91.99999999999997
 30
0.0
 11
305.967247725865
 21
91.99999999999997
 31
0.0
  0
LINE
  5
FA8
330
17
100
AcDbEntity
  8
GEOMETRY
100
AcDbLine
 10
305.967247725865
 20
91.99999999999997
 30
0.0
 11
305.5325024001097
 21
91.99999999999997
 31
0.0
  0
LINE
  5
FA9
330
17
100
AcDbEntity
  8
GEOMETRY
100
AcDbLine
 10
305.5325024001097
 20
91.99999999999997
 30
0.0
 11
305.07626281163874
 21
91.99999999999997
 31
0.0
  0
LINE
  5
FAA
330
17
100
AcDbEntity
  8
GEOMETRY
100
AcDbLine
 10
305.07626281163874
 20
91.99999999999997
 30
0.0
 11
304.6200232231678
 21
91.99999999999997
 31
0.0
  0
LINE
  5
FAB
330
17
100
AcDbEntity
  8
GEOMETRY
100
AcDbLine
 10
304.6200232231678
 20
91.99999999999997
 30
0.0
 11
304.1637836346968
 21
91.99999999999997
 31
0.0
  0
LINE
  5
FAC
330
17
100
AcDbEntity
  8
GEOMETRY
100
AcDbLine
 10
304.1637836346968
 20
91.99999999999997
 30
0.0
 11
303.700065166019
 21
91.99999999999997
 31
0.0
  0
LINE
  5
FAD
330
17
100
AcDbEntity
  8
GEOMETRY
100
AcDbLine
 10
303.700065166019
 20
91.99999999999997
 30
0.0
 11
303.1914734160997
 21
91.99999999999997
 31
0.0
  0
LINE
  5
FAE
330
17
100
AcDbEntity
  8
GEOMETRY
100
AcDbLine
 10
303.1914734160997
 20
91.99999999999997
 30
0.0
 11
302.6828816661805
 21
91.99999999999997
 31
0.0
  0
LINE
  5
FAF
330
17
100
AcDbEntity
  8
GEOMETRY
100
AcDbLine
 10
302.6828816661805
 20
91.99999999999997
 30
0.0
 11
302.1742899162612
 21
91.99999999999997
 31
0.0
  0
LINE
  5
FB0
330
17
100
AcDbEntity
  8
GEOMETRY
100
AcDbLine
 10
302.1742899162612
 20
91.99999999999997
 30
0.0
 11
301.665698166342
 21
91.99999999999997
 31
0.0
  0
LINE
  5
FB1
330
17
100
AcDbEntity
  8
GEOMETRY
100
AcDbLine
 10
301.665698166342
 20
91.99999999999997
 30
0.0
 11
301.14176398932955
 21
91.99999999999997
 31
0.0
  0
LINE
  5
FB2
330
17
100
AcDbEntity
  8
GEOMETRY
100
AcDbLine
 10
301.14176398932955
 20
91.99999999999997
 30
0.0
 11
300.60632299199716
 21
91.99999999999997
 31
0.0
  0
LINE
  5
FB3
330
17
100
AcDbEntity
  8
GEOMETRY
100
AcDbLine
 10
300.60632299199716
 20
91.99999999999997
 30
0.0
 11
300.0708819946648
 21
91.99999999999997
 31
0.0
  0
LINE
  5
FB4
330
17
100
AcDbEntity
  8
GEOMETRY
100
AcDbLine
 10
300.0708819946648
 20
91.99999999999997
 30
0.0
 11
299.5354409973324
 21
91.99999999999997
 31
0.0
  0
LINE
  5
FB5
330
17
100
AcDbEntity
  8
GEOMETRY
100
AcDbLine
 10
299.5354409973324
 20
91.99999999999997
 30
0.0
 11
299.0
 21
91.99999999999997
 31
0.0
  0
LINE
  5
FB6
330
17
100
AcDbEntity
  8
GEOMETRY
100
AcDbLine
 10
299.0
 20
91.99999999999997
 30
0.0
 11
298.4645590026676
 21
91.99999999999997
 31
0.0
  0
LINE
  5
FB7
330
17
100
AcDbEntity
  8
GEOMETRY
100
AcDbLine
 10
298.4645590026676
 20
91.99999999999997
 30
0.0
 11
297.9291180053352
 21
91.99999999999997
 31
0.0
  0
LINE
  5
FB8
330
17
100
AcDbEntity
  8
GEOMETRY
100
AcDbLine
 10
297.9291180053352
 20
91.99999999999997
 30
0.0
 11
297.39367700800284
 21
91.99999999999997
 31
0.0
  0
LINE
  5
FB9
330
17
100
AcDbEntity
  8
GEOMETRY
100
AcDbLine
 10
297.39367700800284
 20
91.99999999999997
 30
0.0
 11
296.85823601067045
 21
91.99999999999997
 31
0.0
  0
LINE
  5
FBA
330
17
100
AcDbEntity
  8
GEOMETRY
100
AcDbLine
 10
296.85823601067045
 20
91.99999999999997
 30
0.0
 11
296.334301833658
 21
91.99999999999997
 31
0.0
  0
LINE
  5
FBB
330
17
100
AcDbEntity
  8
GEOMETRY
100
AcDbLine
 10
296.334301833658
 20
91.99999999999997
 30
0.0
 11
295.8257100837388
 21
91.99999999999997
 31
0.0
  0
LINE
  5
FBC
330
17
100
AcDbEntity
  8
GEOMETRY
100
AcDbLine
 10
295.8257100837388
 20
91.99999999999997
 30
0.0
 11
295.3171183338195
 21
91.99999999999997
 31
0.0
  0
LINE
  5
FBD
330
17
100
AcDbEntity
  8
GEOMETRY
100
AcDbLine
 10
295.3171183338195
 20
91.99999999999997
 30
0.0
 11
294.8085265839003
 21
91.99999999999997
 31
0.0
  0
LINE
  5
FBE
330
17
100
AcDbEntity
  8
GEOMETRY
100
AcDbLine
 10
294.8085265839003
 20
91.99999999999997
 30
0.0
 11
294.29993483398107
 21
91.99999999999997
 31
0.0
  0
LINE
  5
FBF
330
17
100
AcDbEntity
  8
GEOMETRY
100
AcDbLine
 10
294.29993483398107
 20
91.99999999999997
 30
0.0
 11
293.8362163653032
 21
91.99999999999997
 31
0.0
  0
LINE
  5
FC0
330
17
100
AcDbEntity
  8
GEOMETRY
100
AcDbLine
 10
293.8362163653032
 20
91.99999999999997
 30
0.0
 11
293.3799767768322
 21
91.99999999999997
 31
0.0
  0
LINE
  5
FC1
330
17
100
AcDbEntity
  8
GEOMETRY
100
AcDbLine
 10
293.3799767768322
 20
91.99999999999997
 30
0.0
 11
292.9237371883613
 21
91.99999999999997
 31
0.0
  0
LINE
  5
FC2
330
17
100
AcDbEntity
  8
GEOMETRY
100
AcDbLine
 10
292.9237371883613
 20
91.99999999999997
 30
0.0
 11
292.46749759989035
 21
91.99999999999997
 31
0.0
  0
LINE
  5
FC3
330
17
100
AcDbEntity
  8
GEOMETRY
100
AcDbLine
 10
292.46749759989035
 20
91.99999999999997
 30
0.0
 11
292.032752274135
 21
91.99999999999997
 31
0.0
  0
LINE
  5
FC4
330
17
100
AcDbEntity
  8
GEOMETRY
100
AcDbLine
 10
292.032752274135
 20
91.99999999999997
 30
0.0
 11
291.6517426051689
 21
91.99999999999997
 31
0.0
  0
LINE
  5
FC5
330
17
100
AcDbEntity
  8
GEOMETRY
100
AcDbLine
 10
291.6517426051689
 20
91.99999999999997
 30
0.0
 11
291.2707329362028
 21
91.99999999999997
 31
0.0
  0
LINE
  5
FC6
330
17
100
AcDbEntity
  8
GEOMETRY
100
AcDbLine
 10
291.2707329362028
 20
91.99999999999997
 30
0.0
 11
290.88972326723666
 21
91.99999999999997
 31
0.0
  0
LINE
  5
FC7
330
17
100
AcDbEntity
  8
GEOMETRY
100
AcDbLine
 10
290.88972326723666
 20
91.99999999999997
 30
0.0
 11
290.50871359827056
 21
91.99999999999997
 31
0.0
  0
LINE
  5
FC8
330
17
100
AcDbEntity
  8
GEOMETRY
100
AcDbLine
 10
290.50871359827056
 20
91.99999999999997
 30
0.0
 11
290.1950863116363
 21
91.99999999999997
 31
0.0
  0
LINE
  5
FC9
330
17
100
AcDbEntity
  8
GEOMETRY
100
AcDbLine
 10
290.1950863116363
 20
91.99999999999997
 30
0.0
 11
289.9084119779348
 21
91.99999999999997
 31
0.0
  0
LINE
  5
FCA
330
17
100
AcDbEntity
  8
GEOMETRY
100
AcDbLine
 10
289.9084119779348
 20
91.99999999999997
 30
0.0
 11
289.6217376442333
 21
91.99999999999997
 31
0.0
  0
LINE
  5
FCB
330
17
100
AcDbEntity
  8
GEOMETRY
100
AcDbLine
 10
289.6217376442333
 20
91.99999999999997
 30
0.0
 11
289.33506331053184
 21
91.99999999999997
 31
0.0
  0
LINE
  5
FCC
330
17
100
AcDbEntity
  8
GEOMETRY
100
AcDbLine
 10
289.33506331053184
 20
91.99999999999997
 30
0.0
 11
289.0639190316023
 21
91.99999999999997
 31
0.0
  0
LINE
  5
FCD
330
17
100
AcDbEntity
  8
GEOMETRY
100
AcDbLine
 10
289.0639190316023
 20
91.99999999999997
 30
0.0
 11
288.88595508130504
 21
91.99999999999997
 31
0.0
  0
LINE
  5
FCE
330
17
100
AcDbEntity
  8
GEOMETRY
100
AcDbLine
 10
288.88595508130504
 20
91.99999999999997
 30
0.0
 11
288.7079911310077
 21
91.99999999999997
 31
0.0
  0
LINE
  5
FCF
330
17
100
AcDbEntity
  8
GEOMETRY
100
AcDbLine
 10
288.7079911310077
 20
91.99999999999997
 30
0.0
 11
288.5300271807104
 21
91.99999999999997
 31
0.0
  0
LINE
  5
FD0
330
17
100
AcDbEntity
  8
GEOMETRY
100
AcDbLine
 10
288.5300271807104
 20
91.99999999999997
 30
0.0
 11
288.3520632304131
 21
91.99999999999997
 31
0.0
  0
LINE
  5
FD1
330
17
100
AcDbEntity
  8
GEOMETRY
100
AcDbLine
 10
288.3520632304131
 20
91.99999999999997
 30
0.0
 11
288.24131884524996
 21
91.99999999999997
 31
0.0
  0
LINE
  5
FD2
330
17
100
AcDbEntity
  8
GEOMETRY
100
AcDbLine
 10
288.24131884524996
 20
91.99999999999997
 30
0.0
 11
288.1809891339375
 21
91.99999999999997
 31
0.0
  0
LINE
  5
FD3
330
17
100
AcDbEntity
  8
GEOMETRY
100
AcDbLine
 10
288.1809891339375
 20
91.99999999999997
 30
0.0
 11
288.12065942262495
 21
91.99999999999997
 31
0.0
  0
LINE
  5
FD4
330
17
100
AcDbEntity
  8
GEOMETRY
100
AcDbLine
 10
288.12065942262495
 20
91.99999999999997
 30
0.0
 11
288.0603297113125
 21
91.99999999999997
 31
0.0
  0
LINE
  5
FD5
330
17
100
AcDbEntity
  8
GEOMETRY
100
AcDbLine
 10
288.0603297113125
 20
91.99999999999997
 30
0.0
 11
288.0
 21
91.99999999999997
 31
0.0
  0
LINE
  5
FD6
330
17
100
AcDbEntity
  8
GEOMETRY
100
AcDbLine
 10
288.0
 20
91.99999999999997
 30
0.0
 11
288.0151299949444
 21
91.99999999999997
 31
0.0
  0
LINE
  5
FD7
330
17
100
AcDbEntity
  8
GEOMETRY
100
AcDbLine
 10
288.0151299949444
 20
91.99999999999997
 30
0.0
 11
288.03025998988875
 21
91.99999999999997
 31
0.0
  0
LINE
  5
FD8
330
17
100
AcDbEntity
  8
GEOMETRY
100
AcDbLine
 10
288.03025998988875
 20
91.99999999999997
 30
0.0
 11
288.04538998483315
 21
91.99999999999997
 31
0.0
  0
LINE
  5
FD9
330
17
100
AcDbEntity
  8
GEOMETRY
100
AcDbLine
 10
288.04538998483315
 20
91.99999999999997
 30
0.0
 11
288.06051997977755
 21
91.99999999999997
 31
0.0
  0
LINE
  5
FDA
330
17
100
AcDbEntity
  8
GEOMETRY
100
AcDbLine
 10
288.06051997977755
 20
91.99999999999997
 30
0.0
 11
288.0885369981892
 21
91.99999999999997
 31
0.0
  0
LINE
  5
FDB
330
17
100
AcDbEntity
  8
GEOMETRY
100
AcDbLine
 10
288.0885369981892
 20
91.99999999999997
 30
0.0
 11
288.13373671455736
 21
91.99999999999997
 31
0.0
  0
LINE
  5
FDC
330
17
100
AcDbEntity
  8
GEOMETRY
100
AcDbLine
 10
288.13373671455736
 20
91.99999999999997
 30
0.0
 11
288.17893643092543
 21
91.99999999999997
 31
0.0
  0
LINE
  5
FDD
330
17
100
AcDbEntity
  8
GEOMETRY
100
AcDbLine
 10
288.17893643092543
 20
91.99999999999997
 30
0.0
 11
288.22413614729356
 21
91.99999999999997
 31
0.0
  0
LINE
  5
FDE
330
17
100
AcDbEntity
  8
GEOMETRY
100
AcDbLine
 10
288.22413614729356
 20
91.99999999999997
 30
0.0
 11
288.26933586366164
 21
91.99999999999997
 31
0.0
  0
LINE
  5
FDF
330
17
100
AcDbEntity
  8
GEOMETRY
100
AcDbLine
 10
288.26933586366164
 20
91.99999999999997
 30
0.0
 11
288.3398224161139
 21
91.99999999999997
 31
0.0
  0
LINE
  5
FE0
330
17
100
AcDbEntity
  8
GEOMETRY
100
AcDbLine
 10
288.3398224161139
 20
91.99999999999997
 30
0.0
 11
288.41452344124696
 21
91.99999999999997
 31
0.0
  0
LINE
  5
FE1
330
17
100
AcDbEntity
  8
GEOMETRY
100
AcDbLine
 10
288.41452344124696
 20
91.99999999999997
 30
0.0
 11
288.48922446637994
 21
91.99999999999997
 31
0.0
  0
LINE
  5
FE2
330
17
100
AcDbEntity
  8
GEOMETRY
100
AcDbLine
 10
288.48922446637994
 20
91.99999999999997
 30
0.0
 11
288.563925491513
 21
91.99999999999997
 31
0.0
  0
LINE
  5
FE3
330
17
100
AcDbEntity
  8
GEOMETRY
100
AcDbLine
 10
288.563925491513
 20
91.99999999999997
 30
0.0
 11
288.64678705951206
 21
91.99999999999997
 31
0.0
  0
LINE
  5
FE4
330
17
100
AcDbEntity
  8
GEOMETRY
100
AcDbLine
 10
288.64678705951206
 20
91.99999999999997
 30
0.0
 11
288.75004998467637
 21
91.99999999999997
 31
0.0
  0
LINE
  5
FE5
330
17
100
AcDbEntity
  8
GEOMETRY
100
AcDbLine
 10
288.75004998467637
 20
91.99999999999997
 30
0.0
 11
288.85331290984067
 21
91.99999999999997
 31
0.0
  0
LINE
  5
FE6
330
17
100
AcDbEntity
  8
GEOMETRY
100
AcDbLine
 10
288.85331290984067
 20
91.99999999999997
 30
0.0
 11
288.95657583500497
 21
91.99999999999997
 31
0.0
  0
LINE
  5
FE7
330
17
100
AcDbEntity
  8
GEOMETRY
100
AcDbLine
 10
288.95657583500497
 20
91.99999999999997
 30
0.0
 11
289.0598387601693
 21
91.99999999999997
 31
0.0
  0
LINE
  5
FE8
330
17
100
AcDbEntity
  8
GEOMETRY
100
AcDbLine
 10
289.0598387601693
 20
91.99999999999997
 30
0.0
 11
289.18257547735703
 21
91.99999999999997
 31
0.0
  0
LINE
  5
FE9
330
17
100
AcDbEntity
  8
GEOMETRY
100
AcDbLine
 10
289.18257547735703
 20
91.99999999999997
 30
0.0
 11
289.3131017113542
 21
91.99999999999997
 31
0.0
  0
LINE
  5
FEA
330
17
100
AcDbEntity
  8
GEOMETRY
100
AcDbLine
 10
289.3131017113542
 20
91.99999999999997
 30
0.0
 11
289.44362794535135
 21
91.99999999999997
 31
0.0
  0
LINE
  5
FEB
330
17
100
AcDbEntity
  8
GEOMETRY
100
AcDbLine
 10
289.44362794535135
 20
91.99999999999997
 30
0.0
 11
289.57415417934845
 21
91.99999999999997
 31
0.0
  0
LINE
  5
FEC
330
17
100
AcDbEntity
  8
GEOMETRY
100
AcDbLine
 10
289.57415417934845
 20
91.99999999999997
 30
0.0
 11
289.7083406798752
 21
91.99999999999997
 31
0.0
  0
LINE
  5
FED
330
17
100
AcDbEntity
  8
GEOMETRY
100
AcDbLine
 10
289.7083406798752
 20
91.99999999999997
 30
0.0
 11
289.8644887795796
 21
91.99999999999997
 31
0.0
  0
LINE
  5
FEE
330
17
100
AcDbEntity
  8
GEOMETRY
100
AcDbLine
 10
289.8644887795796
 20
91.99999999999997
 30
0.0
 11
290.0206368792839
 21
91.99999999999997
 31
0.0
  0
LINE
  5
FEF
330
17
100
AcDbEntity
  8
GEOMETRY
100
AcDbLine
 10
290.0206368792839
 20
91.99999999999997
 30
0.0
 11
290.1767849789883
 21
91.99999999999997
 31
0.0
  0
LINE
  5
FF0
330
17
100
AcDbEntity
  8
GEOMETRY
100
AcDbLine
 10
290.1767849789883
 20
91.99999999999997
 30
0.0
 11
290.3329330786927
 21
91.99999999999997
 31
0.0
  0
LINE
  5
FF1
330
17
100
AcDbEntity
  8
GEOMETRY
100
AcDbLine
 10
290.3329330786927
 20
91.99999999999997
 30
0.0
 11
290.5026001571137
 21
91.99999999999997
 31
0.0
  0
LINE
  5
FF2
330
17
100
AcDbEntity
  8
GEOMETRY
100
AcDbLine
 10
290.5026001571137
 20
91.99999999999997
 30
0.0
 11
290.6824064695723
 21
91.99999999999997
 31
0.0
  0
LINE
  5
FF3
330
17
100
AcDbEntity
  8
GEOMETRY
100
AcDbLine
 10
290.6824064695723
 20
91.99999999999997
 30
0.0
 11
290.86221278203084
 21
91.99999999999997
 31
0.0
  0
LINE
  5
FF4
330
17
100
AcDbEntity
  8
GEOMETRY
100
AcDbLine
 10
290.86221278203084
 20
91.99999999999997
 30
0.0
 11
291.04201909448943
 21
91.99999999999997
 31
0.0
  0
LINE
  5
FF5
330
17
100
AcDbEntity
  8
GEOMETRY
100
AcDbLine
 10
291.04201909448943
 20
91.99999999999997
 30
0.0
 11
291.22182540694797
 21
91.99999999999997
 31
0.0
  0
LINE
  5
FF6
330
17
100
AcDbEntity
  8
GEOMETRY
100
AcDbLine
 10
291.22182540694797
 20
91.99999999999997
 30
0.0
 11
291.42302876345553
 21
91.99999999999997
 31
0.0
  0
LINE
  5
FF7
330
17
100
AcDbEntity
  8
GEOMETRY
100
AcDbLine
 10
291.42302876345553
 20
91.99999999999997
 30
0.0
 11
291.6242321199631
 21
91.99999999999997
 31
0.0
  0
LINE
  5
FF8
330
17
100
AcDbEntity
  8
GEOMETRY
100
AcDbLine
 10
291.6242321199631
 20
91.99999999999997
 30
0.0
 11
291.8254354764706
 21
91.99999999999997
 31
0.0
  0
LINE
  5
FF9
330
17
100
AcDbEntity
  8
GEOMETRY
100
AcDbLine
 10
291.8254354764706
 20
91.99999999999997
 30
0.0
 11
292.02663883297816
 21
91.99999999999997
 31
0.0
  0
LINE
  5
FFA
330
17
100
AcDbEntity
  8
GEOMETRY
100
AcDbLine
 10
292.02663883297816
 20
91.99999999999997
 30
0.0
 11
292.23592795881433
 21
91.99999999999997
 31
0.0
  0
LINE
  5
FFB
330
17
100
AcDbEntity
  8
GEOMETRY
100
AcDbLine
 10
292.23592795881433
 20
91.99999999999997
 30
0.0
 11
292.4559981104219
 21
91.99999999999997
 31
0.0
  0
LINE
  5
FFC
330
17
100
AcDbEntity
  8
GEOMETRY
100
AcDbLine
 10
292.4559981104219
 20
91.99999999999997
 30
0.0
 11
292.6760682620294
 21
91.99999999999997
 31
0.0
  0
LINE
  5
FFD
330
17
100
AcDbEntity
  8
GEOMETRY
100
AcDbLine
 10
292.6760682620294
 20
91.99999999999997
 30
0.0
 11
292.89613841363695
 21
91.99999999999997
 31
0.0
  0
LINE
  5
FFE
330
17
100
AcDbEntity
  8
GEOMETRY
100
AcDbLine
 10
292.89613841363695
 20
91.99999999999997
 30
0.0
 11
293.1162085652445
 21
91.99999999999997
 31
0.0
  0
LINE
  5
FFF
330
17
100
AcDbEntity
  8
GEOMETRY
100
AcDbLine
 10
293.1162085652445
 20
91.99999999999997
 30
0.0
 11
293.3500781042142
 21
91.99999999999997
 31
0.0
  0
LINE
  5
1000
330
17
100
AcDbEntity
  8
GEOMETRY
100
AcDbLine
 10
293.3500781042142
 20
91.99999999999997
 30
0.0
 11
293.5862475410776
 21
91.99999999999997
 31
0.0
  0
LINE
  5
1001
330
17
100
AcDbEntity
  8
GEOMETRY
100
AcDbLine
 10
293.5862475410776
 20
91.99999999999997
 30
0.0
 11
293.82241697794103
 21
91.99999999999997
 31
0.0
  0
LINE
  5
1002
330
17
100
AcDbEntity
  8
GEOMETRY
100
AcDbLine
 10
293.82241697794103
 20
91.99999999999997
 30
0.0
 11
294.05858641480444
 21
91.99999999999997
 31
0.0
  0
LINE
  5
1003
330
17
100
AcDbEntity
  8
GEOMETRY
100
AcDbLine
 10
294.05858641480444
 20
91.99999999999997
 30
0.0
 11
294.298507085256
 21
91.99999999999997
 31
0.0
  0
LINE
  5
1004
330
17
100
AcDbEntity
  8
GEOMETRY
100
AcDbLine
 10
294.298507085256
 20
91.99999999999997
 30
0.0
 11
294.547805839678
 21
91.99999999999997
 31
0.0
  0
LINE
  5
1005
330
17
100
AcDbEntity
  8
GEOMETRY
100
AcDbLine
 10
294.547805839678
 20
91.99999999999997
 30
0.0
 11
294.7971045941
 21
91.99999999999997
 31
0.0
  0
LINE
  5
1006
330
17
100
AcDbEntity
  8
GEOMETRY
100
AcDbLine
 10
294.7971045941
 20
91.99999999999997
 30
0.0
 11
295.046403348522
 21
91.99999999999997
 31
0.0
  0
LINE
  5
1007
330
17
100
AcDbEntity
  8
GEOMETRY
100
AcDbLine
 10
295.046403348522
 20
91.99999999999997
 30
0.0
 11
295.295702102944
 21
91.99999999999997
 31
0.0
  0
LINE
  5
1008
330
17
100
AcDbEntity
  8
GEOMETRY
100
AcDbLine
 10
295.295702102944
 20
91.99999999999997
 30
0.0
 11
295.5521396009912
 21
91.99999999999997
 31
0.0
  0
LINE
  5
1009
330
17
100
AcDbEntity
  8
GEOMETRY
100
AcDbLine
 10
295.5521396009912
 20
91.99999999999997
 30
0.0
 11
295.81143259648843
 21
91.99999999999997
 31
0.0
  0
LINE
  5
100A
330
17
100
AcDbEntity
  8
GEOMETRY
100
AcDbLine
 10
295.81143259648843
 20
91.99999999999997
 30
0.0
 11
296.07072559198565
 21
91.99999999999997
 31
0.0
  0
LINE
  5
100B
330
17
100
AcDbEntity
  8
GEOMETRY
100
AcDbLine
 10
296.07072559198565
 20
91.99999999999997
 30
0.0
 11
296.3300185874829
 21
91.99999999999997
 31
0.0
  0
LINE
  5
100C
330
17
100
AcDbEntity
  8
GEOMETRY
100
AcDbLine
 10
296.3300185874829
 20
91.99999999999997
 30
0.0
 11
296.59027350886754
 21
91.99999999999997
 31
0.0
  0
LINE
  5
100D
330
17
100
AcDbEntity
  8
GEOMETRY
100
AcDbLine
 10
296.59027350886754
 20
91.99999999999997
 30
0.0
 11
296.8562999855763
 21
91.99999999999997
 31
0.0
  0
LINE
  5
100E
330
17
100
AcDbEntity
  8
GEOMETRY
100
AcDbLine
 10
296.8562999855763
 20
91.99999999999997
 30
0.0
 11
297.1223264622851
 21
91.99999999999997
 31
0.0
  0
LINE
  5
100F
330
17
100
AcDbEntity
  8
GEOMETRY
100
AcDbLine
 10
297.1223264622851
 20
91.99999999999997
 30
0.0
 11
297.3883529389939
 21
91.99999999999997
 31
0.0
  0
LINE
  5
1010
330
17
100
AcDbEntity
  8
GEOMETRY
100
AcDbLine
 10
297.3883529389939
 20
91.99999999999997
 30
0.0
 11
297.6543794157027
 21
91.99999999999997
 31
0.0
  0
LINE
  5
1011
330
17
100
AcDbEntity
  8
GEOMETRY
100
AcDbLine
 10
297.6543794157027
 20
91.99999999999997
 30
0.0
 11
297.92234191750566
 21
91.99999999999997
 31
0.0
  0
LINE
  5
1012
330
17
100
AcDbEntity
  8
GEOMETRY
100
AcDbLine
 10
297.92234191750566
 20
91.99999999999997
 30
0.0
 11
298.19175643812923
 21
91.99999999999997
 31
0.0
  0
LINE
  5
1013
330
17
100
AcDbEntity
  8
GEOMETRY
100
AcDbLine
 10
298.19175643812923
 20
91.99999999999997
 30
0.0
 11
298.46117095875286
 21
91.99999999999997
 31
0.0
  0
LINE
  5
1014
330
17
100
AcDbEntity
  8
GEOMETRY
100
AcDbLine
 10
298.46117095875286
 20
91.99999999999997
 30
0.0
 11
298.73058547937643
 21
91.99999999999997
 31
0.0
  0
LINE
  5
1015
330
17
100
AcDbEntity
  8
GEOMETRY
100
AcDbLine
 10
298.73058547937643
 20
91.99999999999997
 30
0.0
 11
299.0
 21
91.99999999999997
 31
0.0
  0
LINE
  5
1016
330
17
100
AcDbEntity
  8
GEOMETRY
100
AcDbLine
 10
314.0
 20
91.99999999999997
 30
0.0
 11
263.0
 21
91.99999999999997
 31
0.0
  0
LINE
  5
1017
330
17
100
AcDbEntity
  8
GEOMETRY
100
AcDbLine
 10
314.0
 20
91.99999999999997
 30
0.0
 11
263.0
 21
91.99999999999997
 31
0.0
  0
LINE
  5
1018
330
17
100
AcDbEntity
  8
GEOMETRY
100
AcDbLine
 10
314.0
 20
91.99999999999997
 30
0.0
 11
314.0489844582952
 21
91.99999999999997
 31
0.0
  0
LINE
  5
1019
330
17
100
AcDbEntity
  8
GEOMETRY
100
AcDbLine
 10
314.0489844582952
 20
91.99999999999997
 30
0.0
 11
314.0979689165904
 21
91.99999999999997
 31
0.0
  0
LINE
  5
101A
330
17
100
AcDbEntity
  8
GEOMETRY
100
AcDbLine
 10
314.0979689165904
 20
91.99999999999997
 30
0.0
 11
314.1469533748856
 21
91.99999999999997
 31
0.0
  0
LINE
  5
101B
330
17
100
AcDbEntity
  8
GEOMETRY
100
AcDbLine
 10
314.1469533748856
 20
91.99999999999997
 30
0.0
 11
314.1959378331808
 21
91.99999999999997
 31
0.0
  0
LINE
  5
101C
330
17
100
AcDbEntity
  8
GEOMETRY
100
AcDbLine
 10
314.1959378331808
 20
91.99999999999997
 30
0.0
 11
314.24465828805404
 21
91.99999999999997
 31
0.0
  0
LINE
  5
101D
330
17
100
AcDbEntity
  8
GEOMETRY
100
AcDbLine
 10
314.24465828805404
 20
91.99999999999997
 30
0.0
 11
314.29302673836474
 21
91.99999999999997
 31
0.0
  0
LINE
  5
101E
330
17
100
AcDbEntity
  8
GEOMETRY
100
AcDbLine
 10
314.29302673836474
 20
91.99999999999997
 30
0.0
 11
314.34139518867545
 21
91.99999999999997
 31
0.0
  0
LINE
  5
101F
330
17
100
AcDbEntity
  8
GEOMETRY
100
AcDbLine
 10
314.34139518867545
 20
91.99999999999997
 30
0.0
 11
314.38976363898615
 21
91.99999999999997
 31
0.0
  0
LINE
  5
1020
330
17
100
AcDbEntity
  8
GEOMETRY
100
AcDbLine
 10
314.38976363898615
 20
91.99999999999997
 30
0.0
 11
314.4381320892968
 21
91.99999999999997
 31
0.0
  0
LINE
  5
1021
330
17
100
AcDbEntity
  8
GEOMETRY
100
AcDbLine
 10
314.4381320892968
 20
91.99999999999997
 30
0.0
 11
314.4854511659122
 21
91.99999999999997
 31
0.0
  0
LINE
  5
1022
330
17
100
AcDbEntity
  8
GEOMETRY
100
AcDbLine
 10
314.4854511659122
 20
91.99999999999997
 30
0.0
 11
314.5325953469117
 21
91.99999999999997
 31
0.0
  0
LINE
  5
1023
330
17
100
AcDbEntity
  8
GEOMETRY
100
AcDbLine
 10
314.5325953469117
 20
91.99999999999997
 30
0.0
 11
314.5797395279112
 21
91.99999999999997
 31
0.0
  0
LINE
  5
1024
330
17
100
AcDbEntity
  8
GEOMETRY
100
AcDbLine
 10
314.5797395279112
 20
91.99999999999997
 30
0.0
 11
314.62688370891067
 21
91.99999999999997
 31
0.0
  0
LINE
  5
1025
330
17
100
AcDbEntity
  8
GEOMETRY
100
AcDbLine
 10
314.62688370891067
 20
91.99999999999997
 30
0.0
 11
314.67350870855563
 21
91.99999999999997
 31
0.0
  0
LINE
  5
1026
330
17
100
AcDbEntity
  8
GEOMETRY
100
AcDbLine
 10
314.67350870855563
 20
91.99999999999997
 30
0.0
 11
314.71883575481417
 21
91.99999999999997
 31
0.0
  0
LINE
  5
1027
330
17
100
AcDbEntity
  8
GEOMETRY
100
AcDbLine
 10
314.71883575481417
 20
91.99999999999997
 30
0.0
 11
314.76416280107276
 21
91.99999999999997
 31
0.0
  0
LINE
  5
1028
330
17
100
AcDbEntity
  8
GEOMETRY
100
AcDbLine
 10
314.76416280107276
 20
91.99999999999997
 30
0.0
 11
314.8094898473313
 21
91.99999999999997
 31
0.0
  0
LINE
  5
1029
330
17
100
AcDbEntity
  8
GEOMETRY
100
AcDbLine
 10
314.8094898473313
 20
91.99999999999997
 30
0.0
 11
314.8548168935898
 21
91.99999999999997
 31
0.0
  0
LINE
  5
102A
330
17
100
AcDbEntity
  8
GEOMETRY
100
AcDbLine
 10
314.8548168935898
 20
91.99999999999997
 30
0.0
 11
314.89843883367195
 21
91.99999999999997
 31
0.0
  0
LINE
  5
102B
330
17
100
AcDbEntity
  8
GEOMETRY
100
AcDbLine
 10
314.89843883367195
 20
91.99999999999997
 30
0.0
 11
314.94137873128346
 21
91.99999999999997
 31
0.0
  0
LINE
  5
102C
330
17
100
AcDbEntity
  8
GEOMETRY
100
AcDbLine
 10
314.94137873128346
 20
91.99999999999997
 30
0.0
 11
314.984318628895
 21
91.99999999999997
 31
0.0
  0
LINE
  5
102D
330
17
100
AcDbEntity
  8
GEOMETRY
100
AcDbLine
 10
314.984318628895
 20
91.99999999999997
 30
0.0
 11
315.0272585265065
 21
91.99999999999997
 31
0.0
  0
LINE
  5
102E
330
17
100
AcDbEntity
  8
GEOMETRY
100
AcDbLine
 10
315.0272585265065
 20
91.99999999999997
 30
0.0
 11
315.06978026086466
 21
91.99999999999997
 31
0.0
  0
LINE
  5
102F
330
17
100
AcDbEntity
  8
GEOMETRY
100
AcDbLine
 10
315.06978026086466
 20
91.99999999999997
 30
0.0
 11
315.1097930157024
 21
91.99999999999997
 31
0.0
  0
LINE
  5
1030
330
17
100
AcDbEntity
  8
GEOMETRY
100
AcDbLine
 10
315.1097930157024
 20
91.99999999999997
 30
0.0
 11
315.1498057705401
 21
91.99999999999997
 31
0.0
  0
LINE
  5
1031
330
17
100
AcDbEntity
  8
GEOMETRY
100
AcDbLine
 10
315.1498057705401
 20
91.99999999999997
 30
0.0
 11
315.18981852537786
 21
91.99999999999997
 31
0.0
  0
LINE
  5
1032
330
17
100
AcDbEntity
  8
GEOMETRY
100
AcDbLine
 10
315.18981852537786
 20
91.99999999999997
 30
0.0
 11
315.2298312802156
 21
91.99999999999997
 31
0.0
  0
LINE
  5
1033
330
17
100
AcDbEntity
  8
GEOMETRY
100
AcDbLine
 10
315.2298312802156
 20
91.99999999999997
 30
0.0
 11
315.26788384854945
 21
91.99999999999997
 31
0.0
  0
LINE
  5
1034
330
17
100
AcDbEntity
  8
GEOMETRY
100
AcDbLine
 10
315.26788384854945
 20
91.99999999999997
 30
0.0
 11
315.30446627700536
 21
91.99999999999997
 31
0.0
  0
LINE
  5
1035
330
17
100
AcDbEntity
  8
GEOMETRY
100
AcDbLine
 10
315.30446627700536
 20
91.99999999999997
 30
0.0
 11
315.3410487054613
 21
91.99999999999997
 31
0.0
  0
LINE
  5
1036
330
17
100
AcDbEntity
  8
GEOMETRY
100
AcDbLine
 10
315.3410487054613
 20
91.99999999999997
 30
0.0
 11
315.3776311339172
 21
91.99999999999997
 31
0.0
  0
LINE
  5
1037
330
17
100
AcDbEntity
  8
GEOMETRY
100
AcDbLine
 10
315.3776311339172
 20
91.99999999999997
 30
0.0
 11
315.4142135623731
 21
91.99999999999997
 31
0.0
  0
LINE
  5
1038
330
17
100
AcDbEntity
  8
GEOMETRY
100
AcDbLine
 10
315.4142135623731
 20
91.99999999999997
 30
0.0
 11
315.4469056191838
 21
91.99999999999997
 31
0.0
  0
LINE
  5
1039
330
17
100
AcDbEntity
  8
GEOMETRY
100
AcDbLine
 10
315.4469056191838
 20
91.99999999999997
 30
0.0
 11
315.4795976759944
 21
91.99999999999997
 31
0.0
  0
LINE
  5
103A
330
17
100
AcDbEntity
  8
GEOMETRY
100
AcDbLine
 10
315.4795976759944
 20
91.99999999999997
 30
0.0
 11
315.5122897328051
 21
91.99999999999997
 31
0.0
  0
LINE
  5
103B
330
17
100
AcDbEntity
  8
GEOMETRY
100
AcDbLine
 10
315.5122897328051
 20
91.99999999999997
 30
0.0
 11
315.5449817896157
 21
91.99999999999997
 31
0.0
  0
LINE
  5
103C
330
17
100
AcDbEntity
  8
GEOMETRY
100
AcDbLine
 10
315.5449817896157
 20
91.99999999999997
 30
0.0
 11
315.5758303493286
 21
91.99999999999997
 31
0.0
  0
LINE
  5
103D
330
17
100
AcDbEntity
  8
GEOMETRY
100
AcDbLine
 10
315.5758303493286
 20
91.99999999999997
 30
0.0
 11
315.6042209129112
 21
91.99999999999997
 31
0.0
  0
LINE
  5
103E
330
17
100
AcDbEntity
  8
GEOMETRY
100
AcDbLine
 10
315.6042209129112
 20
91.99999999999997
 30
0.0
 11
315.6326114764938
 21
91.99999999999997
 31
0.0
  0
LINE
  5
103F
330
17
100
AcDbEntity
  8
GEOMETRY
100
AcDbLine
 10
315.6326114764938
 20
91.99999999999997
 30
0.0
 11
315.6610020400765
 21
91.99999999999997
 31
0.0
  0
LINE
  5
1040
330
17
100
AcDbEntity
  8
GEOMETRY
100
AcDbLine
 10
315.6610020400765
 20
91.99999999999997
 30
0.0
 11
315.6893926036591
 21
91.99999999999997
 31
0.0
  0
LINE
  5
1041
330
17
100
AcDbEntity
  8
GEOMETRY
100
AcDbLine
 10
315.6893926036591
 20
91.99999999999997
 30
0.0
 11
315.7137901492094
 21
91.99999999999997
 31
0.0
  0
LINE
  5
1042
330
17
100
AcDbEntity
  8
GEOMETRY
100
AcDbLine
 10
315.7137901492094
 20
91.99999999999997
 30
0.0
 11
315.7375221917543
 21
91.99999999999997
 31
0.0
  0
LINE
  5
1043
330
17
100
AcDbEntity
  8
GEOMETRY
100
AcDbLine
 10
315.7375221917543
 20
91.99999999999997
 30
0.0
 11
315.76125423429926
 21
91.99999999999997
 31
0.0
  0
LINE
  5
1044
330
17
100
AcDbEntity
  8
GEOMETRY
100
AcDbLine
 10
315.76125423429926
 20
91.99999999999997
 30
0.0
 11
315.78498627684417
 21
91.99999999999997
 31
0.0
  0
LINE
  5
1045
330
17
100
AcDbEntity
  8
GEOMETRY
100
AcDbLine
 10
315.78498627684417
 20
91.99999999999997
 30
0.0
 11
315.8073020436056
 21
91.99999999999997
 31
0.0
  0
LINE
  5
1046
330
17
100
AcDbEntity
  8
GEOMETRY
100
AcDbLine
 10
315.8073020436056
 20
91.99999999999997
 30
0.0
 11
315.8260771209082
 21
91.99999999999997
 31
0.0
  0
LINE
  5
1047
330
17
100
AcDbEntity
  8
GEOMETRY
100
AcDbLine
 10
315.8260771209082
 20
91.99999999999997
 30
0.0
 11
315.8448521982108
 21
91.99999999999997
 31
0.0
  0
LINE
  5
1048
330
17
100
AcDbEntity
  8
GEOMETRY
100
AcDbLine
 10
315.8448521982108
 20
91.99999999999997
 30
0.0
 11
315.8636272755134
 21
91.99999999999997
 31
0.0
  0
LINE
  5
1049
330
17
100
AcDbEntity
  8
GEOMETRY
100
AcDbLine
 10
315.8636272755134
 20
91.99999999999997
 30
0.0
 11
315.88240235281603
 21
91.99999999999997
 31
0.0
  0
LINE
  5
104A
330
17
100
AcDbEntity
  8
GEOMETRY
100
AcDbLine
 10
315.88240235281603
 20
91.99999999999997
 30
0.0
 11
315.8974680924522
 21
91.99999999999997
 31
0.0
  0
LINE
  5
104B
330
17
100
AcDbEntity
  8
GEOMETRY
100
AcDbLine
 10
315.8974680924522
 20
91.99999999999997
 30
0.0
 11
315.91105009702187
 21
91.99999999999997
 31
0.0
  0
LINE
  5
104C
330
17
100
AcDbEntity
  8
GEOMETRY
100
AcDbLine
 10
315.91105009702187
 20
91.99999999999997
 30
0.0
 11
315.9246321015915
 21
91.99999999999997
 31
0.0
  0
LINE
  5
104D
330
17
100
AcDbEntity
  8
GEOMETRY
100
AcDbLine
 10
315.9246321015915
 20
91.99999999999997
 30
0.0
 11
315.9382141061611
 21
91.99999999999997
 31
0.0
  0
LINE
  5
104E
330
17
100
AcDbEntity
  8
GEOMETRY
100
AcDbLine
 10
315.9382141061611
 20
91.99999999999997
 30
0.0
 11
315.9510298429706
 21
91.99999999999997
 31
0.0
  0
LINE
  5
104F
330
17
100
AcDbEntity
  8
GEOMETRY
100
AcDbLine
 10
315.9510298429706
 20
91.99999999999997
 30
0.0
 11
315.95924797321936
 21
91.99999999999997
 31
0.0
  0
LINE
  5
1050
330
17
100
AcDbEntity
  8
GEOMETRY
100
AcDbLine
 10
315.95924797321936
 20
91.99999999999997
 30
0.0
 11
315.9674661034681
 21
91.99999999999997
 31
0.0
  0
LINE
  5
1051
330
17
100
AcDbEntity
  8
GEOMETRY
100
AcDbLine
 10
315.9674661034681
 20
91.99999999999997
 30
0.0
 11
315.9756842337169
 21
91.99999999999997
 31
0.0
  0
LINE
  5
1052
330
17
100
AcDbEntity
  8
GEOMETRY
100
AcDbLine
 10
315.9756842337169
 20
91.99999999999997
 30
0.0
 11
315.9839023639656
 21
91.99999999999997
 31
0.0
  0
LINE
  5
1053
330
17
100
AcDbEntity
  8
GEOMETRY
100
AcDbLine
 10
315.9839023639656
 20
91.99999999999997
 30
0.0
 11
315.9889963673132
 21
91.99999999999997
 31
0.0
  0
LINE
  5
1054
330
17
100
AcDbEntity
  8
GEOMETRY
100
AcDbLine
 10
315.9889963673132
 20
91.99999999999997
 30
0.0
 11
315.9917472754849
 21
91.99999999999997
 31
0.0
  0
LINE
  5
1055
330
17
100
AcDbEntity
  8
GEOMETRY
100
AcDbLine
 10
315.9917472754849
 20
91.99999999999997
 30
0.0
 11
315.9944981836566
 21
91.99999999999997
 31
0.0
  0
LINE
  5
1056
330
17
100
AcDbEntity
  8
GEOMETRY
100
AcDbLine
 10
315.9944981836566
 20
91.99999999999997
 30
0.0
 11
315.99724909182834
 21
91.99999999999997
 31
0.0
  0
LINE
  5
1057
330
17
100
AcDbEntity
  8
GEOMETRY
100
AcDbLine
 10
315.99724909182834
 20
91.99999999999997
 30
0.0
 11
316.0
 21
91.99999999999997
 31
0.0
  0
LINE
  5
1058
330
17
100
AcDbEntity
  8
GEOMETRY
100
AcDbLine
 10
316.0
 20
91.99999999999997
 30
0.0
 11
315.99724909182834
 21
91.99999999999997
 31
0.0
  0
LINE
  5
1059
330
17
100
AcDbEntity
  8
GEOMETRY
100
AcDbLine
 10
315.99724909182834
 20
91.99999999999997
 30
0.0
 11
315.9944981836566
 21
91.99999999999997
 31
0.0
  0
LINE
  5
105A
330
17
100
AcDbEntity
  8
GEOMETRY
100
AcDbLine
 10
315.9944981836566
 20
91.99999999999997
 30
0.0
 11
315.9917472754849
 21
91.99999999999997
 31
0.0
  0
LINE
  5
105B
330
17
100
AcDbEntity
  8
GEOMETRY
100
AcDbLine
 10
315.9917472754849
 20
91.99999999999997
 30
0.0
 11
315.9889963673132
 21
91.99999999999997
 31
0.0
  0
LINE
  5
105C
330
17
100
AcDbEntity
  8
GEOMETRY
100
AcDbLine
 10
315.9889963673132
 20
91.99999999999997
 30
0.0
 11
315.9839023639656
 21
91.99999999999997
 31
0.0
  0
LINE
  5
105D
330
17
100
AcDbEntity
  8
GEOMETRY
100
AcDbLine
 10
315.9839023639656
 20
91.99999999999997
 30
0.0
 11
315.9756842337169
 21
91.99999999999997
 31
0.0
  0
LINE
  5
105E
330
17
100
AcDbEntity
  8
GEOMETRY
100
AcDbLine
 10
315.9756842337169
 20
91.99999999999997
 30
0.0
 11
315.9674661034681
 21
91.99999999999997
 31
0.0
  0
LINE
  5
105F
330
17
100
AcDbEntity
  8
GEOMETRY
100
AcDbLine
 10
315.9674661034681
 20
91.99999999999997
 30
0.0
 11
315.95924797321936
 21
91.99999999999997
 31
0.0
  0
LINE
  5
1060
330
17
100
AcDbEntity
  8
GEOMETRY
100
AcDbLine
 10
315.95924797321936
 20
91.99999999999997
 30
0.0
 11
315.9510298429706
 21
91.99999999999997
 31
0.0
  0
LINE
  5
1061
330
17
100
AcDbEntity
  8
GEOMETRY
100
AcDbLine
 10
315.9510298429706
 20
91.99999999999997
 30
0.0
 11
315.9382141061611
 21
91.99999999999997
 31
0.0
  0
LINE
  5
1062
330
17
100
AcDbEntity
  8
GEOMETRY
100
AcDbLine
 10
315.9382141061611
 20
91.99999999999997
 30
0.0
 11
315.9246321015915
 21
91.99999999999997
 31
0.0
  0
LINE
  5
1063
330
17
100
AcDbEntity
  8
GEOMETRY
100
AcDbLine
 10
315.9246321015915
 20
91.99999999999997
 30
0.0
 11
315.91105009702187
 21
91.99999999999997
 31
0.0
  0
LINE
  5
1064
330
17
100
AcDbEntity
  8
GEOMETRY
100
AcDbLine
 10
315.91105009702187
 20
91.99999999999997
 30
0.0
 11
315.8974680924522
 21
91.99999999999997
 31
0.0
  0
LINE
  5
1065
330
17
100
AcDbEntity
  8
GEOMETRY
100
AcDbLine
 10
315.8974680924522
 20
91.99999999999997
 30
0.0
 11
315.88240235281603
 21
91.99999999999997
 31
0.0
  0
LINE
  5
1066
330
17
100
AcDbEntity
  8
GEOMETRY
100
AcDbLine
 10
315.88240235281603
 20
91.99999999999997
 30
0.0
 11
315.8636272755134
 21
91.99999999999997
 31
0.0
  0
LINE
  5
1067
330
17
100
AcDbEntity
  8
GEOMETRY
100
AcDbLine
 10
315.8636272755134
 20
91.99999999999997
 30
0.0
 11
315.8448521982108
 21
91.99999999999997
 31
0.0
  0
LINE
  5
1068
330
17
100
AcDbEntity
  8
GEOMETRY
100
AcDbLine
 10
315.8448521982108
 20
91.99999999999997
 30
0.0
 11
315.8260771209082
 21
91.99999999999997
 31
0.0
  0
LINE
  5
1069
330
17
100
AcDbEntity
  8
GEOMETRY
100
AcDbLine
 10
315.8260771209082
 20
91.99999999999997
 30
0.0
 11
315.8073020436056
 21
91.99999999999997
 31
0.0
  0
LINE
  5
106A
330
17
100
AcDbEntity
  8
GEOMETRY
100
AcDbLine
 10
315.8073020436056
 20
91.99999999999997
 30
0.0
 11
315.78498627684417
 21
91.99999999999997
 31
0.0
  0
LINE
  5
106B
330
17
100
AcDbEntity
  8
GEOMETRY
100
AcDbLine
 10
315.78498627684417
 20
91.99999999999997
 30
0.0
 11
315.76125423429926
 21
91.99999999999997
 31
0.0
  0
LINE
  5
106C
330
17
100
AcDbEntity
  8
GEOMETRY
100
AcDbLine
 10
315.76125423429926
 20
91.99999999999997
 30
0.0
 11
315.73752219175435
 21
91.99999999999997
 31
0.0
  0
LINE
  5
106D
330
17
100
AcDbEntity
  8
GEOMETRY
100
AcDbLine
 10
315.73752219175435
 20
91.99999999999997
 30
0.0
 11
315.7137901492094
 21
91.99999999999997
 31
0.0
  0
LINE
  5
106E
330
17
100
AcDbEntity
  8
GEOMETRY
100
AcDbLine
 10
315.7137901492094
 20
91.99999999999997
 30
0.0
 11
315.6893926036591
 21
91.99999999999997
 31
0.0
  0
LINE
  5
106F
330
17
100
AcDbEntity
  8
GEOMETRY
100
AcDbLine
 10
315.6893926036591
 20
91.99999999999997
 30
0.0
 11
315.6610020400765
 21
91.99999999999997
 31
0.0
  0
LINE
  5
1070
330
17
100
AcDbEntity
  8
GEOMETRY
100
AcDbLine
 10
315.6610020400765
 20
91.99999999999997
 30
0.0
 11
315.6326114764938
 21
91.99999999999997
 31
0.0
  0
LINE
  5
1071
330
17
100
AcDbEntity
  8
GEOMETRY
100
AcDbLine
 10
315.6326114764938
 20
91.99999999999997
 30
0.0
 11
315.6042209129112
 21
91.99999999999997
 31
0.0
  0
LINE
  5
1072
330
17
100
AcDbEntity
  8
GEOMETRY
100
AcDbLine
 10
315.6042209129112
 20
91.99999999999997
 30
0.0
 11
315.5758303493286
 21
91.99999999999997
 31
0.0
  0
LINE
  5
1073
330
17
100
AcDbEntity
  8
GEOMETRY
100
AcDbLine
 10
315.5758303493286
 20
91.99999999999997
 30
0.0
 11
315.5449817896157
 21
91.99999999999997
 31
0.0
  0
LINE
  5
1074
330
17
100
AcDbEntity
  8
GEOMETRY
100
AcDbLine
 10
315.5449817896157
 20
91.99999999999997
 30
0.0
 11
315.5122897328051
 21
91.99999999999997
 31
0.0
  0
LINE
  5
1075
330
17
100
AcDbEntity
  8
GEOMETRY
100
AcDbLine
 10
315.5122897328051
 20
91.99999999999997
 30
0.0
 11
315.4795976759944
 21
91.99999999999997
 31
0.0
  0
LINE
  5
1076
330
17
100
AcDbEntity
  8
GEOMETRY
100
AcDbLine
 10
315.4795976759944
 20
91.99999999999997
 30
0.0
 11
315.4469056191838
 21
91.99999999999997
 31
0.0
  0
LINE
  5
1077
330
17
100
AcDbEntity
  8
GEOMETRY
100
AcDbLine
 10
315.4469056191838
 20
91.99999999999997
 30
0.0
 11
315.4142135623731
 21
91.99999999999997
 31
0.0
  0
LINE
  5
1078
330
17
100
AcDbEntity
  8
GEOMETRY
100
AcDbLine
 10
315.4142135623731
 20
91.99999999999997
 30
0.0
 11
315.3776311339172
 21
91.99999999999997
 31
0.0
  0
LINE
  5
1079
330
17
100
AcDbEntity
  8
GEOMETRY
100
AcDbLine
 10
315.3776311339172
 20
91.99999999999997
 30
0.0
 11
315.3410487054613
 21
91.99999999999997
 31
0.0
  0
LINE
  5
107A
330
17
100
AcDbEntity
  8
GEOMETRY
100
AcDbLine
 10
315.3410487054613
 20
91.99999999999997
 30
0.0
 11
315.30446627700536
 21
91.99999999999997
 31
0.0
  0
LINE
  5
107B
330
17
100
AcDbEntity
  8
GEOMETRY
100
AcDbLine
 10
315.30446627700536
 20
91.99999999999997
 30
0.0
 11
315.26788384854945
 21
91.99999999999997
 31
0.0
  0
LINE
  5
107C
330
17
100
AcDbEntity
  8
GEOMETRY
100
AcDbLine
 10
315.26788384854945
 20
91.99999999999997
 30
0.0
 11
315.2298312802156
 21
91.99999999999997
 31
0.0
  0
LINE
  5
107D
330
17
100
AcDbEntity
  8
GEOMETRY
100
AcDbLine
 10
315.2298312802156
 20
91.99999999999997
 30
0.0
 11
315.18981852537786
 21
91.99999999999997
 31
0.0
  0
LINE
  5
107E
330
17
100
AcDbEntity
  8
GEOMETRY
100
AcDbLine
 10
315.18981852537786
 20
91.99999999999997
 30
0.0
 11
315.1498057705401
 21
91.99999999999997
 31
0.0
  0
LINE
  5
107F
330
17
100
AcDbEntity
  8
GEOMETRY
100
AcDbLine
 10
315.1498057705401
 20
91.99999999999997
 30
0.0
 11
315.1097930157024
 21
91.99999999999997
 31
0.0
  0
LINE
  5
1080
330
17
100
AcDbEntity
  8
GEOMETRY
100
AcDbLine
 10
315.1097930157024
 20
91.99999999999997
 30
0.0
 11
315.06978026086466
 21
91.99999999999997
 31
0.0
  0
LINE
  5
1081
330
17
100
AcDbEntity
  8
GEOMETRY
100
AcDbLine
 10
315.06978026086466
 20
91.99999999999997
 30
0.0
 11
315.0272585265065
 21
91.99999999999997
 31
0.0
  0
LINE
  5
1082
330
17
100
AcDbEntity
  8
GEOMETRY
100
AcDbLine
 10
315.0272585265065
 20
91.99999999999997
 30
0.0
 11
314.984318628895
 21
91.99999999999997
 31
0.0
  0
LINE
  5
1083
330
17
100
AcDbEntity
  8
GEOMETRY
100
AcDbLine
 10
314.984318628895
 20
91.99999999999997
 30
0.0
 11
314.94137873128346
 21
91.99999999999997
 31
0.0
  0
LINE
  5
1084
330
17
100
AcDbEntity
  8
GEOMETRY
100
AcDbLine
 10
314.94137873128346
 20
91.99999999999997
 30
0.0
 11
314.89843883367195
 21
91.99999999999997
 31
0.0
  0
LINE
  5
1085
330
17
100
AcDbEntity
  8
GEOMETRY
100
AcDbLine
 10
314.89843883367195
 20
91.99999999999997
 30
0.0
 11
314.8548168935898
 21
91.99999999999997
 31
0.0
  0
LINE
  5
1086
330
17
100
AcDbEntity
  8
GEOMETRY
100
AcDbLine
 10
314.8548168935898
 20
91.99999999999997
 30
0.0
 11
314.8094898473313
 21
91.99999999999997
 31
0.0
  0
LINE
  5
1087
330
17
100
AcDbEntity
  8
GEOMETRY
100
AcDbLine
 10
314.8094898473313
 20
91.99999999999997
 30
0.0
 11
314.76416280107276
 21
91.99999999999997
 31
0.0
  0
LINE
  5
1088
330
17
100
AcDbEntity
  8
GEOMETRY
100
AcDbLine
 10
314.76416280107276
 20
91.99999999999997
 30
0.0
 11
314.71883575481417
 21
91.99999999999997
 31
0.0
  0
LINE
  5
1089
330
17
100
AcDbEntity
  8
GEOMETRY
100
AcDbLine
 10
314.71883575481417
 20
91.99999999999997
 30
0.0
 11
314.67350870855563
 21
91.99999999999997
 31
0.0
  0
LINE
  5
108A
330
17
100
AcDbEntity
  8
GEOMETRY
100
AcDbLine
 10
314.67350870855563
 20
91.99999999999997
 30
0.0
 11
314.62688370891067
 21
91.99999999999997
 31
0.0
  0
LINE
  5
108B
330
17
100
AcDbEntity
  8
GEOMETRY
100
AcDbLine
 10
314.62688370891067
 20
91.99999999999997
 30
0.0
 11
314.5797395279112
 21
91.99999999999997
 31
0.0
  0
LINE
  5
108C
330
17
100
AcDbEntity
  8
GEOMETRY
100
AcDbLine
 10
314.5797395279112
 20
91.99999999999997
 30
0.0
 11
314.5325953469117
 21
91.99999999999997
 31
0.0
  0
LINE
  5
108D
330
17
100
AcDbEntity
  8
GEOMETRY
100
AcDbLine
 10
314.5325953469117
 20
91.99999999999997
 30
0.0
 11
314.4854511659122
 21
91.99999999999997
 31
0.0
  0
LINE
  5
108E
330
17
100
AcDbEntity
  8
GEOMETRY
100
AcDbLine
 10
314.4854511659122
 20
91.99999999999997
 30
0.0
 11
314.4381320892968
 21
91.99999999999997
 31
0.0
  0
LINE
  5
108F
330
17
100
AcDbEntity
  8
GEOMETRY
100
AcDbLine
 10
314.4381320892968
 20
91.99999999999997
 30
0.0
 11
314.38976363898615
 21
91.99999999999997
 31
0.0
  0
LINE
  5
1090
330
17
100
AcDbEntity
  8
GEOMETRY
100
AcDbLine
 10
314.38976363898615
 20
91.99999999999997
 30
0.0
 11
314.34139518867545
 21
91.99999999999997
 31
0.0
  0
LINE
  5
1091
330
17
100
AcDbEntity
  8
GEOMETRY
100
AcDbLine
 10
314.34139518867545
 20
91.99999999999997
 30
0.0
 11
314.29302673836474
 21
91.99999999999997
 31
0.0
  0
LINE
  5
1092
330
17
100
AcDbEntity
  8
GEOMETRY
100
AcDbLine
 10
314.29302673836474
 20
91.99999999999997
 30
0.0
 11
314.24465828805404
 21
91.99999999999997
 31
0.0
  0
LINE
  5
1093
330
17
100
AcDbEntity
  8
GEOMETRY
100
AcDbLine
 10
314.24465828805404
 20
91.99999999999997
 30
0.0
 11
314.1959378331808
 21
91.99999999999997
 31
0.0
  0
LINE
  5
1094
330
17
100
AcDbEntity
  8
GEOMETRY
100
AcDbLine
 10
314.1959378331808
 20
91.99999999999997
 30
0.0
 11
314.1469533748856
 21
91.99999999999997
 31
0.0
  0
LINE
  5
1095
330
17
100
AcDbEntity
  8
GEOMETRY
100
AcDbLine
 10
314.1469533748856
 20
91.99999999999997
 30
0.0
 11
314.0979689165904
 21
91.99999999999997
 31
0.0
  0
LINE
  5
1096
330
17
100
AcDbEntity
  8
GEOMETRY
100
AcDbLine
 10
314.0979689165904
 20
91.99999999999997
 30
0.0
 11
314.0489844582952
 21
91.99999999999997
 31
0.0
  0
LINE
  5
1097
330
17
100
AcDbEntity
  8
GEOMETRY
100
AcDbLine
 10
314.0489844582952
 20
91.99999999999997
 30
0.0
 11
314.0
 21
91.99999999999997
 31
0.0
  0
LINE
  5
1098
330
17
100
AcDbEntity
  8
GEOMETRY
100
AcDbLine
 10
261.0
 20
89.99999999999997
 30
0.0
 11
261.0010708250473
 21
90.06543816564353
 31
0.0
  0
LINE
  5
1099
330
17
100
AcDbEntity
  8
GEOMETRY
100
AcDbLine
 10
261.0010708250473
 20
90.06543816564353
 30
0.0
 11
261.0042821535228
 21
90.13080625846025
 31
0.0
  0
LINE
  5
109A
330
17
100
AcDbEntity
  8
GEOMETRY
100
AcDbLine
 10
261.0042821535228
 20
90.13080625846025
 30
0.0
 11
261.0096305466556
 21
90.19603428065909
 31
0.0
  0
LINE
  5
109B
330
17
100
AcDbEntity
  8
GEOMETRY
100
AcDbLine
 10
261.0096305466556
 20
90.19603428065909
 30
0.0
 11
261.01711027725236
 21
90.26105238444008
 31
0.0
  0
LINE
  5
109C
330
17
100
AcDbEntity
  8
GEOMETRY
100
AcDbLine
 10
261.01711027725236
 20
90.26105238444008
 30
0.0
 11
261.02671333583027
 21
90.32579094678916
 31
0.0
  0
LINE
  5
109D
330
17
100
AcDbEntity
  8
GEOMETRY
100
AcDbLine
 10
261.02671333583027
 20
90.32579094678916
 30
0.0
 11
261.0384294391935
 21
90.39018064403223
 31
0.0
  0
LINE
  5
109E
330
17
100
AcDbEntity
  8
GEOMETRY
100
AcDbLine
 10
261.0384294391935
 20
90.39018064403223
 30
0.0
 11
261.05224604144536
 21
90.45415252606873
 31
0.0
  0
LINE
  5
109F
330
17
100
AcDbEntity
  8
GEOMETRY
100
AcDbLine
 10
261.05224604144536
 20
90.45415252606873
 30
0.0
 11
261.06814834742187
 21
90.51763809020501
 31
0.0
  0
LINE
  5
10A0
330
17
100
AcDbEntity
  8
GEOMETRY
100
AcDbLine
 10
261.06814834742187
 20
90.51763809020501
 30
0.0
 11
261.0861193285356
 21
90.5805693545089
 31
0.0
  0
LINE
  5
10A1
330
17
100
AcDbEntity
  8
GEOMETRY
100
AcDbLine
 10
261.0861193285356
 20
90.5805693545089
 30
0.0
 11
261.10613974100977
 21
90.6428789306063
 31
0.0
  0
LINE
  5
10A2
330
17
100
AcDbEntity
  8
GEOMETRY
100
AcDbLine
 10
261.10613974100977
 20
90.6428789306063
 30
0.0
 11
261.12818814648534
 21
90.70450009584243
 31
0.0
  0
LINE
  5
10A3
330
17
100
AcDbEntity
  8
GEOMETRY
100
AcDbLine
 10
261.12818814648534
 20
90.70450009584243
 30
0.0
 11
261.15224093497744
 21
90.76536686473015
 31
0.0
  0
LINE
  5
10A4
330
17
100
AcDbEntity
  8
GEOMETRY
100
AcDbLine
 10
261.15224093497744
 20
90.76536686473015
 30
0.0
 11
261.17827235015767
 21
90.82541405960876
 31
0.0
  0
LINE
  5
10A5
330
17
100
AcDbEntity
  8
GEOMETRY
100
AcDbLine
 10
261.17827235015767
 20
90.82541405960876
 30
0.0
 11
261.2062545169346
 21
90.88457738043797
 31
0.0
  0
LINE
  5
10A6
330
17
100
AcDbEntity
  8
GEOMETRY
100
AcDbLine
 10
261.2062545169346
 20
90.88457738043797
 30
0.0
 11
261.2361574713033
 21
90.94279347365196
 31
0.0
  0
LINE
  5
10A7
330
17
100
AcDbEntity
  8
GEOMETRY
100
AcDbLine
 10
261.2361574713033
 20
90.94279347365196
 30
0.0
 11
261.2679491924311
 21
90.99999999999997
 31
0.0
  0
LINE
  5
10A8
330
17
100
AcDbEntity
  8
GEOMETRY
100
AcDbLine
 10
261.2679491924311
 20
90.99999999999997
 30
0.0
 11
261.30159563694684
 21
91.0561357013007
 31
0.0
  0
LINE
  5
10A9
330
17
100
AcDbEntity
  8
GEOMETRY
100
AcDbLine
 10
261.30159563694684
 20
91.0561357013007
 30
0.0
 11
261.3370607753949
 21
91.11114046603917
 31
0.0
  0
LINE
  5
10AA
330
17
100
AcDbEntity
  8
GEOMETRY
100
AcDbLine
 10
261.3370607753949
 20
91.11114046603917
 30
0.0
 11
261.37430663081676
 21
91.16495539373558
 31
0.0
  0
LINE
  5
10AB
330
17
100
AcDbEntity
  8
GEOMETRY
100
AcDbLine
 10
261.37430663081676
 20
91.16495539373558
 30
0.0
 11
261.4132933194175
 21
91.21752285801742
 31
0.0
  0
LINE
  5
10AC
330
17
100
AcDbEntity
  8
GEOMETRY
100
AcDbLine
 10
261.4132933194175
 20
91.21752285801742
 30
0.0
 11
261.45397909327454
 21
91.26878656832726
 31
0.0
  0
LINE
  5
10AD
330
17
100
AcDbEntity
  8
GEOMETRY
100
AcDbLine
 10
261.45397909327454
 20
91.26878656832726
 30
0.0
 11
261.49632038504205
 21
91.3186916302001
 31
0.0
  0
LINE
  5
10AE
330
17
100
AcDbEntity
  8
GEOMETRY
100
AcDbLine
 10
261.49632038504205
 20
91.3186916302001
 30
0.0
 11
261.5402718546043
 21
91.36718460404572
 31
0.0
  0
LINE
  5
10AF
330
17
100
AcDbEntity
  8
GEOMETRY
100
AcDbLine
 10
261.5402718546043
 20
91.36718460404572
 30
0.0
 11
261.5857864376269
 21
91.41421356237306
 31
0.0
  0
LINE
  5
10B0
330
17
100
AcDbEntity
  8
GEOMETRY
100
AcDbLine
 10
261.5857864376269
 20
91.41421356237306
 30
0.0
 11
261.63281539595425
 21
91.45972814539564
 31
0.0
  0
LINE
  5
10B1
330
17
100
AcDbEntity
  8
GEOMETRY
100
AcDbLine
 10
261.63281539595425
 20
91.45972814539564
 30
0.0
 11
261.68130836979986
 21
91.50367961495793
 31
0.0
  0
LINE
  5
10B2
330
17
100
AcDbEntity
  8
GEOMETRY
100
AcDbLine
 10
261.68130836979986
 20
91.50367961495793
 30
0.0
 11
261.7312134316727
 21
91.54602090672545
 31
0.0
  0
LINE
  5
10B3
330
17
100
AcDbEntity
  8
GEOMETRY
100
AcDbLine
 10
261.7312134316727
 20
91.54602090672545
 30
0.0
 11
261.78247714198255
 21
91.58670668058244
 31
0.0
  0
LINE
  5
10B4
330
17
100
AcDbEntity
  8
GEOMETRY
100
AcDbLine
 10
261.78247714198255
 20
91.58670668058244
 30
0.0
 11
261.8350446062644
 21
91.6256933691832
 31
0.0
  0
LINE
  5
10B5
330
17
100
AcDbEntity
  8
GEOMETRY
100
AcDbLine
 10
261.8350446062644
 20
91.6256933691832
 30
0.0
 11
261.8888595339608
 21
91.66293922460507
 31
0.0
  0
LINE
  5
10B6
330
17
100
AcDbEntity
  8
GEOMETRY
100
AcDbLine
 10
261.8888595339608
 20
91.66293922460507
 30
0.0
 11
261.9438642986993
 21
91.69840436305313
 31
0.0
  0
LINE
  5
10B7
330
17
100
AcDbEntity
  8
GEOMETRY
100
AcDbLine
 10
261.9438642986993
 20
91.69840436305313
 30
0.0
 11
262.0
 21
91.73205080756885
 31
0.0
  0
LINE
  5
10B8
330
17
100
AcDbEntity
  8
GEOMETRY
100
AcDbLine
 10
262.0
 20
91.73205080756885
 30
0.0
 11
262.057206526348
 21
91.76384252869669
 31
0.0
  0
LINE
  5
10B9
330
17
100
AcDbEntity
  8
GEOMETRY
100
AcDbLine
 10
262.057206526348
 20
91.76384252869669
 30
0.0
 11
262.11542261956197
 21
91.79374548306535
 31
0.0
  0
LINE
  5
10BA
330
17
100
AcDbEntity
  8
GEOMETRY
100
AcDbLine
 10
262.11542261956197
 20
91.79374548306535
 30
0.0
 11
262.17458594039124
 21
91.82172764984233
 31
0.0
  0
LINE
  5
10BB
330
17
100
AcDbEntity
  8
GEOMETRY
100
AcDbLine
 10
262.17458594039124
 20
91.82172764984233
 30
0.0
 11
262.2346331352698
 21
91.84775906502254
 31
0.0
  0
LINE
  5
10BC
330
17
100
AcDbEntity
  8
GEOMETRY
100
AcDbLine
 10
262.2346331352698
 20
91.84775906502254
 30
0.0
 11
262.2954999041575
 21
91.87181185351463
 31
0.0
  0
LINE
  5
10BD
330
17
100
AcDbEntity
  8
GEOMETRY
100
AcDbLine
 10
262.2954999041575
 20
91.87181185351463
 30
0.0
 11
262.35712106939366
 21
91.89386025899019
 31
0.0
  0
LINE
  5
10BE
330
17
100
AcDbEntity
  8
GEOMETRY
100
AcDbLine
 10
262.35712106939366
 20
91.89386025899019
 30
0.0
 11
262.41943064549105
 21
91.91388067146438
 31
0.0
  0
LINE
  5
10BF
330
17
100
AcDbEntity
  8
GEOMETRY
100
AcDbLine
 10
262.41943064549105
 20
91.91388067146438
 30
0.0
 11
262.482361909795
 21
91.9318516525781
 31
0.0
  0
LINE
  5
10C0
330
17
100
AcDbEntity
  8
GEOMETRY
100
AcDbLine
 10
262.482361909795
 20
91.9318516525781
 30
0.0
 11
262.54584747393125
 21
91.94775395855464
 31
0.0
  0
LINE
  5
10C1
330
17
100
AcDbEntity
  8
GEOMETRY
100
AcDbLine
 10
262.54584747393125
 20
91.94775395855464
 30
0.0
 11
262.6098193559677
 21
91.96157056080644
 31
0.0
  0
LINE
  5
10C2
330
17
100
AcDbEntity
  8
GEOMETRY
100
AcDbLine
 10
262.6098193559677
 20
91.96157056080644
 30
0.0
 11
262.6742090532108
 21
91.97328666416973
 31
0.0
  0
LINE
  5
10C3
330
17
100
AcDbEntity
  8
GEOMETRY
100
AcDbLine
 10
262.6742090532108
 20
91.97328666416973
 30
0.0
 11
262.7389476155599
 21
91.98288972274759
 31
0.0
  0
LINE
  5
10C4
330
17
100
AcDbEntity
  8
GEOMETRY
100
AcDbLine
 10
262.7389476155599
 20
91.98288972274759
 30
0.0
 11
262.80396571934085
 21
91.99036945334437
 31
0.0
  0
LINE
  5
10C5
330
17
100
AcDbEntity
  8
GEOMETRY
100
AcDbLine
 10
262.80396571934085
 20
91.99036945334437
 30
0.0
 11
262.86919374153973
 21
91.99571784647718
 31
0.0
  0
LINE
  5
10C6
330
17
100
AcDbEntity
  8
GEOMETRY
100
AcDbLine
 10
262.86919374153973
 20
91.99571784647718
 30
0.0
 11
262.93456183435643
 21
91.9989291749527
 31
0.0
  0
LINE
  5
10C7
330
17
100
AcDbEntity
  8
GEOMETRY
100
AcDbLine
 10
262.93456183435643
 20
91.9989291749527
 30
0.0
 11
263.0
 21
91.99999999999997
 31
0.0
  0
LINE
  5
10C8
330
17
100
AcDbEntity
  8
GEOMETRY
100
AcDbLine
 10
261.0
 20
89.99999999999997
 30
0.0
 11
261.0010708250473
 21
90.06543816564353
 31
0.0
  0
LINE
  5
10C9
330
17
100
AcDbEntity
  8
GEOMETRY
100
AcDbLine
 10
261.0010708250473
 20
90.06543816564353
 30
0.0
 11
261.0042821535228
 21
90.13080625846025
 31
0.0
  0
LINE
  5
10CA
330
17
100
AcDbEntity
  8
GEOMETRY
100
AcDbLine
 10
261.0042821535228
 20
90.13080625846025
 30
0.0
 11
261.0096305466556
 21
90.19603428065909
 31
0.0
  0
LINE
  5
10CB
330
17
100
AcDbEntity
  8
GEOMETRY
100
AcDbLine
 10
261.0096305466556
 20
90.19603428065909
 30
0.0
 11
261.01711027725236
 21
90.26105238444008
 31
0.0
  0
LINE
  5
10CC
330
17
100
AcDbEntity
  8
GEOMETRY
100
AcDbLine
 10
261.01711027725236
 20
90.26105238444008
 30
0.0
 11
261.02671333583027
 21
90.32579094678916
 31
0.0
  0
LINE
  5
10CD
330
17
100
AcDbEntity
  8
GEOMETRY
100
AcDbLine
 10
261.02671333583027
 20
90.32579094678916
 30
0.0
 11
261.0384294391935
 21
90.39018064403223
 31
0.0
  0
LINE
  5
10CE
330
17
100
AcDbEntity
  8
GEOMETRY
100
AcDbLine
 10
261.0384294391935
 20
90.39018064403223
 30
0.0
 11
261.05224604144536
 21
90.45415252606873
 31
0.0
  0
LINE
  5
10CF
330
17
100
AcDbEntity
  8
GEOMETRY
100
AcDbLine
 10
261.05224604144536
 20
90.45415252606873
 30
0.0
 11
261.06814834742187
 21
90.51763809020501
 31
0.0
  0
LINE
  5
10D0
330
17
100
AcDbEntity
  8
GEOMETRY
100
AcDbLine
 10
261.06814834742187
 20
90.51763809020501
 30
0.0
 11
261.0861193285356
 21
90.5805693545089
 31
0.0
  0
LINE
  5
10D1
330
17
100
AcDbEntity
  8
GEOMETRY
100
AcDbLine
 10
261.0861193285356
 20
90.5805693545089
 30
0.0
 11
261.10613974100977
 21
90.6428789306063
 31
0.0
  0
LINE
  5
10D2
330
17
100
AcDbEntity
  8
GEOMETRY
100
AcDbLine
 10
261.10613974100977
 20
90.6428789306063
 30
0.0
 11
261.12818814648534
 21
90.70450009584243
 31
0.0
  0
LINE
  5
10D3
330
17
100
AcDbEntity
  8
GEOMETRY
100
AcDbLine
 10
261.12818814648534
 20
90.70450009584243
 30
0.0
 11
261.15224093497744
 21
90.76536686473015
 31
0.0
  0
LINE
  5
10D4
330
17
100
AcDbEntity
  8
GEOMETRY
100
AcDbLine
 10
261.15224093497744
 20
90.76536686473015
 30
0.0
 11
261.17827235015767
 21
90.82541405960876
 31
0.0
  0
LINE
  5
10D5
330
17
100
AcDbEntity
  8
GEOMETRY
100
AcDbLine
 10
261.17827235015767
 20
90.82541405960876
 30
0.0
 11
261.2062545169346
 21
90.88457738043797
 31
0.0
  0
LINE
  5
10D6
330
17
100
AcDbEntity
  8
GEOMETRY
100
AcDbLine
 10
261.2062545169346
 20
90.88457738043797
 30
0.0
 11
261.2361574713033
 21
90.94279347365196
 31
0.0
  0
LINE
  5
10D7
330
17
100
AcDbEntity
  8
GEOMETRY
100
AcDbLine
 10
261.2361574713033
 20
90.94279347365196
 30
0.0
 11
261.2679491924311
 21
90.99999999999997
 31
0.0
  0
LINE
  5
10D8
330
17
100
AcDbEntity
  8
GEOMETRY
100
AcDbLine
 10
261.2679491924311
 20
90.99999999999997
 30
0.0
 11
261.30159563694684
 21
91.0561357013007
 31
0.0
  0
LINE
  5
10D9
330
17
100
AcDbEntity
  8
GEOMETRY
100
AcDbLine
 10
261.30159563694684
 20
91.0561357013007
 30
0.0
 11
261.3370607753949
 21
91.11114046603917
 31
0.0
  0
LINE
  5
10DA
330
17
100
AcDbEntity
  8
GEOMETRY
100
AcDbLine
 10
261.3370607753949
 20
91.11114046603917
 30
0.0
 11
261.37430663081676
 21
91.16495539373558
 31
0.0
  0
LINE
  5
10DB
330
17
100
AcDbEntity
  8
GEOMETRY
100
AcDbLine
 10
261.37430663081676
 20
91.16495539373558
 30
0.0
 11
261.4132933194175
 21
91.21752285801742
 31
0.0
  0
LINE
  5
10DC
330
17
100
AcDbEntity
  8
GEOMETRY
100
AcDbLine
 10
261.4132933194175
 20
91.21752285801742
 30
0.0
 11
261.45397909327454
 21
91.26878656832726
 31
0.0
  0
LINE
  5
10DD
330
17
100
AcDbEntity
  8
GEOMETRY
100
AcDbLine
 10
261.45397909327454
 20
91.26878656832726
 30
0.0
 11
261.49632038504205
 21
91.3186916302001
 31
0.0
  0
LINE
  5
10DE
330
17
100
AcDbEntity
  8
GEOMETRY
100
AcDbLine
 10
261.49632038504205
 20
91.3186916302001
 30
0.0
 11
261.5402718546043
 21
91.36718460404572
 31
0.0
  0
LINE
  5
10DF
330
17
100
AcDbEntity
  8
GEOMETRY
100
AcDbLine
 10
261.5402718546043
 20
91.36718460404572
 30
0.0
 11
261.5857864376269
 21
91.41421356237306
 31
0.0
  0
LINE
  5
10E0
330
17
100
AcDbEntity
  8
GEOMETRY
100
AcDbLine
 10
261.5857864376269
 20
91.41421356237306
 30
0.0
 11
261.63281539595425
 21
91.45972814539564
 31
0.0
  0
LINE
  5
10E1
330
17
100
AcDbEntity
  8
GEOMETRY
100
AcDbLine
 10
261.63281539595425
 20
91.45972814539564
 30
0.0
 11
261.68130836979986
 21
91.50367961495793
 31
0.0
  0
LINE
  5
10E2
330
17
100
AcDbEntity
  8
GEOMETRY
100
AcDbLine
 10
261.68130836979986
 20
91.50367961495793
 30
0.0
 11
261.7312134316727
 21
91.54602090672545
 31
0.0
  0
LINE
  5
10E3
330
17
100
AcDbEntity
  8
GEOMETRY
100
AcDbLine
 10
261.7312134316727
 20
91.54602090672545
 30
0.0
 11
261.78247714198255
 21
91.58670668058244
 31
0.0
  0
LINE
  5
10E4
330
17
100
AcDbEntity
  8
GEOMETRY
100
AcDbLine
 10
261.78247714198255
 20
91.58670668058244
 30
0.0
 11
261.8350446062644
 21
91.6256933691832
 31
0.0
  0
LINE
  5
10E5
330
17
100
AcDbEntity
  8
GEOMETRY
100
AcDbLine
 10
261.8350446062644
 20
91.6256933691832
 30
0.0
 11
261.8888595339608
 21
91.66293922460507
 31
0.0
  0
LINE
  5
10E6
330
17
100
AcDbEntity
  8
GEOMETRY
100
AcDbLine
 10
261.8888595339608
 20
91.66293922460507
 30
0.0
 11
261.9438642986993
 21
91.69840436305313
 31
0.0
  0
LINE
  5
10E7
330
17
100
AcDbEntity
  8
GEOMETRY
100
AcDbLine
 10
261.9438642986993
 20
91.69840436305313
 30
0.0
 11
262.0
 21
91.73205080756885
 31
0.0
  0
LINE
  5
10E8
330
17
100
AcDbEntity
  8
GEOMETRY
100
AcDbLine
 10
262.0
 20
91.73205080756885
 30
0.0
 11
262.057206526348
 21
91.76384252869669
 31
0.0
  0
LINE
  5
10E9
330
17
100
AcDbEntity
  8
GEOMETRY
100
AcDbLine
 10
262.057206526348
 20
91.76384252869669
 30
0.0
 11
262.11542261956197
 21
91.79374548306535
 31
0.0
  0
LINE
  5
10EA
330
17
100
AcDbEntity
  8
GEOMETRY
100
AcDbLine
 10
262.11542261956197
 20
91.79374548306535
 30
0.0
 11
262.17458594039124
 21
91.82172764984233
 31
0.0
  0
LINE
  5
10EB
330
17
100
AcDbEntity
  8
GEOMETRY
100
AcDbLine
 10
262.17458594039124
 20
91.82172764984233
 30
0.0
 11
262.2346331352698
 21
91.84775906502254
 31
0.0
  0
LINE
  5
10EC
330
17
100
AcDbEntity
  8
GEOMETRY
100
AcDbLine
 10
262.2346331352698
 20
91.84775906502254
 30
0.0
 11
262.2954999041575
 21
91.87181185351463
 31
0.0
  0
LINE
  5
10ED
330
17
100
AcDbEntity
  8
GEOMETRY
100
AcDbLine
 10
262.2954999041575
 20
91.87181185351463
 30
0.0
 11
262.35712106939366
 21
91.89386025899019
 31
0.0
  0
LINE
  5
10EE
330
17
100
AcDbEntity
  8
GEOMETRY
100
AcDbLine
 10
262.35712106939366
 20
91.89386025899019
 30
0.0
 11
262.41943064549105
 21
91.91388067146438
 31
0.0
  0
LINE
  5
10EF
330
17
100
AcDbEntity
  8
GEOMETRY
100
AcDbLine
 10
262.41943064549105
 20
91.91388067146438
 30
0.0
 11
262.482361909795
 21
91.9318516525781
 31
0.0
  0
LINE
  5
10F0
330
17
100
AcDbEntity
  8
GEOMETRY
100
AcDbLine
 10
262.482361909795
 20
91.9318516525781
 30
0.0
 11
262.54584747393125
 21
91.94775395855464
 31
0.0
  0
LINE
  5
10F1
330
17
100
AcDbEntity
  8
GEOMETRY
100
AcDbLine
 10
262.54584747393125
 20
91.94775395855464
 30
0.0
 11
262.6098193559677
 21
91.96157056080644
 31
0.0
  0
LINE
  5
10F2
330
17
100
AcDbEntity
  8
GEOMETRY
100
AcDbLine
 10
262.6098193559677
 20
91.96157056080644
 30
0.0
 11
262.6742090532108
 21
91.97328666416973
 31
0.0
  0
LINE
  5
10F3
330
17
100
AcDbEntity
  8
GEOMETRY
100
AcDbLine
 10
262.6742090532108
 20
91.97328666416973
 30
0.0
 11
262.7389476155599
 21
91.98288972274759
 31
0.0
  0
LINE
  5
10F4
330
17
100
AcDbEntity
  8
GEOMETRY
100
AcDbLine
 10
262.7389476155599
 20
91.98288972274759
 30
0.0
 11
262.80396571934085
 21
91.99036945334437
 31
0.0
  0
LINE
  5
10F5
330
17
100
AcDbEntity
  8
GEOMETRY
100
AcDbLine
 10
262.80396571934085
 20
91.99036945334437
 30
0.0
 11
262.86919374153973
 21
91.99571784647718
 31
0.0
  0
LINE
  5
10F6
330
17
100
AcDbEntity
  8
GEOMETRY
100
AcDbLine
 10
262.86919374153973
 20
91.99571784647718
 30
0.0
 11
262.93456183435643
 21
91.9989291749527
 31
0.0
  0
LINE
  5
10F7
330
17
100
AcDbEntity
  8
GEOMETRY
100
AcDbLine
 10
262.93456183435643
 20
91.9989291749527
 30
0.0
 11
263.0
 21
91.99999999999997
 31
0.0
  0
LINE
  5
10F8
330
17
100
AcDbEntity
  8
GEOMETRY
100
AcDbLine
 10
261.0
 20
73.99999999999997
 30
0.0
 11
259.0
 21
73.99999999999997
 31
0.0
  0
LINE
  5
10F9
330
17
100
AcDbEntity
  8
GEOMETRY
100
AcDbLine
 10
261.0
 20
73.99999999999997
 30
0.0
 11
259.0
 21
73.99999999999997
 31
0.0
  0
LINE
  5
10FA
330
17
100
AcDbEntity
  8
GEOMETRY
100
AcDbLine
 10
316.0
 20
91.99999999999997
 30
0.0
 11
316.0
 21
93.99999999999997
 31
0.0
  0
LINE
  5
10FB
330
17
100
AcDbEntity
  8
GEOMETRY
100
AcDbLine
 10
316.0
 20
91.99999999999997
 30
0.0
 11
316.0
 21
93.99999999999997
 31
0.0
  0
LINE
  5
10FC
330
17
100
AcDbEntity
  8
GEOMETRY
100
AcDbLine
 10
261.0
 20
75.99999999999997
 30
0.0
 11
259.0
 21
75.99999999999997
 31
0.0
  0
LINE
  5
10FD
330
17
100
AcDbEntity
  8
GEOMETRY
100
AcDbLine
 10
314.0
 20
91.99999999999997
 30
0.0
 11
314.0
 21
93.99999999999997
 31
0.0
  0
LINE
  5
10FE
330
17
100
AcDbEntity
  8
GEOMETRY
100
AcDbLine
 10
314.0
 20
91.99999999999997
 30
0.0
 11
314.0
 21
93.99999999999997
 31
0.0
  0
LINE
  5
10FF
330
17
100
AcDbEntity
  8
GEOMETRY
100
AcDbLine
 10
261.0
 20
75.99999999999997
 30
0.0
 11
259.0
 21
75.99999999999997
 31
0.0
  0
LINE
  5
1100
330
17
100
AcDbEntity
  8
GEOMETRY
100
AcDbLine
 10
261.0
 20
81.99999999999997
 30
0.0
 11
260.96875
 21
81.99999999999997
 31
0.0
  0
LINE
  5
1101
330
17
100
AcDbEntity
  8
GEOMETRY
100
AcDbLine
 10
260.96875
 20
81.99999999999997
 30
0.0
 11
260.9375
 21
81.99999999999997
 31
0.0
  0
LINE
  5
1102
330
17
100
AcDbEntity
  8
GEOMETRY
100
AcDbLine
 10
260.9375
 20
81.99999999999997
 30
0.0
 11
260.90625
 21
81.99999999999997
 31
0.0
  0
LINE
  5
1103
330
17
100
AcDbEntity
  8
GEOMETRY
100
AcDbLine
 10
260.90625
 20
81.99999999999997
 30
0.0
 11
260.875
 21
81.99999999999997
 31
0.0
  0
LINE
  5
1104
330
17
100
AcDbEntity
  8
GEOMETRY
100
AcDbLine
 10
260.875
 20
81.99999999999997
 30
0.0
 11
260.84375
 21
81.99999999999997
 31
0.0
  0
LINE
  5
1105
330
17
100
AcDbEntity
  8
GEOMETRY
100
AcDbLine
 10
260.84375
 20
81.99999999999997
 30
0.0
 11
260.8125
 21
81.99999999999997
 31
0.0
  0
LINE
  5
1106
330
17
100
AcDbEntity
  8
GEOMETRY
100
AcDbLine
 10
260.8125
 20
81.99999999999997
 30
0.0
 11
260.78125
 21
81.99999999999997
 31
0.0
  0
LINE
  5
1107
330
17
100
AcDbEntity
  8
GEOMETRY
100
AcDbLine
 10
260.78125
 20
81.99999999999997
 30
0.0
 11
260.75
 21
81.99999999999997
 31
0.0
  0
LINE
  5
1108
330
17
100
AcDbEntity
  8
GEOMETRY
100
AcDbLine
 10
260.75
 20
81.99999999999997
 30
0.0
 11
260.71875
 21
81.99999999999997
 31
0.0
  0
LINE
  5
1109
330
17
100
AcDbEntity
  8
GEOMETRY
100
AcDbLine
 10
260.71875
 20
81.99999999999997
 30
0.0
 11
260.6875
 21
81.99999999999997
 31
0.0
  0
LINE
  5
110A
330
17
100
AcDbEntity
  8
GEOMETRY
100
AcDbLine
 10
260.6875
 20
81.99999999999997
 30
0.0
 11
260.65625
 21
81.99999999999997
 31
0.0
  0
LINE
  5
110B
330
17
100
AcDbEntity
  8
GEOMETRY
100
AcDbLine
 10
260.65625
 20
81.99999999999997
 30
0.0
 11
260.625
 21
81.99999999999997
 31
0.0
  0
LINE
  5
110C
330
17
100
AcDbEntity
  8
GEOMETRY
100
AcDbLine
 10
260.625
 20
81.99999999999997
 30
0.0
 11
260.59375
 21
81.99999999999997
 31
0.0
  0
LINE
  5
110D
330
17
100
AcDbEntity
  8
GEOMETRY
100
AcDbLine
 10
260.59375
 20
81.99999999999997
 30
0.0
 11
260.5625
 21
81.99999999999997
 31
0.0
  0
LINE
  5
110E
330
17
100
AcDbEntity
  8
GEOMETRY
100
AcDbLine
 10
260.5625
 20
81.99999999999997
 30
0.0
 11
260.53125
 21
81.99999999999997
 31
0.0
  0
LINE
  5
110F
330
17
100
AcDbEntity
  8
GEOMETRY
100
AcDbLine
 10
260.53125
 20
81.99999999999997
 30
0.0
 11
260.5
 21
81.99999999999997
 31
0.0
  0
LINE
  5
1110
330
17
100
AcDbEntity
  8
GEOMETRY
100
AcDbLine
 10
260.5
 20
81.99999999999997
 30
0.0
 11
260.46875
 21
81.99999999999997
 31
0.0
  0
LINE
  5
1111
330
17
100
AcDbEntity
  8
GEOMETRY
100
AcDbLine
 10
260.46875
 20
81.99999999999997
 30
0.0
 11
260.4375
 21
81.99999999999997
 31
0.0
  0
LINE
  5
1112
330
17
100
AcDbEntity
  8
GEOMETRY
100
AcDbLine
 10
260.4375
 20
81.99999999999997
 30
0.0
 11
260.40625
 21
81.99999999999997
 31
0.0
  0
LINE
  5
1113
330
17
100
AcDbEntity
  8
GEOMETRY
100
AcDbLine
 10
260.40625
 20
81.99999999999997
 30
0.0
 11
260.375
 21
81.99999999999997
 31
0.0
  0
LINE
  5
1114
330
17
100
AcDbEntity
  8
GEOMETRY
100
AcDbLine
 10
260.375
 20
81.99999999999997
 30
0.0
 11
260.34375
 21
81.99999999999997
 31
0.0
  0
LINE
  5
1115
330
17
100
AcDbEntity
  8
GEOMETRY
100
AcDbLine
 10
260.34375
 20
81.99999999999997
 30
0.0
 11
260.3125
 21
81.99999999999997
 31
0.0
  0
LINE
  5
1116
330
17
100
AcDbEntity
  8
GEOMETRY
100
AcDbLine
 10
260.3125
 20
81.99999999999997
 30
0.0
 11
260.28125
 21
81.99999999999997
 31
0.0
  0
LINE
  5
1117
330
17
100
AcDbEntity
  8
GEOMETRY
100
AcDbLine
 10
260.28125
 20
81.99999999999997
 30
0.0
 11
260.25
 21
81.99999999999997
 31
0.0
  0
LINE
  5
1118
330
17
100
AcDbEntity
  8
GEOMETRY
100
AcDbLine
 10
260.25
 20
81.99999999999997
 30
0.0
 11
260.21875
 21
81.99999999999997
 31
0.0
  0
LINE
  5
1119
330
17
100
AcDbEntity
  8
GEOMETRY
100
AcDbLine
 10
260.21875
 20
81.99999999999997
 30
0.0
 11
260.1875
 21
81.99999999999997
 31
0.0
  0
LINE
  5
111A
330
17
100
AcDbEntity
  8
GEOMETRY
100
AcDbLine
 10
260.1875
 20
81.99999999999997
 30
0.0
 11
260.15625
 21
81.99999999999997
 31
0.0
  0
LINE
  5
111B
330
17
100
AcDbEntity
  8
GEOMETRY
100
AcDbLine
 10
260.15625
 20
81.99999999999997
 30
0.0
 11
260.125
 21
81.99999999999997
 31
0.0
  0
LINE
  5
111C
330
17
100
AcDbEntity
  8
GEOMETRY
100
AcDbLine
 10
260.125
 20
81.99999999999997
 30
0.0
 11
260.09375
 21
81.99999999999997
 31
0.0
  0
LINE
  5
111D
330
17
100
AcDbEntity
  8
GEOMETRY
100
AcDbLine
 10
260.09375
 20
81.99999999999997
 30
0.0
 11
260.0625
 21
81.99999999999997
 31
0.0
  0
LINE
  5
111E
330
17
100
AcDbEntity
  8
GEOMETRY
100
AcDbLine
 10
260.0625
 20
81.99999999999997
 30
0.0
 11
260.03125
 21
81.99999999999997
 31
0.0
  0
LINE
  5
111F
330
17
100
AcDbEntity
  8
GEOMETRY
100
AcDbLine
 10
260.03125
 20
81.99999999999997
 30
0.0
 11
260.0
 21
81.99999999999997
 31
0.0
  0
LINE
  5
1120
330
17
100
AcDbEntity
  8
GEOMETRY
100
AcDbLine
 10
260.0
 20
81.99999999999997
 30
0.0
 11
259.96875
 21
81.99999999999997
 31
0.0
  0
LINE
  5
1121
330
17
100
AcDbEntity
  8
GEOMETRY
100
AcDbLine
 10
259.96875
 20
81.99999999999997
 30
0.0
 11
259.9375
 21
81.99999999999997
 31
0.0
  0
LINE
  5
1122
330
17
100
AcDbEntity
  8
GEOMETRY
100
AcDbLine
 10
259.9375
 20
81.99999999999997
 30
0.0
 11
259.90625
 21
81.99999999999997
 31
0.0
  0
LINE
  5
1123
330
17
100
AcDbEntity
  8
GEOMETRY
100
AcDbLine
 10
259.90625
 20
81.99999999999997
 30
0.0
 11
259.875
 21
81.99999999999997
 31
0.0
  0
LINE
  5
1124
330
17
100
AcDbEntity
  8
GEOMETRY
100
AcDbLine
 10
259.875
 20
81.99999999999997
 30
0.0
 11
259.84375
 21
81.99999999999997
 31
0.0
  0
LINE
  5
1125
330
17
100
AcDbEntity
  8
GEOMETRY
100
AcDbLine
 10
259.84375
 20
81.99999999999997
 30
0.0
 11
259.8125
 21
81.99999999999997
 31
0.0
  0
LINE
  5
1126
330
17
100
AcDbEntity
  8
GEOMETRY
100
AcDbLine
 10
259.8125
 20
81.99999999999997
 30
0.0
 11
259.78125
 21
81.99999999999997
 31
0.0
  0
LINE
  5
1127
330
17
100
AcDbEntity
  8
GEOMETRY
100
AcDbLine
 10
259.78125
 20
81.99999999999997
 30
0.0
 11
259.75
 21
81.99999999999997
 31
0.0
  0
LINE
  5
1128
330
17
100
AcDbEntity
  8
GEOMETRY
100
AcDbLine
 10
259.75
 20
81.99999999999997
 30
0.0
 11
259.71875
 21
81.99999999999997
 31
0.0
  0
LINE
  5
1129
330
17
100
AcDbEntity
  8
GEOMETRY
100
AcDbLine
 10
259.71875
 20
81.99999999999997
 30
0.0
 11
259.6875
 21
81.99999999999997
 31
0.0
  0
LINE
  5
112A
330
17
100
AcDbEntity
  8
GEOMETRY
100
AcDbLine
 10
259.6875
 20
81.99999999999997
 30
0.0
 11
259.65625
 21
81.99999999999997
 31
0.0
  0
LINE
  5
112B
330
17
100
AcDbEntity
  8
GEOMETRY
100
AcDbLine
 10
259.65625
 20
81.99999999999997
 30
0.0
 11
259.625
 21
81.99999999999997
 31
0.0
  0
LINE
  5
112C
330
17
100
AcDbEntity
  8
GEOMETRY
100
AcDbLine
 10
259.625
 20
81.99999999999997
 30
0.0
 11
259.59375
 21
81.99999999999997
 31
0.0
  0
LINE
  5
112D
330
17
100
AcDbEntity
  8
GEOMETRY
100
AcDbLine
 10
259.59375
 20
81.99999999999997
 30
0.0
 11
259.5625
 21
81.99999999999997
 31
0.0
  0
LINE
  5
112E
330
17
100
AcDbEntity
  8
GEOMETRY
100
AcDbLine
 10
259.5625
 20
81.99999999999997
 30
0.0
 11
259.53125
 21
81.99999999999997
 31
0.0
  0
LINE
  5
112F
330
17
100
AcDbEntity
  8
GEOMETRY
100
AcDbLine
 10
259.53125
 20
81.99999999999997
 30
0.0
 11
259.5
 21
81.99999999999997
 31
0.0
  0
LINE
  5
1130
330
17
100
AcDbEntity
  8
GEOMETRY
100
AcDbLine
 10
259.5
 20
81.99999999999997
 30
0.0
 11
259.46875
 21
81.99999999999997
 31
0.0
  0
LINE
  5
1131
330
17
100
AcDbEntity
  8
GEOMETRY
100
AcDbLine
 10
259.46875
 20
81.99999999999997
 30
0.0
 11
259.4375
 21
81.99999999999997
 31
0.0
  0
LINE
  5
1132
330
17
100
AcDbEntity
  8
GEOMETRY
100
AcDbLine
 10
259.4375
 20
81.99999999999997
 30
0.0
 11
259.40625
 21
81.99999999999997
 31
0.0
  0
LINE
  5
1133
330
17
100
AcDbEntity
  8
GEOMETRY
100
AcDbLine
 10
259.40625
 20
81.99999999999997
 30
0.0
 11
259.375
 21
81.99999999999997
 31
0.0
  0
LINE
  5
1134
330
17
100
AcDbEntity
  8
GEOMETRY
100
AcDbLine
 10
259.375
 20
81.99999999999997
 30
0.0
 11
259.34375
 21
81.99999999999997
 31
0.0
  0
LINE
  5
1135
330
17
100
AcDbEntity
  8
GEOMETRY
100
AcDbLine
 10
259.34375
 20
81.99999999999997
 30
0.0
 11
259.3125
 21
81.99999999999997
 31
0.0
  0
LINE
  5
1136
330
17
100
AcDbEntity
  8
GEOMETRY
100
AcDbLine
 10
259.3125
 20
81.99999999999997
 30
0.0
 11
259.28125
 21
81.99999999999997
 31
0.0
  0
LINE
  5
1137
330
17
100
AcDbEntity
  8
GEOMETRY
100
AcDbLine
 10
259.28125
 20
81.99999999999997
 30
0.0
 11
259.25
 21
81.99999999999997
 31
0.0
  0
LINE
  5
1138
330
17
100
AcDbEntity
  8
GEOMETRY
100
AcDbLine
 10
259.25
 20
81.99999999999997
 30
0.0
 11
259.21875
 21
81.99999999999997
 31
0.0
  0
LINE
  5
1139
330
17
100
AcDbEntity
  8
GEOMETRY
100
AcDbLine
 10
259.21875
 20
81.99999999999997
 30
0.0
 11
259.1875
 21
81.99999999999997
 31
0.0
  0
LINE
  5
113A
330
17
100
AcDbEntity
  8
GEOMETRY
100
AcDbLine
 10
259.1875
 20
81.99999999999997
 30
0.0
 11
259.15625
 21
81.99999999999997
 31
0.0
  0
LINE
  5
113B
330
17
100
AcDbEntity
  8
GEOMETRY
100
AcDbLine
 10
259.15625
 20
81.99999999999997
 30
0.0
 11
259.125
 21
81.99999999999997
 31
0.0
  0
LINE
  5
113C
330
17
100
AcDbEntity
  8
GEOMETRY
100
AcDbLine
 10
259.125
 20
81.99999999999997
 30
0.0
 11
259.09375
 21
81.99999999999997
 31
0.0
  0
LINE
  5
113D
330
17
100
AcDbEntity
  8
GEOMETRY
100
AcDbLine
 10
259.09375
 20
81.99999999999997
 30
0.0
 11
259.0625
 21
81.99999999999997
 31
0.0
  0
LINE
  5
113E
330
17
100
AcDbEntity
  8
GEOMETRY
100
AcDbLine
 10
259.0625
 20
81.99999999999997
 30
0.0
 11
259.03125
 21
81.99999999999997
 31
0.0
  0
LINE
  5
113F
330
17
100
AcDbEntity
  8
GEOMETRY
100
AcDbLine
 10
259.03125
 20
81.99999999999997
 30
0.0
 11
259.0
 21
81.99999999999997
 31
0.0
  0
LINE
  5
1140
330
17
100
AcDbEntity
  8
GEOMETRY
100
AcDbLine
 10
261.0
 20
81.99999999999997
 30
0.0
 11
260.96875
 21
81.99999999999997
 31
0.0
  0
LINE
  5
1141
330
17
100
AcDbEntity
  8
GEOMETRY
100
AcDbLine
 10
260.96875
 20
81.99999999999997
 30
0.0
 11
260.9375
 21
81.99999999999997
 31
0.0
  0
LINE
  5
1142
330
17
100
AcDbEntity
  8
GEOMETRY
100
AcDbLine
 10
260.9375
 20
81.99999999999997
 30
0.0
 11
260.90625
 21
81.99999999999997
 31
0.0
  0
LINE
  5
1143
330
17
100
AcDbEntity
  8
GEOMETRY
100
AcDbLine
 10
260.90625
 20
81.99999999999997
 30
0.0
 11
260.875
 21
81.99999999999997
 31
0.0
  0
LINE
  5
1144
330
17
100
AcDbEntity
  8
GEOMETRY
100
AcDbLine
 10
260.875
 20
81.99999999999997
 30
0.0
 11
260.84375
 21
81.99999999999997
 31
0.0
  0
LINE
  5
1145
330
17
100
AcDbEntity
  8
GEOMETRY
100
AcDbLine
 10
260.84375
 20
81.99999999999997
 30
0.0
 11
260.8125
 21
81.99999999999997
 31
0.0
  0
LINE
  5
1146
330
17
100
AcDbEntity
  8
GEOMETRY
100
AcDbLine
 10
260.8125
 20
81.99999999999997
 30
0.0
 11
260.78125
 21
81.99999999999997
 31
0.0
  0
LINE
  5
1147
330
17
100
AcDbEntity
  8
GEOMETRY
100
AcDbLine
 10
260.78125
 20
81.99999999999997
 30
0.0
 11
260.75
 21
81.99999999999997
 31
0.0
  0
LINE
  5
1148
330
17
100
AcDbEntity
  8
GEOMETRY
100
AcDbLine
 10
260.75
 20
81.99999999999997
 30
0.0
 11
260.71875
 21
81.99999999999997
 31
0.0
  0
LINE
  5
1149
330
17
100
AcDbEntity
  8
GEOMETRY
100
AcDbLine
 10
260.71875
 20
81.99999999999997
 30
0.0
 11
260.6875
 21
81.99999999999997
 31
0.0
  0
LINE
  5
114A
330
17
100
AcDbEntity
  8
GEOMETRY
100
AcDbLine
 10
260.6875
 20
81.99999999999997
 30
0.0
 11
260.65625
 21
81.99999999999997
 31
0.0
  0
LINE
  5
114B
330
17
100
AcDbEntity
  8
GEOMETRY
100
AcDbLine
 10
260.65625
 20
81.99999999999997
 30
0.0
 11
260.625
 21
81.99999999999997
 31
0.0
  0
LINE
  5
114C
330
17
100
AcDbEntity
  8
GEOMETRY
100
AcDbLine
 10
260.625
 20
81.99999999999997
 30
0.0
 11
260.59375
 21
81.99999999999997
 31
0.0
  0
LINE
  5
114D
330
17
100
AcDbEntity
  8
GEOMETRY
100
AcDbLine
 10
260.59375
 20
81.99999999999997
 30
0.0
 11
260.5625
 21
81.99999999999997
 31
0.0
  0
LINE
  5
114E
330
17
100
AcDbEntity
  8
GEOMETRY
100
AcDbLine
 10
260.5625
 20
81.99999999999997
 30
0.0
 11
260.53125
 21
81.99999999999997
 31
0.0
  0
LINE
  5
114F
330
17
100
AcDbEntity
  8
GEOMETRY
100
AcDbLine
 10
260.53125
 20
81.99999999999997
 30
0.0
 11
260.5
 21
81.99999999999997
 31
0.0
  0
LINE
  5
1150
330
17
100
AcDbEntity
  8
GEOMETRY
100
AcDbLine
 10
260.5
 20
81.99999999999997
 30
0.0
 11
260.46875
 21
81.99999999999997
 31
0.0
  0
LINE
  5
1151
330
17
100
AcDbEntity
  8
GEOMETRY
100
AcDbLine
 10
260.46875
 20
81.99999999999997
 30
0.0
 11
260.4375
 21
81.99999999999997
 31
0.0
  0
LINE
  5
1152
330
17
100
AcDbEntity
  8
GEOMETRY
100
AcDbLine
 10
260.4375
 20
81.99999999999997
 30
0.0
 11
260.40625
 21
81.99999999999997
 31
0.0
  0
LINE
  5
1153
330
17
100
AcDbEntity
  8
GEOMETRY
100
AcDbLine
 10
260.40625
 20
81.99999999999997
 30
0.0
 11
260.375
 21
81.99999999999997
 31
0.0
  0
LINE
  5
1154
330
17
100
AcDbEntity
  8
GEOMETRY
100
AcDbLine
 10
260.375
 20
81.99999999999997
 30
0.0
 11
260.34375
 21
81.99999999999997
 31
0.0
  0
LINE
  5
1155
330
17
100
AcDbEntity
  8
GEOMETRY
100
AcDbLine
 10
260.34375
 20
81.99999999999997
 30
0.0
 11
260.3125
 21
81.99999999999997
 31
0.0
  0
LINE
  5
1156
330
17
100
AcDbEntity
  8
GEOMETRY
100
AcDbLine
 10
260.3125
 20
81.99999999999997
 30
0.0
 11
260.28125
 21
81.99999999999997
 31
0.0
  0
LINE
  5
1157
330
17
100
AcDbEntity
  8
GEOMETRY
100
AcDbLine
 10
260.28125
 20
81.99999999999997
 30
0.0
 11
260.25
 21
81.99999999999997
 31
0.0
  0
LINE
  5
1158
330
17
100
AcDbEntity
  8
GEOMETRY
100
AcDbLine
 10
260.25
 20
81.99999999999997
 30
0.0
 11
260.21875
 21
81.99999999999997
 31
0.0
  0
LINE
  5
1159
330
17
100
AcDbEntity
  8
GEOMETRY
100
AcDbLine
 10
260.21875
 20
81.99999999999997
 30
0.0
 11
260.1875
 21
81.99999999999997
 31
0.0
  0
LINE
  5
115A
330
17
100
AcDbEntity
  8
GEOMETRY
100
AcDbLine
 10
260.1875
 20
81.99999999999997
 30
0.0
 11
260.15625
 21
81.99999999999997
 31
0.0
  0
LINE
  5
115B
330
17
100
AcDbEntity
  8
GEOMETRY
100
AcDbLine
 10
260.15625
 20
81.99999999999997
 30
0.0
 11
260.125
 21
81.99999999999997
 31
0.0
  0
LINE
  5
115C
330
17
100
AcDbEntity
  8
GEOMETRY
100
AcDbLine
 10
260.125
 20
81.99999999999997
 30
0.0
 11
260.09375
 21
81.99999999999997
 31
0.0
  0
LINE
  5
115D
330
17
100
AcDbEntity
  8
GEOMETRY
100
AcDbLine
 10
260.09375
 20
81.99999999999997
 30
0.0
 11
260.0625
 21
81.99999999999997
 31
0.0
  0
LINE
  5
115E
330
17
100
AcDbEntity
  8
GEOMETRY
100
AcDbLine
 10
260.0625
 20
81.99999999999997
 30
0.0
 11
260.03125
 21
81.99999999999997
 31
0.0
  0
LINE
  5
115F
330
17
100
AcDbEntity
  8
GEOMETRY
100
AcDbLine
 10
260.03125
 20
81.99999999999997
 30
0.0
 11
260.0
 21
81.99999999999997
 31
0.0
  0
LINE
  5
1160
330
17
100
AcDbEntity
  8
GEOMETRY
100
AcDbLine
 10
260.0
 20
81.99999999999997
 30
0.0
 11
259.96875
 21
81.99999999999997
 31
0.0
  0
LINE
  5
1161
330
17
100
AcDbEntity
  8
GEOMETRY
100
AcDbLine
 10
259.96875
 20
81.99999999999997
 30
0.0
 11
259.9375
 21
81.99999999999997
 31
0.0
  0
LINE
  5
1162
330
17
100
AcDbEntity
  8
GEOMETRY
100
AcDbLine
 10
259.9375
 20
81.99999999999997
 30
0.0
 11
259.90625
 21
81.99999999999997
 31
0.0
  0
LINE
  5
1163
330
17
100
AcDbEntity
  8
GEOMETRY
100
AcDbLine
 10
259.90625
 20
81.99999999999997
 30
0.0
 11
259.875
 21
81.99999999999997
 31
0.0
  0
LINE
  5
1164
330
17
100
AcDbEntity
  8
GEOMETRY
100
AcDbLine
 10
259.875
 20
81.99999999999997
 30
0.0
 11
259.84375
 21
81.99999999999997
 31
0.0
  0
LINE
  5
1165
330
17
100
AcDbEntity
  8
GEOMETRY
100
AcDbLine
 10
259.84375
 20
81.99999999999997
 30
0.0
 11
259.8125
 21
81.99999999999997
 31
0.0
  0
LINE
  5
1166
330
17
100
AcDbEntity
  8
GEOMETRY
100
AcDbLine
 10
259.8125
 20
81.99999999999997
 30
0.0
 11
259.78125
 21
81.99999999999997
 31
0.0
  0
LINE
  5
1167
330
17
100
AcDbEntity
  8
GEOMETRY
100
AcDbLine
 10
259.78125
 20
81.99999999999997
 30
0.0
 11
259.75
 21
81.99999999999997
 31
0.0
  0
LINE
  5
1168
330
17
100
AcDbEntity
  8
GEOMETRY
100
AcDbLine
 10
259.75
 20
81.99999999999997
 30
0.0
 11
259.71875
 21
81.99999999999997
 31
0.0
  0
LINE
  5
1169
330
17
100
AcDbEntity
  8
GEOMETRY
100
AcDbLine
 10
259.71875
 20
81.99999999999997
 30
0.0
 11
259.6875
 21
81.99999999999997
 31
0.0
  0
LINE
  5
116A
330
17
100
AcDbEntity
  8
GEOMETRY
100
AcDbLine
 10
259.6875
 20
81.99999999999997
 30
0.0
 11
259.65625
 21
81.99999999999997
 31
0.0
  0
LINE
  5
116B
330
17
100
AcDbEntity
  8
GEOMETRY
100
AcDbLine
 10
259.65625
 20
81.99999999999997
 30
0.0
 11
259.625
 21
81.99999999999997
 31
0.0
  0
LINE
  5
116C
330
17
100
AcDbEntity
  8
GEOMETRY
100
AcDbLine
 10
259.625
 20
81.99999999999997
 30
0.0
 11
259.59375
 21
81.99999999999997
 31
0.0
  0
LINE
  5
116D
330
17
100
AcDbEntity
  8
GEOMETRY
100
AcDbLine
 10
259.59375
 20
81.99999999999997
 30
0.0
 11
259.5625
 21
81.99999999999997
 31
0.0
  0
LINE
  5
116E
330
17
100
AcDbEntity
  8
GEOMETRY
100
AcDbLine
 10
259.5625
 20
81.99999999999997
 30
0.0
 11
259.53125
 21
81.99999999999997
 31
0.0
  0
LINE
  5
116F
330
17
100
AcDbEntity
  8
GEOMETRY
100
AcDbLine
 10
259.53125
 20
81.99999999999997
 30
0.0
 11
259.5
 21
81.99999999999997
 31
0.0
  0
LINE
  5
1170
330
17
100
AcDbEntity
  8
GEOMETRY
100
AcDbLine
 10
259.5
 20
81.99999999999997
 30
0.0
 11
259.46875
 21
81.99999999999997
 31
0.0
  0
LINE
  5
1171
330
17
100
AcDbEntity
  8
GEOMETRY
100
AcDbLine
 10
259.46875
 20
81.99999999999997
 30
0.0
 11
259.4375
 21
81.99999999999997
 31
0.0
  0
LINE
  5
1172
330
17
100
AcDbEntity
  8
GEOMETRY
100
AcDbLine
 10
259.4375
 20
81.99999999999997
 30
0.0
 11
259.40625
 21
81.99999999999997
 31
0.0
  0
LINE
  5
1173
330
17
100
AcDbEntity
  8
GEOMETRY
100
AcDbLine
 10
259.40625
 20
81.99999999999997
 30
0.0
 11
259.375
 21
81.99999999999997
 31
0.0
  0
LINE
  5
1174
330
17
100
AcDbEntity
  8
GEOMETRY
100
AcDbLine
 10
259.375
 20
81.99999999999997
 30
0.0
 11
259.34375
 21
81.99999999999997
 31
0.0
  0
LINE
  5
1175
330
17
100
AcDbEntity
  8
GEOMETRY
100
AcDbLine
 10
259.34375
 20
81.99999999999997
 30
0.0
 11
259.3125
 21
81.99999999999997
 31
0.0
  0
LINE
  5
1176
330
17
100
AcDbEntity
  8
GEOMETRY
100
AcDbLine
 10
259.3125
 20
81.99999999999997
 30
0.0
 11
259.28125
 21
81.99999999999997
 31
0.0
  0
LINE
  5
1177
330
17
100
AcDbEntity
  8
GEOMETRY
100
AcDbLine
 10
259.28125
 20
81.99999999999997
 30
0.0
 11
259.25
 21
81.99999999999997
 31
0.0
  0
LINE
  5
1178
330
17
100
AcDbEntity
  8
GEOMETRY
100
AcDbLine
 10
259.25
 20
81.99999999999997
 30
0.0
 11
259.21875
 21
81.99999999999997
 31
0.0
  0
LINE
  5
1179
330
17
100
AcDbEntity
  8
GEOMETRY
100
AcDbLine
 10
259.21875
 20
81.99999999999997
 30
0.0
 11
259.1875
 21
81.99999999999997
 31
0.0
  0
LINE
  5
117A
330
17
100
AcDbEntity
  8
GEOMETRY
100
AcDbLine
 10
259.1875
 20
81.99999999999997
 30
0.0
 11
259.15625
 21
81.99999999999997
 31
0.0
  0
LINE
  5
117B
330
17
100
AcDbEntity
  8
GEOMETRY
100
AcDbLine
 10
259.15625
 20
81.99999999999997
 30
0.0
 11
259.125
 21
81.99999999999997
 31
0.0
  0
LINE
  5
117C
330
17
100
AcDbEntity
  8
GEOMETRY
100
AcDbLine
 10
259.125
 20
81.99999999999997
 30
0.0
 11
259.09375
 21
81.99999999999997
 31
0.0
  0
LINE
  5
117D
330
17
100
AcDbEntity
  8
GEOMETRY
100
AcDbLine
 10
259.09375
 20
81.99999999999997
 30
0.0
 11
259.0625
 21
81.99999999999997
 31
0.0
  0
LINE
  5
117E
330
17
100
AcDbEntity
  8
GEOMETRY
100
AcDbLine
 10
259.0625
 20
81.99999999999997
 30
0.0
 11
259.03125
 21
81.99999999999997
 31
0.0
  0
LINE
  5
117F
330
17
100
AcDbEntity
  8
GEOMETRY
100
AcDbLine
 10
259.03125
 20
81.99999999999997
 30
0.0
 11
259.0
 21
81.99999999999997
 31
0.0
  0
LINE
  5
1180
330
17
100
AcDbEntity
  8
GEOMETRY
100
AcDbLine
 10
299.0
 20
91.99999999999997
 30
0.0
 11
299.0
 21
92.03124999999997
 31
0.0
  0
LINE
  5
1181
330
17
100
AcDbEntity
  8
GEOMETRY
100
AcDbLine
 10
299.0
 20
92.03124999999997
 30
0.0
 11
299.0
 21
92.06249999999997
 31
0.0
  0
LINE
  5
1182
330
17
100
AcDbEntity
  8
GEOMETRY
100
AcDbLine
 10
299.0
 20
92.06249999999997
 30
0.0
 11
299.0
 21
92.09374999999997
 31
0.0
  0
LINE
  5
1183
330
17
100
AcDbEntity
  8
GEOMETRY
100
AcDbLine
 10
299.0
 20
92.09374999999997
 30
0.0
 11
299.0
 21
92.12499999999997
 31
0.0
  0
LINE
  5
1184
330
17
100
AcDbEntity
  8
GEOMETRY
100
AcDbLine
 10
299.0
 20
92.12499999999997
 30
0.0
 11
299.0
 21
92.15624999999997
 31
0.0
  0
LINE
  5
1185
330
17
100
AcDbEntity
  8
GEOMETRY
100
AcDbLine
 10
299.0
 20
92.15624999999997
 30
0.0
 11
299.0
 21
92.18749999999997
 31
0.0
  0
LINE
  5
1186
330
17
100
AcDbEntity
  8
GEOMETRY
100
AcDbLine
 10
299.0
 20
92.18749999999997
 30
0.0
 11
299.0
 21
92.21874999999997
 31
0.0
  0
LINE
  5
1187
330
17
100
AcDbEntity
  8
GEOMETRY
100
AcDbLine
 10
299.0
 20
92.21874999999997
 30
0.0
 11
299.0
 21
92.24999999999997
 31
0.0
  0
LINE
  5
1188
330
17
100
AcDbEntity
  8
GEOMETRY
100
AcDbLine
 10
299.0
 20
92.24999999999997
 30
0.0
 11
299.0
 21
92.28124999999997
 31
0.0
  0
LINE
  5
1189
330
17
100
AcDbEntity
  8
GEOMETRY
100
AcDbLine
 10
299.0
 20
92.28124999999997
 30
0.0
 11
299.0
 21
92.31249999999997
 31
0.0
  0
LINE
  5
118A
330
17
100
AcDbEntity
  8
GEOMETRY
100
AcDbLine
 10
299.0
 20
92.31249999999997
 30
0.0
 11
299.0
 21
92.34374999999997
 31
0.0
  0
LINE
  5
118B
330
17
100
AcDbEntity
  8
GEOMETRY
100
AcDbLine
 10
299.0
 20
92.34374999999997
 30
0.0
 11
299.0
 21
92.37499999999997
 31
0.0
  0
LINE
  5
118C
330
17
100
AcDbEntity
  8
GEOMETRY
100
AcDbLine
 10
299.0
 20
92.37499999999997
 30
0.0
 11
299.0
 21
92.40624999999997
 31
0.0
  0
LINE
  5
118D
330
17
100
AcDbEntity
  8
GEOMETRY
100
AcDbLine
 10
299.0
 20
92.40624999999997
 30
0.0
 11
299.0
 21
92.43749999999997
 31
0.0
  0
LINE
  5
118E
330
17
100
AcDbEntity
  8
GEOMETRY
100
AcDbLine
 10
299.0
 20
92.43749999999997
 30
0.0
 11
299.0
 21
92.46874999999997
 31
0.0
  0
LINE
  5
118F
330
17
100
AcDbEntity
  8
GEOMETRY
100
AcDbLine
 10
299.0
 20
92.46874999999997
 30
0.0
 11
299.0
 21
92.49999999999997
 31
0.0
  0
LINE
  5
1190
330
17
100
AcDbEntity
  8
GEOMETRY
100
AcDbLine
 10
299.0
 20
92.49999999999997
 30
0.0
 11
299.0
 21
92.53124999999997
 31
0.0
  0
LINE
  5
1191
330
17
100
AcDbEntity
  8
GEOMETRY
100
AcDbLine
 10
299.0
 20
92.53124999999997
 30
0.0
 11
299.0
 21
92.56249999999997
 31
0.0
  0
LINE
  5
1192
330
17
100
AcDbEntity
  8
GEOMETRY
100
AcDbLine
 10
299.0
 20
92.56249999999997
 30
0.0
 11
299.0
 21
92.59374999999997
 31
0.0
  0
LINE
  5
1193
330
17
100
AcDbEntity
  8
GEOMETRY
100
AcDbLine
 10
299.0
 20
92.59374999999997
 30
0.0
 11
299.0
 21
92.62499999999997
 31
0.0
  0
LINE
  5
1194
330
17
100
AcDbEntity
  8
GEOMETRY
100
AcDbLine
 10
299.0
 20
92.62499999999997
 30
0.0
 11
299.0
 21
92.65624999999997
 31
0.0
  0
LINE
  5
1195
330
17
100
AcDbEntity
  8
GEOMETRY
100
AcDbLine
 10
299.0
 20
92.65624999999997
 30
0.0
 11
299.0
 21
92.68749999999997
 31
0.0
  0
LINE
  5
1196
330
17
100
AcDbEntity
  8
GEOMETRY
100
AcDbLine
 10
299.0
 20
92.68749999999997
 30
0.0
 11
299.0
 21
92.71874999999997
 31
0.0
  0
LINE
  5
1197
330
17
100
AcDbEntity
  8
GEOMETRY
100
AcDbLine
 10
299.0
 20
92.71874999999997
 30
0.0
 11
299.0
 21
92.74999999999997
 31
0.0
  0
LINE
  5
1198
330
17
100
AcDbEntity
  8
GEOMETRY
100
AcDbLine
 10
299.0
 20
92.74999999999997
 30
0.0
 11
299.0
 21
92.78124999999997
 31
0.0
  0
LINE
  5
1199
330
17
100
AcDbEntity
  8
GEOMETRY
100
AcDbLine
 10
299.0
 20
92.78124999999997
 30
0.0
 11
299.0
 21
92.81249999999997
 31
0.0
  0
LINE
  5
119A
330
17
100
AcDbEntity
  8
GEOMETRY
100
AcDbLine
 10
299.0
 20
92.81249999999997
 30
0.0
 11
299.0
 21
92.84374999999997
 31
0.0
  0
LINE
  5
119B
330
17
100
AcDbEntity
  8
GEOMETRY
100
AcDbLine
 10
299.0
 20
92.84374999999997
 30
0.0
 11
299.0
 21
92.87499999999997
 31
0.0
  0
LINE
  5
119C
330
17
100
AcDbEntity
  8
GEOMETRY
100
AcDbLine
 10
299.0
 20
92.87499999999997
 30
0.0
 11
299.0
 21
92.90624999999997
 31
0.0
  0
LINE
  5
119D
330
17
100
AcDbEntity
  8
GEOMETRY
100
AcDbLine
 10
299.0
 20
92.90624999999997
 30
0.0
 11
299.0
 21
92.93749999999997
 31
0.0
  0
LINE
  5
119E
330
17
100
AcDbEntity
  8
GEOMETRY
100
AcDbLine
 10
299.0
 20
92.93749999999997
 30
0.0
 11
299.0
 21
92.96874999999997
 31
0.0
  0
LINE
  5
119F
330
17
100
AcDbEntity
  8
GEOMETRY
100
AcDbLine
 10
299.0
 20
92.96874999999997
 30
0.0
 11
299.0
 21
92.99999999999997
 31
0.0
  0
LINE
  5
11A0
330
17
100
AcDbEntity
  8
GEOMETRY
100
AcDbLine
 10
299.0
 20
92.99999999999997
 30
0.0
 11
299.0
 21
93.03124999999997
 31
0.0
  0
LINE
  5
11A1
330
17
100
AcDbEntity
  8
GEOMETRY
100
AcDbLine
 10
299.0
 20
93.03124999999997
 30
0.0
 11
299.0
 21
93.06249999999997
 31
0.0
  0
LINE
  5
11A2
330
17
100
AcDbEntity
  8
GEOMETRY
100
AcDbLine
 10
299.0
 20
93.06249999999997
 30
0.0
 11
299.0
 21
93.09374999999997
 31
0.0
  0
LINE
  5
11A3
330
17
100
AcDbEntity
  8
GEOMETRY
100
AcDbLine
 10
299.0
 20
93.09374999999997
 30
0.0
 11
299.0
 21
93.12499999999997
 31
0.0
  0
LINE
  5
11A4
330
17
100
AcDbEntity
  8
GEOMETRY
100
AcDbLine
 10
299.0
 20
93.12499999999997
 30
0.0
 11
299.0
 21
93.15624999999997
 31
0.0
  0
LINE
  5
11A5
330
17
100
AcDbEntity
  8
GEOMETRY
100
AcDbLine
 10
299.0
 20
93.15624999999997
 30
0.0
 11
299.0
 21
93.18749999999997
 31
0.0
  0
LINE
  5
11A6
330
17
100
AcDbEntity
  8
GEOMETRY
100
AcDbLine
 10
299.0
 20
93.18749999999997
 30
0.0
 11
299.0
 21
93.21874999999997
 31
0.0
  0
LINE
  5
11A7
330
17
100
AcDbEntity
  8
GEOMETRY
100
AcDbLine
 10
299.0
 20
93.21874999999997
 30
0.0
 11
299.0
 21
93.24999999999997
 31
0.0
  0
LINE
  5
11A8
330
17
100
AcDbEntity
  8
GEOMETRY
100
AcDbLine
 10
299.0
 20
93.24999999999997
 30
0.0
 11
299.0
 21
93.28124999999997
 31
0.0
  0
LINE
  5
11A9
330
17
100
AcDbEntity
  8
GEOMETRY
100
AcDbLine
 10
299.0
 20
93.28124999999997
 30
0.0
 11
299.0
 21
93.31249999999997
 31
0.0
  0
LINE
  5
11AA
330
17
100
AcDbEntity
  8
GEOMETRY
100
AcDbLine
 10
299.0
 20
93.31249999999997
 30
0.0
 11
299.0
 21
93.34374999999997
 31
0.0
  0
LINE
  5
11AB
330
17
100
AcDbEntity
  8
GEOMETRY
100
AcDbLine
 10
299.0
 20
93.34374999999997
 30
0.0
 11
299.0
 21
93.37499999999997
 31
0.0
  0
LINE
  5
11AC
330
17
100
AcDbEntity
  8
GEOMETRY
100
AcDbLine
 10
299.0
 20
93.37499999999997
 30
0.0
 11
299.0
 21
93.40624999999997
 31
0.0
  0
LINE
  5
11AD
330
17
100
AcDbEntity
  8
GEOMETRY
100
AcDbLine
 10
299.0
 20
93.40624999999997
 30
0.0
 11
299.0
 21
93.43749999999997
 31
0.0
  0
LINE
  5
11AE
330
17
100
AcDbEntity
  8
GEOMETRY
100
AcDbLine
 10
299.0
 20
93.43749999999997
 30
0.0
 11
299.0
 21
93.46874999999997
 31
0.0
  0
LINE
  5
11AF
330
17
100
AcDbEntity
  8
GEOMETRY
100
AcDbLine
 10
299.0
 20
93.46874999999997
 30
0.0
 11
299.0
 21
93.49999999999997
 31
0.0
  0
LINE
  5
11B0
330
17
100
AcDbEntity
  8
GEOMETRY
100
AcDbLine
 10
299.0
 20
93.49999999999997
 30
0.0
 11
299.0
 21
93.53124999999997
 31
0.0
  0
LINE
  5
11B1
330
17
100
AcDbEntity
  8
GEOMETRY
100
AcDbLine
 10
299.0
 20
93.53124999999997
 30
0.0
 11
299.0
 21
93.56249999999997
 31
0.0
  0
LINE
  5
11B2
330
17
100
AcDbEntity
  8
GEOMETRY
100
AcDbLine
 10
299.0
 20
93.56249999999997
 30
0.0
 11
299.0
 21
93.59374999999997
 31
0.0
  0
LINE
  5
11B3
330
17
100
AcDbEntity
  8
GEOMETRY
100
AcDbLine
 10
299.0
 20
93.59374999999997
 30
0.0
 11
299.0
 21
93.62499999999997
 31
0.0
  0
LINE
  5
11B4
330
17
100
AcDbEntity
  8
GEOMETRY
100
AcDbLine
 10
299.0
 20
93.62499999999997
 30
0.0
 11
299.0
 21
93.65624999999997
 31
0.0
  0
LINE
  5
11B5
330
17
100
AcDbEntity
  8
GEOMETRY
100
AcDbLine
 10
299.0
 20
93.65624999999997
 30
0.0
 11
299.0
 21
93.68749999999997
 31
0.0
  0
LINE
  5
11B6
330
17
100
AcDbEntity
  8
GEOMETRY
100
AcDbLine
 10
299.0
 20
93.68749999999997
 30
0.0
 11
299.0
 21
93.71874999999997
 31
0.0
  0
LINE
  5
11B7
330
17
100
AcDbEntity
  8
GEOMETRY
100
AcDbLine
 10
299.0
 20
93.71874999999997
 30
0.0
 11
299.0
 21
93.74999999999997
 31
0.0
  0
LINE
  5
11B8
330
17
100
AcDbEntity
  8
GEOMETRY
100
AcDbLine
 10
299.0
 20
93.74999999999997
 30
0.0
 11
299.0
 21
93.78124999999997
 31
0.0
  0
LINE
  5
11B9
330
17
100
AcDbEntity
  8
GEOMETRY
100
AcDbLine
 10
299.0
 20
93.78124999999997
 30
0.0
 11
299.0
 21
93.81249999999997
 31
0.0
  0
LINE
  5
11BA
330
17
100
AcDbEntity
  8
GEOMETRY
100
AcDbLine
 10
299.0
 20
93.81249999999997
 30
0.0
 11
299.0
 21
93.84374999999997
 31
0.0
  0
LINE
  5
11BB
330
17
100
AcDbEntity
  8
GEOMETRY
100
AcDbLine
 10
299.0
 20
93.84374999999997
 30
0.0
 11
299.0
 21
93.87499999999997
 31
0.0
  0
LINE
  5
11BC
330
17
100
AcDbEntity
  8
GEOMETRY
100
AcDbLine
 10
299.0
 20
93.87499999999997
 30
0.0
 11
299.0
 21
93.90624999999997
 31
0.0
  0
LINE
  5
11BD
330
17
100
AcDbEntity
  8
GEOMETRY
100
AcDbLine
 10
299.0
 20
93.90624999999997
 30
0.0
 11
299.0
 21
93.93749999999997
 31
0.0
  0
LINE
  5
11BE
330
17
100
AcDbEntity
  8
GEOMETRY
100
AcDbLine
 10
299.0
 20
93.93749999999997
 30
0.0
 11
299.0
 21
93.96874999999997
 31
0.0
  0
LINE
  5
11BF
330
17
100
AcDbEntity
  8
GEOMETRY
100
AcDbLine
 10
299.0
 20
93.96874999999997
 30
0.0
 11
299.0
 21
93.99999999999997
 31
0.0
  0
LINE
  5
11C0
330
17
100
AcDbEntity
  8
GEOMETRY
100
AcDbLine
 10
261.0
 20
78.74999999999997
 30
0.0
 11
259.0
 21
78.74999999999997
 31
0.0
  0
LINE
  5
11C1
330
17
100
AcDbEntity
  8
GEOMETRY
100
AcDbLine
 10
261.0
 20
85.24999999999997
 30
0.0
 11
259.0
 21
85.24999999999997
 31
0.0
  0
LINE
  5
11C2
330
17
100
AcDbEntity
  8
GEOMETRY
100
AcDbLine
 10
261.0
 20
78.74999999999997
 30
0.0
 11
259.0
 21
78.74999999999997
 31
0.0
  0
LINE
  5
11C3
330
17
100
AcDbEntity
  8
GEOMETRY
100
AcDbLine
 10
261.0
 20
85.24999999999997
 30
0.0
 11
259.0
 21
85.24999999999997
 31
0.0
  0
LINE
  5
11C4
330
17
100
AcDbEntity
  8
GEOMETRY
100
AcDbLine
 10
288.0
 20
91.99999999999997
 30
0.0
 11
288.0
 21
93.99999999999997
 31
0.0
  0
LINE
  5
11C5
330
17
100
AcDbEntity
  8
GEOMETRY
100
AcDbLine
 10
310.0
 20
91.99999999999997
 30
0.0
 11
310.0
 21
93.99999999999997
 31
0.0
  0
LINE
  5
11C6
330
17
100
AcDbEntity
  8
DIMENSIONS
 62
2
100
AcDbLine
 10
125.99999999999997
 20
73.99999999999996
 30
0.0
 11
125.99999999999997
 21
69.93333333333328
 31
0.0
  0
LINE
  5
11C7
330
17
100
AcDbEntity
  8
DIMENSIONS
 62
2
100
AcDbLine
 10
201.0
 20
73.99999999999996
 30
0.0
 11
201.0
 21
69.93333333333328
 31
0.0
  0
LINE
  5
11C8
330
17
100
AcDbEntity
  8
DIMENSIONS
 62
2
100
AcDbLine
 10
125.99999999999997
 20
69.33333333333329
 30
0.0
 11
201.0
 21
69.33333333333329
 31
0.0
  0
TEXT
  5
11C9
330
17
100
AcDbEntity
  8
DIMENSIONS
 62
7
100
AcDbText
 10
161.52
 20
67.03333333333329
 30
0.0
 40
1.8
  1
75.0
 11
161.52
 21
67.03333333333329
 31
0.0
100
AcDbText
  0
LINE
  5
11CA
330
17
100
AcDbEntity
  8
DIMENSIONS
 62
2
100
AcDbLine
 10
125.99999999999997
 20
73.99999999999996
 30
0.0
 11
121.59999999999997
 21
73.99999999999996
 31
0.0
  0
LINE
  5
11CB
330
17
100
AcDbEntity
  8
DIMENSIONS
 62
2
100
AcDbLine
 10
125.99999999999997
 20
93.99999999999997
 30
0.0
 11
121.59999999999997
 21
93.99999999999997
 31
0.0
  0
LINE
  5
11CC
330
17
100
AcDbEntity
  8
DIMENSIONS
 62
2
100
AcDbLine
 10
120.99999999999997
 20
73.99999999999996
 30
0.0
 11
120.99999999999997
 21
93.99999999999997
 31
0.0
  0
TEXT
  5
11CD
330
17
100
AcDbEntity
  8
DIMENSIONS
 62
7
100
AcDbText
 10
116.33999999999997
 20
83.09999999999997
 30
0.0
 40
1.8
  1
20.0
 11
116.33999999999997
 21
83.09999999999997
 31
0.0
100
AcDbText
  0
LINE
  5
11CE
330
17
100
AcDbEntity
  8
DIMENSIONS
 62
2
100
AcDbLine
 10
125.99999999999997
 20
73.99999999999996
 30
0.0
 11
125.99999999999997
 21
65.26666666666662
 31
0.0
  0
LINE
  5
11CF
330
17
100
AcDbEntity
  8
DIMENSIONS
 62
2
100
AcDbLine
 10
133.5
 20
73.99999999999996
 30
0.0
 11
133.5
 21
65.26666666666662
 31
0.0
  0
LINE
  5
11D0
330
17
100
AcDbEntity
  8
DIMENSIONS
 62
2
100
AcDbLine
 10
125.99999999999997
 20
64.66666666666663
 30
0.0
 11
133.5
 21
64.66666666666663
 31
0.0
  0
TEXT
  5
11D1
330
17
100
AcDbEntity
  8
DIMENSIONS
 62
7
100
AcDbText
 10
128.265
 20
62.36666666666663
 30
0.0
 40
1.8
  1
7.5
 11
128.265
 21
62.36666666666663
 31
0.0
100
AcDbText
  0
LINE
  5
11D2
330
17
100
AcDbEntity
  8
DIMENSIONS
 62
2
100
AcDbLine
 10
125.99999999999997
 20
73.99999999999996
 30
0.0
 11
125.99999999999997
 21
60.59999999999996
 31
0.0
  0
LINE
  5
11D3
330
17
100
AcDbEntity
  8
DIMENSIONS
 62
2
100
AcDbLine
 10
193.5
 20
73.99999999999996
 30
0.0
 11
193.5
 21
60.59999999999996
 31
0.0
  0
LINE
  5
11D4
330
17
100
AcDbEntity
  8
DIMENSIONS
 62
2
100
AcDbLine
 10
125.99999999999997
 20
59.99999999999996
 30
0.0
 11
193.5
 21
59.99999999999996
 31
0.0
  0
TEXT
  5
11D5
330
17
100
AcDbEntity
  8
DIMENSIONS
 62
7
100
AcDbText
 10
157.77
 20
57.69999999999996
 30
0.0
 40
1.8
  1
67.5
 11
157.77
 21
57.69999999999996
 31
0.0
100
AcDbText
  0
LINE
  5
11D6
330
17
100
AcDbEntity
  8
DIMENSIONS
 62
2
100
AcDbLine
 10
125.99999999999997
 20
73.99999999999996
 30
0.0
 11
116.59999999999997
 21
73.99999999999996
 31
0.0
  0
LINE
  5
11D7
330
17
100
AcDbEntity
  8
DIMENSIONS
 62
2
100
AcDbLine
 10
125.99999999999997
 20
82.0
 30
0.0
 11
116.59999999999997
 21
82.0
 31
0.0
  0
LINE
  5
11D8
330
17
100
AcDbEntity
  8
DIMENSIONS
 62
2
100
AcDbLine
 10
115.99999999999997
 20
73.99999999999996
 30
0.0
 11
115.99999999999997
 21
82.0
 31
0.0
  0
TEXT
  5
11D9
330
17
100
AcDbEntity
  8
DIMENSIONS
 62
7
100
AcDbText
 10
112.32999999999997
 20
77.09999999999997
 30
0.0
 40
1.8
  1
8.0
 11
112.32999999999997
 21
77.09999999999997
 31
0.0
100
AcDbText
  0
LINE
  5
11DA
330
17
100
AcDbEntity
  8
DIMENSIONS
 62
2
100
AcDbLine
 10
125.99999999999997
 20
73.99999999999996
 30
0.0
 11
111.59999999999997
 21
73.99999999999996
 31
0.0
  0
LINE
  5
11DB
330
17
100
AcDbEntity
  8
DIMENSIONS
 62
2
100
AcDbLine
 10
125.99999999999997
 20
90.0
 30
0.0
 11
111.59999999999997
 21
90.0
 31
0.0
  0
LINE
  5
11DC
330
17
100
AcDbEntity
  8
DIMENSIONS
 62
2
100
AcDbLine
 10
110.99999999999997
 20
73.99999999999996
 30
0.0
 11
110.99999999999997
 21
90.0
 31
0.0
  0
TEXT
  5
11DD
330
17
100
AcDbEntity
  8
DIMENSIONS
 62
7
100
AcDbText
 10
106.33999999999997
 20
81.09999999999997
 30
0.0
 40
1.8
  1
16.0
 11
106.33999999999997
 21
81.09999999999997
 31
0.0
100
AcDbText
  0
LINE
  5
11DE
330
17
100
AcDbEntity
  8
DIMENSIONS
 62
2
100
AcDbLine
 10
195.79809703885627
 20
84.29809703885626
 30
0.0
 11
198.62652416360248
 21
87.12652416360244
 31
0.0
  0
LINE
  5
11DF
330
17
100
AcDbEntity
  8
DIMENSIONS
 62
2
100
AcDbLine
 10
198.62652416360248
 20
87.12652416360244
 30
0.0
 11
203.12652416360248
 21
87.12652416360244
 31
0.0
  0
TEXT
  5
11E0
330
17
100
AcDbEntity
  8
DIMENSIONS
 62
3
100
AcDbText
 10
203.5265241636025
 20
87.42652416360244
 30
0.0
 40
1.6
  1
%%c6.5
 11
203.5265241636025
 21
87.42652416360244
 31
0.0
100
AcDbText
  0
LINE
  5
11E1
330
17
100
AcDbEntity
  8
DIMENSIONS
 62
2
100
AcDbLine
 10
135.79809703885627
 20
84.29809703885626
 30
0.0
 11
138.62652416360248
 21
87.12652416360244
 31
0.0
  0
LINE
  5
11E2
330
17
100
AcDbEntity
  8
DIMENSIONS
 62
2
100
AcDbLine
 10
138.62652416360248
 20
87.12652416360244
 30
0.0
 11
143.12652416360248
 21
87.12652416360244
 31
0.0
  0
TEXT
  5
11E3
330
17
100
AcDbEntity
  8
DIMENSIONS
 62
3
100
AcDbText
 10
143.5265241636025
 20
87.42652416360244
 30
0.0
 40
1.6
  1
%%c6.5
 11
143.5265241636025
 21
87.42652416360244
 31
0.0
100
AcDbText
  0
LINE
  5
11E4
330
17
100
AcDbEntity
  8
DIMENSIONS
 62
2
100
AcDbLine
 10
195.79809703885627
 20
84.29809703885626
 30
0.0
 11
198.62652416360248
 21
87.12652416360244
 31
0.0
  0
LINE
  5
11E5
330
17
100
AcDbEntity
  8
DIMENSIONS
 62
2
100
AcDbLine
 10
198.62652416360248
 20
87.12652416360244
 30
0.0
 11
203.12652416360248
 21
87.12652416360244
 31
0.0
  0
TEXT
  5
11E6
330
17
100
AcDbEntity
  8
DIMENSIONS
 62
3
100
AcDbText
 10
203.5265241636025
 20
87.42652416360244
 30
0.0
 40
1.6
  1
%%c6.5
 11
203.5265241636025
 21
87.42652416360244
 31
0.0
100
AcDbText
  0
LINE
  5
11E7
330
17
100
AcDbEntity
  8
DIMENSIONS
 62
2
100
AcDbLine
 10
135.79809703885627
 20
84.29809703885626
 30
0.0
 11
138.62652416360248
 21
87.12652416360244
 31
0.0
  0
LINE
  5
11E8
330
17
100
AcDbEntity
  8
DIMENSIONS
 62
2
100
AcDbLine
 10
138.62652416360248
 20
87.12652416360244
 30
0.0
 11
143.12652416360248
 21
87.12652416360244
 31
0.0
  0
TEXT
  5
11E9
330
17
100
AcDbEntity
  8
DIMENSIONS
 62
3
100
AcDbText
 10
143.5265241636025
 20
87.42652416360244
 30
0.0
 40
1.6
  1
%%c6.5
 11
143.5265241636025
 21
87.42652416360244
 31
0.0
100
AcDbText
  0
LINE
  5
11EA
330
17
100
AcDbEntity
  8
DIMENSIONS
 62
2
100
AcDbLine
 10
125.99999999999997
 20
110.99999999999997
 30
0.0
 11
125.99999999999997
 21
106.9333333333333
 31
0.0
  0
LINE
  5
11EB
330
17
100
AcDbEntity
  8
DIMENSIONS
 62
2
100
AcDbLine
 10
201.0
 20
110.99999999999997
 30
0.0
 11
201.0
 21
106.9333333333333
 31
0.0
  0
LINE
  5
11EC
330
17
100
AcDbEntity
  8
DIMENSIONS
 62
2
100
AcDbLine
 10
125.99999999999997
 20
106.3333333333333
 30
0.0
 11
201.0
 21
106.3333333333333
 31
0.0
  0
TEXT
  5
11ED
330
17
100
AcDbEntity
  8
DIMENSIONS
 62
7
100
AcDbText
 10
161.52
 20
104.0333333333333
 30
0.0
 40
1.8
  1
75.0
 11
161.52
 21
104.0333333333333
 31
0.0
100
AcDbText
  0
LINE
  5
11EE
330
17
100
AcDbEntity
  8
DIMENSIONS
 62
2
100
AcDbLine
 10
125.99999999999997
 20
110.99999999999997
 30
0.0
 11
121.59999999999997
 21
110.99999999999997
 31
0.0
  0
LINE
  5
11EF
330
17
100
AcDbEntity
  8
DIMENSIONS
 62
2
100
AcDbLine
 10
125.99999999999997
 20
168.0
 30
0.0
 11
121.59999999999997
 21
168.0
 31
0.0
  0
LINE
  5
11F0
330
17
100
AcDbEntity
  8
DIMENSIONS
 62
2
100
AcDbLine
 10
120.99999999999997
 20
110.99999999999997
 30
0.0
 11
120.99999999999997
 21
168.0
 31
0.0
  0
TEXT
  5
11F1
330
17
100
AcDbEntity
  8
DIMENSIONS
 62
7
100
AcDbText
 10
116.33999999999997
 20
138.6
 30
0.0
 40
1.8
  1
57.0
 11
116.33999999999997
 21
138.6
 31
0.0
100
AcDbText
  0
LINE
  5
11F2
330
17
100
AcDbEntity
  8
DIMENSIONS
 62
2
100
AcDbLine
 10
125.99999999999997
 20
110.99999999999997
 30
0.0
 11
125.99999999999997
 21
102.26666666666664
 31
0.0
  0
LINE
  5
11F3
330
17
100
AcDbEntity
  8
DIMENSIONS
 62
2
100
AcDbLine
 10
163.5
 20
110.99999999999997
 30
0.0
 11
163.5
 21
102.26666666666664
 31
0.0
  0
LINE
  5
11F4
330
17
100
AcDbEntity
  8
DIMENSIONS
 62
2
100
AcDbLine
 10
125.99999999999997
 20
101.66666666666664
 30
0.0
 11
163.5
 21
101.66666666666664
 31
0.0
  0
TEXT
  5
11F5
330
17
100
AcDbEntity
  8
DIMENSIONS
 62
7
100
AcDbText
 10
142.77
 20
99.36666666666665
 30
0.0
 40
1.8
  1
37.5
 11
142.77
 21
99.36666666666665
 31
0.0
100
AcDbText
  0
LINE
  5
11F6
330
17
100
AcDbEntity
  8
DIMENSIONS
 62
2
100
AcDbLine
 10
125.99999999999997
 20
110.99999999999997
 30
0.0
 11
116.59999999999997
 21
110.99999999999997
 31
0.0
  0
LINE
  5
11F7
330
17
100
AcDbEntity
  8
DIMENSIONS
 62
2
100
AcDbLine
 10
125.99999999999997
 20
115.0
 30
0.0
 11
116.59999999999997
 21
115.0
 31
0.0
  0
LINE
  5
11F8
330
17
100
AcDbEntity
  8
DIMENSIONS
 62
2
100
AcDbLine
 10
115.99999999999997
 20
110.99999999999997
 30
0.0
 11
115.99999999999997
 21
115.0
 31
0.0
  0
TEXT
  5
11F9
330
17
100
AcDbEntity
  8
DIMENSIONS
 62
7
100
AcDbText
 10
112.32999999999997
 20
112.09999999999998
 30
0.0
 40
1.8
  1
4.0
 11
112.32999999999997
 21
112.09999999999998
 31
0.0
100
AcDbText
  0
LINE
  5
11FA
330
17
100
AcDbEntity
  8
DIMENSIONS
 62
2
100
AcDbLine
 10
125.99999999999997
 20
110.99999999999997
 30
0.0
 11
111.59999999999997
 21
110.99999999999997
 31
0.0
  0
LINE
  5
11FB
330
17
100
AcDbEntity
  8
DIMENSIONS
 62
2
100
AcDbLine
 10
125.99999999999997
 20
151.0
 30
0.0
 11
111.59999999999997
 21
151.0
 31
0.0
  0
LINE
  5
11FC
330
17
100
AcDbEntity
  8
DIMENSIONS
 62
2
100
AcDbLine
 10
110.99999999999997
 20
110.99999999999997
 30
0.0
 11
110.99999999999997
 21
151.0
 31
0.0
  0
TEXT
  5
11FD
330
17
100
AcDbEntity
  8
DIMENSIONS
 62
7
100
AcDbText
 10
106.33999999999997
 20
130.1
 30
0.0
 40
1.8
  1
40.0
 11
106.33999999999997
 21
130.1
 31
0.0
100
AcDbText
  0
LINE
  5
11FE
330
17
100
AcDbEntity
  8
DIMENSIONS
 62
2
100
AcDbLine
 10
171.27817459305203
 20
158.778174593052
 30
0.0
 11
174.1066017177982
 21
161.60660171779818
 31
0.0
  0
LINE
  5
11FF
330
17
100
AcDbEntity
  8
DIMENSIONS
 62
2
100
AcDbLine
 10
174.1066017177982
 20
161.60660171779818
 30
0.0
 11
178.6066017177982
 21
161.60660171779818
 31
0.0
  0
TEXT
  5
1200
330
17
100
AcDbEntity
  8
DIMENSIONS
 62
3
100
AcDbText
 10
179.00660171779822
 20
161.9066017177982
 30
0.0
 40
1.6
  1
%%c22.0
 11
179.00660171779822
 21
161.9066017177982
 31
0.0
100
AcDbText
  0
LINE
  5
1201
330
17
100
AcDbEntity
  8
DIMENSIONS
 62
2
100
AcDbLine
 10
171.27817459305203
 20
158.778174593052
 30
0.0
 11
174.1066017177982
 21
161.60660171779818
 31
0.0
  0
LINE
  5
1202
330
17
100
AcDbEntity
  8
DIMENSIONS
 62
2
100
AcDbLine
 10
174.1066017177982
 20
161.60660171779818
 30
0.0
 11
178.6066017177982
 21
161.60660171779818
 31
0.0
  0
TEXT
  5
1203
330
17
100
AcDbEntity
  8
DIMENSIONS
 62
3
100
AcDbText
 10
179.00660171779822
 20
161.9066017177982
 30
0.0
 40
1.6
  1
%%c22.0
 11
179.00660171779822
 21
161.9066017177982
 31
0.0
100
AcDbText
  0
LINE
  5
1204
330
17
100
AcDbEntity
  8
DIMENSIONS
 62
2
100
AcDbLine
 10
259.0
 20
73.99999999999996
 30
0.0
 11
259.0
 21
69.93333333333328
 31
0.0
  0
LINE
  5
1205
330
17
100
AcDbEntity
  8
DIMENSIONS
 62
2
100
AcDbLine
 10
316.0
 20
73.99999999999996
 30
0.0
 11
316.0
 21
69.93333333333328
 31
0.0
  0
LINE
  5
1206
330
17
100
AcDbEntity
  8
DIMENSIONS
 62
2
100
AcDbLine
 10
259.0
 20
69.33333333333329
 30
0.0
 11
316.0
 21
69.33333333333329
 31
0.0
  0
TEXT
  5
1207
330
17
100
AcDbEntity
  8
DIMENSIONS
 62
7
100
AcDbText
 10
285.52
 20
67.03333333333329
 30
0.0
 40
1.8
  1
57.0
 11
285.52
 21
67.03333333333329
 31
0.0
100
AcDbText
  0
LINE
  5
1208
330
17
100
AcDbEntity
  8
DIMENSIONS
 62
2
100
AcDbLine
 10
259.0
 20
73.99999999999996
 30
0.0
 11
254.6
 21
73.99999999999996
 31
0.0
  0
LINE
  5
1209
330
17
100
AcDbEntity
  8
DIMENSIONS
 62
2
100
AcDbLine
 10
259.0
 20
93.99999999999997
 30
0.0
 11
254.6
 21
93.99999999999997
 31
0.0
  0
LINE
  5
120A
330
17
100
AcDbEntity
  8
DIMENSIONS
 62
2
100
AcDbLine
 10
254.0
 20
73.99999999999996
 30
0.0
 11
254.0
 21
93.99999999999997
 31
0.0
  0
TEXT
  5
120B
330
17
100
AcDbEntity
  8
DIMENSIONS
 62
7
100
AcDbText
 10
249.34
 20
83.09999999999997
 30
0.0
 40
1.8
  1
20.0
 11
249.34
 21
83.09999999999997
 31
0.0
100
AcDbText
  0
TEXT
  5
120C
330
17
100
AcDbEntity
  8
NOTES
 62
3
100
AcDbText
 10
13.0
 20
281.0
 30
0.0
 40
2.5
  1
MANUFACTURING NOTES:
 11
13.0
 21
281.0
 31
0.0
100
AcDbText
  0
TEXT
  5
120D
330
17
100
AcDbEntity
  8
NOTES
 62
7
100
AcDbText
 10
13.0
 20
276.0
 30
0.0
 40
1.8
  1
1. THIS COMPONENT IS IDEALLY SUITED FOR PRODUCTION VIA CNC MILLING AND
 11
13.0
 21
276.0
 31
0.0
100
AcDbText
  0
TEXT
  5
120E
330
17
100
AcDbEntity
  8
NOTES
 62
7
100
AcDbText
 10
13.0
 20
272.0
 30
0.0
 40
1.8
  1
    DRILLING FROM BAR STOCK OR PLATE MATERIAL, LEVERAGING ITS INHERENT SYMMETRY TO POTENTIALLY OPTIMIZE FIXTURING.
 11
13.0
 21
272.0
 31
0.0
100
AcDbText
  0
TEXT
  5
120F
330
17
100
AcDbEntity
  8
NOTES
 62
7
100
AcDbText
 10
13.0
 20
267.5
 30
0.0
 40
1.8
  1
2. THE PRESENCE OF HOLES ALONG THREE ORTHOGONAL AXES (X, Y, Z) WILL NE
 11
13.0
 21
267.5
 31
0.0
100
AcDbText
  0
TEXT
  5
1210
330
17
100
AcDbEntity
  8
NOTES
 62
7
100
AcDbText
 10
13.0
 20
263.5
 30
0.0
 40
1.8
  1
   CESSITATE EITHER A 3+2 AXIS MACHINING CENTER OR MULTIPLE SETUP OPERATIONS WITH PRECISE RE-FIXTURING.
 11
13.0
 21
263.5
 31
0.0
100
AcDbText
  0
TEXT
  5
1211
330
17
100
AcDbEntity
  8
NOTES
 62
7
100
AcDbText
 10
13.0
 20
259.0
 30
0.0
 40
1.8
  1
3. CRITICAL ATTENTION MUST BE PAID TO THE 5-HOLE BOLT CIRCLE PATTERN (
 11
13.0
 21
259.0
 31
0.0
100
AcDbText
  0
TEXT
  5
1212
330
17
100
AcDbEntity
  8
NOTES
 62
7
100
AcDbText
 10
13.0
 20
255.0
 30
0.0
 40
1.8
  1
   NOMINAL Ø4.0MM HOLES) TO ENSURE PRECISE POSITIONAL ACCURACY AND ANGULAR SPACING.
 11
13.0
 21
255.0
 31
0.0
100
AcDbText
  0
TEXT
  5
1213
330
17
100
AcDbEntity
  8
NOTES
 62
7
100
AcDbText
 10
13.0
 20
250.5
 30
0.0
 40
1.8
  1
4. THE Ø22.0MM HOLE IS LIKELY A PRIMARY LOCATING OR CLEARANCE FEATURE 
 11
13.0
 21
250.5
 31
0.0
100
AcDbText
  0
TEXT
  5
1214
330
17
100
AcDbEntity
  8
NOTES
 62
7
100
AcDbText
 10
13.0
 20
246.5
 30
0.0
 40
1.8
  1
   AND SHOULD BE MACHINED TO SPECIFIED TOLERANCES FOR DIAMETER AND STRAIGHTNESS, POTENTIALLY REQUIRING REAMING OR BORING FOR ACCURACY.
 11
13.0
 21
246.5
 31
0.0
100
AcDbText
  0
TEXT
  5
1215
330
17
100
AcDbEntity
  8
NOTES
 62
7
100
AcDbText
 10
13.0
 20
242.0
 30
0.0
 40
1.8
  1
5. A VARIETY OF HOLE DIAMETERS (4.0MM, 6.5MM, 8.0MM, 22.0MM) AND BLEND
 11
13.0
 21
242.0
 31
0.0
100
AcDbText
  0
TEXT
  5
1216
330
17
100
AcDbEntity
  8
NOTES
 62
7
100
AcDbText
 10
13.0
 20
238.0
 30
0.0
 40
1.8
  1
    RADII (2.0MM, 3.25MM, 4.0MM) REQUIRE A COMPREHENSIVE TOOLING STRATEGY TO ENSURE EFFICIENT AND ACCURATE MACHINING WITHOUT EXCESSIVE TOOL CHANGES OR SPECIALIZED TOOLING.
 11
13.0
 21
238.0
 31
0.0
100
AcDbText
  0
TEXT
  5
1217
330
17
100
AcDbEntity
  8
NOTES
 62
7
100
AcDbText
 10
13.0
 20
233.5
 30
0.0
 40
1.8
  1
6. THOROUGH DEBURRING OF ALL MACHINED EDGES, ESPECIALLY AT HOLE EXITS 
 11
13.0
 21
233.5
 31
0.0
100
AcDbText
  0
TEXT
  5
1218
330
17
100
AcDbEntity
  8
NOTES
 62
7
100
AcDbText
 10
13.0
 20
229.5
 30
0.0
 40
1.8
  1
   AND BLEND TRANSITIONS, IS ESSENTIAL TO PREVENT STRESS CONCENTRATIONS AND ENSURE SAFE HANDLING/ASSEMBLY. SURFACE FINISH FOR FUNCTIONAL SURFACES (E.G., THE Ø22.0MM BORE) SHOULD BE CAREFULLY CONTROLLED PER DESIGN REQUIREMENTS.
 11
13.0
 21
229.5
 31
0.0
100
AcDbText
  0
TEXT
  5
1219
330
17
100
AcDbEntity
  8
DIMENSIONS
 62
3
100
AcDbText
 10
264.0
 20
39.0
 30
0.0
 40
3.0
  1
PART: MULTI-AXIS MOUNTING FLANGE
 11
264.0
 21
39.0
 31
0.0
100
AcDbText
  0
TEXT
  5
121A
330
17
100
AcDbEntity
  8
DIMENSIONS
 62
7
100
AcDbText
 10
264.0
 20
25.0
 30
0.0
 40
2.0
  1
UNITS: MM
 11
264.0
 21
25.0
 31
0.0
100
AcDbText
  0
TEXT
  5
121B
330
17
100
AcDbEntity
  8
DIMENSIONS
 62
7
100
AcDbText
 10
264.0
 20
14.0
 30
0.0
 40
2.0
  1
SCALE  1 : 1
 11
264.0
 21
14.0
 31
0.0
100
AcDbText
  0
TEXT
  5
121C
330
17
100
AcDbEntity
  8
DIMENSIONS
 62
7
100
AcDbText
 10
344.0
 20
14.0
 30
0.0
 40
2.0
  1
DATE: 2026-05-25
 11
344.0
 21
14.0
 31
0.0
100
AcDbText
  0
ENDSEC
  0
SECTION
  2
OBJECTS
  0
DICTIONARY
  5
A
330
0
100
AcDbDictionary
281
1
  3
ACAD_COLOR
350
B
  3
ACAD_GROUP
350
C
  3
ACAD_LAYOUT
350
D
  3
ACAD_MATERIAL
350
E
  3
ACAD_MLEADERSTYLE
350
F
  3
ACAD_MLINESTYLE
350
10
  3
ACAD_PLOTSETTINGS
350
11
  3
ACAD_PLOTSTYLENAME
350
12
  3
ACAD_SCALELIST
350
14
  3
ACAD_TABLESTYLE
350
15
  3
ACAD_VISUALSTYLE
350
16
  3
EZDXF_META
350
2D
  0
DICTIONARY
  5
B
330
A
100
AcDbDictionary
281
1
  0
DICTIONARY
  5
C
330
A
100
AcDbDictionary
281
1
  0
DICTIONARY
  5
D
330
A
100
AcDbDictionary
281
1
  3
Model
350
1A
  3
Layout1
350
1E
  0
DICTIONARY
  5
E
330
A
100
AcDbDictionary
281
1
  3
ByBlock
350
1F
  3
ByLayer
350
20
  3
Global
350
21
  0
DICTIONARY
  5
F
330
A
100
AcDbDictionary
281
1
  3
Standard
350
2C
  0
DICTIONARY
  5
10
330
A
100
AcDbDictionary
281
1
  3
Standard
350
22
  0
DICTIONARY
  5
11
330
A
100
AcDbDictionary
281
1
  0
ACDBDICTIONARYWDFLT
  5
12
330
A
100
AcDbDictionary
281
1
  3
Normal
350
13
100
AcDbDictionaryWithDefault
340
13
  0
ACDBPLACEHOLDER
  5
13
330
12
  0
DICTIONARY
  5
14
330
A
100
AcDbDictionary
281
1
  0
DICTIONARY
  5
15
330
A
100
AcDbDictionary
281
1
  0
DICTIONARY
  5
16
330
A
100
AcDbDictionary
281
1
  0
LAYOUT
  5
1A
330
D
100
AcDbPlotSettings
  1

  4
A3
  6

 40
7.5
 41
20.0
 42
7.5
 43
20.0
 44
420.0
 45
297.0
 46
0.0
 47
0.0
 48
0.0
 49
0.0
140
0.0
141
0.0
142
1.0
143
1.0
 70
1024
 72
1
 73
0
 74
5
  7

 75
16
 76
0
 77
2
 78
300
147
1.0
148
0.0
149
0.0
100
AcDbLayout
  1
Model
 70
1
 71
0
 10
0.0
 20
0.0
 11
420.0
 21
297.0
 12
0.0
 22
0.0
 32
0.0
 14
1e+20
 24
1e+20
 34
1e+20
 15
-1e+20
 25
-1e+20
 35
-1e+20
146
0.0
 13
0.0
 23
0.0
 33
0.0
 16
1.0
 26
0.0
 36
0.0
 17
0.0
 27
1.0
 37
0.0
 76
1
330
17
  0
LAYOUT
  5
1E
330
D
100
AcDbPlotSettings
  1

  4
A3
  6

 40
7.5
 41
20.0
 42
7.5
 43
20.0
 44
420.0
 45
297.0
 46
0.0
 47
0.0
 48
0.0
 49
0.0
140
0.0
141
0.0
142
1.0
143
1.0
 70
0
 72
1
 73
0
 74
5
  7

 75
16
 76
0
 77
2
 78
300
147
1.0
148
0.0
149
0.0
100
AcDbLayout
  1
Layout1
 70
1
 71
1
 10
0.0
 20
0.0
 11
420.0
 21
297.0
 12
0.0
 22
0.0
 32
0.0
 14
1e+20
 24
1e+20
 34
1e+20
 15
-1e+20
 25
-1e+20
 35
-1e+20
146
0.0
 13
0.0
 23
0.0
 33
0.0
 16
1.0
 26
0.0
 36
0.0
 17
0.0
 27
1.0
 37
0.0
 76
1
330
1B
  0
MATERIAL
  5
1F
102
{ACAD_REACTORS
330
E
102
}
330
E
100
AcDbMaterial
  1
ByBlock
  2

 70
0
 40
1.0
 71
1
 41
1.0
 91
-1023410177
 42
1.0
 72
1
  3

 73
1
 74
1
 75
1
 44
0.5
 73
0
 45
1.0
 46
1.0
 77
1
  4

 78
1
 79
1
170
1
 48
1.0
171
1
  6

172
1
173
1
174
1
140
1.0
141
1.0
175
1
  7

176
1
177
1
178
1
143
1.0
179
1
  8

270
1
271
1
272
1
145
1.0
146
1.0
273
1
  9

274
1
275
1
276
1
 42
1.0
 72
1
  3

 73
1
 74
1
 75
1
 94
63
  0
MATERIAL
  5
20
102
{ACAD_REACTORS
330
E
102
}
330
E
100
AcDbMaterial
  1
ByLayer
  2

 70
0
 40
1.0
 71
1
 41
1.0
 91
-1023410177
 42
1.0
 72
1
  3

 73
1
 74
1
 75
1
 44
0.5
 73
0
 45
1.0
 46
1.0
 77
1
  4

 78
1
 79
1
170
1
 48
1.0
171
1
  6

172
1
173
1
174
1
140
1.0
141
1.0
175
1
  7

176
1
177
1
178
1
143
1.0
179
1
  8

270
1
271
1
272
1
145
1.0
146
1.0
273
1
  9

274
1
275
1
276
1
 42
1.0
 72
1
  3

 73
1
 74
1
 75
1
 94
63
  0
MATERIAL
  5
21
102
{ACAD_REACTORS
330
E
102
}
330
E
100
AcDbMaterial
  1
Global
  2

 70
0
 40
1.0
 71
1
 41
1.0
 91
-1023410177
 42
1.0
 72
1
  3

 73
1
 74
1
 75
1
 44
0.5
 73
0
 45
1.0
 46
1.0
 77
1
  4

 78
1
 79
1
170
1
 48
1.0
171
1
  6

172
1
173
1
174
1
140
1.0
141
1.0
175
1
  7

176
1
177
1
178
1
143
1.0
179
1
  8

270
1
271
1
272
1
145
1.0
146
1.0
273
1
  9

274
1
275
1
276
1
 42
1.0
 72
1
  3

 73
1
 74
1
 75
1
 94
63
  0
MLINESTYLE
  5
22
102
{ACAD_REACTORS
330
10
102
}
330
10
100
AcDbMlineStyle
  2
Standard
 70
0
  3

 62
256
 51
90.0
 52
90.0
 71
2
 49
0.5
 62
256
  6
BYLAYER
 49
-0.5
 62
256
  6
BYLAYER
  0
MLEADERSTYLE
  5
2C
102
{ACAD_REACTORS
330
F
102
}
330
F
100
AcDbMLeaderStyle
179
2
170
2
171
1
172
0
 90
2
 40
0.0
 41
0.0
173
1
 91
-1056964608
 92
-2
290
1
 42
2.0
291
1
 43
8.0
  3
Standard
 44
4.0
300

342
29
174
1
175
1
176
0
178
1
 93
-1056964608
 45
4.0
292
0
297
0
 46
4.0
 94
-1056964608
 47
1.0
 49
1.0
140
1.0
294
1
141
0.0
177
0
142
1.0
295
0
296
0
143
3.75
271
0
272
9
273
9
  0
DICTIONARY
  5
2D
330
A
100
AcDbDictionary
280
1
281
1
  3
CREATED_BY_EZDXF
350
2E
  3
WRITTEN_BY_EZDXF
350
121F
  0
DICTIONARYVAR
  5
2E
330
2D
100
DictionaryVariables
280
0
  1
1.4.4 @ 2026-05-25T05:38:55.831587+00:00
  0
DICTIONARYVAR
  5
121F
330
2D
100
DictionaryVariables
280
0
  1
1.4.4 @ 2026-05-25T05:38:55.914903+00:00
  0
ENDSEC
  0
EOF
