  0
SECTION
  2
HEADER
  9
$ACADVER
  1
AC1024
  9
$ACADMAINTVER
 70
6
  9
$DWGCODEPAGE
  3
ANSI_1252
  9
$LASTSAVEDBY
  1
ezdxf
  9
$INSBASE
 10
0.0
 20
0.0
 30
0.0
  9
$EXTMIN
 10
1e+20
 20
1e+20
 30
1e+20
  9
$EXTMAX
 10
-1e+20
 20
-1e+20
 30
-1e+20
  9
$LIMMIN
 10
0.0
 20
0.0
  9
$LIMMAX
 10
420.0
 20
297.0
  9
$ORTHOMODE
 70
0
  9
$REGENMODE
 70
1
  9
$FILLMODE
 70
1
  9
$QTEXTMODE
 70
0
  9
$MIRRTEXT
 70
1
  9
$LTSCALE
 40
0.5
  9
$ATTMODE
 70
1
  9
$TEXTSIZE
 40
2.5
  9
$TRACEWID
 40
1.0
  9
$TEXTSTYLE
  7
Standard
  9
$CLAYER
  8
0
  9
$CELTYPE
  6
ByLayer
  9
$CECOLOR
 62
256
  9
$CELTSCALE
 40
1.0
  9
$DISPSILH
 70
0
  9
$DIMSCALE
 40
1.0
  9
$DIMASZ
 40
2.5
  9
$DIMEXO
 40
0.625
  9
$DIMDLI
 40
3.75
  9
$DIMRND
 40
0.0
  9
$DIMDLE
 40
0.0
  9
$DIMEXE
 40
1.25
  9
$DIMTP
 40
0.0
  9
$DIMTM
 40
0.0
  9
$DIMTXT
 40
2.5
  9
$DIMCEN
 40
2.5
  9
$DIMTSZ
 40
0.0
  9
$DIMTOL
 70
0
  9
$DIMLIM
 70
0
  9
$DIMTIH
 70
0
  9
$DIMTOH
 70
0
  9
$DIMSE1
 70
0
  9
$DIMSE2
 70
0
  9
$DIMTAD
 70
1
  9
$DIMZIN
 70
8
  9
$DIMBLK
  1

  9
$DIMASO
 70
1
  9
$DIMSHO
 70
1
  9
$DIMPOST
  1

  9
$DIMAPOST
  1

  9
$DIMALT
 70
0
  9
$DIMALTD
 70
3
  9
$DIMALTF
 40
0.03937007874
  9
$DIMLFAC
 40
1.0
  9
$DIMTOFL
 70
1
  9
$DIMTVP
 40
0.0
  9
$DIMTIX
 70
0
  9
$DIMSOXD
 70
0
  9
$DIMSAH
 70
0
  9
$DIMBLK1
  1

  9
$DIMBLK2
  1

  9
$DIMSTYLE
  2
ISO-25
  9
$DIMCLRD
 70
0
  9
$DIMCLRE
 70
0
  9
$DIMCLRT
 70
0
  9
$DIMTFAC
 40
1.0
  9
$DIMGAP
 40
0.625
  9
$DIMJUST
 70
0
  9
$DIMSD1
 70
0
  9
$DIMSD2
 70
0
  9
$DIMTOLJ
 70
0
  9
$DIMTZIN
 70
8
  9
$DIMALTZ
 70
0
  9
$DIMALTTZ
 70
0
  9
$DIMUPT
 70
0
  9
$DIMDEC
 70
2
  9
$DIMTDEC
 70
2
  9
$DIMALTU
 70
2
  9
$DIMALTTD
 70
3
  9
$DIMTXSTY
  7
Standard
  9
$DIMAUNIT
 70
0
  9
$DIMADEC
 70
0
  9
$DIMALTRND
 40
0.0
  9
$DIMAZIN
 70
0
  9
$DIMDSEP
 70
44
  9
$DIMATFIT
 70
3
  9
$DIMFRAC
 70
0
  9
$DIMLDRBLK
  1

  9
$DIMLUNIT
 70
2
  9
$DIMLWD
 70
-2
  9
$DIMLWE
 70
-2
  9
$DIMTMOVE
 70
0
  9
$DIMFXL
 40
1.0
  9
$DIMFXLON
 70
0
  9
$DIMJOGANG
 40
0.785398163397
  9
$DIMTFILL
 70
0
  9
$DIMTFILLCLR
 70
0
  9
$DIMARCSYM
 70
0
  9
$DIMLTYPE
  6

  9
$DIMLTEX1
  6

  9
$DIMLTEX2
  6

  9
$DIMTXTDIRECTION
 70
0
  9
$LUNITS
 70
2
  9
$LUPREC
 70
4
  9
$SKETCHINC
 40
1.0
  9
$FILLETRAD
 40
10.0
  9
$AUNITS
 70
0
  9
$AUPREC
 70
2
  9
$MENU
  1
.
  9
$ELEVATION
 40
0.0
  9
$PELEVATION
 40
0.0
  9
$THICKNESS
 40
0.0
  9
$LIMCHECK
 70
0
  9
$CHAMFERA
 40
0.0
  9
$CHAMFERB
 40
0.0
  9
$CHAMFERC
 40
0.0
  9
$CHAMFERD
 40
0.0
  9
$SKPOLY
 70
0
  9
$TDCREATE
 40
2461186.022083333
  9
$TDUCREATE
 40
2458532.153996898
  9
$TDUPDATE
 40
2461186.022083333
  9
$TDUUPDATE
 40
2458532.1544311
  9
$TDINDWG
 40
0.0
  9
$TDUSRTIMER
 40
0.0
  9
$USRTIMER
 70
1
  9
$ANGBASE
 50
0.0
  9
$ANGDIR
 70
0
  9
$PDMODE
 70
0
  9
$PDSIZE
 40
0.0
  9
$PLINEWID
 40
0.0
  9
$SPLFRAME
 70
0
  9
$SPLINETYPE
 70
6
  9
$SPLINESEGS
 70
8
  9
$HANDSEED
  5
115C
  9
$SURFTAB1
 70
6
  9
$SURFTAB2
 70
6
  9
$SURFTYPE
 70
6
  9
$SURFU
 70
6
  9
$SURFV
 70
6
  9
$UCSBASE
  2

  9
$UCSNAME
  2

  9
$UCSORG
 10
0.0
 20
0.0
 30
0.0
  9
$UCSXDIR
 10
1.0
 20
0.0
 30
0.0
  9
$UCSYDIR
 10
0.0
 20
1.0
 30
0.0
  9
$UCSORTHOREF
  2

  9
$UCSORTHOVIEW
 70
0
  9
$UCSORGTOP
 10
0.0
 20
0.0
 30
0.0
  9
$UCSORGBOTTOM
 10
0.0
 20
0.0
 30
0.0
  9
$UCSORGLEFT
 10
0.0
 20
0.0
 30
0.0
  9
$UCSORGRIGHT
 10
0.0
 20
0.0
 30
0.0
  9
$UCSORGFRONT
 10
0.0
 20
0.0
 30
0.0
  9
$UCSORGBACK
 10
0.0
 20
0.0
 30
0.0
  9
$PUCSBASE
  2

  9
$PUCSNAME
  2

  9
$PUCSORG
 10
0.0
 20
0.0
 30
0.0
  9
$PUCSXDIR
 10
1.0
 20
0.0
 30
0.0
  9
$PUCSYDIR
 10
0.0
 20
1.0
 30
0.0
  9
$PUCSORTHOREF
  2

  9
$PUCSORTHOVIEW
 70
0
  9
$PUCSORGTOP
 10
0.0
 20
0.0
 30
0.0
  9
$PUCSORGBOTTOM
 10
0.0
 20
0.0
 30
0.0
  9
$PUCSORGLEFT
 10
0.0
 20
0.0
 30
0.0
  9
$PUCSORGRIGHT
 10
0.0
 20
0.0
 30
0.0
  9
$PUCSORGFRONT
 10
0.0
 20
0.0
 30
0.0
  9
$PUCSORGBACK
 10
0.0
 20
0.0
 30
0.0
  9
$USERI1
 70
0
  9
$USERI2
 70
0
  9
$USERI3
 70
0
  9
$USERI4
 70
0
  9
$USERI5
 70
0
  9
$USERR1
 40
0.0
  9
$USERR2
 40
0.0
  9
$USERR3
 40
0.0
  9
$USERR4
 40
0.0
  9
$USERR5
 40
0.0
  9
$WORLDVIEW
 70
1
  9
$SHADEDGE
 70
3
  9
$SHADEDIF
 70
70
  9
$TILEMODE
 70
1
  9
$MAXACTVP
 70
64
  9
$PINSBASE
 10
0.0
 20
0.0
 30
0.0
  9
$PLIMCHECK
 70
0
  9
$PEXTMIN
 10
1e+20
 20
1e+20
 30
1e+20
  9
$PEXTMAX
 10
-1e+20
 20
-1e+20
 30
-1e+20
  9
$PLIMMIN
 10
0.0
 20
0.0
  9
$PLIMMAX
 10
420.0
 20
297.0
  9
$UNITMODE
 70
0
  9
$VISRETAIN
 70
1
  9
$PLINEGEN
 70
0
  9
$PSLTSCALE
 70
1
  9
$TREEDEPTH
 70
3020
  9
$CMLSTYLE
  2
Standard
  9
$CMLJUST
 70
0
  9
$CMLSCALE
 40
20.0
  9
$PROXYGRAPHICS
 70
1
  9
$MEASUREMENT
 70
1
  9
$CELWEIGHT
370
-1
  9
$ENDCAPS
280
0
  9
$JOINSTYLE
280
0
  9
$LWDISPLAY
290
0
  9
$INSUNITS
 70
6
  9
$HYPERLINKBASE
  1

  9
$STYLESHEET
  1

  9
$XEDIT
290
1
  9
$CEPSNTYPE
380
0
  9
$PSTYLEMODE
290
1
  9
$FINGERPRINTGUID
  2
{8517103C-E5FF-40E4-99E2-AD1519AA3D7F}
  9
$VERSIONGUID
  2
{A37FE683-A9EC-48B3-937F-825420402BB4}
  9
$EXTNAMES
290
1
  9
$PSVPSCALE
 40
0.0
  9
$OLESTARTUP
290
0
  9
$SORTENTS
280
127
  9
$INDEXCTL
280
0
  9
$HIDETEXT
280
1
  9
$XCLIPFRAME
280
1
  9
$HALOGAP
280
0
  9
$OBSCOLOR
 70
257
  9
$OBSLTYPE
280
0
  9
$INTERSECTIONDISPLAY
280
0
  9
$INTERSECTIONCOLOR
 70
257
  9
$DIMASSOC
280
2
  9
$PROJECTNAME
  1

  9
$CAMERADISPLAY
290
0
  9
$LENSLENGTH
 40
50.0
  9
$CAMERAHEIGHT
 40
0.0
  9
$STEPSPERSEC
 40
24.0
  9
$STEPSIZE
 40
100.0
  9
$3DDWFPREC
 40
2.0
  9
$PSOLWIDTH
 40
0.005
  9
$PSOLHEIGHT
 40
0.08
  9
$LOFTANG1
 40
1.570796326795
  9
$LOFTANG2
 40
1.570796326795
  9
$LOFTMAG1
 40
0.0
  9
$LOFTMAG2
 40
0.0
  9
$LOFTPARAM
 70
7
  9
$LOFTNORMALS
280
1
  9
$LATITUDE
 40
37.795
  9
$LONGITUDE
 40
-122.394
  9
$NORTHDIRECTION
 40
0.0
  9
$TIMEZONE
 70
-8000
  9
$LIGHTGLYPHDISPLAY
280
1
  9
$TILEMODELIGHTSYNCH
280
1
  9
$CMATERIAL
347
20
  9
$SOLIDHIST
280
0
  9
$SHOWHIST
280
1
  9
$DWFFRAME
280
2
  9
$DGNFRAME
280
2
  9
$REALWORLDSCALE
290
1
  9
$INTERFERECOLOR
 62
256
  9
$CSHADOW
280
0
  9
$SHADOWPLANELOCATION
 40
0.0
  0
ENDSEC
  0
SECTION
  2
CLASSES
  0
CLASS
  1
ACDBDICTIONARYWDFLT
  2
AcDbDictionaryWithDefault
  3
ObjectDBX Classes
 90
0
 91
0
280
0
281
0
  0
CLASS
  1
SUN
  2
AcDbSun
  3
SCENEOE
 90
1153
 91
0
280
0
281
0
  0
CLASS
  1
VISUALSTYLE
  2
AcDbVisualStyle
  3
ObjectDBX Classes
 90
4095
 91
0
280
0
281
0
  0
CLASS
  1
MATERIAL
  2
AcDbMaterial
  3
ObjectDBX Classes
 90
1153
 91
0
280
0
281
0
  0
CLASS
  1
SCALE
  2
AcDbScale
  3
ObjectDBX Classes
 90
1153
 91
0
280
0
281
0
  0
CLASS
  1
TABLESTYLE
  2
AcDbTableStyle
  3
ObjectDBX Classes
 90
4095
 91
0
280
0
281
0
  0
CLASS
  1
MLEADERSTYLE
  2
AcDbMLeaderStyle
  3
ACDB_MLEADERSTYLE_CLASS
 90
4095
 91
0
280
0
281
0
  0
CLASS
  1
DICTIONARYVAR
  2
AcDbDictionaryVar
  3
ObjectDBX Classes
 90
0
 91
0
280
0
281
0
  0
CLASS
  1
CELLSTYLEMAP
  2
AcDbCellStyleMap
  3
ObjectDBX Classes
 90
1152
 91
0
280
0
281
0
  0
CLASS
  1
MENTALRAYRENDERSETTINGS
  2
AcDbMentalRayRenderSettings
  3
SCENEOE
 90
1024
 91
0
280
0
281
0
  0
CLASS
  1
ACDBDETAILVIEWSTYLE
  2
AcDbDetailViewStyle
  3
ObjectDBX Classes
 90
1025
 91
0
280
0
281
0
  0
CLASS
  1
ACDBSECTIONVIEWSTYLE
  2
AcDbSectionViewStyle
  3
ObjectDBX Classes
 90
1025
 91
0
280
0
281
0
  0
CLASS
  1
RASTERVARIABLES
  2
AcDbRasterVariables
  3
ISM
 90
0
 91
0
280
0
281
0
  0
CLASS
  1
ACDBPLACEHOLDER
  2
AcDbPlaceHolder
  3
ObjectDBX Classes
 90
0
 91
0
280
0
281
0
  0
CLASS
  1
LAYOUT
  2
AcDbLayout
  3
ObjectDBX Classes
 90
0
 91
0
280
0
281
0
  0
ENDSEC
  0
SECTION
  2
TABLES
  0
TABLE
  2
VPORT
  5
8
330
0
100
AcDbSymbolTable
 70
1
  0
VPORT
  5
23
330
8
100
AcDbSymbolTableRecord
100
AcDbViewportTableRecord
  2
*Active
 70
0
 10
0.0
 20
0.0
 11
1.0
 21
1.0
 12
0.0
 22
0.0
 13
0.0
 23
0.0
 14
0.5
 24
0.5
 15
0.5
 25
0.5
 16
0.0
 26
0.0
 36
1.0
 17
0.0
 27
0.0
 37
0.0
 40
1000.0
 41
1.34
 42
50.0
 43
0.0
 44
0.0
 50
0.0
 51
0.0
 71
0
 72
1000
 73
1
 74
3
 75
0
 76
0
 77
0
 78
0
281
0
 65
0
146
0.0
  0
ENDTAB
  0
TABLE
  2
LTYPE
  5
2
330
0
100
AcDbSymbolTable
 70
4
  0
LTYPE
  5
24
330
2
100
AcDbSymbolTableRecord
100
AcDbLinetypeTableRecord
  2
ByBlock
 70
0
  3

 72
65
 73
0
 40
0.0
  0
LTYPE
  5
25
330
2
100
AcDbSymbolTableRecord
100
AcDbLinetypeTableRecord
  2
ByLayer
 70
0
  3

 72
65
 73
0
 40
0.0
  0
LTYPE
  5
26
330
2
100
AcDbSymbolTableRecord
100
AcDbLinetypeTableRecord
  2
Continuous
 70
0
  3

 72
65
 73
0
 40
0.0
  0
LTYPE
  5
2F
330
2
100
AcDbSymbolTableRecord
100
AcDbLinetypeTableRecord
  2
DASHED
 70
0
  3
Hidden Line __ __ __ __ __
 72
65
 73
1
 40
4.0
 49
-2.0
 74
0
  0
ENDTAB
  0
TABLE
  2
LAYER
  5
1
330
0
100
AcDbSymbolTable
 70
8
  0
LAYER
  5
27
330
1
100
AcDbSymbolTableRecord
100
AcDbLayerTableRecord
  2
0
 70
0
 62
7
  6
Continuous
370
-3
390
13
347
21
  0
LAYER
  5
28
330
1
100
AcDbSymbolTableRecord
100
AcDbLayerTableRecord
  2
Defpoints
 70
0
 62
7
  6
Continuous
290
0
370
-3
390
13
347
21
  0
LAYER
  5
30
330
1
100
AcDbSymbolTableRecord
100
AcDbLayerTableRecord
  2
BORDER
 70
0
 62
7
  6
Continuous
370
-3
390
13
347
21
  0
LAYER
  5
31
330
1
100
AcDbSymbolTableRecord
100
AcDbLayerTableRecord
  2
GEOMETRY
 70
0
 62
7
  6
Continuous
370
-3
390
13
347
21
  0
LAYER
  5
32
330
1
100
AcDbSymbolTableRecord
100
AcDbLayerTableRecord
  2
HIDDEN_LINES
 70
0
 62
8
  6
DASHED
370
-3
390
13
347
21
  0
LAYER
  5
33
330
1
100
AcDbSymbolTableRecord
100
AcDbLayerTableRecord
  2
CENTER_LINES
 70
0
 62
1
  6
Continuous
370
-3
390
13
347
21
  0
LAYER
  5
34
330
1
100
AcDbSymbolTableRecord
100
AcDbLayerTableRecord
  2
DIMENSIONS
 70
0
 62
2
  6
Continuous
370
-3
390
13
347
21
  0
LAYER
  5
35
330
1
100
AcDbSymbolTableRecord
100
AcDbLayerTableRecord
  2
NOTES
 70
0
 62
3
  6
Continuous
370
-3
390
13
347
21
  0
ENDTAB
  0
TABLE
  2
STYLE
  5
5
330
0
100
AcDbSymbolTable
 70
1
  0
STYLE
  5
29
330
5
100
AcDbSymbolTableRecord
100
AcDbTextStyleTableRecord
  2
Standard
 70
0
 40
0.0
 41
1.0
 50
0.0
 71
0
 42
2.5
  3
txt
  4

  0
ENDTAB
  0
TABLE
  2
VIEW
  5
7
330
0
100
AcDbSymbolTable
 70
0
  0
ENDTAB
  0
TABLE
  2
UCS
  5
6
330
0
100
AcDbSymbolTable
 70
0
  0
ENDTAB
  0
TABLE
  2
APPID
  5
3
330
0
100
AcDbSymbolTable
 70
3
  0
APPID
  5
2A
330
3
100
AcDbSymbolTableRecord
100
AcDbRegAppTableRecord
  2
ACAD
 70
0
  0
APPID
  5
1159
330
3
100
AcDbSymbolTableRecord
100
AcDbRegAppTableRecord
  2
HATCHBACKGROUNDCOLOR
 70
0
  0
APPID
  5
115A
330
3
100
AcDbSymbolTableRecord
100
AcDbRegAppTableRecord
  2
EZDXF
 70
0
  0
ENDTAB
  0
TABLE
  2
DIMSTYLE
  5
4
330
0
100
AcDbSymbolTable
 70
1
100
AcDbDimStyleTable
  0
DIMSTYLE
105
2B
330
4
100
AcDbSymbolTableRecord
100
AcDbDimStyleTableRecord
  2
Standard
 70
0
 40
1.0
 41
2.5
 42
0.625
 43
3.75
 44
1.25
 45
0.0
 46
0.0
 47
0.0
 48
0.0
 49
2.5
140
2.5
141
2.5
142
0.0
143
0.03937007874
144
1.0
145
0.0
146
1.0
147
0.625
148
0.0
 69
0
 70
0
 71
0
 72
0
 73
0
 74
0
 75
0
 76
0
 77
1
 78
8
 79
3
170
0
171
3
172
1
173
0
174
0
175
0
176
0
177
0
178
0
179
2
271
2
272
2
273
2
274
3
275
0
276
0
277
2
278
44
279
0
280
0
281
0
282
0
283
0
284
8
285
0
286
0
288
0
289
3
290
0
371
-2
372
-2
  0
ENDTAB
  0
TABLE
  2
BLOCK_RECORD
  5
9
330
0
100
AcDbSymbolTable
 70
2
  0
BLOCK_RECORD
  5
17
330
9
100
AcDbSymbolTableRecord
100
AcDbBlockTableRecord
  2
*Model_Space
340
1A
 70
0
280
1
281
0
  0
BLOCK_RECORD
  5
1B
330
9
100
AcDbSymbolTableRecord
100
AcDbBlockTableRecord
  2
*Paper_Space
340
1E
 70
0
280
1
281
0
  0
ENDTAB
  0
ENDSEC
  0
SECTION
  2
BLOCKS
  0
BLOCK
  5
18
330
17
100
AcDbEntity
  8
0
100
AcDbBlockBegin
  2
*Model_Space
 70
0
 10
0.0
 20
0.0
 30
0.0
  3
*Model_Space
  1

  0
ENDBLK
  5
19
330
17
100
AcDbEntity
  8
0
100
AcDbBlockEnd
  0
BLOCK
  5
1C
330
1B
100
AcDbEntity
  8
0
100
AcDbBlockBegin
  2
*Paper_Space
 70
0
 10
0.0
 20
0.0
 30
0.0
  3
*Paper_Space
  1

  0
ENDBLK
  5
1D
330
1B
100
AcDbEntity
  8
0
100
AcDbBlockEnd
  0
ENDSEC
  0
SECTION
  2
ENTITIES
  0
LWPOLYLINE
  5
36
330
17
100
AcDbEntity
  8
BORDER
100
AcDbPolyline
 90
4
 70
1
 10
0.0
 20
0.0
 10
420.0
 20
0.0
 10
420.0
 20
297.0
 10
0.0
 20
297.0
  0
LWPOLYLINE
  5
37
330
17
100
AcDbEntity
  8
BORDER
100
AcDbPolyline
 90
4
 70
1
 10
10.0
 20
10.0
 10
410.0
 20
10.0
 10
410.0
 20
287.0
 10
10.0
 20
287.0
  0
LWPOLYLINE
  5
38
330
17
100
AcDbEntity
  8
BORDER
100
AcDbPolyline
 90
4
 70
1
 10
260.0
 20
10.0
 10
410.0
 20
10.0
 10
410.0
 20
55.0
 10
260.0
 20
55.0
  0
LINE
  5
39
330
17
100
AcDbEntity
  8
BORDER
100
AcDbLine
 10
260.0
 20
23.0
 30
0.0
 11
410.0
 21
23.0
 31
0.0
  0
LINE
  5
3A
330
17
100
AcDbEntity
  8
BORDER
100
AcDbLine
 10
260.0
 20
36.0
 30
0.0
 11
410.0
 21
36.0
 31
0.0
  0
LINE
  5
3B
330
17
100
AcDbEntity
  8
GEOMETRY
100
AcDbLine
 10
170.5
 20
85.91742430504414
 30
0.0
 11
170.5
 21
80.41833347109713
 31
0.0
  0
LINE
  5
3C
330
17
100
AcDbEntity
  8
GEOMETRY
100
AcDbLine
 10
173.5
 20
85.91742430504414
 30
0.0
 11
173.5
 21
80.41833347109713
 31
0.0
  0
LINE
  5
3D
330
17
100
AcDbEntity
  8
GEOMETRY
100
AcDbLine
 10
170.5
 20
80.41833347109713
 30
0.0
 11
170.5
 21
80.39099842260981
 31
0.0
  0
LINE
  5
3E
330
17
100
AcDbEntity
  8
GEOMETRY
100
AcDbLine
 10
170.5
 20
80.39099842260981
 30
0.0
 11
170.5
 21
80.36366337412247
 31
0.0
  0
LINE
  5
3F
330
17
100
AcDbEntity
  8
GEOMETRY
100
AcDbLine
 10
170.5
 20
80.36366337412247
 30
0.0
 11
170.5
 21
80.33632832563515
 31
0.0
  0
LINE
  5
40
330
17
100
AcDbEntity
  8
GEOMETRY
100
AcDbLine
 10
170.5
 20
80.33632832563515
 30
0.0
 11
170.5
 21
80.30899327714782
 31
0.0
  0
LINE
  5
41
330
17
100
AcDbEntity
  8
GEOMETRY
100
AcDbLine
 10
170.5
 20
80.30899327714782
 30
0.0
 11
170.5
 21
80.28248491622593
 31
0.0
  0
LINE
  5
42
330
17
100
AcDbEntity
  8
GEOMETRY
100
AcDbLine
 10
170.5
 20
80.28248491622593
 30
0.0
 11
170.5
 21
80.25707880539127
 31
0.0
  0
LINE
  5
43
330
17
100
AcDbEntity
  8
GEOMETRY
100
AcDbLine
 10
170.5
 20
80.25707880539127
 30
0.0
 11
170.5
 21
80.23167269455661
 31
0.0
  0
LINE
  5
44
330
17
100
AcDbEntity
  8
GEOMETRY
100
AcDbLine
 10
170.5
 20
80.23167269455661
 30
0.0
 11
170.5
 21
80.20626658372197
 31
0.0
  0
LINE
  5
45
330
17
100
AcDbEntity
  8
GEOMETRY
100
AcDbLine
 10
170.5
 20
80.20626658372197
 30
0.0
 11
170.5
 21
80.1808604728873
 31
0.0
  0
LINE
  5
46
330
17
100
AcDbEntity
  8
GEOMETRY
100
AcDbLine
 10
170.5
 20
80.1808604728873
 30
0.0
 11
170.5
 21
80.15712655110357
 31
0.0
  0
LINE
  5
47
330
17
100
AcDbEntity
  8
GEOMETRY
100
AcDbLine
 10
170.5
 20
80.15712655110357
 30
0.0
 11
170.5
 21
80.13367132749501
 31
0.0
  0
LINE
  5
48
330
17
100
AcDbEntity
  8
GEOMETRY
100
AcDbLine
 10
170.5
 20
80.13367132749501
 30
0.0
 11
170.5
 21
80.11021610388643
 31
0.0
  0
LINE
  5
49
330
17
100
AcDbEntity
  8
GEOMETRY
100
AcDbLine
 10
170.5
 20
80.11021610388643
 30
0.0
 11
170.5
 21
80.08676088027786
 31
0.0
  0
LINE
  5
4A
330
17
100
AcDbEntity
  8
GEOMETRY
100
AcDbLine
 10
170.5
 20
80.08676088027786
 30
0.0
 11
170.5
 21
80.06386884276449
 31
0.0
  0
LINE
  5
4B
330
17
100
AcDbEntity
  8
GEOMETRY
100
AcDbLine
 10
170.5
 20
80.06386884276449
 30
0.0
 11
170.5
 21
80.04238477048915
 31
0.0
  0
LINE
  5
4C
330
17
100
AcDbEntity
  8
GEOMETRY
100
AcDbLine
 10
170.5
 20
80.04238477048915
 30
0.0
 11
170.5
 21
80.02090069821381
 31
0.0
  0
LINE
  5
4D
330
17
100
AcDbEntity
  8
GEOMETRY
100
AcDbLine
 10
170.5
 20
80.02090069821381
 30
0.0
 11
170.5
 21
79.99941662593847
 31
0.0
  0
LINE
  5
4E
330
17
100
AcDbEntity
  8
GEOMETRY
100
AcDbLine
 10
170.5
 20
79.99941662593847
 30
0.0
 11
170.5
 21
79.97793255366312
 31
0.0
  0
LINE
  5
4F
330
17
100
AcDbEntity
  8
GEOMETRY
100
AcDbLine
 10
170.5
 20
79.97793255366312
 30
0.0
 11
170.5
 21
79.95786970457848
 31
0.0
  0
LINE
  5
50
330
17
100
AcDbEntity
  8
GEOMETRY
100
AcDbLine
 10
170.5
 20
79.95786970457848
 30
0.0
 11
170.5
 21
79.93837534477014
 31
0.0
  0
LINE
  5
51
330
17
100
AcDbEntity
  8
GEOMETRY
100
AcDbLine
 10
170.5
 20
79.93837534477014
 30
0.0
 11
170.5
 21
79.91888098496179
 31
0.0
  0
LINE
  5
52
330
17
100
AcDbEntity
  8
GEOMETRY
100
AcDbLine
 10
170.5
 20
79.91888098496179
 30
0.0
 11
170.5
 21
79.89938662515343
 31
0.0
  0
LINE
  5
53
330
17
100
AcDbEntity
  8
GEOMETRY
100
AcDbLine
 10
170.5
 20
79.89938662515343
 30
0.0
 11
170.5
 21
79.880178916001
 31
0.0
  0
LINE
  5
54
330
17
100
AcDbEntity
  8
GEOMETRY
100
AcDbLine
 10
170.5
 20
79.880178916001
 30
0.0
 11
170.5
 21
79.86269111078414
 31
0.0
  0
LINE
  5
55
330
17
100
AcDbEntity
  8
GEOMETRY
100
AcDbLine
 10
170.5
 20
79.86269111078414
 30
0.0
 11
170.5
 21
79.84520330556725
 31
0.0
  0
LINE
  5
56
330
17
100
AcDbEntity
  8
GEOMETRY
100
AcDbLine
 10
170.5
 20
79.84520330556725
 30
0.0
 11
170.5
 21
79.8277155003504
 31
0.0
  0
LINE
  5
57
330
17
100
AcDbEntity
  8
GEOMETRY
100
AcDbLine
 10
170.5
 20
79.8277155003504
 30
0.0
 11
170.5
 21
79.81022769513352
 31
0.0
  0
LINE
  5
58
330
17
100
AcDbEntity
  8
GEOMETRY
100
AcDbLine
 10
170.5
 20
79.81022769513352
 30
0.0
 11
170.5
 21
79.7938951260058
 31
0.0
  0
LINE
  5
59
330
17
100
AcDbEntity
  8
GEOMETRY
100
AcDbLine
 10
170.5
 20
79.7938951260058
 30
0.0
 11
170.5
 21
79.7784289839449
 31
0.0
  0
LINE
  5
5A
330
17
100
AcDbEntity
  8
GEOMETRY
100
AcDbLine
 10
170.5
 20
79.7784289839449
 30
0.0
 11
170.5
 21
79.76296284188402
 31
0.0
  0
LINE
  5
5B
330
17
100
AcDbEntity
  8
GEOMETRY
100
AcDbLine
 10
170.5
 20
79.76296284188402
 30
0.0
 11
170.5
 21
79.74749669982313
 31
0.0
  0
LINE
  5
5C
330
17
100
AcDbEntity
  8
GEOMETRY
100
AcDbLine
 10
170.5
 20
79.74749669982313
 30
0.0
 11
170.5
 21
79.73203055776224
 31
0.0
  0
LINE
  5
5D
330
17
100
AcDbEntity
  8
GEOMETRY
100
AcDbLine
 10
170.5
 20
79.73203055776224
 30
0.0
 11
170.5
 21
79.71859944080884
 31
0.0
  0
LINE
  5
5E
330
17
100
AcDbEntity
  8
GEOMETRY
100
AcDbLine
 10
170.5
 20
79.71859944080884
 30
0.0
 11
170.5
 21
79.70516832385542
 31
0.0
  0
LINE
  5
5F
330
17
100
AcDbEntity
  8
GEOMETRY
100
AcDbLine
 10
170.5
 20
79.70516832385542
 30
0.0
 11
170.5
 21
79.69173720690202
 31
0.0
  0
LINE
  5
60
330
17
100
AcDbEntity
  8
GEOMETRY
100
AcDbLine
 10
170.5
 20
79.69173720690202
 30
0.0
 11
170.5
 21
79.67830608994859
 31
0.0
  0
LINE
  5
61
330
17
100
AcDbEntity
  8
GEOMETRY
100
AcDbLine
 10
170.5
 20
79.67830608994859
 30
0.0
 11
170.5
 21
79.66575209966743
 31
0.0
  0
LINE
  5
62
330
17
100
AcDbEntity
  8
GEOMETRY
100
AcDbLine
 10
170.5
 20
79.66575209966743
 30
0.0
 11
170.5
 21
79.65436761161592
 31
0.0
  0
LINE
  5
63
330
17
100
AcDbEntity
  8
GEOMETRY
100
AcDbLine
 10
170.5
 20
79.65436761161592
 30
0.0
 11
170.5
 21
79.64298312356442
 31
0.0
  0
LINE
  5
64
330
17
100
AcDbEntity
  8
GEOMETRY
100
AcDbLine
 10
170.5
 20
79.64298312356442
 30
0.0
 11
170.5
 21
79.63159863551292
 31
0.0
  0
LINE
  5
65
330
17
100
AcDbEntity
  8
GEOMETRY
100
AcDbLine
 10
170.5
 20
79.63159863551292
 30
0.0
 11
170.5
 21
79.6202141474614
 31
0.0
  0
LINE
  5
66
330
17
100
AcDbEntity
  8
GEOMETRY
100
AcDbLine
 10
170.5
 20
79.6202141474614
 30
0.0
 11
170.5
 21
79.61059234327921
 31
0.0
  0
LINE
  5
67
330
17
100
AcDbEntity
  8
GEOMETRY
100
AcDbLine
 10
170.5
 20
79.61059234327921
 30
0.0
 11
170.5
 21
79.6012643197419
 31
0.0
  0
LINE
  5
68
330
17
100
AcDbEntity
  8
GEOMETRY
100
AcDbLine
 10
170.5
 20
79.6012643197419
 30
0.0
 11
170.5
 21
79.5919362962046
 31
0.0
  0
LINE
  5
69
330
17
100
AcDbEntity
  8
GEOMETRY
100
AcDbLine
 10
170.5
 20
79.5919362962046
 30
0.0
 11
170.5
 21
79.5826082726673
 31
0.0
  0
LINE
  5
6A
330
17
100
AcDbEntity
  8
GEOMETRY
100
AcDbLine
 10
170.5
 20
79.5826082726673
 30
0.0
 11
170.5
 21
79.57387011297196
 31
0.0
  0
LINE
  5
6B
330
17
100
AcDbEntity
  8
GEOMETRY
100
AcDbLine
 10
170.5
 20
79.57387011297196
 30
0.0
 11
170.5
 21
79.56660661288156
 31
0.0
  0
LINE
  5
6C
330
17
100
AcDbEntity
  8
GEOMETRY
100
AcDbLine
 10
170.5
 20
79.56660661288156
 30
0.0
 11
170.5
 21
79.55934311279115
 31
0.0
  0
LINE
  5
6D
330
17
100
AcDbEntity
  8
GEOMETRY
100
AcDbLine
 10
170.5
 20
79.55934311279115
 30
0.0
 11
170.5
 21
79.55207961270075
 31
0.0
  0
LINE
  5
6E
330
17
100
AcDbEntity
  8
GEOMETRY
100
AcDbLine
 10
170.5
 20
79.55207961270075
 30
0.0
 11
170.5
 21
79.54481611261035
 31
0.0
  0
LINE
  5
6F
330
17
100
AcDbEntity
  8
GEOMETRY
100
AcDbLine
 10
170.5
 20
79.54481611261035
 30
0.0
 11
170.5
 21
79.5390317544753
 31
0.0
  0
LINE
  5
70
330
17
100
AcDbEntity
  8
GEOMETRY
100
AcDbLine
 10
170.5
 20
79.5390317544753
 30
0.0
 11
170.5
 21
79.53383905312239
 31
0.0
  0
LINE
  5
71
330
17
100
AcDbEntity
  8
GEOMETRY
100
AcDbLine
 10
170.5
 20
79.53383905312239
 30
0.0
 11
170.5
 21
79.52864635176948
 31
0.0
  0
LINE
  5
72
330
17
100
AcDbEntity
  8
GEOMETRY
100
AcDbLine
 10
170.5
 20
79.52864635176948
 30
0.0
 11
170.5
 21
79.52345365041657
 31
0.0
  0
LINE
  5
73
330
17
100
AcDbEntity
  8
GEOMETRY
100
AcDbLine
 10
170.5
 20
79.52345365041657
 30
0.0
 11
170.5
 21
79.5185574183443
 31
0.0
  0
LINE
  5
74
330
17
100
AcDbEntity
  8
GEOMETRY
100
AcDbLine
 10
170.5
 20
79.5185574183443
 30
0.0
 11
170.5
 21
79.51544000195587
 31
0.0
  0
LINE
  5
75
330
17
100
AcDbEntity
  8
GEOMETRY
100
AcDbLine
 10
170.5
 20
79.51544000195587
 30
0.0
 11
170.5
 21
79.51232258556742
 31
0.0
  0
LINE
  5
76
330
17
100
AcDbEntity
  8
GEOMETRY
100
AcDbLine
 10
170.5
 20
79.51232258556742
 30
0.0
 11
170.5
 21
79.50920516917898
 31
0.0
  0
LINE
  5
77
330
17
100
AcDbEntity
  8
GEOMETRY
100
AcDbLine
 10
170.5
 20
79.50920516917898
 30
0.0
 11
170.5
 21
79.50608775279053
 31
0.0
  0
LINE
  5
78
330
17
100
AcDbEntity
  8
GEOMETRY
100
AcDbLine
 10
170.5
 20
79.50608775279053
 30
0.0
 11
170.5
 21
79.50415775254605
 31
0.0
  0
LINE
  5
79
330
17
100
AcDbEntity
  8
GEOMETRY
100
AcDbLine
 10
170.5
 20
79.50415775254605
 30
0.0
 11
170.5
 21
79.50311831440953
 31
0.0
  0
LINE
  5
7A
330
17
100
AcDbEntity
  8
GEOMETRY
100
AcDbLine
 10
170.5
 20
79.50311831440953
 30
0.0
 11
170.5
 21
79.50207887627302
 31
0.0
  0
LINE
  5
7B
330
17
100
AcDbEntity
  8
GEOMETRY
100
AcDbLine
 10
170.5
 20
79.50207887627302
 30
0.0
 11
170.5
 21
79.5010394381365
 31
0.0
  0
LINE
  5
7C
330
17
100
AcDbEntity
  8
GEOMETRY
100
AcDbLine
 10
170.5
 20
79.5010394381365
 30
0.0
 11
170.5
 21
79.49999999999999
 31
0.0
  0
LINE
  5
7D
330
17
100
AcDbEntity
  8
GEOMETRY
100
AcDbLine
 10
170.5
 20
79.49999999999999
 30
0.0
 11
170.5
 21
79.5010394381365
 31
0.0
  0
LINE
  5
7E
330
17
100
AcDbEntity
  8
GEOMETRY
100
AcDbLine
 10
170.5
 20
79.5010394381365
 30
0.0
 11
170.5
 21
79.50207887627302
 31
0.0
  0
LINE
  5
7F
330
17
100
AcDbEntity
  8
GEOMETRY
100
AcDbLine
 10
170.5
 20
79.50207887627302
 30
0.0
 11
170.5
 21
79.50311831440953
 31
0.0
  0
LINE
  5
80
330
17
100
AcDbEntity
  8
GEOMETRY
100
AcDbLine
 10
170.5
 20
79.50311831440953
 30
0.0
 11
170.5
 21
79.50415775254605
 31
0.0
  0
LINE
  5
81
330
17
100
AcDbEntity
  8
GEOMETRY
100
AcDbLine
 10
170.5
 20
79.50415775254605
 30
0.0
 11
170.5
 21
79.50608775279053
 31
0.0
  0
LINE
  5
82
330
17
100
AcDbEntity
  8
GEOMETRY
100
AcDbLine
 10
170.5
 20
79.50608775279053
 30
0.0
 11
170.5
 21
79.50920516917898
 31
0.0
  0
LINE
  5
83
330
17
100
AcDbEntity
  8
GEOMETRY
100
AcDbLine
 10
170.5
 20
79.50920516917898
 30
0.0
 11
170.5
 21
79.51232258556742
 31
0.0
  0
LINE
  5
84
330
17
100
AcDbEntity
  8
GEOMETRY
100
AcDbLine
 10
170.5
 20
79.51232258556742
 30
0.0
 11
170.5
 21
79.51544000195587
 31
0.0
  0
LINE
  5
85
330
17
100
AcDbEntity
  8
GEOMETRY
100
AcDbLine
 10
170.5
 20
79.51544000195587
 30
0.0
 11
170.5
 21
79.5185574183443
 31
0.0
  0
LINE
  5
86
330
17
100
AcDbEntity
  8
GEOMETRY
100
AcDbLine
 10
170.5
 20
79.5185574183443
 30
0.0
 11
170.5
 21
79.52345365041657
 31
0.0
  0
LINE
  5
87
330
17
100
AcDbEntity
  8
GEOMETRY
100
AcDbLine
 10
170.5
 20
79.52345365041657
 30
0.0
 11
170.5
 21
79.52864635176948
 31
0.0
  0
LINE
  5
88
330
17
100
AcDbEntity
  8
GEOMETRY
100
AcDbLine
 10
170.5
 20
79.52864635176948
 30
0.0
 11
170.5
 21
79.53383905312239
 31
0.0
  0
LINE
  5
89
330
17
100
AcDbEntity
  8
GEOMETRY
100
AcDbLine
 10
170.5
 20
79.53383905312239
 30
0.0
 11
170.5
 21
79.5390317544753
 31
0.0
  0
LINE
  5
8A
330
17
100
AcDbEntity
  8
GEOMETRY
100
AcDbLine
 10
170.5
 20
79.5390317544753
 30
0.0
 11
170.5
 21
79.54481611261035
 31
0.0
  0
LINE
  5
8B
330
17
100
AcDbEntity
  8
GEOMETRY
100
AcDbLine
 10
170.5
 20
79.54481611261035
 30
0.0
 11
170.5
 21
79.55207961270075
 31
0.0
  0
LINE
  5
8C
330
17
100
AcDbEntity
  8
GEOMETRY
100
AcDbLine
 10
170.5
 20
79.55207961270075
 30
0.0
 11
170.5
 21
79.55934311279115
 31
0.0
  0
LINE
  5
8D
330
17
100
AcDbEntity
  8
GEOMETRY
100
AcDbLine
 10
170.5
 20
79.55934311279115
 30
0.0
 11
170.5
 21
79.56660661288156
 31
0.0
  0
LINE
  5
8E
330
17
100
AcDbEntity
  8
GEOMETRY
100
AcDbLine
 10
170.5
 20
79.56660661288156
 30
0.0
 11
170.5
 21
79.57387011297196
 31
0.0
  0
LINE
  5
8F
330
17
100
AcDbEntity
  8
GEOMETRY
100
AcDbLine
 10
170.5
 20
79.57387011297196
 30
0.0
 11
170.5
 21
79.5826082726673
 31
0.0
  0
LINE
  5
90
330
17
100
AcDbEntity
  8
GEOMETRY
100
AcDbLine
 10
170.5
 20
79.5826082726673
 30
0.0
 11
170.5
 21
79.5919362962046
 31
0.0
  0
LINE
  5
91
330
17
100
AcDbEntity
  8
GEOMETRY
100
AcDbLine
 10
170.5
 20
79.5919362962046
 30
0.0
 11
170.5
 21
79.6012643197419
 31
0.0
  0
LINE
  5
92
330
17
100
AcDbEntity
  8
GEOMETRY
100
AcDbLine
 10
170.5
 20
79.6012643197419
 30
0.0
 11
170.5
 21
79.61059234327921
 31
0.0
  0
LINE
  5
93
330
17
100
AcDbEntity
  8
GEOMETRY
100
AcDbLine
 10
170.5
 20
79.61059234327921
 30
0.0
 11
170.5
 21
79.6202141474614
 31
0.0
  0
LINE
  5
94
330
17
100
AcDbEntity
  8
GEOMETRY
100
AcDbLine
 10
170.5
 20
79.6202141474614
 30
0.0
 11
170.5
 21
79.6315986355129
 31
0.0
  0
LINE
  5
95
330
17
100
AcDbEntity
  8
GEOMETRY
100
AcDbLine
 10
170.5
 20
79.6315986355129
 30
0.0
 11
170.5
 21
79.64298312356442
 31
0.0
  0
LINE
  5
96
330
17
100
AcDbEntity
  8
GEOMETRY
100
AcDbLine
 10
170.5
 20
79.64298312356442
 30
0.0
 11
170.5
 21
79.65436761161592
 31
0.0
  0
LINE
  5
97
330
17
100
AcDbEntity
  8
GEOMETRY
100
AcDbLine
 10
170.5
 20
79.65436761161592
 30
0.0
 11
170.5
 21
79.66575209966743
 31
0.0
  0
LINE
  5
98
330
17
100
AcDbEntity
  8
GEOMETRY
100
AcDbLine
 10
170.5
 20
79.66575209966743
 30
0.0
 11
170.5
 21
79.67830608994859
 31
0.0
  0
LINE
  5
99
330
17
100
AcDbEntity
  8
GEOMETRY
100
AcDbLine
 10
170.5
 20
79.67830608994859
 30
0.0
 11
170.5
 21
79.691737206902
 31
0.0
  0
LINE
  5
9A
330
17
100
AcDbEntity
  8
GEOMETRY
100
AcDbLine
 10
170.5
 20
79.691737206902
 30
0.0
 11
170.5
 21
79.70516832385542
 31
0.0
  0
LINE
  5
9B
330
17
100
AcDbEntity
  8
GEOMETRY
100
AcDbLine
 10
170.5
 20
79.70516832385542
 30
0.0
 11
170.5
 21
79.71859944080883
 31
0.0
  0
LINE
  5
9C
330
17
100
AcDbEntity
  8
GEOMETRY
100
AcDbLine
 10
170.5
 20
79.71859944080883
 30
0.0
 11
170.5
 21
79.73203055776224
 31
0.0
  0
LINE
  5
9D
330
17
100
AcDbEntity
  8
GEOMETRY
100
AcDbLine
 10
170.5
 20
79.73203055776224
 30
0.0
 11
170.5
 21
79.74749669982313
 31
0.0
  0
LINE
  5
9E
330
17
100
AcDbEntity
  8
GEOMETRY
100
AcDbLine
 10
170.5
 20
79.74749669982313
 30
0.0
 11
170.5
 21
79.76296284188402
 31
0.0
  0
LINE
  5
9F
330
17
100
AcDbEntity
  8
GEOMETRY
100
AcDbLine
 10
170.5
 20
79.76296284188402
 30
0.0
 11
170.5
 21
79.7784289839449
 31
0.0
  0
LINE
  5
A0
330
17
100
AcDbEntity
  8
GEOMETRY
100
AcDbLine
 10
170.5
 20
79.7784289839449
 30
0.0
 11
170.5
 21
79.7938951260058
 31
0.0
  0
LINE
  5
A1
330
17
100
AcDbEntity
  8
GEOMETRY
100
AcDbLine
 10
170.5
 20
79.7938951260058
 30
0.0
 11
170.5
 21
79.81022769513352
 31
0.0
  0
LINE
  5
A2
330
17
100
AcDbEntity
  8
GEOMETRY
100
AcDbLine
 10
170.5
 20
79.81022769513352
 30
0.0
 11
170.5
 21
79.8277155003504
 31
0.0
  0
LINE
  5
A3
330
17
100
AcDbEntity
  8
GEOMETRY
100
AcDbLine
 10
170.5
 20
79.8277155003504
 30
0.0
 11
170.5
 21
79.84520330556725
 31
0.0
  0
LINE
  5
A4
330
17
100
AcDbEntity
  8
GEOMETRY
100
AcDbLine
 10
170.5
 20
79.84520330556725
 30
0.0
 11
170.5
 21
79.86269111078414
 31
0.0
  0
LINE
  5
A5
330
17
100
AcDbEntity
  8
GEOMETRY
100
AcDbLine
 10
170.5
 20
79.86269111078414
 30
0.0
 11
170.5
 21
79.880178916001
 31
0.0
  0
LINE
  5
A6
330
17
100
AcDbEntity
  8
GEOMETRY
100
AcDbLine
 10
170.5
 20
79.880178916001
 30
0.0
 11
170.5
 21
79.89938662515343
 31
0.0
  0
LINE
  5
A7
330
17
100
AcDbEntity
  8
GEOMETRY
100
AcDbLine
 10
170.5
 20
79.89938662515343
 30
0.0
 11
170.5
 21
79.91888098496179
 31
0.0
  0
LINE
  5
A8
330
17
100
AcDbEntity
  8
GEOMETRY
100
AcDbLine
 10
170.5
 20
79.91888098496179
 30
0.0
 11
170.5
 21
79.93837534477014
 31
0.0
  0
LINE
  5
A9
330
17
100
AcDbEntity
  8
GEOMETRY
100
AcDbLine
 10
170.5
 20
79.93837534477014
 30
0.0
 11
170.5
 21
79.95786970457848
 31
0.0
  0
LINE
  5
AA
330
17
100
AcDbEntity
  8
GEOMETRY
100
AcDbLine
 10
170.5
 20
79.95786970457848
 30
0.0
 11
170.5
 21
79.97793255366312
 31
0.0
  0
LINE
  5
AB
330
17
100
AcDbEntity
  8
GEOMETRY
100
AcDbLine
 10
170.5
 20
79.97793255366312
 30
0.0
 11
170.5
 21
79.99941662593847
 31
0.0
  0
LINE
  5
AC
330
17
100
AcDbEntity
  8
GEOMETRY
100
AcDbLine
 10
170.5
 20
79.99941662593847
 30
0.0
 11
170.5
 21
80.02090069821381
 31
0.0
  0
LINE
  5
AD
330
17
100
AcDbEntity
  8
GEOMETRY
100
AcDbLine
 10
170.5
 20
80.02090069821381
 30
0.0
 11
170.5
 21
80.04238477048915
 31
0.0
  0
LINE
  5
AE
330
17
100
AcDbEntity
  8
GEOMETRY
100
AcDbLine
 10
170.5
 20
80.04238477048915
 30
0.0
 11
170.5
 21
80.06386884276449
 31
0.0
  0
LINE
  5
AF
330
17
100
AcDbEntity
  8
GEOMETRY
100
AcDbLine
 10
170.5
 20
80.06386884276449
 30
0.0
 11
170.5
 21
80.08676088027785
 31
0.0
  0
LINE
  5
B0
330
17
100
AcDbEntity
  8
GEOMETRY
100
AcDbLine
 10
170.5
 20
80.08676088027785
 30
0.0
 11
170.5
 21
80.11021610388643
 31
0.0
  0
LINE
  5
B1
330
17
100
AcDbEntity
  8
GEOMETRY
100
AcDbLine
 10
170.5
 20
80.11021610388643
 30
0.0
 11
170.5
 21
80.13367132749501
 31
0.0
  0
LINE
  5
B2
330
17
100
AcDbEntity
  8
GEOMETRY
100
AcDbLine
 10
170.5
 20
80.13367132749501
 30
0.0
 11
170.5
 21
80.15712655110357
 31
0.0
  0
LINE
  5
B3
330
17
100
AcDbEntity
  8
GEOMETRY
100
AcDbLine
 10
170.5
 20
80.15712655110357
 30
0.0
 11
170.5
 21
80.1808604728873
 31
0.0
  0
LINE
  5
B4
330
17
100
AcDbEntity
  8
GEOMETRY
100
AcDbLine
 10
170.5
 20
80.1808604728873
 30
0.0
 11
170.5
 21
80.20626658372197
 31
0.0
  0
LINE
  5
B5
330
17
100
AcDbEntity
  8
GEOMETRY
100
AcDbLine
 10
170.5
 20
80.20626658372197
 30
0.0
 11
170.5
 21
80.23167269455661
 31
0.0
  0
LINE
  5
B6
330
17
100
AcDbEntity
  8
GEOMETRY
100
AcDbLine
 10
170.5
 20
80.23167269455661
 30
0.0
 11
170.5
 21
80.25707880539127
 31
0.0
  0
LINE
  5
B7
330
17
100
AcDbEntity
  8
GEOMETRY
100
AcDbLine
 10
170.5
 20
80.25707880539127
 30
0.0
 11
170.5
 21
80.28248491622591
 31
0.0
  0
LINE
  5
B8
330
17
100
AcDbEntity
  8
GEOMETRY
100
AcDbLine
 10
170.5
 20
80.28248491622591
 30
0.0
 11
170.5
 21
80.30899327714782
 31
0.0
  0
LINE
  5
B9
330
17
100
AcDbEntity
  8
GEOMETRY
100
AcDbLine
 10
170.5
 20
80.30899327714782
 30
0.0
 11
170.5
 21
80.33632832563515
 31
0.0
  0
LINE
  5
BA
330
17
100
AcDbEntity
  8
GEOMETRY
100
AcDbLine
 10
170.5
 20
80.33632832563515
 30
0.0
 11
170.5
 21
80.36366337412247
 31
0.0
  0
LINE
  5
BB
330
17
100
AcDbEntity
  8
GEOMETRY
100
AcDbLine
 10
170.5
 20
80.36366337412247
 30
0.0
 11
170.5
 21
80.3909984226098
 31
0.0
  0
LINE
  5
BC
330
17
100
AcDbEntity
  8
GEOMETRY
100
AcDbLine
 10
170.5
 20
80.3909984226098
 30
0.0
 11
170.5
 21
80.41833347109713
 31
0.0
  0
LINE
  5
BD
330
17
100
AcDbEntity
  8
GEOMETRY
100
AcDbLine
 10
173.5
 20
80.41833347109713
 30
0.0
 11
173.5
 21
80.39099842260981
 31
0.0
  0
LINE
  5
BE
330
17
100
AcDbEntity
  8
GEOMETRY
100
AcDbLine
 10
173.5
 20
80.39099842260981
 30
0.0
 11
173.5
 21
80.36366337412247
 31
0.0
  0
LINE
  5
BF
330
17
100
AcDbEntity
  8
GEOMETRY
100
AcDbLine
 10
173.5
 20
80.36366337412247
 30
0.0
 11
173.5
 21
80.33632832563515
 31
0.0
  0
LINE
  5
C0
330
17
100
AcDbEntity
  8
GEOMETRY
100
AcDbLine
 10
173.5
 20
80.33632832563515
 30
0.0
 11
173.5
 21
80.30899327714782
 31
0.0
  0
LINE
  5
C1
330
17
100
AcDbEntity
  8
GEOMETRY
100
AcDbLine
 10
173.5
 20
80.30899327714782
 30
0.0
 11
173.5
 21
80.28248491622593
 31
0.0
  0
LINE
  5
C2
330
17
100
AcDbEntity
  8
GEOMETRY
100
AcDbLine
 10
173.5
 20
80.28248491622593
 30
0.0
 11
173.5
 21
80.25707880539127
 31
0.0
  0
LINE
  5
C3
330
17
100
AcDbEntity
  8
GEOMETRY
100
AcDbLine
 10
173.5
 20
80.25707880539127
 30
0.0
 11
173.5
 21
80.23167269455661
 31
0.0
  0
LINE
  5
C4
330
17
100
AcDbEntity
  8
GEOMETRY
100
AcDbLine
 10
173.5
 20
80.23167269455661
 30
0.0
 11
173.5
 21
80.20626658372197
 31
0.0
  0
LINE
  5
C5
330
17
100
AcDbEntity
  8
GEOMETRY
100
AcDbLine
 10
173.5
 20
80.20626658372197
 30
0.0
 11
173.5
 21
80.1808604728873
 31
0.0
  0
LINE
  5
C6
330
17
100
AcDbEntity
  8
GEOMETRY
100
AcDbLine
 10
173.5
 20
80.1808604728873
 30
0.0
 11
173.5
 21
80.15712655110357
 31
0.0
  0
LINE
  5
C7
330
17
100
AcDbEntity
  8
GEOMETRY
100
AcDbLine
 10
173.5
 20
80.15712655110357
 30
0.0
 11
173.5
 21
80.13367132749501
 31
0.0
  0
LINE
  5
C8
330
17
100
AcDbEntity
  8
GEOMETRY
100
AcDbLine
 10
173.5
 20
80.13367132749501
 30
0.0
 11
173.5
 21
80.11021610388643
 31
0.0
  0
LINE
  5
C9
330
17
100
AcDbEntity
  8
GEOMETRY
100
AcDbLine
 10
173.5
 20
80.11021610388643
 30
0.0
 11
173.5
 21
80.08676088027786
 31
0.0
  0
LINE
  5
CA
330
17
100
AcDbEntity
  8
GEOMETRY
100
AcDbLine
 10
173.5
 20
80.08676088027786
 30
0.0
 11
173.5
 21
80.06386884276449
 31
0.0
  0
LINE
  5
CB
330
17
100
AcDbEntity
  8
GEOMETRY
100
AcDbLine
 10
173.5
 20
80.06386884276449
 30
0.0
 11
173.5
 21
80.04238477048915
 31
0.0
  0
LINE
  5
CC
330
17
100
AcDbEntity
  8
GEOMETRY
100
AcDbLine
 10
173.5
 20
80.04238477048915
 30
0.0
 11
173.5
 21
80.02090069821381
 31
0.0
  0
LINE
  5
CD
330
17
100
AcDbEntity
  8
GEOMETRY
100
AcDbLine
 10
173.5
 20
80.02090069821381
 30
0.0
 11
173.5
 21
79.99941662593847
 31
0.0
  0
LINE
  5
CE
330
17
100
AcDbEntity
  8
GEOMETRY
100
AcDbLine
 10
173.5
 20
79.99941662593847
 30
0.0
 11
173.5
 21
79.97793255366312
 31
0.0
  0
LINE
  5
CF
330
17
100
AcDbEntity
  8
GEOMETRY
100
AcDbLine
 10
173.5
 20
79.97793255366312
 30
0.0
 11
173.5
 21
79.95786970457848
 31
0.0
  0
LINE
  5
D0
330
17
100
AcDbEntity
  8
GEOMETRY
100
AcDbLine
 10
173.5
 20
79.95786970457848
 30
0.0
 11
173.5
 21
79.93837534477014
 31
0.0
  0
LINE
  5
D1
330
17
100
AcDbEntity
  8
GEOMETRY
100
AcDbLine
 10
173.5
 20
79.93837534477014
 30
0.0
 11
173.5
 21
79.91888098496179
 31
0.0
  0
LINE
  5
D2
330
17
100
AcDbEntity
  8
GEOMETRY
100
AcDbLine
 10
173.5
 20
79.91888098496179
 30
0.0
 11
173.5
 21
79.89938662515343
 31
0.0
  0
LINE
  5
D3
330
17
100
AcDbEntity
  8
GEOMETRY
100
AcDbLine
 10
173.5
 20
79.89938662515343
 30
0.0
 11
173.5
 21
79.880178916001
 31
0.0
  0
LINE
  5
D4
330
17
100
AcDbEntity
  8
GEOMETRY
100
AcDbLine
 10
173.5
 20
79.880178916001
 30
0.0
 11
173.5
 21
79.86269111078414
 31
0.0
  0
LINE
  5
D5
330
17
100
AcDbEntity
  8
GEOMETRY
100
AcDbLine
 10
173.5
 20
79.86269111078414
 30
0.0
 11
173.5
 21
79.84520330556725
 31
0.0
  0
LINE
  5
D6
330
17
100
AcDbEntity
  8
GEOMETRY
100
AcDbLine
 10
173.5
 20
79.84520330556725
 30
0.0
 11
173.5
 21
79.8277155003504
 31
0.0
  0
LINE
  5
D7
330
17
100
AcDbEntity
  8
GEOMETRY
100
AcDbLine
 10
173.5
 20
79.8277155003504
 30
0.0
 11
173.5
 21
79.81022769513352
 31
0.0
  0
LINE
  5
D8
330
17
100
AcDbEntity
  8
GEOMETRY
100
AcDbLine
 10
173.5
 20
79.81022769513352
 30
0.0
 11
173.5
 21
79.7938951260058
 31
0.0
  0
LINE
  5
D9
330
17
100
AcDbEntity
  8
GEOMETRY
100
AcDbLine
 10
173.5
 20
79.7938951260058
 30
0.0
 11
173.5
 21
79.7784289839449
 31
0.0
  0
LINE
  5
DA
330
17
100
AcDbEntity
  8
GEOMETRY
100
AcDbLine
 10
173.5
 20
79.7784289839449
 30
0.0
 11
173.5
 21
79.76296284188402
 31
0.0
  0
LINE
  5
DB
330
17
100
AcDbEntity
  8
GEOMETRY
100
AcDbLine
 10
173.5
 20
79.76296284188402
 30
0.0
 11
173.5
 21
79.74749669982313
 31
0.0
  0
LINE
  5
DC
330
17
100
AcDbEntity
  8
GEOMETRY
100
AcDbLine
 10
173.5
 20
79.74749669982313
 30
0.0
 11
173.5
 21
79.73203055776224
 31
0.0
  0
LINE
  5
DD
330
17
100
AcDbEntity
  8
GEOMETRY
100
AcDbLine
 10
173.5
 20
79.73203055776224
 30
0.0
 11
173.5
 21
79.71859944080884
 31
0.0
  0
LINE
  5
DE
330
17
100
AcDbEntity
  8
GEOMETRY
100
AcDbLine
 10
173.5
 20
79.71859944080884
 30
0.0
 11
173.5
 21
79.70516832385542
 31
0.0
  0
LINE
  5
DF
330
17
100
AcDbEntity
  8
GEOMETRY
100
AcDbLine
 10
173.5
 20
79.70516832385542
 30
0.0
 11
173.5
 21
79.69173720690202
 31
0.0
  0
LINE
  5
E0
330
17
100
AcDbEntity
  8
GEOMETRY
100
AcDbLine
 10
173.5
 20
79.69173720690202
 30
0.0
 11
173.5
 21
79.67830608994859
 31
0.0
  0
LINE
  5
E1
330
17
100
AcDbEntity
  8
GEOMETRY
100
AcDbLine
 10
173.5
 20
79.67830608994859
 30
0.0
 11
173.5
 21
79.66575209966743
 31
0.0
  0
LINE
  5
E2
330
17
100
AcDbEntity
  8
GEOMETRY
100
AcDbLine
 10
173.5
 20
79.66575209966743
 30
0.0
 11
173.5
 21
79.65436761161592
 31
0.0
  0
LINE
  5
E3
330
17
100
AcDbEntity
  8
GEOMETRY
100
AcDbLine
 10
173.5
 20
79.65436761161592
 30
0.0
 11
173.5
 21
79.64298312356442
 31
0.0
  0
LINE
  5
E4
330
17
100
AcDbEntity
  8
GEOMETRY
100
AcDbLine
 10
173.5
 20
79.64298312356442
 30
0.0
 11
173.5
 21
79.6315986355129
 31
0.0
  0
LINE
  5
E5
330
17
100
AcDbEntity
  8
GEOMETRY
100
AcDbLine
 10
173.5
 20
79.6315986355129
 30
0.0
 11
173.5
 21
79.6202141474614
 31
0.0
  0
LINE
  5
E6
330
17
100
AcDbEntity
  8
GEOMETRY
100
AcDbLine
 10
173.5
 20
79.6202141474614
 30
0.0
 11
173.5
 21
79.61059234327921
 31
0.0
  0
LINE
  5
E7
330
17
100
AcDbEntity
  8
GEOMETRY
100
AcDbLine
 10
173.5
 20
79.61059234327921
 30
0.0
 11
173.5
 21
79.6012643197419
 31
0.0
  0
LINE
  5
E8
330
17
100
AcDbEntity
  8
GEOMETRY
100
AcDbLine
 10
173.5
 20
79.6012643197419
 30
0.0
 11
173.5
 21
79.5919362962046
 31
0.0
  0
LINE
  5
E9
330
17
100
AcDbEntity
  8
GEOMETRY
100
AcDbLine
 10
173.5
 20
79.5919362962046
 30
0.0
 11
173.5
 21
79.58260827266729
 31
0.0
  0
LINE
  5
EA
330
17
100
AcDbEntity
  8
GEOMETRY
100
AcDbLine
 10
173.5
 20
79.58260827266729
 30
0.0
 11
173.5
 21
79.57387011297196
 31
0.0
  0
LINE
  5
EB
330
17
100
AcDbEntity
  8
GEOMETRY
100
AcDbLine
 10
173.5
 20
79.57387011297196
 30
0.0
 11
173.5
 21
79.56660661288156
 31
0.0
  0
LINE
  5
EC
330
17
100
AcDbEntity
  8
GEOMETRY
100
AcDbLine
 10
173.5
 20
79.56660661288156
 30
0.0
 11
173.5
 21
79.55934311279115
 31
0.0
  0
LINE
  5
ED
330
17
100
AcDbEntity
  8
GEOMETRY
100
AcDbLine
 10
173.5
 20
79.55934311279115
 30
0.0
 11
173.5
 21
79.55207961270075
 31
0.0
  0
LINE
  5
EE
330
17
100
AcDbEntity
  8
GEOMETRY
100
AcDbLine
 10
173.5
 20
79.55207961270075
 30
0.0
 11
173.5
 21
79.54481611261033
 31
0.0
  0
LINE
  5
EF
330
17
100
AcDbEntity
  8
GEOMETRY
100
AcDbLine
 10
173.5
 20
79.54481611261033
 30
0.0
 11
173.5
 21
79.5390317544753
 31
0.0
  0
LINE
  5
F0
330
17
100
AcDbEntity
  8
GEOMETRY
100
AcDbLine
 10
173.5
 20
79.5390317544753
 30
0.0
 11
173.5
 21
79.53383905312239
 31
0.0
  0
LINE
  5
F1
330
17
100
AcDbEntity
  8
GEOMETRY
100
AcDbLine
 10
173.5
 20
79.53383905312239
 30
0.0
 11
173.5
 21
79.52864635176948
 31
0.0
  0
LINE
  5
F2
330
17
100
AcDbEntity
  8
GEOMETRY
100
AcDbLine
 10
173.5
 20
79.52864635176948
 30
0.0
 11
173.5
 21
79.52345365041657
 31
0.0
  0
LINE
  5
F3
330
17
100
AcDbEntity
  8
GEOMETRY
100
AcDbLine
 10
173.5
 20
79.52345365041657
 30
0.0
 11
173.5
 21
79.5185574183443
 31
0.0
  0
LINE
  5
F4
330
17
100
AcDbEntity
  8
GEOMETRY
100
AcDbLine
 10
173.5
 20
79.5185574183443
 30
0.0
 11
173.5
 21
79.51544000195587
 31
0.0
  0
LINE
  5
F5
330
17
100
AcDbEntity
  8
GEOMETRY
100
AcDbLine
 10
173.5
 20
79.51544000195587
 30
0.0
 11
173.5
 21
79.51232258556742
 31
0.0
  0
LINE
  5
F6
330
17
100
AcDbEntity
  8
GEOMETRY
100
AcDbLine
 10
173.5
 20
79.51232258556742
 30
0.0
 11
173.5
 21
79.50920516917898
 31
0.0
  0
LINE
  5
F7
330
17
100
AcDbEntity
  8
GEOMETRY
100
AcDbLine
 10
173.5
 20
79.50920516917898
 30
0.0
 11
173.5
 21
79.50608775279053
 31
0.0
  0
LINE
  5
F8
330
17
100
AcDbEntity
  8
GEOMETRY
100
AcDbLine
 10
173.5
 20
79.50608775279053
 30
0.0
 11
173.5
 21
79.50415775254605
 31
0.0
  0
LINE
  5
F9
330
17
100
AcDbEntity
  8
GEOMETRY
100
AcDbLine
 10
173.5
 20
79.50415775254605
 30
0.0
 11
173.5
 21
79.50311831440953
 31
0.0
  0
LINE
  5
FA
330
17
100
AcDbEntity
  8
GEOMETRY
100
AcDbLine
 10
173.5
 20
79.50311831440953
 30
0.0
 11
173.5
 21
79.50207887627302
 31
0.0
  0
LINE
  5
FB
330
17
100
AcDbEntity
  8
GEOMETRY
100
AcDbLine
 10
173.5
 20
79.50207887627302
 30
0.0
 11
173.5
 21
79.5010394381365
 31
0.0
  0
LINE
  5
FC
330
17
100
AcDbEntity
  8
GEOMETRY
100
AcDbLine
 10
173.5
 20
79.5010394381365
 30
0.0
 11
173.5
 21
79.49999999999999
 31
0.0
  0
LINE
  5
FD
330
17
100
AcDbEntity
  8
GEOMETRY
100
AcDbLine
 10
173.5
 20
79.49999999999999
 30
0.0
 11
173.5
 21
79.5010394381365
 31
0.0
  0
LINE
  5
FE
330
17
100
AcDbEntity
  8
GEOMETRY
100
AcDbLine
 10
173.5
 20
79.5010394381365
 30
0.0
 11
173.5
 21
79.50207887627302
 31
0.0
  0
LINE
  5
FF
330
17
100
AcDbEntity
  8
GEOMETRY
100
AcDbLine
 10
173.5
 20
79.50207887627302
 30
0.0
 11
173.5
 21
79.50311831440953
 31
0.0
  0
LINE
  5
100
330
17
100
AcDbEntity
  8
GEOMETRY
100
AcDbLine
 10
173.5
 20
79.50311831440953
 30
0.0
 11
173.5
 21
79.50415775254605
 31
0.0
  0
LINE
  5
101
330
17
100
AcDbEntity
  8
GEOMETRY
100
AcDbLine
 10
173.5
 20
79.50415775254605
 30
0.0
 11
173.5
 21
79.50608775279053
 31
0.0
  0
LINE
  5
102
330
17
100
AcDbEntity
  8
GEOMETRY
100
AcDbLine
 10
173.5
 20
79.50608775279053
 30
0.0
 11
173.5
 21
79.50920516917898
 31
0.0
  0
LINE
  5
103
330
17
100
AcDbEntity
  8
GEOMETRY
100
AcDbLine
 10
173.5
 20
79.50920516917898
 30
0.0
 11
173.5
 21
79.51232258556742
 31
0.0
  0
LINE
  5
104
330
17
100
AcDbEntity
  8
GEOMETRY
100
AcDbLine
 10
173.5
 20
79.51232258556742
 30
0.0
 11
173.5
 21
79.51544000195587
 31
0.0
  0
LINE
  5
105
330
17
100
AcDbEntity
  8
GEOMETRY
100
AcDbLine
 10
173.5
 20
79.51544000195587
 30
0.0
 11
173.5
 21
79.5185574183443
 31
0.0
  0
LINE
  5
106
330
17
100
AcDbEntity
  8
GEOMETRY
100
AcDbLine
 10
173.5
 20
79.5185574183443
 30
0.0
 11
173.5
 21
79.52345365041657
 31
0.0
  0
LINE
  5
107
330
17
100
AcDbEntity
  8
GEOMETRY
100
AcDbLine
 10
173.5
 20
79.52345365041657
 30
0.0
 11
173.5
 21
79.52864635176948
 31
0.0
  0
LINE
  5
108
330
17
100
AcDbEntity
  8
GEOMETRY
100
AcDbLine
 10
173.5
 20
79.52864635176948
 30
0.0
 11
173.5
 21
79.53383905312239
 31
0.0
  0
LINE
  5
109
330
17
100
AcDbEntity
  8
GEOMETRY
100
AcDbLine
 10
173.5
 20
79.53383905312239
 30
0.0
 11
173.5
 21
79.5390317544753
 31
0.0
  0
LINE
  5
10A
330
17
100
AcDbEntity
  8
GEOMETRY
100
AcDbLine
 10
173.5
 20
79.5390317544753
 30
0.0
 11
173.5
 21
79.54481611261035
 31
0.0
  0
LINE
  5
10B
330
17
100
AcDbEntity
  8
GEOMETRY
100
AcDbLine
 10
173.5
 20
79.54481611261035
 30
0.0
 11
173.5
 21
79.55207961270075
 31
0.0
  0
LINE
  5
10C
330
17
100
AcDbEntity
  8
GEOMETRY
100
AcDbLine
 10
173.5
 20
79.55207961270075
 30
0.0
 11
173.5
 21
79.55934311279115
 31
0.0
  0
LINE
  5
10D
330
17
100
AcDbEntity
  8
GEOMETRY
100
AcDbLine
 10
173.5
 20
79.55934311279115
 30
0.0
 11
173.5
 21
79.56660661288156
 31
0.0
  0
LINE
  5
10E
330
17
100
AcDbEntity
  8
GEOMETRY
100
AcDbLine
 10
173.5
 20
79.56660661288156
 30
0.0
 11
173.5
 21
79.57387011297196
 31
0.0
  0
LINE
  5
10F
330
17
100
AcDbEntity
  8
GEOMETRY
100
AcDbLine
 10
173.5
 20
79.57387011297196
 30
0.0
 11
173.5
 21
79.5826082726673
 31
0.0
  0
LINE
  5
110
330
17
100
AcDbEntity
  8
GEOMETRY
100
AcDbLine
 10
173.5
 20
79.5826082726673
 30
0.0
 11
173.5
 21
79.59193629620461
 31
0.0
  0
LINE
  5
111
330
17
100
AcDbEntity
  8
GEOMETRY
100
AcDbLine
 10
173.5
 20
79.59193629620461
 30
0.0
 11
173.5
 21
79.6012643197419
 31
0.0
  0
LINE
  5
112
330
17
100
AcDbEntity
  8
GEOMETRY
100
AcDbLine
 10
173.5
 20
79.6012643197419
 30
0.0
 11
173.5
 21
79.61059234327921
 31
0.0
  0
LINE
  5
113
330
17
100
AcDbEntity
  8
GEOMETRY
100
AcDbLine
 10
173.5
 20
79.61059234327921
 30
0.0
 11
173.5
 21
79.6202141474614
 31
0.0
  0
LINE
  5
114
330
17
100
AcDbEntity
  8
GEOMETRY
100
AcDbLine
 10
173.5
 20
79.6202141474614
 30
0.0
 11
173.5
 21
79.63159863551292
 31
0.0
  0
LINE
  5
115
330
17
100
AcDbEntity
  8
GEOMETRY
100
AcDbLine
 10
173.5
 20
79.63159863551292
 30
0.0
 11
173.5
 21
79.64298312356442
 31
0.0
  0
LINE
  5
116
330
17
100
AcDbEntity
  8
GEOMETRY
100
AcDbLine
 10
173.5
 20
79.64298312356442
 30
0.0
 11
173.5
 21
79.65436761161592
 31
0.0
  0
LINE
  5
117
330
17
100
AcDbEntity
  8
GEOMETRY
100
AcDbLine
 10
173.5
 20
79.65436761161592
 30
0.0
 11
173.5
 21
79.66575209966743
 31
0.0
  0
LINE
  5
118
330
17
100
AcDbEntity
  8
GEOMETRY
100
AcDbLine
 10
173.5
 20
79.66575209966743
 30
0.0
 11
173.5
 21
79.67830608994859
 31
0.0
  0
LINE
  5
119
330
17
100
AcDbEntity
  8
GEOMETRY
100
AcDbLine
 10
173.5
 20
79.67830608994859
 30
0.0
 11
173.5
 21
79.69173720690202
 31
0.0
  0
LINE
  5
11A
330
17
100
AcDbEntity
  8
GEOMETRY
100
AcDbLine
 10
173.5
 20
79.69173720690202
 30
0.0
 11
173.5
 21
79.70516832385542
 31
0.0
  0
LINE
  5
11B
330
17
100
AcDbEntity
  8
GEOMETRY
100
AcDbLine
 10
173.5
 20
79.70516832385542
 30
0.0
 11
173.5
 21
79.71859944080883
 31
0.0
  0
LINE
  5
11C
330
17
100
AcDbEntity
  8
GEOMETRY
100
AcDbLine
 10
173.5
 20
79.71859944080883
 30
0.0
 11
173.5
 21
79.73203055776224
 31
0.0
  0
LINE
  5
11D
330
17
100
AcDbEntity
  8
GEOMETRY
100
AcDbLine
 10
173.5
 20
79.73203055776224
 30
0.0
 11
173.5
 21
79.74749669982313
 31
0.0
  0
LINE
  5
11E
330
17
100
AcDbEntity
  8
GEOMETRY
100
AcDbLine
 10
173.5
 20
79.74749669982313
 30
0.0
 11
173.5
 21
79.76296284188402
 31
0.0
  0
LINE
  5
11F
330
17
100
AcDbEntity
  8
GEOMETRY
100
AcDbLine
 10
173.5
 20
79.76296284188402
 30
0.0
 11
173.5
 21
79.7784289839449
 31
0.0
  0
LINE
  5
120
330
17
100
AcDbEntity
  8
GEOMETRY
100
AcDbLine
 10
173.5
 20
79.7784289839449
 30
0.0
 11
173.5
 21
79.7938951260058
 31
0.0
  0
LINE
  5
121
330
17
100
AcDbEntity
  8
GEOMETRY
100
AcDbLine
 10
173.5
 20
79.7938951260058
 30
0.0
 11
173.5
 21
79.81022769513352
 31
0.0
  0
LINE
  5
122
330
17
100
AcDbEntity
  8
GEOMETRY
100
AcDbLine
 10
173.5
 20
79.81022769513352
 30
0.0
 11
173.5
 21
79.8277155003504
 31
0.0
  0
LINE
  5
123
330
17
100
AcDbEntity
  8
GEOMETRY
100
AcDbLine
 10
173.5
 20
79.8277155003504
 30
0.0
 11
173.5
 21
79.84520330556725
 31
0.0
  0
LINE
  5
124
330
17
100
AcDbEntity
  8
GEOMETRY
100
AcDbLine
 10
173.5
 20
79.84520330556725
 30
0.0
 11
173.5
 21
79.86269111078414
 31
0.0
  0
LINE
  5
125
330
17
100
AcDbEntity
  8
GEOMETRY
100
AcDbLine
 10
173.5
 20
79.86269111078414
 30
0.0
 11
173.5
 21
79.880178916001
 31
0.0
  0
LINE
  5
126
330
17
100
AcDbEntity
  8
GEOMETRY
100
AcDbLine
 10
173.5
 20
79.880178916001
 30
0.0
 11
173.5
 21
79.89938662515343
 31
0.0
  0
LINE
  5
127
330
17
100
AcDbEntity
  8
GEOMETRY
100
AcDbLine
 10
173.5
 20
79.89938662515343
 30
0.0
 11
173.5
 21
79.91888098496179
 31
0.0
  0
LINE
  5
128
330
17
100
AcDbEntity
  8
GEOMETRY
100
AcDbLine
 10
173.5
 20
79.91888098496179
 30
0.0
 11
173.5
 21
79.93837534477014
 31
0.0
  0
LINE
  5
129
330
17
100
AcDbEntity
  8
GEOMETRY
100
AcDbLine
 10
173.5
 20
79.93837534477014
 30
0.0
 11
173.5
 21
79.95786970457848
 31
0.0
  0
LINE
  5
12A
330
17
100
AcDbEntity
  8
GEOMETRY
100
AcDbLine
 10
173.5
 20
79.95786970457848
 30
0.0
 11
173.5
 21
79.97793255366312
 31
0.0
  0
LINE
  5
12B
330
17
100
AcDbEntity
  8
GEOMETRY
100
AcDbLine
 10
173.5
 20
79.97793255366312
 30
0.0
 11
173.5
 21
79.99941662593847
 31
0.0
  0
LINE
  5
12C
330
17
100
AcDbEntity
  8
GEOMETRY
100
AcDbLine
 10
173.5
 20
79.99941662593847
 30
0.0
 11
173.5
 21
80.02090069821381
 31
0.0
  0
LINE
  5
12D
330
17
100
AcDbEntity
  8
GEOMETRY
100
AcDbLine
 10
173.5
 20
80.02090069821381
 30
0.0
 11
173.5
 21
80.04238477048915
 31
0.0
  0
LINE
  5
12E
330
17
100
AcDbEntity
  8
GEOMETRY
100
AcDbLine
 10
173.5
 20
80.04238477048915
 30
0.0
 11
173.5
 21
80.06386884276449
 31
0.0
  0
LINE
  5
12F
330
17
100
AcDbEntity
  8
GEOMETRY
100
AcDbLine
 10
173.5
 20
80.06386884276449
 30
0.0
 11
173.5
 21
80.08676088027785
 31
0.0
  0
LINE
  5
130
330
17
100
AcDbEntity
  8
GEOMETRY
100
AcDbLine
 10
173.5
 20
80.08676088027785
 30
0.0
 11
173.5
 21
80.11021610388643
 31
0.0
  0
LINE
  5
131
330
17
100
AcDbEntity
  8
GEOMETRY
100
AcDbLine
 10
173.5
 20
80.11021610388643
 30
0.0
 11
173.5
 21
80.133671327495
 31
0.0
  0
LINE
  5
132
330
17
100
AcDbEntity
  8
GEOMETRY
100
AcDbLine
 10
173.5
 20
80.133671327495
 30
0.0
 11
173.5
 21
80.15712655110357
 31
0.0
  0
LINE
  5
133
330
17
100
AcDbEntity
  8
GEOMETRY
100
AcDbLine
 10
173.5
 20
80.15712655110357
 30
0.0
 11
173.5
 21
80.1808604728873
 31
0.0
  0
LINE
  5
134
330
17
100
AcDbEntity
  8
GEOMETRY
100
AcDbLine
 10
173.5
 20
80.1808604728873
 30
0.0
 11
173.5
 21
80.20626658372197
 31
0.0
  0
LINE
  5
135
330
17
100
AcDbEntity
  8
GEOMETRY
100
AcDbLine
 10
173.5
 20
80.20626658372197
 30
0.0
 11
173.5
 21
80.23167269455661
 31
0.0
  0
LINE
  5
136
330
17
100
AcDbEntity
  8
GEOMETRY
100
AcDbLine
 10
173.5
 20
80.23167269455661
 30
0.0
 11
173.5
 21
80.25707880539127
 31
0.0
  0
LINE
  5
137
330
17
100
AcDbEntity
  8
GEOMETRY
100
AcDbLine
 10
173.5
 20
80.25707880539127
 30
0.0
 11
173.5
 21
80.28248491622593
 31
0.0
  0
LINE
  5
138
330
17
100
AcDbEntity
  8
GEOMETRY
100
AcDbLine
 10
173.5
 20
80.28248491622593
 30
0.0
 11
173.5
 21
80.30899327714782
 31
0.0
  0
LINE
  5
139
330
17
100
AcDbEntity
  8
GEOMETRY
100
AcDbLine
 10
173.5
 20
80.30899327714782
 30
0.0
 11
173.5
 21
80.33632832563515
 31
0.0
  0
LINE
  5
13A
330
17
100
AcDbEntity
  8
GEOMETRY
100
AcDbLine
 10
173.5
 20
80.33632832563515
 30
0.0
 11
173.5
 21
80.36366337412247
 31
0.0
  0
LINE
  5
13B
330
17
100
AcDbEntity
  8
GEOMETRY
100
AcDbLine
 10
173.5
 20
80.36366337412247
 30
0.0
 11
173.5
 21
80.3909984226098
 31
0.0
  0
LINE
  5
13C
330
17
100
AcDbEntity
  8
GEOMETRY
100
AcDbLine
 10
173.5
 20
80.3909984226098
 30
0.0
 11
173.5
 21
80.41833347109713
 31
0.0
  0
LINE
  5
13D
330
17
100
AcDbEntity
  8
GEOMETRY
100
AcDbLine
 10
170.5
 20
80.41833347109717
 30
0.0
 11
170.5
 21
85.9174243050442
 31
0.0
  0
LINE
  5
13E
330
17
100
AcDbEntity
  8
GEOMETRY
100
AcDbLine
 10
173.5
 20
80.41833347109717
 30
0.0
 11
173.5
 21
85.9174243050442
 31
0.0
  0
LINE
  5
13F
330
17
100
AcDbEntity
  8
GEOMETRY
100
AcDbLine
 10
170.5
 20
85.91742430504414
 30
0.0
 11
170.5
 21
86.00326412991558
 31
0.0
  0
LINE
  5
140
330
17
100
AcDbEntity
  8
GEOMETRY
100
AcDbLine
 10
170.5
 20
86.00326412991558
 30
0.0
 11
170.5
 21
86.089103954787
 31
0.0
  0
LINE
  5
141
330
17
100
AcDbEntity
  8
GEOMETRY
100
AcDbLine
 10
170.5
 20
86.089103954787
 30
0.0
 11
170.5
 21
86.17494377965843
 31
0.0
  0
LINE
  5
142
330
17
100
AcDbEntity
  8
GEOMETRY
100
AcDbLine
 10
170.5
 20
86.17494377965843
 30
0.0
 11
170.5
 21
86.26078360452986
 31
0.0
  0
LINE
  5
143
330
17
100
AcDbEntity
  8
GEOMETRY
100
AcDbLine
 10
170.5
 20
86.26078360452986
 30
0.0
 11
170.5
 21
86.35737296688633
 31
0.0
  0
LINE
  5
144
330
17
100
AcDbEntity
  8
GEOMETRY
100
AcDbLine
 10
170.5
 20
86.35737296688633
 30
0.0
 11
170.5
 21
86.46829504588953
 31
0.0
  0
LINE
  5
145
330
17
100
AcDbEntity
  8
GEOMETRY
100
AcDbLine
 10
170.5
 20
86.46829504588953
 30
0.0
 11
170.5
 21
86.57921712489272
 31
0.0
  0
LINE
  5
146
330
17
100
AcDbEntity
  8
GEOMETRY
100
AcDbLine
 10
170.5
 20
86.57921712489272
 30
0.0
 11
170.5
 21
86.69013920389591
 31
0.0
  0
LINE
  5
147
330
17
100
AcDbEntity
  8
GEOMETRY
100
AcDbLine
 10
170.5
 20
86.69013920389591
 30
0.0
 11
170.5
 21
86.8010612828991
 31
0.0
  0
LINE
  5
148
330
17
100
AcDbEntity
  8
GEOMETRY
100
AcDbLine
 10
170.5
 20
86.8010612828991
 30
0.0
 11
170.5
 21
86.93088072869776
 31
0.0
  0
LINE
  5
149
330
17
100
AcDbEntity
  8
GEOMETRY
100
AcDbLine
 10
170.5
 20
86.93088072869776
 30
0.0
 11
170.5
 21
87.06384973562898
 31
0.0
  0
LINE
  5
14A
330
17
100
AcDbEntity
  8
GEOMETRY
100
AcDbLine
 10
170.5
 20
87.06384973562898
 30
0.0
 11
170.5
 21
87.1968187425602
 31
0.0
  0
LINE
  5
14B
330
17
100
AcDbEntity
  8
GEOMETRY
100
AcDbLine
 10
170.5
 20
87.1968187425602
 30
0.0
 11
170.5
 21
87.32978774949143
 31
0.0
  0
LINE
  5
14C
330
17
100
AcDbEntity
  8
GEOMETRY
100
AcDbLine
 10
170.5
 20
87.32978774949143
 30
0.0
 11
170.5
 21
87.4680162703567
 31
0.0
  0
LINE
  5
14D
330
17
100
AcDbEntity
  8
GEOMETRY
100
AcDbLine
 10
170.5
 20
87.4680162703567
 30
0.0
 11
170.5
 21
87.61939357605709
 31
0.0
  0
LINE
  5
14E
330
17
100
AcDbEntity
  8
GEOMETRY
100
AcDbLine
 10
170.5
 20
87.61939357605709
 30
0.0
 11
170.5
 21
87.77077088175749
 31
0.0
  0
LINE
  5
14F
330
17
100
AcDbEntity
  8
GEOMETRY
100
AcDbLine
 10
170.5
 20
87.77077088175749
 30
0.0
 11
170.5
 21
87.92214818745788
 31
0.0
  0
LINE
  5
150
330
17
100
AcDbEntity
  8
GEOMETRY
100
AcDbLine
 10
170.5
 20
87.92214818745788
 30
0.0
 11
170.5
 21
88.07352549315827
 31
0.0
  0
LINE
  5
151
330
17
100
AcDbEntity
  8
GEOMETRY
100
AcDbLine
 10
170.5
 20
88.07352549315827
 30
0.0
 11
170.5
 21
88.23509275306517
 31
0.0
  0
LINE
  5
152
330
17
100
AcDbEntity
  8
GEOMETRY
100
AcDbLine
 10
170.5
 20
88.23509275306517
 30
0.0
 11
170.5
 21
88.40073599465467
 31
0.0
  0
LINE
  5
153
330
17
100
AcDbEntity
  8
GEOMETRY
100
AcDbLine
 10
170.5
 20
88.40073599465467
 30
0.0
 11
170.5
 21
88.56637923624416
 31
0.0
  0
LINE
  5
154
330
17
100
AcDbEntity
  8
GEOMETRY
100
AcDbLine
 10
170.5
 20
88.56637923624416
 30
0.0
 11
170.5
 21
88.73202247783365
 31
0.0
  0
LINE
  5
155
330
17
100
AcDbEntity
  8
GEOMETRY
100
AcDbLine
 10
170.5
 20
88.73202247783365
 30
0.0
 11
170.5
 21
88.89905617555722
 31
0.0
  0
LINE
  5
156
330
17
100
AcDbEntity
  8
GEOMETRY
100
AcDbLine
 10
170.5
 20
88.89905617555722
 30
0.0
 11
170.5
 21
89.07443261008522
 31
0.0
  0
LINE
  5
157
330
17
100
AcDbEntity
  8
GEOMETRY
100
AcDbLine
 10
170.5
 20
89.07443261008522
 30
0.0
 11
170.5
 21
89.24980904461322
 31
0.0
  0
LINE
  5
158
330
17
100
AcDbEntity
  8
GEOMETRY
100
AcDbLine
 10
170.5
 20
89.24980904461322
 30
0.0
 11
170.5
 21
89.4251854791412
 31
0.0
  0
LINE
  5
159
330
17
100
AcDbEntity
  8
GEOMETRY
100
AcDbLine
 10
170.5
 20
89.4251854791412
 30
0.0
 11
170.5
 21
89.60056191366921
 31
0.0
  0
LINE
  5
15A
330
17
100
AcDbEntity
  8
GEOMETRY
100
AcDbLine
 10
170.5
 20
89.60056191366921
 30
0.0
 11
170.5
 21
89.77875783740855
 31
0.0
  0
LINE
  5
15B
330
17
100
AcDbEntity
  8
GEOMETRY
100
AcDbLine
 10
170.5
 20
89.77875783740855
 30
0.0
 11
170.5
 21
89.9590683780564
 31
0.0
  0
LINE
  5
15C
330
17
100
AcDbEntity
  8
GEOMETRY
100
AcDbLine
 10
170.5
 20
89.9590683780564
 30
0.0
 11
170.5
 21
90.13937891870427
 31
0.0
  0
LINE
  5
15D
330
17
100
AcDbEntity
  8
GEOMETRY
100
AcDbLine
 10
170.5
 20
90.13937891870427
 30
0.0
 11
170.5
 21
90.31968945935212
 31
0.0
  0
LINE
  5
15E
330
17
100
AcDbEntity
  8
GEOMETRY
100
AcDbLine
 10
170.5
 20
90.31968945935212
 30
0.0
 11
170.5
 21
90.49999999999999
 31
0.0
  0
LINE
  5
15F
330
17
100
AcDbEntity
  8
GEOMETRY
100
AcDbLine
 10
170.5
 20
90.49999999999999
 30
0.0
 11
170.5
 21
90.68031054064784
 31
0.0
  0
LINE
  5
160
330
17
100
AcDbEntity
  8
GEOMETRY
100
AcDbLine
 10
170.5
 20
90.68031054064784
 30
0.0
 11
170.5
 21
90.8606210812957
 31
0.0
  0
LINE
  5
161
330
17
100
AcDbEntity
  8
GEOMETRY
100
AcDbLine
 10
170.5
 20
90.8606210812957
 30
0.0
 11
170.5
 21
91.04093162194356
 31
0.0
  0
LINE
  5
162
330
17
100
AcDbEntity
  8
GEOMETRY
100
AcDbLine
 10
170.5
 20
91.04093162194356
 30
0.0
 11
170.5
 21
91.22124216259141
 31
0.0
  0
LINE
  5
163
330
17
100
AcDbEntity
  8
GEOMETRY
100
AcDbLine
 10
170.5
 20
91.22124216259141
 30
0.0
 11
170.5
 21
91.39943808633076
 31
0.0
  0
LINE
  5
164
330
17
100
AcDbEntity
  8
GEOMETRY
100
AcDbLine
 10
170.5
 20
91.39943808633076
 30
0.0
 11
170.5
 21
91.57481452085875
 31
0.0
  0
LINE
  5
165
330
17
100
AcDbEntity
  8
GEOMETRY
100
AcDbLine
 10
170.5
 20
91.57481452085875
 30
0.0
 11
170.5
 21
91.75019095538676
 31
0.0
  0
LINE
  5
166
330
17
100
AcDbEntity
  8
GEOMETRY
100
AcDbLine
 10
170.5
 20
91.75019095538676
 30
0.0
 11
170.5
 21
91.92556738991475
 31
0.0
  0
LINE
  5
167
330
17
100
AcDbEntity
  8
GEOMETRY
100
AcDbLine
 10
170.5
 20
91.92556738991475
 30
0.0
 11
170.5
 21
92.10094382444274
 31
0.0
  0
LINE
  5
168
330
17
100
AcDbEntity
  8
GEOMETRY
100
AcDbLine
 10
170.5
 20
92.10094382444274
 30
0.0
 11
170.5
 21
92.2679775221663
 31
0.0
  0
LINE
  5
169
330
17
100
AcDbEntity
  8
GEOMETRY
100
AcDbLine
 10
170.5
 20
92.2679775221663
 30
0.0
 11
170.5
 21
92.4336207637558
 31
0.0
  0
LINE
  5
16A
330
17
100
AcDbEntity
  8
GEOMETRY
100
AcDbLine
 10
170.5
 20
92.4336207637558
 30
0.0
 11
170.5
 21
92.5992640053453
 31
0.0
  0
LINE
  5
16B
330
17
100
AcDbEntity
  8
GEOMETRY
100
AcDbLine
 10
170.5
 20
92.5992640053453
 30
0.0
 11
170.5
 21
92.7649072469348
 31
0.0
  0
LINE
  5
16C
330
17
100
AcDbEntity
  8
GEOMETRY
100
AcDbLine
 10
170.5
 20
92.7649072469348
 30
0.0
 11
170.5
 21
92.92647450684169
 31
0.0
  0
LINE
  5
16D
330
17
100
AcDbEntity
  8
GEOMETRY
100
AcDbLine
 10
170.5
 20
92.92647450684169
 30
0.0
 11
170.5
 21
93.07785181254208
 31
0.0
  0
LINE
  5
16E
330
17
100
AcDbEntity
  8
GEOMETRY
100
AcDbLine
 10
170.5
 20
93.07785181254208
 30
0.0
 11
170.5
 21
93.22922911824247
 31
0.0
  0
LINE
  5
16F
330
17
100
AcDbEntity
  8
GEOMETRY
100
AcDbLine
 10
170.5
 20
93.22922911824247
 30
0.0
 11
170.5
 21
93.38060642394287
 31
0.0
  0
LINE
  5
170
330
17
100
AcDbEntity
  8
GEOMETRY
100
AcDbLine
 10
170.5
 20
93.38060642394287
 30
0.0
 11
170.5
 21
93.53198372964326
 31
0.0
  0
LINE
  5
171
330
17
100
AcDbEntity
  8
GEOMETRY
100
AcDbLine
 10
170.5
 20
93.53198372964326
 30
0.0
 11
170.5
 21
93.67021225050854
 31
0.0
  0
LINE
  5
172
330
17
100
AcDbEntity
  8
GEOMETRY
100
AcDbLine
 10
170.5
 20
93.67021225050854
 30
0.0
 11
170.5
 21
93.80318125743976
 31
0.0
  0
LINE
  5
173
330
17
100
AcDbEntity
  8
GEOMETRY
100
AcDbLine
 10
170.5
 20
93.80318125743976
 30
0.0
 11
170.5
 21
93.93615026437098
 31
0.0
  0
LINE
  5
174
330
17
100
AcDbEntity
  8
GEOMETRY
100
AcDbLine
 10
170.5
 20
93.93615026437098
 30
0.0
 11
170.5
 21
94.06911927130221
 31
0.0
  0
LINE
  5
175
330
17
100
AcDbEntity
  8
GEOMETRY
100
AcDbLine
 10
170.5
 20
94.06911927130221
 30
0.0
 11
170.5
 21
94.19893871710086
 31
0.0
  0
LINE
  5
176
330
17
100
AcDbEntity
  8
GEOMETRY
100
AcDbLine
 10
170.5
 20
94.19893871710086
 30
0.0
 11
170.5
 21
94.30986079610406
 31
0.0
  0
LINE
  5
177
330
17
100
AcDbEntity
  8
GEOMETRY
100
AcDbLine
 10
170.5
 20
94.30986079610406
 30
0.0
 11
170.5
 21
94.42078287510725
 31
0.0
  0
LINE
  5
178
330
17
100
AcDbEntity
  8
GEOMETRY
100
AcDbLine
 10
170.5
 20
94.42078287510725
 30
0.0
 11
170.5
 21
94.53170495411044
 31
0.0
  0
LINE
  5
179
330
17
100
AcDbEntity
  8
GEOMETRY
100
AcDbLine
 10
170.5
 20
94.53170495411044
 30
0.0
 11
170.5
 21
94.64262703311363
 31
0.0
  0
LINE
  5
17A
330
17
100
AcDbEntity
  8
GEOMETRY
100
AcDbLine
 10
170.5
 20
94.64262703311363
 30
0.0
 11
170.5
 21
94.73921639547011
 31
0.0
  0
LINE
  5
17B
330
17
100
AcDbEntity
  8
GEOMETRY
100
AcDbLine
 10
170.5
 20
94.73921639547011
 30
0.0
 11
170.5
 21
94.82505622034154
 31
0.0
  0
LINE
  5
17C
330
17
100
AcDbEntity
  8
GEOMETRY
100
AcDbLine
 10
170.5
 20
94.82505622034154
 30
0.0
 11
170.5
 21
94.91089604521297
 31
0.0
  0
LINE
  5
17D
330
17
100
AcDbEntity
  8
GEOMETRY
100
AcDbLine
 10
170.5
 20
94.91089604521297
 30
0.0
 11
170.5
 21
94.9967358700844
 31
0.0
  0
LINE
  5
17E
330
17
100
AcDbEntity
  8
GEOMETRY
100
AcDbLine
 10
170.5
 20
94.9967358700844
 30
0.0
 11
170.5
 21
95.08257569495582
 31
0.0
  0
LINE
  5
17F
330
17
100
AcDbEntity
  8
GEOMETRY
100
AcDbLine
 10
173.5
 20
85.91742430504414
 30
0.0
 11
173.5
 21
86.00326412991558
 31
0.0
  0
LINE
  5
180
330
17
100
AcDbEntity
  8
GEOMETRY
100
AcDbLine
 10
173.5
 20
86.00326412991558
 30
0.0
 11
173.5
 21
86.089103954787
 31
0.0
  0
LINE
  5
181
330
17
100
AcDbEntity
  8
GEOMETRY
100
AcDbLine
 10
173.5
 20
86.089103954787
 30
0.0
 11
173.5
 21
86.17494377965843
 31
0.0
  0
LINE
  5
182
330
17
100
AcDbEntity
  8
GEOMETRY
100
AcDbLine
 10
173.5
 20
86.17494377965843
 30
0.0
 11
173.5
 21
86.26078360452986
 31
0.0
  0
LINE
  5
183
330
17
100
AcDbEntity
  8
GEOMETRY
100
AcDbLine
 10
173.5
 20
86.26078360452986
 30
0.0
 11
173.5
 21
86.35737296688633
 31
0.0
  0
LINE
  5
184
330
17
100
AcDbEntity
  8
GEOMETRY
100
AcDbLine
 10
173.5
 20
86.35737296688633
 30
0.0
 11
173.5
 21
86.46829504588953
 31
0.0
  0
LINE
  5
185
330
17
100
AcDbEntity
  8
GEOMETRY
100
AcDbLine
 10
173.5
 20
86.46829504588953
 30
0.0
 11
173.5
 21
86.57921712489272
 31
0.0
  0
LINE
  5
186
330
17
100
AcDbEntity
  8
GEOMETRY
100
AcDbLine
 10
173.5
 20
86.57921712489272
 30
0.0
 11
173.5
 21
86.69013920389591
 31
0.0
  0
LINE
  5
187
330
17
100
AcDbEntity
  8
GEOMETRY
100
AcDbLine
 10
173.5
 20
86.69013920389591
 30
0.0
 11
173.5
 21
86.8010612828991
 31
0.0
  0
LINE
  5
188
330
17
100
AcDbEntity
  8
GEOMETRY
100
AcDbLine
 10
173.5
 20
86.8010612828991
 30
0.0
 11
173.5
 21
86.93088072869776
 31
0.0
  0
LINE
  5
189
330
17
100
AcDbEntity
  8
GEOMETRY
100
AcDbLine
 10
173.5
 20
86.93088072869776
 30
0.0
 11
173.5
 21
87.06384973562898
 31
0.0
  0
LINE
  5
18A
330
17
100
AcDbEntity
  8
GEOMETRY
100
AcDbLine
 10
173.5
 20
87.06384973562898
 30
0.0
 11
173.5
 21
87.1968187425602
 31
0.0
  0
LINE
  5
18B
330
17
100
AcDbEntity
  8
GEOMETRY
100
AcDbLine
 10
173.5
 20
87.1968187425602
 30
0.0
 11
173.5
 21
87.32978774949143
 31
0.0
  0
LINE
  5
18C
330
17
100
AcDbEntity
  8
GEOMETRY
100
AcDbLine
 10
173.5
 20
87.32978774949143
 30
0.0
 11
173.5
 21
87.4680162703567
 31
0.0
  0
LINE
  5
18D
330
17
100
AcDbEntity
  8
GEOMETRY
100
AcDbLine
 10
173.5
 20
87.4680162703567
 30
0.0
 11
173.5
 21
87.61939357605709
 31
0.0
  0
LINE
  5
18E
330
17
100
AcDbEntity
  8
GEOMETRY
100
AcDbLine
 10
173.5
 20
87.61939357605709
 30
0.0
 11
173.5
 21
87.77077088175749
 31
0.0
  0
LINE
  5
18F
330
17
100
AcDbEntity
  8
GEOMETRY
100
AcDbLine
 10
173.5
 20
87.77077088175749
 30
0.0
 11
173.5
 21
87.92214818745788
 31
0.0
  0
LINE
  5
190
330
17
100
AcDbEntity
  8
GEOMETRY
100
AcDbLine
 10
173.5
 20
87.92214818745788
 30
0.0
 11
173.5
 21
88.07352549315827
 31
0.0
  0
LINE
  5
191
330
17
100
AcDbEntity
  8
GEOMETRY
100
AcDbLine
 10
173.5
 20
88.07352549315827
 30
0.0
 11
173.5
 21
88.23509275306517
 31
0.0
  0
LINE
  5
192
330
17
100
AcDbEntity
  8
GEOMETRY
100
AcDbLine
 10
173.5
 20
88.23509275306517
 30
0.0
 11
173.5
 21
88.40073599465467
 31
0.0
  0
LINE
  5
193
330
17
100
AcDbEntity
  8
GEOMETRY
100
AcDbLine
 10
173.5
 20
88.40073599465467
 30
0.0
 11
173.5
 21
88.56637923624416
 31
0.0
  0
LINE
  5
194
330
17
100
AcDbEntity
  8
GEOMETRY
100
AcDbLine
 10
173.5
 20
88.56637923624416
 30
0.0
 11
173.5
 21
88.73202247783365
 31
0.0
  0
LINE
  5
195
330
17
100
AcDbEntity
  8
GEOMETRY
100
AcDbLine
 10
173.5
 20
88.73202247783365
 30
0.0
 11
173.5
 21
88.89905617555722
 31
0.0
  0
LINE
  5
196
330
17
100
AcDbEntity
  8
GEOMETRY
100
AcDbLine
 10
173.5
 20
88.89905617555722
 30
0.0
 11
173.5
 21
89.07443261008522
 31
0.0
  0
LINE
  5
197
330
17
100
AcDbEntity
  8
GEOMETRY
100
AcDbLine
 10
173.5
 20
89.07443261008522
 30
0.0
 11
173.5
 21
89.24980904461322
 31
0.0
  0
LINE
  5
198
330
17
100
AcDbEntity
  8
GEOMETRY
100
AcDbLine
 10
173.5
 20
89.24980904461322
 30
0.0
 11
173.5
 21
89.4251854791412
 31
0.0
  0
LINE
  5
199
330
17
100
AcDbEntity
  8
GEOMETRY
100
AcDbLine
 10
173.5
 20
89.4251854791412
 30
0.0
 11
173.5
 21
89.60056191366921
 31
0.0
  0
LINE
  5
19A
330
17
100
AcDbEntity
  8
GEOMETRY
100
AcDbLine
 10
173.5
 20
89.60056191366921
 30
0.0
 11
173.5
 21
89.77875783740855
 31
0.0
  0
LINE
  5
19B
330
17
100
AcDbEntity
  8
GEOMETRY
100
AcDbLine
 10
173.5
 20
89.77875783740855
 30
0.0
 11
173.5
 21
89.9590683780564
 31
0.0
  0
LINE
  5
19C
330
17
100
AcDbEntity
  8
GEOMETRY
100
AcDbLine
 10
173.5
 20
89.9590683780564
 30
0.0
 11
173.5
 21
90.13937891870427
 31
0.0
  0
LINE
  5
19D
330
17
100
AcDbEntity
  8
GEOMETRY
100
AcDbLine
 10
173.5
 20
90.13937891870427
 30
0.0
 11
173.5
 21
90.31968945935212
 31
0.0
  0
LINE
  5
19E
330
17
100
AcDbEntity
  8
GEOMETRY
100
AcDbLine
 10
173.5
 20
90.31968945935212
 30
0.0
 11
173.5
 21
90.49999999999999
 31
0.0
  0
LINE
  5
19F
330
17
100
AcDbEntity
  8
GEOMETRY
100
AcDbLine
 10
173.5
 20
90.49999999999999
 30
0.0
 11
173.5
 21
90.68031054064784
 31
0.0
  0
LINE
  5
1A0
330
17
100
AcDbEntity
  8
GEOMETRY
100
AcDbLine
 10
173.5
 20
90.68031054064784
 30
0.0
 11
173.5
 21
90.8606210812957
 31
0.0
  0
LINE
  5
1A1
330
17
100
AcDbEntity
  8
GEOMETRY
100
AcDbLine
 10
173.5
 20
90.8606210812957
 30
0.0
 11
173.5
 21
91.04093162194356
 31
0.0
  0
LINE
  5
1A2
330
17
100
AcDbEntity
  8
GEOMETRY
100
AcDbLine
 10
173.5
 20
91.04093162194356
 30
0.0
 11
173.5
 21
91.22124216259141
 31
0.0
  0
LINE
  5
1A3
330
17
100
AcDbEntity
  8
GEOMETRY
100
AcDbLine
 10
173.5
 20
91.22124216259141
 30
0.0
 11
173.5
 21
91.39943808633076
 31
0.0
  0
LINE
  5
1A4
330
17
100
AcDbEntity
  8
GEOMETRY
100
AcDbLine
 10
173.5
 20
91.39943808633076
 30
0.0
 11
173.5
 21
91.57481452085875
 31
0.0
  0
LINE
  5
1A5
330
17
100
AcDbEntity
  8
GEOMETRY
100
AcDbLine
 10
173.5
 20
91.57481452085875
 30
0.0
 11
173.5
 21
91.75019095538676
 31
0.0
  0
LINE
  5
1A6
330
17
100
AcDbEntity
  8
GEOMETRY
100
AcDbLine
 10
173.5
 20
91.75019095538676
 30
0.0
 11
173.5
 21
91.92556738991475
 31
0.0
  0
LINE
  5
1A7
330
17
100
AcDbEntity
  8
GEOMETRY
100
AcDbLine
 10
173.5
 20
91.92556738991475
 30
0.0
 11
173.5
 21
92.10094382444274
 31
0.0
  0
LINE
  5
1A8
330
17
100
AcDbEntity
  8
GEOMETRY
100
AcDbLine
 10
173.5
 20
92.10094382444274
 30
0.0
 11
173.5
 21
92.2679775221663
 31
0.0
  0
LINE
  5
1A9
330
17
100
AcDbEntity
  8
GEOMETRY
100
AcDbLine
 10
173.5
 20
92.2679775221663
 30
0.0
 11
173.5
 21
92.4336207637558
 31
0.0
  0
LINE
  5
1AA
330
17
100
AcDbEntity
  8
GEOMETRY
100
AcDbLine
 10
173.5
 20
92.4336207637558
 30
0.0
 11
173.5
 21
92.5992640053453
 31
0.0
  0
LINE
  5
1AB
330
17
100
AcDbEntity
  8
GEOMETRY
100
AcDbLine
 10
173.5
 20
92.5992640053453
 30
0.0
 11
173.5
 21
92.7649072469348
 31
0.0
  0
LINE
  5
1AC
330
17
100
AcDbEntity
  8
GEOMETRY
100
AcDbLine
 10
173.5
 20
92.7649072469348
 30
0.0
 11
173.5
 21
92.92647450684169
 31
0.0
  0
LINE
  5
1AD
330
17
100
AcDbEntity
  8
GEOMETRY
100
AcDbLine
 10
173.5
 20
92.92647450684169
 30
0.0
 11
173.5
 21
93.07785181254208
 31
0.0
  0
LINE
  5
1AE
330
17
100
AcDbEntity
  8
GEOMETRY
100
AcDbLine
 10
173.5
 20
93.07785181254208
 30
0.0
 11
173.5
 21
93.22922911824247
 31
0.0
  0
LINE
  5
1AF
330
17
100
AcDbEntity
  8
GEOMETRY
100
AcDbLine
 10
173.5
 20
93.22922911824247
 30
0.0
 11
173.5
 21
93.38060642394287
 31
0.0
  0
LINE
  5
1B0
330
17
100
AcDbEntity
  8
GEOMETRY
100
AcDbLine
 10
173.5
 20
93.38060642394287
 30
0.0
 11
173.5
 21
93.53198372964326
 31
0.0
  0
LINE
  5
1B1
330
17
100
AcDbEntity
  8
GEOMETRY
100
AcDbLine
 10
173.5
 20
93.53198372964326
 30
0.0
 11
173.5
 21
93.67021225050854
 31
0.0
  0
LINE
  5
1B2
330
17
100
AcDbEntity
  8
GEOMETRY
100
AcDbLine
 10
173.5
 20
93.67021225050854
 30
0.0
 11
173.5
 21
93.80318125743976
 31
0.0
  0
LINE
  5
1B3
330
17
100
AcDbEntity
  8
GEOMETRY
100
AcDbLine
 10
173.5
 20
93.80318125743976
 30
0.0
 11
173.5
 21
93.93615026437098
 31
0.0
  0
LINE
  5
1B4
330
17
100
AcDbEntity
  8
GEOMETRY
100
AcDbLine
 10
173.5
 20
93.93615026437098
 30
0.0
 11
173.5
 21
94.06911927130221
 31
0.0
  0
LINE
  5
1B5
330
17
100
AcDbEntity
  8
GEOMETRY
100
AcDbLine
 10
173.5
 20
94.06911927130221
 30
0.0
 11
173.5
 21
94.19893871710086
 31
0.0
  0
LINE
  5
1B6
330
17
100
AcDbEntity
  8
GEOMETRY
100
AcDbLine
 10
173.5
 20
94.19893871710086
 30
0.0
 11
173.5
 21
94.30986079610406
 31
0.0
  0
LINE
  5
1B7
330
17
100
AcDbEntity
  8
GEOMETRY
100
AcDbLine
 10
173.5
 20
94.30986079610406
 30
0.0
 11
173.5
 21
94.42078287510725
 31
0.0
  0
LINE
  5
1B8
330
17
100
AcDbEntity
  8
GEOMETRY
100
AcDbLine
 10
173.5
 20
94.42078287510725
 30
0.0
 11
173.5
 21
94.53170495411044
 31
0.0
  0
LINE
  5
1B9
330
17
100
AcDbEntity
  8
GEOMETRY
100
AcDbLine
 10
173.5
 20
94.53170495411044
 30
0.0
 11
173.5
 21
94.64262703311363
 31
0.0
  0
LINE
  5
1BA
330
17
100
AcDbEntity
  8
GEOMETRY
100
AcDbLine
 10
173.5
 20
94.64262703311363
 30
0.0
 11
173.5
 21
94.73921639547011
 31
0.0
  0
LINE
  5
1BB
330
17
100
AcDbEntity
  8
GEOMETRY
100
AcDbLine
 10
173.5
 20
94.73921639547011
 30
0.0
 11
173.5
 21
94.82505622034154
 31
0.0
  0
LINE
  5
1BC
330
17
100
AcDbEntity
  8
GEOMETRY
100
AcDbLine
 10
173.5
 20
94.82505622034154
 30
0.0
 11
173.5
 21
94.91089604521297
 31
0.0
  0
LINE
  5
1BD
330
17
100
AcDbEntity
  8
GEOMETRY
100
AcDbLine
 10
173.5
 20
94.91089604521297
 30
0.0
 11
173.5
 21
94.9967358700844
 31
0.0
  0
LINE
  5
1BE
330
17
100
AcDbEntity
  8
GEOMETRY
100
AcDbLine
 10
173.5
 20
94.9967358700844
 30
0.0
 11
173.5
 21
95.08257569495582
 31
0.0
  0
LINE
  5
1BF
330
17
100
AcDbEntity
  8
GEOMETRY
100
AcDbLine
 10
170.5
 20
95.0825756949558
 30
0.0
 11
170.5
 21
100.58166652890284
 31
0.0
  0
LINE
  5
1C0
330
17
100
AcDbEntity
  8
GEOMETRY
100
AcDbLine
 10
173.5
 20
95.0825756949558
 30
0.0
 11
173.5
 21
100.58166652890284
 31
0.0
  0
LINE
  5
1C1
330
17
100
AcDbEntity
  8
GEOMETRY
100
AcDbLine
 10
170.5
 20
100.58166652890284
 30
0.0
 11
170.5
 21
100.60900157739019
 31
0.0
  0
LINE
  5
1C2
330
17
100
AcDbEntity
  8
GEOMETRY
100
AcDbLine
 10
170.5
 20
100.60900157739019
 30
0.0
 11
170.5
 21
100.6363366258775
 31
0.0
  0
LINE
  5
1C3
330
17
100
AcDbEntity
  8
GEOMETRY
100
AcDbLine
 10
170.5
 20
100.6363366258775
 30
0.0
 11
170.5
 21
100.66367167436483
 31
0.0
  0
LINE
  5
1C4
330
17
100
AcDbEntity
  8
GEOMETRY
100
AcDbLine
 10
170.5
 20
100.66367167436483
 30
0.0
 11
170.5
 21
100.69100672285217
 31
0.0
  0
LINE
  5
1C5
330
17
100
AcDbEntity
  8
GEOMETRY
100
AcDbLine
 10
170.5
 20
100.69100672285217
 30
0.0
 11
170.5
 21
100.71751508377406
 31
0.0
  0
LINE
  5
1C6
330
17
100
AcDbEntity
  8
GEOMETRY
100
AcDbLine
 10
170.5
 20
100.71751508377406
 30
0.0
 11
170.5
 21
100.74292119460871
 31
0.0
  0
LINE
  5
1C7
330
17
100
AcDbEntity
  8
GEOMETRY
100
AcDbLine
 10
170.5
 20
100.74292119460871
 30
0.0
 11
170.5
 21
100.76832730544336
 31
0.0
  0
LINE
  5
1C8
330
17
100
AcDbEntity
  8
GEOMETRY
100
AcDbLine
 10
170.5
 20
100.76832730544336
 30
0.0
 11
170.5
 21
100.79373341627802
 31
0.0
  0
LINE
  5
1C9
330
17
100
AcDbEntity
  8
GEOMETRY
100
AcDbLine
 10
170.5
 20
100.79373341627802
 30
0.0
 11
170.5
 21
100.81913952711268
 31
0.0
  0
LINE
  5
1CA
330
17
100
AcDbEntity
  8
GEOMETRY
100
AcDbLine
 10
170.5
 20
100.81913952711268
 30
0.0
 11
170.5
 21
100.8428734488964
 31
0.0
  0
LINE
  5
1CB
330
17
100
AcDbEntity
  8
GEOMETRY
100
AcDbLine
 10
170.5
 20
100.8428734488964
 30
0.0
 11
170.5
 21
100.86632867250498
 31
0.0
  0
LINE
  5
1CC
330
17
100
AcDbEntity
  8
GEOMETRY
100
AcDbLine
 10
170.5
 20
100.86632867250498
 30
0.0
 11
170.5
 21
100.88978389611356
 31
0.0
  0
LINE
  5
1CD
330
17
100
AcDbEntity
  8
GEOMETRY
100
AcDbLine
 10
170.5
 20
100.88978389611356
 30
0.0
 11
170.5
 21
100.91323911972214
 31
0.0
  0
LINE
  5
1CE
330
17
100
AcDbEntity
  8
GEOMETRY
100
AcDbLine
 10
170.5
 20
100.91323911972214
 30
0.0
 11
170.5
 21
100.9361311572355
 31
0.0
  0
LINE
  5
1CF
330
17
100
AcDbEntity
  8
GEOMETRY
100
AcDbLine
 10
170.5
 20
100.9361311572355
 30
0.0
 11
170.5
 21
100.95761522951084
 31
0.0
  0
LINE
  5
1D0
330
17
100
AcDbEntity
  8
GEOMETRY
100
AcDbLine
 10
170.5
 20
100.95761522951084
 30
0.0
 11
170.5
 21
100.97909930178618
 31
0.0
  0
LINE
  5
1D1
330
17
100
AcDbEntity
  8
GEOMETRY
100
AcDbLine
 10
170.5
 20
100.97909930178618
 30
0.0
 11
170.5
 21
101.00058337406152
 31
0.0
  0
LINE
  5
1D2
330
17
100
AcDbEntity
  8
GEOMETRY
100
AcDbLine
 10
170.5
 20
101.00058337406152
 30
0.0
 11
170.5
 21
101.02206744633686
 31
0.0
  0
LINE
  5
1D3
330
17
100
AcDbEntity
  8
GEOMETRY
100
AcDbLine
 10
170.5
 20
101.02206744633686
 30
0.0
 11
170.5
 21
101.0421302954215
 31
0.0
  0
LINE
  5
1D4
330
17
100
AcDbEntity
  8
GEOMETRY
100
AcDbLine
 10
170.5
 20
101.0421302954215
 30
0.0
 11
170.5
 21
101.06162465522985
 31
0.0
  0
LINE
  5
1D5
330
17
100
AcDbEntity
  8
GEOMETRY
100
AcDbLine
 10
170.5
 20
101.06162465522985
 30
0.0
 11
170.5
 21
101.0811190150382
 31
0.0
  0
LINE
  5
1D6
330
17
100
AcDbEntity
  8
GEOMETRY
100
AcDbLine
 10
170.5
 20
101.0811190150382
 30
0.0
 11
170.5
 21
101.10061337484656
 31
0.0
  0
LINE
  5
1D7
330
17
100
AcDbEntity
  8
GEOMETRY
100
AcDbLine
 10
170.5
 20
101.10061337484656
 30
0.0
 11
170.5
 21
101.11982108399899
 31
0.0
  0
LINE
  5
1D8
330
17
100
AcDbEntity
  8
GEOMETRY
100
AcDbLine
 10
170.5
 20
101.11982108399899
 30
0.0
 11
170.5
 21
101.13730888921586
 31
0.0
  0
LINE
  5
1D9
330
17
100
AcDbEntity
  8
GEOMETRY
100
AcDbLine
 10
170.5
 20
101.13730888921586
 30
0.0
 11
170.5
 21
101.15479669443272
 31
0.0
  0
LINE
  5
1DA
330
17
100
AcDbEntity
  8
GEOMETRY
100
AcDbLine
 10
170.5
 20
101.15479669443272
 30
0.0
 11
170.5
 21
101.17228449964959
 31
0.0
  0
LINE
  5
1DB
330
17
100
AcDbEntity
  8
GEOMETRY
100
AcDbLine
 10
170.5
 20
101.17228449964959
 30
0.0
 11
170.5
 21
101.18977230486647
 31
0.0
  0
LINE
  5
1DC
330
17
100
AcDbEntity
  8
GEOMETRY
100
AcDbLine
 10
170.5
 20
101.18977230486647
 30
0.0
 11
170.5
 21
101.20610487399419
 31
0.0
  0
LINE
  5
1DD
330
17
100
AcDbEntity
  8
GEOMETRY
100
AcDbLine
 10
170.5
 20
101.20610487399419
 30
0.0
 11
170.5
 21
101.22157101605508
 31
0.0
  0
LINE
  5
1DE
330
17
100
AcDbEntity
  8
GEOMETRY
100
AcDbLine
 10
170.5
 20
101.22157101605508
 30
0.0
 11
170.5
 21
101.23703715811597
 31
0.0
  0
LINE
  5
1DF
330
17
100
AcDbEntity
  8
GEOMETRY
100
AcDbLine
 10
170.5
 20
101.23703715811597
 30
0.0
 11
170.5
 21
101.25250330017685
 31
0.0
  0
LINE
  5
1E0
330
17
100
AcDbEntity
  8
GEOMETRY
100
AcDbLine
 10
170.5
 20
101.25250330017685
 30
0.0
 11
170.5
 21
101.26796944223774
 31
0.0
  0
LINE
  5
1E1
330
17
100
AcDbEntity
  8
GEOMETRY
100
AcDbLine
 10
170.5
 20
101.26796944223774
 30
0.0
 11
170.5
 21
101.28140055919116
 31
0.0
  0
LINE
  5
1E2
330
17
100
AcDbEntity
  8
GEOMETRY
100
AcDbLine
 10
170.5
 20
101.28140055919116
 30
0.0
 11
170.5
 21
101.29483167614457
 31
0.0
  0
LINE
  5
1E3
330
17
100
AcDbEntity
  8
GEOMETRY
100
AcDbLine
 10
170.5
 20
101.29483167614457
 30
0.0
 11
170.5
 21
101.30826279309798
 31
0.0
  0
LINE
  5
1E4
330
17
100
AcDbEntity
  8
GEOMETRY
100
AcDbLine
 10
170.5
 20
101.30826279309798
 30
0.0
 11
170.5
 21
101.3216939100514
 31
0.0
  0
LINE
  5
1E5
330
17
100
AcDbEntity
  8
GEOMETRY
100
AcDbLine
 10
170.5
 20
101.3216939100514
 30
0.0
 11
170.5
 21
101.33424790033256
 31
0.0
  0
LINE
  5
1E6
330
17
100
AcDbEntity
  8
GEOMETRY
100
AcDbLine
 10
170.5
 20
101.33424790033256
 30
0.0
 11
170.5
 21
101.34563238838406
 31
0.0
  0
LINE
  5
1E7
330
17
100
AcDbEntity
  8
GEOMETRY
100
AcDbLine
 10
170.5
 20
101.34563238838406
 30
0.0
 11
170.5
 21
101.35701687643558
 31
0.0
  0
LINE
  5
1E8
330
17
100
AcDbEntity
  8
GEOMETRY
100
AcDbLine
 10
170.5
 20
101.35701687643558
 30
0.0
 11
170.5
 21
101.36840136448708
 31
0.0
  0
LINE
  5
1E9
330
17
100
AcDbEntity
  8
GEOMETRY
100
AcDbLine
 10
170.5
 20
101.36840136448708
 30
0.0
 11
170.5
 21
101.37978585253859
 31
0.0
  0
LINE
  5
1EA
330
17
100
AcDbEntity
  8
GEOMETRY
100
AcDbLine
 10
170.5
 20
101.37978585253859
 30
0.0
 11
170.5
 21
101.38940765672078
 31
0.0
  0
LINE
  5
1EB
330
17
100
AcDbEntity
  8
GEOMETRY
100
AcDbLine
 10
170.5
 20
101.38940765672078
 30
0.0
 11
170.5
 21
101.39873568025808
 31
0.0
  0
LINE
  5
1EC
330
17
100
AcDbEntity
  8
GEOMETRY
100
AcDbLine
 10
170.5
 20
101.39873568025808
 30
0.0
 11
170.5
 21
101.40806370379539
 31
0.0
  0
LINE
  5
1ED
330
17
100
AcDbEntity
  8
GEOMETRY
100
AcDbLine
 10
170.5
 20
101.40806370379539
 30
0.0
 11
170.5
 21
101.4173917273327
 31
0.0
  0
LINE
  5
1EE
330
17
100
AcDbEntity
  8
GEOMETRY
100
AcDbLine
 10
170.5
 20
101.4173917273327
 30
0.0
 11
170.5
 21
101.42612988702803
 31
0.0
  0
LINE
  5
1EF
330
17
100
AcDbEntity
  8
GEOMETRY
100
AcDbLine
 10
170.5
 20
101.42612988702803
 30
0.0
 11
170.5
 21
101.43339338711843
 31
0.0
  0
LINE
  5
1F0
330
17
100
AcDbEntity
  8
GEOMETRY
100
AcDbLine
 10
170.5
 20
101.43339338711843
 30
0.0
 11
170.5
 21
101.44065688720883
 31
0.0
  0
LINE
  5
1F1
330
17
100
AcDbEntity
  8
GEOMETRY
100
AcDbLine
 10
170.5
 20
101.44065688720883
 30
0.0
 11
170.5
 21
101.44792038729923
 31
0.0
  0
LINE
  5
1F2
330
17
100
AcDbEntity
  8
GEOMETRY
100
AcDbLine
 10
170.5
 20
101.44792038729923
 30
0.0
 11
170.5
 21
101.45518388738964
 31
0.0
  0
LINE
  5
1F3
330
17
100
AcDbEntity
  8
GEOMETRY
100
AcDbLine
 10
170.5
 20
101.45518388738964
 30
0.0
 11
170.5
 21
101.4609682455247
 31
0.0
  0
LINE
  5
1F4
330
17
100
AcDbEntity
  8
GEOMETRY
100
AcDbLine
 10
170.5
 20
101.4609682455247
 30
0.0
 11
170.5
 21
101.4661609468776
 31
0.0
  0
LINE
  5
1F5
330
17
100
AcDbEntity
  8
GEOMETRY
100
AcDbLine
 10
170.5
 20
101.4661609468776
 30
0.0
 11
170.5
 21
101.4713536482305
 31
0.0
  0
LINE
  5
1F6
330
17
100
AcDbEntity
  8
GEOMETRY
100
AcDbLine
 10
170.5
 20
101.4713536482305
 30
0.0
 11
170.5
 21
101.47654634958342
 31
0.0
  0
LINE
  5
1F7
330
17
100
AcDbEntity
  8
GEOMETRY
100
AcDbLine
 10
170.5
 20
101.47654634958342
 30
0.0
 11
170.5
 21
101.48144258165567
 31
0.0
  0
LINE
  5
1F8
330
17
100
AcDbEntity
  8
GEOMETRY
100
AcDbLine
 10
170.5
 20
101.48144258165567
 30
0.0
 11
170.5
 21
101.48455999804412
 31
0.0
  0
LINE
  5
1F9
330
17
100
AcDbEntity
  8
GEOMETRY
100
AcDbLine
 10
170.5
 20
101.48455999804412
 30
0.0
 11
170.5
 21
101.48767741443257
 31
0.0
  0
LINE
  5
1FA
330
17
100
AcDbEntity
  8
GEOMETRY
100
AcDbLine
 10
170.5
 20
101.48767741443257
 30
0.0
 11
170.5
 21
101.49079483082102
 31
0.0
  0
LINE
  5
1FB
330
17
100
AcDbEntity
  8
GEOMETRY
100
AcDbLine
 10
170.5
 20
101.49079483082102
 30
0.0
 11
170.5
 21
101.49391224720945
 31
0.0
  0
LINE
  5
1FC
330
17
100
AcDbEntity
  8
GEOMETRY
100
AcDbLine
 10
170.5
 20
101.49391224720945
 30
0.0
 11
170.5
 21
101.49584224745394
 31
0.0
  0
LINE
  5
1FD
330
17
100
AcDbEntity
  8
GEOMETRY
100
AcDbLine
 10
170.5
 20
101.49584224745394
 30
0.0
 11
170.5
 21
101.49688168559045
 31
0.0
  0
LINE
  5
1FE
330
17
100
AcDbEntity
  8
GEOMETRY
100
AcDbLine
 10
170.5
 20
101.49688168559045
 30
0.0
 11
170.5
 21
101.49792112372697
 31
0.0
  0
LINE
  5
1FF
330
17
100
AcDbEntity
  8
GEOMETRY
100
AcDbLine
 10
170.5
 20
101.49792112372697
 30
0.0
 11
170.5
 21
101.49896056186348
 31
0.0
  0
LINE
  5
200
330
17
100
AcDbEntity
  8
GEOMETRY
100
AcDbLine
 10
170.5
 20
101.49896056186348
 30
0.0
 11
170.5
 21
101.5
 31
0.0
  0
LINE
  5
201
330
17
100
AcDbEntity
  8
GEOMETRY
100
AcDbLine
 10
170.5
 20
101.5
 30
0.0
 11
170.5
 21
101.49896056186348
 31
0.0
  0
LINE
  5
202
330
17
100
AcDbEntity
  8
GEOMETRY
100
AcDbLine
 10
170.5
 20
101.49896056186348
 30
0.0
 11
170.5
 21
101.49792112372697
 31
0.0
  0
LINE
  5
203
330
17
100
AcDbEntity
  8
GEOMETRY
100
AcDbLine
 10
170.5
 20
101.49792112372697
 30
0.0
 11
170.5
 21
101.49688168559045
 31
0.0
  0
LINE
  5
204
330
17
100
AcDbEntity
  8
GEOMETRY
100
AcDbLine
 10
170.5
 20
101.49688168559045
 30
0.0
 11
170.5
 21
101.49584224745394
 31
0.0
  0
LINE
  5
205
330
17
100
AcDbEntity
  8
GEOMETRY
100
AcDbLine
 10
170.5
 20
101.49584224745394
 30
0.0
 11
170.5
 21
101.49391224720945
 31
0.0
  0
LINE
  5
206
330
17
100
AcDbEntity
  8
GEOMETRY
100
AcDbLine
 10
170.5
 20
101.49391224720945
 30
0.0
 11
170.5
 21
101.49079483082102
 31
0.0
  0
LINE
  5
207
330
17
100
AcDbEntity
  8
GEOMETRY
100
AcDbLine
 10
170.5
 20
101.49079483082102
 30
0.0
 11
170.5
 21
101.48767741443257
 31
0.0
  0
LINE
  5
208
330
17
100
AcDbEntity
  8
GEOMETRY
100
AcDbLine
 10
170.5
 20
101.48767741443257
 30
0.0
 11
170.5
 21
101.48455999804412
 31
0.0
  0
LINE
  5
209
330
17
100
AcDbEntity
  8
GEOMETRY
100
AcDbLine
 10
170.5
 20
101.48455999804412
 30
0.0
 11
170.5
 21
101.48144258165568
 31
0.0
  0
LINE
  5
20A
330
17
100
AcDbEntity
  8
GEOMETRY
100
AcDbLine
 10
170.5
 20
101.48144258165568
 30
0.0
 11
170.5
 21
101.47654634958342
 31
0.0
  0
LINE
  5
20B
330
17
100
AcDbEntity
  8
GEOMETRY
100
AcDbLine
 10
170.5
 20
101.47654634958342
 30
0.0
 11
170.5
 21
101.4713536482305
 31
0.0
  0
LINE
  5
20C
330
17
100
AcDbEntity
  8
GEOMETRY
100
AcDbLine
 10
170.5
 20
101.4713536482305
 30
0.0
 11
170.5
 21
101.4661609468776
 31
0.0
  0
LINE
  5
20D
330
17
100
AcDbEntity
  8
GEOMETRY
100
AcDbLine
 10
170.5
 20
101.4661609468776
 30
0.0
 11
170.5
 21
101.4609682455247
 31
0.0
  0
LINE
  5
20E
330
17
100
AcDbEntity
  8
GEOMETRY
100
AcDbLine
 10
170.5
 20
101.4609682455247
 30
0.0
 11
170.5
 21
101.45518388738964
 31
0.0
  0
LINE
  5
20F
330
17
100
AcDbEntity
  8
GEOMETRY
100
AcDbLine
 10
170.5
 20
101.45518388738964
 30
0.0
 11
170.5
 21
101.44792038729923
 31
0.0
  0
LINE
  5
210
330
17
100
AcDbEntity
  8
GEOMETRY
100
AcDbLine
 10
170.5
 20
101.44792038729923
 30
0.0
 11
170.5
 21
101.44065688720883
 31
0.0
  0
LINE
  5
211
330
17
100
AcDbEntity
  8
GEOMETRY
100
AcDbLine
 10
170.5
 20
101.44065688720883
 30
0.0
 11
170.5
 21
101.43339338711843
 31
0.0
  0
LINE
  5
212
330
17
100
AcDbEntity
  8
GEOMETRY
100
AcDbLine
 10
170.5
 20
101.43339338711843
 30
0.0
 11
170.5
 21
101.42612988702803
 31
0.0
  0
LINE
  5
213
330
17
100
AcDbEntity
  8
GEOMETRY
100
AcDbLine
 10
170.5
 20
101.42612988702803
 30
0.0
 11
170.5
 21
101.4173917273327
 31
0.0
  0
LINE
  5
214
330
17
100
AcDbEntity
  8
GEOMETRY
100
AcDbLine
 10
170.5
 20
101.4173917273327
 30
0.0
 11
170.5
 21
101.40806370379539
 31
0.0
  0
LINE
  5
215
330
17
100
AcDbEntity
  8
GEOMETRY
100
AcDbLine
 10
170.5
 20
101.40806370379539
 30
0.0
 11
170.5
 21
101.39873568025808
 31
0.0
  0
LINE
  5
216
330
17
100
AcDbEntity
  8
GEOMETRY
100
AcDbLine
 10
170.5
 20
101.39873568025808
 30
0.0
 11
170.5
 21
101.38940765672078
 31
0.0
  0
LINE
  5
217
330
17
100
AcDbEntity
  8
GEOMETRY
100
AcDbLine
 10
170.5
 20
101.38940765672078
 30
0.0
 11
170.5
 21
101.37978585253859
 31
0.0
  0
LINE
  5
218
330
17
100
AcDbEntity
  8
GEOMETRY
100
AcDbLine
 10
170.5
 20
101.37978585253859
 30
0.0
 11
170.5
 21
101.36840136448708
 31
0.0
  0
LINE
  5
219
330
17
100
AcDbEntity
  8
GEOMETRY
100
AcDbLine
 10
170.5
 20
101.36840136448708
 30
0.0
 11
170.5
 21
101.35701687643557
 31
0.0
  0
LINE
  5
21A
330
17
100
AcDbEntity
  8
GEOMETRY
100
AcDbLine
 10
170.5
 20
101.35701687643557
 30
0.0
 11
170.5
 21
101.34563238838406
 31
0.0
  0
LINE
  5
21B
330
17
100
AcDbEntity
  8
GEOMETRY
100
AcDbLine
 10
170.5
 20
101.34563238838406
 30
0.0
 11
170.5
 21
101.33424790033256
 31
0.0
  0
LINE
  5
21C
330
17
100
AcDbEntity
  8
GEOMETRY
100
AcDbLine
 10
170.5
 20
101.33424790033256
 30
0.0
 11
170.5
 21
101.3216939100514
 31
0.0
  0
LINE
  5
21D
330
17
100
AcDbEntity
  8
GEOMETRY
100
AcDbLine
 10
170.5
 20
101.3216939100514
 30
0.0
 11
170.5
 21
101.30826279309798
 31
0.0
  0
LINE
  5
21E
330
17
100
AcDbEntity
  8
GEOMETRY
100
AcDbLine
 10
170.5
 20
101.30826279309798
 30
0.0
 11
170.5
 21
101.29483167614457
 31
0.0
  0
LINE
  5
21F
330
17
100
AcDbEntity
  8
GEOMETRY
100
AcDbLine
 10
170.5
 20
101.29483167614457
 30
0.0
 11
170.5
 21
101.28140055919116
 31
0.0
  0
LINE
  5
220
330
17
100
AcDbEntity
  8
GEOMETRY
100
AcDbLine
 10
170.5
 20
101.28140055919116
 30
0.0
 11
170.5
 21
101.26796944223773
 31
0.0
  0
LINE
  5
221
330
17
100
AcDbEntity
  8
GEOMETRY
100
AcDbLine
 10
170.5
 20
101.26796944223773
 30
0.0
 11
170.5
 21
101.25250330017685
 31
0.0
  0
LINE
  5
222
330
17
100
AcDbEntity
  8
GEOMETRY
100
AcDbLine
 10
170.5
 20
101.25250330017685
 30
0.0
 11
170.5
 21
101.23703715811597
 31
0.0
  0
LINE
  5
223
330
17
100
AcDbEntity
  8
GEOMETRY
100
AcDbLine
 10
170.5
 20
101.23703715811597
 30
0.0
 11
170.5
 21
101.22157101605508
 31
0.0
  0
LINE
  5
224
330
17
100
AcDbEntity
  8
GEOMETRY
100
AcDbLine
 10
170.5
 20
101.22157101605508
 30
0.0
 11
170.5
 21
101.20610487399419
 31
0.0
  0
LINE
  5
225
330
17
100
AcDbEntity
  8
GEOMETRY
100
AcDbLine
 10
170.5
 20
101.20610487399419
 30
0.0
 11
170.5
 21
101.18977230486647
 31
0.0
  0
LINE
  5
226
330
17
100
AcDbEntity
  8
GEOMETRY
100
AcDbLine
 10
170.5
 20
101.18977230486647
 30
0.0
 11
170.5
 21
101.17228449964959
 31
0.0
  0
LINE
  5
227
330
17
100
AcDbEntity
  8
GEOMETRY
100
AcDbLine
 10
170.5
 20
101.17228449964959
 30
0.0
 11
170.5
 21
101.15479669443272
 31
0.0
  0
LINE
  5
228
330
17
100
AcDbEntity
  8
GEOMETRY
100
AcDbLine
 10
170.5
 20
101.15479669443272
 30
0.0
 11
170.5
 21
101.13730888921586
 31
0.0
  0
LINE
  5
229
330
17
100
AcDbEntity
  8
GEOMETRY
100
AcDbLine
 10
170.5
 20
101.13730888921586
 30
0.0
 11
170.5
 21
101.11982108399899
 31
0.0
  0
LINE
  5
22A
330
17
100
AcDbEntity
  8
GEOMETRY
100
AcDbLine
 10
170.5
 20
101.11982108399899
 30
0.0
 11
170.5
 21
101.10061337484656
 31
0.0
  0
LINE
  5
22B
330
17
100
AcDbEntity
  8
GEOMETRY
100
AcDbLine
 10
170.5
 20
101.10061337484656
 30
0.0
 11
170.5
 21
101.0811190150382
 31
0.0
  0
LINE
  5
22C
330
17
100
AcDbEntity
  8
GEOMETRY
100
AcDbLine
 10
170.5
 20
101.0811190150382
 30
0.0
 11
170.5
 21
101.06162465522985
 31
0.0
  0
LINE
  5
22D
330
17
100
AcDbEntity
  8
GEOMETRY
100
AcDbLine
 10
170.5
 20
101.06162465522985
 30
0.0
 11
170.5
 21
101.0421302954215
 31
0.0
  0
LINE
  5
22E
330
17
100
AcDbEntity
  8
GEOMETRY
100
AcDbLine
 10
170.5
 20
101.0421302954215
 30
0.0
 11
170.5
 21
101.02206744633686
 31
0.0
  0
LINE
  5
22F
330
17
100
AcDbEntity
  8
GEOMETRY
100
AcDbLine
 10
170.5
 20
101.02206744633686
 30
0.0
 11
170.5
 21
101.00058337406152
 31
0.0
  0
LINE
  5
230
330
17
100
AcDbEntity
  8
GEOMETRY
100
AcDbLine
 10
170.5
 20
101.00058337406152
 30
0.0
 11
170.5
 21
100.97909930178618
 31
0.0
  0
LINE
  5
231
330
17
100
AcDbEntity
  8
GEOMETRY
100
AcDbLine
 10
170.5
 20
100.97909930178618
 30
0.0
 11
170.5
 21
100.95761522951084
 31
0.0
  0
LINE
  5
232
330
17
100
AcDbEntity
  8
GEOMETRY
100
AcDbLine
 10
170.5
 20
100.95761522951084
 30
0.0
 11
170.5
 21
100.9361311572355
 31
0.0
  0
LINE
  5
233
330
17
100
AcDbEntity
  8
GEOMETRY
100
AcDbLine
 10
170.5
 20
100.9361311572355
 30
0.0
 11
170.5
 21
100.91323911972214
 31
0.0
  0
LINE
  5
234
330
17
100
AcDbEntity
  8
GEOMETRY
100
AcDbLine
 10
170.5
 20
100.91323911972214
 30
0.0
 11
170.5
 21
100.88978389611356
 31
0.0
  0
LINE
  5
235
330
17
100
AcDbEntity
  8
GEOMETRY
100
AcDbLine
 10
170.5
 20
100.88978389611356
 30
0.0
 11
170.5
 21
100.86632867250498
 31
0.0
  0
LINE
  5
236
330
17
100
AcDbEntity
  8
GEOMETRY
100
AcDbLine
 10
170.5
 20
100.86632867250498
 30
0.0
 11
170.5
 21
100.8428734488964
 31
0.0
  0
LINE
  5
237
330
17
100
AcDbEntity
  8
GEOMETRY
100
AcDbLine
 10
170.5
 20
100.8428734488964
 30
0.0
 11
170.5
 21
100.81913952711267
 31
0.0
  0
LINE
  5
238
330
17
100
AcDbEntity
  8
GEOMETRY
100
AcDbLine
 10
170.5
 20
100.81913952711267
 30
0.0
 11
170.5
 21
100.79373341627802
 31
0.0
  0
LINE
  5
239
330
17
100
AcDbEntity
  8
GEOMETRY
100
AcDbLine
 10
170.5
 20
100.79373341627802
 30
0.0
 11
170.5
 21
100.76832730544336
 31
0.0
  0
LINE
  5
23A
330
17
100
AcDbEntity
  8
GEOMETRY
100
AcDbLine
 10
170.5
 20
100.76832730544336
 30
0.0
 11
170.5
 21
100.74292119460871
 31
0.0
  0
LINE
  5
23B
330
17
100
AcDbEntity
  8
GEOMETRY
100
AcDbLine
 10
170.5
 20
100.74292119460871
 30
0.0
 11
170.5
 21
100.71751508377406
 31
0.0
  0
LINE
  5
23C
330
17
100
AcDbEntity
  8
GEOMETRY
100
AcDbLine
 10
170.5
 20
100.71751508377406
 30
0.0
 11
170.5
 21
100.69100672285217
 31
0.0
  0
LINE
  5
23D
330
17
100
AcDbEntity
  8
GEOMETRY
100
AcDbLine
 10
170.5
 20
100.69100672285217
 30
0.0
 11
170.5
 21
100.66367167436483
 31
0.0
  0
LINE
  5
23E
330
17
100
AcDbEntity
  8
GEOMETRY
100
AcDbLine
 10
170.5
 20
100.66367167436483
 30
0.0
 11
170.5
 21
100.6363366258775
 31
0.0
  0
LINE
  5
23F
330
17
100
AcDbEntity
  8
GEOMETRY
100
AcDbLine
 10
170.5
 20
100.6363366258775
 30
0.0
 11
170.5
 21
100.60900157739019
 31
0.0
  0
LINE
  5
240
330
17
100
AcDbEntity
  8
GEOMETRY
100
AcDbLine
 10
170.5
 20
100.60900157739019
 30
0.0
 11
170.5
 21
100.58166652890284
 31
0.0
  0
LINE
  5
241
330
17
100
AcDbEntity
  8
GEOMETRY
100
AcDbLine
 10
173.5
 20
100.58166652890284
 30
0.0
 11
173.5
 21
100.60900157739019
 31
0.0
  0
LINE
  5
242
330
17
100
AcDbEntity
  8
GEOMETRY
100
AcDbLine
 10
173.5
 20
100.60900157739019
 30
0.0
 11
173.5
 21
100.6363366258775
 31
0.0
  0
LINE
  5
243
330
17
100
AcDbEntity
  8
GEOMETRY
100
AcDbLine
 10
173.5
 20
100.6363366258775
 30
0.0
 11
173.5
 21
100.66367167436483
 31
0.0
  0
LINE
  5
244
330
17
100
AcDbEntity
  8
GEOMETRY
100
AcDbLine
 10
173.5
 20
100.66367167436483
 30
0.0
 11
173.5
 21
100.69100672285217
 31
0.0
  0
LINE
  5
245
330
17
100
AcDbEntity
  8
GEOMETRY
100
AcDbLine
 10
173.5
 20
100.69100672285217
 30
0.0
 11
173.5
 21
100.71751508377406
 31
0.0
  0
LINE
  5
246
330
17
100
AcDbEntity
  8
GEOMETRY
100
AcDbLine
 10
173.5
 20
100.71751508377406
 30
0.0
 11
173.5
 21
100.74292119460871
 31
0.0
  0
LINE
  5
247
330
17
100
AcDbEntity
  8
GEOMETRY
100
AcDbLine
 10
173.5
 20
100.74292119460871
 30
0.0
 11
173.5
 21
100.76832730544336
 31
0.0
  0
LINE
  5
248
330
17
100
AcDbEntity
  8
GEOMETRY
100
AcDbLine
 10
173.5
 20
100.76832730544336
 30
0.0
 11
173.5
 21
100.79373341627802
 31
0.0
  0
LINE
  5
249
330
17
100
AcDbEntity
  8
GEOMETRY
100
AcDbLine
 10
173.5
 20
100.79373341627802
 30
0.0
 11
173.5
 21
100.81913952711268
 31
0.0
  0
LINE
  5
24A
330
17
100
AcDbEntity
  8
GEOMETRY
100
AcDbLine
 10
173.5
 20
100.81913952711268
 30
0.0
 11
173.5
 21
100.8428734488964
 31
0.0
  0
LINE
  5
24B
330
17
100
AcDbEntity
  8
GEOMETRY
100
AcDbLine
 10
173.5
 20
100.8428734488964
 30
0.0
 11
173.5
 21
100.86632867250498
 31
0.0
  0
LINE
  5
24C
330
17
100
AcDbEntity
  8
GEOMETRY
100
AcDbLine
 10
173.5
 20
100.86632867250498
 30
0.0
 11
173.5
 21
100.88978389611356
 31
0.0
  0
LINE
  5
24D
330
17
100
AcDbEntity
  8
GEOMETRY
100
AcDbLine
 10
173.5
 20
100.88978389611356
 30
0.0
 11
173.5
 21
100.91323911972214
 31
0.0
  0
LINE
  5
24E
330
17
100
AcDbEntity
  8
GEOMETRY
100
AcDbLine
 10
173.5
 20
100.91323911972214
 30
0.0
 11
173.5
 21
100.9361311572355
 31
0.0
  0
LINE
  5
24F
330
17
100
AcDbEntity
  8
GEOMETRY
100
AcDbLine
 10
173.5
 20
100.9361311572355
 30
0.0
 11
173.5
 21
100.95761522951084
 31
0.0
  0
LINE
  5
250
330
17
100
AcDbEntity
  8
GEOMETRY
100
AcDbLine
 10
173.5
 20
100.95761522951084
 30
0.0
 11
173.5
 21
100.97909930178618
 31
0.0
  0
LINE
  5
251
330
17
100
AcDbEntity
  8
GEOMETRY
100
AcDbLine
 10
173.5
 20
100.97909930178618
 30
0.0
 11
173.5
 21
101.00058337406152
 31
0.0
  0
LINE
  5
252
330
17
100
AcDbEntity
  8
GEOMETRY
100
AcDbLine
 10
173.5
 20
101.00058337406152
 30
0.0
 11
173.5
 21
101.02206744633686
 31
0.0
  0
LINE
  5
253
330
17
100
AcDbEntity
  8
GEOMETRY
100
AcDbLine
 10
173.5
 20
101.02206744633686
 30
0.0
 11
173.5
 21
101.0421302954215
 31
0.0
  0
LINE
  5
254
330
17
100
AcDbEntity
  8
GEOMETRY
100
AcDbLine
 10
173.5
 20
101.0421302954215
 30
0.0
 11
173.5
 21
101.06162465522985
 31
0.0
  0
LINE
  5
255
330
17
100
AcDbEntity
  8
GEOMETRY
100
AcDbLine
 10
173.5
 20
101.06162465522985
 30
0.0
 11
173.5
 21
101.0811190150382
 31
0.0
  0
LINE
  5
256
330
17
100
AcDbEntity
  8
GEOMETRY
100
AcDbLine
 10
173.5
 20
101.0811190150382
 30
0.0
 11
173.5
 21
101.10061337484656
 31
0.0
  0
LINE
  5
257
330
17
100
AcDbEntity
  8
GEOMETRY
100
AcDbLine
 10
173.5
 20
101.10061337484656
 30
0.0
 11
173.5
 21
101.11982108399899
 31
0.0
  0
LINE
  5
258
330
17
100
AcDbEntity
  8
GEOMETRY
100
AcDbLine
 10
173.5
 20
101.11982108399899
 30
0.0
 11
173.5
 21
101.13730888921586
 31
0.0
  0
LINE
  5
259
330
17
100
AcDbEntity
  8
GEOMETRY
100
AcDbLine
 10
173.5
 20
101.13730888921586
 30
0.0
 11
173.5
 21
101.15479669443272
 31
0.0
  0
LINE
  5
25A
330
17
100
AcDbEntity
  8
GEOMETRY
100
AcDbLine
 10
173.5
 20
101.15479669443272
 30
0.0
 11
173.5
 21
101.17228449964959
 31
0.0
  0
LINE
  5
25B
330
17
100
AcDbEntity
  8
GEOMETRY
100
AcDbLine
 10
173.5
 20
101.17228449964959
 30
0.0
 11
173.5
 21
101.18977230486647
 31
0.0
  0
LINE
  5
25C
330
17
100
AcDbEntity
  8
GEOMETRY
100
AcDbLine
 10
173.5
 20
101.18977230486647
 30
0.0
 11
173.5
 21
101.20610487399419
 31
0.0
  0
LINE
  5
25D
330
17
100
AcDbEntity
  8
GEOMETRY
100
AcDbLine
 10
173.5
 20
101.20610487399419
 30
0.0
 11
173.5
 21
101.22157101605508
 31
0.0
  0
LINE
  5
25E
330
17
100
AcDbEntity
  8
GEOMETRY
100
AcDbLine
 10
173.5
 20
101.22157101605508
 30
0.0
 11
173.5
 21
101.23703715811597
 31
0.0
  0
LINE
  5
25F
330
17
100
AcDbEntity
  8
GEOMETRY
100
AcDbLine
 10
173.5
 20
101.23703715811597
 30
0.0
 11
173.5
 21
101.25250330017685
 31
0.0
  0
LINE
  5
260
330
17
100
AcDbEntity
  8
GEOMETRY
100
AcDbLine
 10
173.5
 20
101.25250330017685
 30
0.0
 11
173.5
 21
101.26796944223774
 31
0.0
  0
LINE
  5
261
330
17
100
AcDbEntity
  8
GEOMETRY
100
AcDbLine
 10
173.5
 20
101.26796944223774
 30
0.0
 11
173.5
 21
101.28140055919116
 31
0.0
  0
LINE
  5
262
330
17
100
AcDbEntity
  8
GEOMETRY
100
AcDbLine
 10
173.5
 20
101.28140055919116
 30
0.0
 11
173.5
 21
101.29483167614457
 31
0.0
  0
LINE
  5
263
330
17
100
AcDbEntity
  8
GEOMETRY
100
AcDbLine
 10
173.5
 20
101.29483167614457
 30
0.0
 11
173.5
 21
101.30826279309798
 31
0.0
  0
LINE
  5
264
330
17
100
AcDbEntity
  8
GEOMETRY
100
AcDbLine
 10
173.5
 20
101.30826279309798
 30
0.0
 11
173.5
 21
101.3216939100514
 31
0.0
  0
LINE
  5
265
330
17
100
AcDbEntity
  8
GEOMETRY
100
AcDbLine
 10
173.5
 20
101.3216939100514
 30
0.0
 11
173.5
 21
101.33424790033256
 31
0.0
  0
LINE
  5
266
330
17
100
AcDbEntity
  8
GEOMETRY
100
AcDbLine
 10
173.5
 20
101.33424790033256
 30
0.0
 11
173.5
 21
101.34563238838406
 31
0.0
  0
LINE
  5
267
330
17
100
AcDbEntity
  8
GEOMETRY
100
AcDbLine
 10
173.5
 20
101.34563238838406
 30
0.0
 11
173.5
 21
101.35701687643558
 31
0.0
  0
LINE
  5
268
330
17
100
AcDbEntity
  8
GEOMETRY
100
AcDbLine
 10
173.5
 20
101.35701687643558
 30
0.0
 11
173.5
 21
101.36840136448708
 31
0.0
  0
LINE
  5
269
330
17
100
AcDbEntity
  8
GEOMETRY
100
AcDbLine
 10
173.5
 20
101.36840136448708
 30
0.0
 11
173.5
 21
101.37978585253859
 31
0.0
  0
LINE
  5
26A
330
17
100
AcDbEntity
  8
GEOMETRY
100
AcDbLine
 10
173.5
 20
101.37978585253859
 30
0.0
 11
173.5
 21
101.38940765672078
 31
0.0
  0
LINE
  5
26B
330
17
100
AcDbEntity
  8
GEOMETRY
100
AcDbLine
 10
173.5
 20
101.38940765672078
 30
0.0
 11
173.5
 21
101.39873568025808
 31
0.0
  0
LINE
  5
26C
330
17
100
AcDbEntity
  8
GEOMETRY
100
AcDbLine
 10
173.5
 20
101.39873568025808
 30
0.0
 11
173.5
 21
101.40806370379539
 31
0.0
  0
LINE
  5
26D
330
17
100
AcDbEntity
  8
GEOMETRY
100
AcDbLine
 10
173.5
 20
101.40806370379539
 30
0.0
 11
173.5
 21
101.4173917273327
 31
0.0
  0
LINE
  5
26E
330
17
100
AcDbEntity
  8
GEOMETRY
100
AcDbLine
 10
173.5
 20
101.4173917273327
 30
0.0
 11
173.5
 21
101.42612988702803
 31
0.0
  0
LINE
  5
26F
330
17
100
AcDbEntity
  8
GEOMETRY
100
AcDbLine
 10
173.5
 20
101.42612988702803
 30
0.0
 11
173.5
 21
101.43339338711843
 31
0.0
  0
LINE
  5
270
330
17
100
AcDbEntity
  8
GEOMETRY
100
AcDbLine
 10
173.5
 20
101.43339338711843
 30
0.0
 11
173.5
 21
101.44065688720883
 31
0.0
  0
LINE
  5
271
330
17
100
AcDbEntity
  8
GEOMETRY
100
AcDbLine
 10
173.5
 20
101.44065688720883
 30
0.0
 11
173.5
 21
101.44792038729923
 31
0.0
  0
LINE
  5
272
330
17
100
AcDbEntity
  8
GEOMETRY
100
AcDbLine
 10
173.5
 20
101.44792038729923
 30
0.0
 11
173.5
 21
101.45518388738964
 31
0.0
  0
LINE
  5
273
330
17
100
AcDbEntity
  8
GEOMETRY
100
AcDbLine
 10
173.5
 20
101.45518388738964
 30
0.0
 11
173.5
 21
101.4609682455247
 31
0.0
  0
LINE
  5
274
330
17
100
AcDbEntity
  8
GEOMETRY
100
AcDbLine
 10
173.5
 20
101.4609682455247
 30
0.0
 11
173.5
 21
101.4661609468776
 31
0.0
  0
LINE
  5
275
330
17
100
AcDbEntity
  8
GEOMETRY
100
AcDbLine
 10
173.5
 20
101.4661609468776
 30
0.0
 11
173.5
 21
101.4713536482305
 31
0.0
  0
LINE
  5
276
330
17
100
AcDbEntity
  8
GEOMETRY
100
AcDbLine
 10
173.5
 20
101.4713536482305
 30
0.0
 11
173.5
 21
101.47654634958342
 31
0.0
  0
LINE
  5
277
330
17
100
AcDbEntity
  8
GEOMETRY
100
AcDbLine
 10
173.5
 20
101.47654634958342
 30
0.0
 11
173.5
 21
101.48144258165567
 31
0.0
  0
LINE
  5
278
330
17
100
AcDbEntity
  8
GEOMETRY
100
AcDbLine
 10
173.5
 20
101.48144258165567
 30
0.0
 11
173.5
 21
101.48455999804412
 31
0.0
  0
LINE
  5
279
330
17
100
AcDbEntity
  8
GEOMETRY
100
AcDbLine
 10
173.5
 20
101.48455999804412
 30
0.0
 11
173.5
 21
101.48767741443257
 31
0.0
  0
LINE
  5
27A
330
17
100
AcDbEntity
  8
GEOMETRY
100
AcDbLine
 10
173.5
 20
101.48767741443257
 30
0.0
 11
173.5
 21
101.49079483082102
 31
0.0
  0
LINE
  5
27B
330
17
100
AcDbEntity
  8
GEOMETRY
100
AcDbLine
 10
173.5
 20
101.49079483082102
 30
0.0
 11
173.5
 21
101.49391224720945
 31
0.0
  0
LINE
  5
27C
330
17
100
AcDbEntity
  8
GEOMETRY
100
AcDbLine
 10
173.5
 20
101.49391224720945
 30
0.0
 11
173.5
 21
101.49584224745394
 31
0.0
  0
LINE
  5
27D
330
17
100
AcDbEntity
  8
GEOMETRY
100
AcDbLine
 10
173.5
 20
101.49584224745394
 30
0.0
 11
173.5
 21
101.49688168559045
 31
0.0
  0
LINE
  5
27E
330
17
100
AcDbEntity
  8
GEOMETRY
100
AcDbLine
 10
173.5
 20
101.49688168559045
 30
0.0
 11
173.5
 21
101.49792112372697
 31
0.0
  0
LINE
  5
27F
330
17
100
AcDbEntity
  8
GEOMETRY
100
AcDbLine
 10
173.5
 20
101.49792112372697
 30
0.0
 11
173.5
 21
101.49896056186348
 31
0.0
  0
LINE
  5
280
330
17
100
AcDbEntity
  8
GEOMETRY
100
AcDbLine
 10
173.5
 20
101.49896056186348
 30
0.0
 11
173.5
 21
101.5
 31
0.0
  0
LINE
  5
281
330
17
100
AcDbEntity
  8
GEOMETRY
100
AcDbLine
 10
173.5
 20
101.5
 30
0.0
 11
173.5
 21
101.49896056186348
 31
0.0
  0
LINE
  5
282
330
17
100
AcDbEntity
  8
GEOMETRY
100
AcDbLine
 10
173.5
 20
101.49896056186348
 30
0.0
 11
173.5
 21
101.49792112372697
 31
0.0
  0
LINE
  5
283
330
17
100
AcDbEntity
  8
GEOMETRY
100
AcDbLine
 10
173.5
 20
101.49792112372697
 30
0.0
 11
173.5
 21
101.49688168559045
 31
0.0
  0
LINE
  5
284
330
17
100
AcDbEntity
  8
GEOMETRY
100
AcDbLine
 10
173.5
 20
101.49688168559045
 30
0.0
 11
173.5
 21
101.49584224745394
 31
0.0
  0
LINE
  5
285
330
17
100
AcDbEntity
  8
GEOMETRY
100
AcDbLine
 10
173.5
 20
101.49584224745394
 30
0.0
 11
173.5
 21
101.49391224720945
 31
0.0
  0
LINE
  5
286
330
17
100
AcDbEntity
  8
GEOMETRY
100
AcDbLine
 10
173.5
 20
101.49391224720945
 30
0.0
 11
173.5
 21
101.49079483082102
 31
0.0
  0
LINE
  5
287
330
17
100
AcDbEntity
  8
GEOMETRY
100
AcDbLine
 10
173.5
 20
101.49079483082102
 30
0.0
 11
173.5
 21
101.48767741443257
 31
0.0
  0
LINE
  5
288
330
17
100
AcDbEntity
  8
GEOMETRY
100
AcDbLine
 10
173.5
 20
101.48767741443257
 30
0.0
 11
173.5
 21
101.48455999804412
 31
0.0
  0
LINE
  5
289
330
17
100
AcDbEntity
  8
GEOMETRY
100
AcDbLine
 10
173.5
 20
101.48455999804412
 30
0.0
 11
173.5
 21
101.48144258165568
 31
0.0
  0
LINE
  5
28A
330
17
100
AcDbEntity
  8
GEOMETRY
100
AcDbLine
 10
173.5
 20
101.48144258165568
 30
0.0
 11
173.5
 21
101.47654634958342
 31
0.0
  0
LINE
  5
28B
330
17
100
AcDbEntity
  8
GEOMETRY
100
AcDbLine
 10
173.5
 20
101.47654634958342
 30
0.0
 11
173.5
 21
101.4713536482305
 31
0.0
  0
LINE
  5
28C
330
17
100
AcDbEntity
  8
GEOMETRY
100
AcDbLine
 10
173.5
 20
101.4713536482305
 30
0.0
 11
173.5
 21
101.4661609468776
 31
0.0
  0
LINE
  5
28D
330
17
100
AcDbEntity
  8
GEOMETRY
100
AcDbLine
 10
173.5
 20
101.4661609468776
 30
0.0
 11
173.5
 21
101.4609682455247
 31
0.0
  0
LINE
  5
28E
330
17
100
AcDbEntity
  8
GEOMETRY
100
AcDbLine
 10
173.5
 20
101.4609682455247
 30
0.0
 11
173.5
 21
101.45518388738964
 31
0.0
  0
LINE
  5
28F
330
17
100
AcDbEntity
  8
GEOMETRY
100
AcDbLine
 10
173.5
 20
101.45518388738964
 30
0.0
 11
173.5
 21
101.44792038729923
 31
0.0
  0
LINE
  5
290
330
17
100
AcDbEntity
  8
GEOMETRY
100
AcDbLine
 10
173.5
 20
101.44792038729923
 30
0.0
 11
173.5
 21
101.44065688720883
 31
0.0
  0
LINE
  5
291
330
17
100
AcDbEntity
  8
GEOMETRY
100
AcDbLine
 10
173.5
 20
101.44065688720883
 30
0.0
 11
173.5
 21
101.43339338711843
 31
0.0
  0
LINE
  5
292
330
17
100
AcDbEntity
  8
GEOMETRY
100
AcDbLine
 10
173.5
 20
101.43339338711843
 30
0.0
 11
173.5
 21
101.42612988702803
 31
0.0
  0
LINE
  5
293
330
17
100
AcDbEntity
  8
GEOMETRY
100
AcDbLine
 10
173.5
 20
101.42612988702803
 30
0.0
 11
173.5
 21
101.4173917273327
 31
0.0
  0
LINE
  5
294
330
17
100
AcDbEntity
  8
GEOMETRY
100
AcDbLine
 10
173.5
 20
101.4173917273327
 30
0.0
 11
173.5
 21
101.40806370379539
 31
0.0
  0
LINE
  5
295
330
17
100
AcDbEntity
  8
GEOMETRY
100
AcDbLine
 10
173.5
 20
101.40806370379539
 30
0.0
 11
173.5
 21
101.39873568025808
 31
0.0
  0
LINE
  5
296
330
17
100
AcDbEntity
  8
GEOMETRY
100
AcDbLine
 10
173.5
 20
101.39873568025808
 30
0.0
 11
173.5
 21
101.38940765672078
 31
0.0
  0
LINE
  5
297
330
17
100
AcDbEntity
  8
GEOMETRY
100
AcDbLine
 10
173.5
 20
101.38940765672078
 30
0.0
 11
173.5
 21
101.37978585253859
 31
0.0
  0
LINE
  5
298
330
17
100
AcDbEntity
  8
GEOMETRY
100
AcDbLine
 10
173.5
 20
101.37978585253859
 30
0.0
 11
173.5
 21
101.36840136448708
 31
0.0
  0
LINE
  5
299
330
17
100
AcDbEntity
  8
GEOMETRY
100
AcDbLine
 10
173.5
 20
101.36840136448708
 30
0.0
 11
173.5
 21
101.35701687643557
 31
0.0
  0
LINE
  5
29A
330
17
100
AcDbEntity
  8
GEOMETRY
100
AcDbLine
 10
173.5
 20
101.35701687643557
 30
0.0
 11
173.5
 21
101.34563238838406
 31
0.0
  0
LINE
  5
29B
330
17
100
AcDbEntity
  8
GEOMETRY
100
AcDbLine
 10
173.5
 20
101.34563238838406
 30
0.0
 11
173.5
 21
101.33424790033256
 31
0.0
  0
LINE
  5
29C
330
17
100
AcDbEntity
  8
GEOMETRY
100
AcDbLine
 10
173.5
 20
101.33424790033256
 30
0.0
 11
173.5
 21
101.3216939100514
 31
0.0
  0
LINE
  5
29D
330
17
100
AcDbEntity
  8
GEOMETRY
100
AcDbLine
 10
173.5
 20
101.3216939100514
 30
0.0
 11
173.5
 21
101.30826279309798
 31
0.0
  0
LINE
  5
29E
330
17
100
AcDbEntity
  8
GEOMETRY
100
AcDbLine
 10
173.5
 20
101.30826279309798
 30
0.0
 11
173.5
 21
101.29483167614457
 31
0.0
  0
LINE
  5
29F
330
17
100
AcDbEntity
  8
GEOMETRY
100
AcDbLine
 10
173.5
 20
101.29483167614457
 30
0.0
 11
173.5
 21
101.28140055919116
 31
0.0
  0
LINE
  5
2A0
330
17
100
AcDbEntity
  8
GEOMETRY
100
AcDbLine
 10
173.5
 20
101.28140055919116
 30
0.0
 11
173.5
 21
101.26796944223773
 31
0.0
  0
LINE
  5
2A1
330
17
100
AcDbEntity
  8
GEOMETRY
100
AcDbLine
 10
173.5
 20
101.26796944223773
 30
0.0
 11
173.5
 21
101.25250330017685
 31
0.0
  0
LINE
  5
2A2
330
17
100
AcDbEntity
  8
GEOMETRY
100
AcDbLine
 10
173.5
 20
101.25250330017685
 30
0.0
 11
173.5
 21
101.23703715811597
 31
0.0
  0
LINE
  5
2A3
330
17
100
AcDbEntity
  8
GEOMETRY
100
AcDbLine
 10
173.5
 20
101.23703715811597
 30
0.0
 11
173.5
 21
101.22157101605508
 31
0.0
  0
LINE
  5
2A4
330
17
100
AcDbEntity
  8
GEOMETRY
100
AcDbLine
 10
173.5
 20
101.22157101605508
 30
0.0
 11
173.5
 21
101.20610487399419
 31
0.0
  0
LINE
  5
2A5
330
17
100
AcDbEntity
  8
GEOMETRY
100
AcDbLine
 10
173.5
 20
101.20610487399419
 30
0.0
 11
173.5
 21
101.18977230486647
 31
0.0
  0
LINE
  5
2A6
330
17
100
AcDbEntity
  8
GEOMETRY
100
AcDbLine
 10
173.5
 20
101.18977230486647
 30
0.0
 11
173.5
 21
101.17228449964959
 31
0.0
  0
LINE
  5
2A7
330
17
100
AcDbEntity
  8
GEOMETRY
100
AcDbLine
 10
173.5
 20
101.17228449964959
 30
0.0
 11
173.5
 21
101.15479669443272
 31
0.0
  0
LINE
  5
2A8
330
17
100
AcDbEntity
  8
GEOMETRY
100
AcDbLine
 10
173.5
 20
101.15479669443272
 30
0.0
 11
173.5
 21
101.13730888921586
 31
0.0
  0
LINE
  5
2A9
330
17
100
AcDbEntity
  8
GEOMETRY
100
AcDbLine
 10
173.5
 20
101.13730888921586
 30
0.0
 11
173.5
 21
101.11982108399899
 31
0.0
  0
LINE
  5
2AA
330
17
100
AcDbEntity
  8
GEOMETRY
100
AcDbLine
 10
173.5
 20
101.11982108399899
 30
0.0
 11
173.5
 21
101.10061337484656
 31
0.0
  0
LINE
  5
2AB
330
17
100
AcDbEntity
  8
GEOMETRY
100
AcDbLine
 10
173.5
 20
101.10061337484656
 30
0.0
 11
173.5
 21
101.0811190150382
 31
0.0
  0
LINE
  5
2AC
330
17
100
AcDbEntity
  8
GEOMETRY
100
AcDbLine
 10
173.5
 20
101.0811190150382
 30
0.0
 11
173.5
 21
101.06162465522985
 31
0.0
  0
LINE
  5
2AD
330
17
100
AcDbEntity
  8
GEOMETRY
100
AcDbLine
 10
173.5
 20
101.06162465522985
 30
0.0
 11
173.5
 21
101.0421302954215
 31
0.0
  0
LINE
  5
2AE
330
17
100
AcDbEntity
  8
GEOMETRY
100
AcDbLine
 10
173.5
 20
101.0421302954215
 30
0.0
 11
173.5
 21
101.02206744633686
 31
0.0
  0
LINE
  5
2AF
330
17
100
AcDbEntity
  8
GEOMETRY
100
AcDbLine
 10
173.5
 20
101.02206744633686
 30
0.0
 11
173.5
 21
101.00058337406152
 31
0.0
  0
LINE
  5
2B0
330
17
100
AcDbEntity
  8
GEOMETRY
100
AcDbLine
 10
173.5
 20
101.00058337406152
 30
0.0
 11
173.5
 21
100.97909930178618
 31
0.0
  0
LINE
  5
2B1
330
17
100
AcDbEntity
  8
GEOMETRY
100
AcDbLine
 10
173.5
 20
100.97909930178618
 30
0.0
 11
173.5
 21
100.95761522951084
 31
0.0
  0
LINE
  5
2B2
330
17
100
AcDbEntity
  8
GEOMETRY
100
AcDbLine
 10
173.5
 20
100.95761522951084
 30
0.0
 11
173.5
 21
100.9361311572355
 31
0.0
  0
LINE
  5
2B3
330
17
100
AcDbEntity
  8
GEOMETRY
100
AcDbLine
 10
173.5
 20
100.9361311572355
 30
0.0
 11
173.5
 21
100.91323911972214
 31
0.0
  0
LINE
  5
2B4
330
17
100
AcDbEntity
  8
GEOMETRY
100
AcDbLine
 10
173.5
 20
100.91323911972214
 30
0.0
 11
173.5
 21
100.88978389611356
 31
0.0
  0
LINE
  5
2B5
330
17
100
AcDbEntity
  8
GEOMETRY
100
AcDbLine
 10
173.5
 20
100.88978389611356
 30
0.0
 11
173.5
 21
100.86632867250498
 31
0.0
  0
LINE
  5
2B6
330
17
100
AcDbEntity
  8
GEOMETRY
100
AcDbLine
 10
173.5
 20
100.86632867250498
 30
0.0
 11
173.5
 21
100.8428734488964
 31
0.0
  0
LINE
  5
2B7
330
17
100
AcDbEntity
  8
GEOMETRY
100
AcDbLine
 10
173.5
 20
100.8428734488964
 30
0.0
 11
173.5
 21
100.81913952711267
 31
0.0
  0
LINE
  5
2B8
330
17
100
AcDbEntity
  8
GEOMETRY
100
AcDbLine
 10
173.5
 20
100.81913952711267
 30
0.0
 11
173.5
 21
100.79373341627802
 31
0.0
  0
LINE
  5
2B9
330
17
100
AcDbEntity
  8
GEOMETRY
100
AcDbLine
 10
173.5
 20
100.79373341627802
 30
0.0
 11
173.5
 21
100.76832730544336
 31
0.0
  0
LINE
  5
2BA
330
17
100
AcDbEntity
  8
GEOMETRY
100
AcDbLine
 10
173.5
 20
100.76832730544336
 30
0.0
 11
173.5
 21
100.74292119460871
 31
0.0
  0
LINE
  5
2BB
330
17
100
AcDbEntity
  8
GEOMETRY
100
AcDbLine
 10
173.5
 20
100.74292119460871
 30
0.0
 11
173.5
 21
100.71751508377406
 31
0.0
  0
LINE
  5
2BC
330
17
100
AcDbEntity
  8
GEOMETRY
100
AcDbLine
 10
173.5
 20
100.71751508377406
 30
0.0
 11
173.5
 21
100.69100672285217
 31
0.0
  0
LINE
  5
2BD
330
17
100
AcDbEntity
  8
GEOMETRY
100
AcDbLine
 10
173.5
 20
100.69100672285217
 30
0.0
 11
173.5
 21
100.66367167436483
 31
0.0
  0
LINE
  5
2BE
330
17
100
AcDbEntity
  8
GEOMETRY
100
AcDbLine
 10
173.5
 20
100.66367167436483
 30
0.0
 11
173.5
 21
100.6363366258775
 31
0.0
  0
LINE
  5
2BF
330
17
100
AcDbEntity
  8
GEOMETRY
100
AcDbLine
 10
173.5
 20
100.6363366258775
 30
0.0
 11
173.5
 21
100.60900157739019
 31
0.0
  0
LINE
  5
2C0
330
17
100
AcDbEntity
  8
GEOMETRY
100
AcDbLine
 10
173.5
 20
100.60900157739019
 30
0.0
 11
173.5
 21
100.58166652890284
 31
0.0
  0
LINE
  5
2C1
330
17
100
AcDbEntity
  8
GEOMETRY
100
AcDbLine
 10
170.5
 20
100.58166652890289
 30
0.0
 11
170.5
 21
95.08257569495586
 31
0.0
  0
LINE
  5
2C2
330
17
100
AcDbEntity
  8
GEOMETRY
100
AcDbLine
 10
173.5
 20
100.58166652890289
 30
0.0
 11
173.5
 21
95.08257569495586
 31
0.0
  0
LINE
  5
2C3
330
17
100
AcDbEntity
  8
GEOMETRY
100
AcDbLine
 10
173.5
 20
92.74999999999999
 30
0.0
 11
173.5
 21
92.73765983177698
 31
0.0
  0
LINE
  5
2C4
330
17
100
AcDbEntity
  8
GEOMETRY
100
AcDbLine
 10
173.5
 20
92.73765983177698
 30
0.0
 11
173.5
 21
92.72531966355396
 31
0.0
  0
LINE
  5
2C5
330
17
100
AcDbEntity
  8
GEOMETRY
100
AcDbLine
 10
173.5
 20
92.72531966355396
 30
0.0
 11
173.5
 21
92.71297949533096
 31
0.0
  0
LINE
  5
2C6
330
17
100
AcDbEntity
  8
GEOMETRY
100
AcDbLine
 10
173.5
 20
92.71297949533096
 30
0.0
 11
173.5
 21
92.70063932710795
 31
0.0
  0
LINE
  5
2C7
330
17
100
AcDbEntity
  8
GEOMETRY
100
AcDbLine
 10
173.5
 20
92.70063932710795
 30
0.0
 11
173.5
 21
92.6779870665064
 31
0.0
  0
LINE
  5
2C8
330
17
100
AcDbEntity
  8
GEOMETRY
100
AcDbLine
 10
173.5
 20
92.6779870665064
 30
0.0
 11
173.5
 21
92.64158534940013
 31
0.0
  0
LINE
  5
2C9
330
17
100
AcDbEntity
  8
GEOMETRY
100
AcDbLine
 10
173.5
 20
92.64158534940013
 30
0.0
 11
173.5
 21
92.60518363229386
 31
0.0
  0
LINE
  5
2CA
330
17
100
AcDbEntity
  8
GEOMETRY
100
AcDbLine
 10
173.5
 20
92.60518363229386
 30
0.0
 11
173.5
 21
92.5687819151876
 31
0.0
  0
LINE
  5
2CB
330
17
100
AcDbEntity
  8
GEOMETRY
100
AcDbLine
 10
173.5
 20
92.5687819151876
 30
0.0
 11
173.5
 21
92.53238019808133
 31
0.0
  0
LINE
  5
2CC
330
17
100
AcDbEntity
  8
GEOMETRY
100
AcDbLine
 10
173.5
 20
92.53238019808133
 30
0.0
 11
173.5
 21
92.47691886830029
 31
0.0
  0
LINE
  5
2CD
330
17
100
AcDbEntity
  8
GEOMETRY
100
AcDbLine
 10
173.5
 20
92.47691886830029
 30
0.0
 11
173.5
 21
92.4182809364068
 31
0.0
  0
LINE
  5
2CE
330
17
100
AcDbEntity
  8
GEOMETRY
100
AcDbLine
 10
173.5
 20
92.4182809364068
 30
0.0
 11
173.5
 21
92.35964300451332
 31
0.0
  0
LINE
  5
2CF
330
17
100
AcDbEntity
  8
GEOMETRY
100
AcDbLine
 10
173.5
 20
92.35964300451332
 30
0.0
 11
173.5
 21
92.30100507261983
 31
0.0
  0
LINE
  5
2D0
330
17
100
AcDbEntity
  8
GEOMETRY
100
AcDbLine
 10
173.5
 20
92.30100507261983
 30
0.0
 11
173.5
 21
92.23685403671738
 31
0.0
  0
LINE
  5
2D1
330
17
100
AcDbEntity
  8
GEOMETRY
100
AcDbLine
 10
173.5
 20
92.23685403671738
 30
0.0
 11
173.5
 21
92.15892024079248
 31
0.0
  0
LINE
  5
2D2
330
17
100
AcDbEntity
  8
GEOMETRY
100
AcDbLine
 10
173.5
 20
92.15892024079248
 30
0.0
 11
173.5
 21
92.08098644486759
 31
0.0
  0
LINE
  5
2D3
330
17
100
AcDbEntity
  8
GEOMETRY
100
AcDbLine
 10
173.5
 20
92.08098644486759
 30
0.0
 11
173.5
 21
92.0030526489427
 31
0.0
  0
LINE
  5
2D4
330
17
100
AcDbEntity
  8
GEOMETRY
100
AcDbLine
 10
173.5
 20
92.0030526489427
 30
0.0
 11
173.5
 21
91.92511885301782
 31
0.0
  0
LINE
  5
2D5
330
17
100
AcDbEntity
  8
GEOMETRY
100
AcDbLine
 10
173.5
 20
91.92511885301782
 30
0.0
 11
173.5
 21
91.83619367274969
 31
0.0
  0
LINE
  5
2D6
330
17
100
AcDbEntity
  8
GEOMETRY
100
AcDbLine
 10
173.5
 20
91.83619367274969
 30
0.0
 11
173.5
 21
91.74287193874427
 31
0.0
  0
LINE
  5
2D7
330
17
100
AcDbEntity
  8
GEOMETRY
100
AcDbLine
 10
173.5
 20
91.74287193874427
 30
0.0
 11
173.5
 21
91.64955020473884
 31
0.0
  0
LINE
  5
2D8
330
17
100
AcDbEntity
  8
GEOMETRY
100
AcDbLine
 10
173.5
 20
91.64955020473884
 30
0.0
 11
173.5
 21
91.55622847073343
 31
0.0
  0
LINE
  5
2D9
330
17
100
AcDbEntity
  8
GEOMETRY
100
AcDbLine
 10
173.5
 20
91.55622847073343
 30
0.0
 11
173.5
 21
91.4613769657766
 31
0.0
  0
LINE
  5
2DA
330
17
100
AcDbEntity
  8
GEOMETRY
100
AcDbLine
 10
173.5
 20
91.4613769657766
 30
0.0
 11
173.5
 21
91.35734683511129
 31
0.0
  0
LINE
  5
2DB
330
17
100
AcDbEntity
  8
GEOMETRY
100
AcDbLine
 10
173.5
 20
91.35734683511129
 30
0.0
 11
173.5
 21
91.253316704446
 31
0.0
  0
LINE
  5
2DC
330
17
100
AcDbEntity
  8
GEOMETRY
100
AcDbLine
 10
173.5
 20
91.253316704446
 30
0.0
 11
173.5
 21
91.14928657378069
 31
0.0
  0
LINE
  5
2DD
330
17
100
AcDbEntity
  8
GEOMETRY
100
AcDbLine
 10
173.5
 20
91.14928657378069
 30
0.0
 11
173.5
 21
91.04525644311539
 31
0.0
  0
LINE
  5
2DE
330
17
100
AcDbEntity
  8
GEOMETRY
100
AcDbLine
 10
173.5
 20
91.04525644311539
 30
0.0
 11
173.5
 21
90.93808808872647
 31
0.0
  0
LINE
  5
2DF
330
17
100
AcDbEntity
  8
GEOMETRY
100
AcDbLine
 10
173.5
 20
90.93808808872647
 30
0.0
 11
173.5
 21
90.82856606654485
 31
0.0
  0
LINE
  5
2E0
330
17
100
AcDbEntity
  8
GEOMETRY
100
AcDbLine
 10
173.5
 20
90.82856606654485
 30
0.0
 11
173.5
 21
90.71904404436323
 31
0.0
  0
LINE
  5
2E1
330
17
100
AcDbEntity
  8
GEOMETRY
100
AcDbLine
 10
173.5
 20
90.71904404436323
 30
0.0
 11
173.5
 21
90.60952202218161
 31
0.0
  0
LINE
  5
2E2
330
17
100
AcDbEntity
  8
GEOMETRY
100
AcDbLine
 10
173.5
 20
90.60952202218161
 30
0.0
 11
173.5
 21
90.49999999999999
 31
0.0
  0
LINE
  5
2E3
330
17
100
AcDbEntity
  8
GEOMETRY
100
AcDbLine
 10
173.5
 20
90.49999999999999
 30
0.0
 11
173.5
 21
90.39047797781836
 31
0.0
  0
LINE
  5
2E4
330
17
100
AcDbEntity
  8
GEOMETRY
100
AcDbLine
 10
173.5
 20
90.39047797781836
 30
0.0
 11
173.5
 21
90.28095595563674
 31
0.0
  0
LINE
  5
2E5
330
17
100
AcDbEntity
  8
GEOMETRY
100
AcDbLine
 10
173.5
 20
90.28095595563674
 30
0.0
 11
173.5
 21
90.17143393345512
 31
0.0
  0
LINE
  5
2E6
330
17
100
AcDbEntity
  8
GEOMETRY
100
AcDbLine
 10
173.5
 20
90.17143393345512
 30
0.0
 11
173.5
 21
90.06191191127348
 31
0.0
  0
LINE
  5
2E7
330
17
100
AcDbEntity
  8
GEOMETRY
100
AcDbLine
 10
173.5
 20
90.06191191127348
 30
0.0
 11
173.5
 21
89.95474355688458
 31
0.0
  0
LINE
  5
2E8
330
17
100
AcDbEntity
  8
GEOMETRY
100
AcDbLine
 10
173.5
 20
89.95474355688458
 30
0.0
 11
173.5
 21
89.85071342621927
 31
0.0
  0
LINE
  5
2E9
330
17
100
AcDbEntity
  8
GEOMETRY
100
AcDbLine
 10
173.5
 20
89.85071342621927
 30
0.0
 11
173.5
 21
89.74668329555398
 31
0.0
  0
LINE
  5
2EA
330
17
100
AcDbEntity
  8
GEOMETRY
100
AcDbLine
 10
173.5
 20
89.74668329555398
 30
0.0
 11
173.5
 21
89.64265316488869
 31
0.0
  0
LINE
  5
2EB
330
17
100
AcDbEntity
  8
GEOMETRY
100
AcDbLine
 10
173.5
 20
89.64265316488869
 30
0.0
 11
173.5
 21
89.53862303422338
 31
0.0
  0
LINE
  5
2EC
330
17
100
AcDbEntity
  8
GEOMETRY
100
AcDbLine
 10
173.5
 20
89.53862303422338
 30
0.0
 11
173.5
 21
89.44377152926654
 31
0.0
  0
LINE
  5
2ED
330
17
100
AcDbEntity
  8
GEOMETRY
100
AcDbLine
 10
173.5
 20
89.44377152926654
 30
0.0
 11
173.5
 21
89.35044979526113
 31
0.0
  0
LINE
  5
2EE
330
17
100
AcDbEntity
  8
GEOMETRY
100
AcDbLine
 10
173.5
 20
89.35044979526113
 30
0.0
 11
173.5
 21
89.2571280612557
 31
0.0
  0
LINE
  5
2EF
330
17
100
AcDbEntity
  8
GEOMETRY
100
AcDbLine
 10
173.5
 20
89.2571280612557
 30
0.0
 11
173.5
 21
89.16380632725028
 31
0.0
  0
LINE
  5
2F0
330
17
100
AcDbEntity
  8
GEOMETRY
100
AcDbLine
 10
173.5
 20
89.16380632725028
 30
0.0
 11
173.5
 21
89.07488114698215
 31
0.0
  0
LINE
  5
2F1
330
17
100
AcDbEntity
  8
GEOMETRY
100
AcDbLine
 10
173.5
 20
89.07488114698215
 30
0.0
 11
173.5
 21
88.99694735105726
 31
0.0
  0
LINE
  5
2F2
330
17
100
AcDbEntity
  8
GEOMETRY
100
AcDbLine
 10
173.5
 20
88.99694735105726
 30
0.0
 11
173.5
 21
88.91901355513238
 31
0.0
  0
LINE
  5
2F3
330
17
100
AcDbEntity
  8
GEOMETRY
100
AcDbLine
 10
173.5
 20
88.91901355513238
 30
0.0
 11
173.5
 21
88.84107975920749
 31
0.0
  0
LINE
  5
2F4
330
17
100
AcDbEntity
  8
GEOMETRY
100
AcDbLine
 10
173.5
 20
88.84107975920749
 30
0.0
 11
173.5
 21
88.7631459632826
 31
0.0
  0
LINE
  5
2F5
330
17
100
AcDbEntity
  8
GEOMETRY
100
AcDbLine
 10
173.5
 20
88.7631459632826
 30
0.0
 11
173.5
 21
88.69899492738014
 31
0.0
  0
LINE
  5
2F6
330
17
100
AcDbEntity
  8
GEOMETRY
100
AcDbLine
 10
173.5
 20
88.69899492738014
 30
0.0
 11
173.5
 21
88.64035699548666
 31
0.0
  0
LINE
  5
2F7
330
17
100
AcDbEntity
  8
GEOMETRY
100
AcDbLine
 10
173.5
 20
88.64035699548666
 30
0.0
 11
173.5
 21
88.58171906359317
 31
0.0
  0
LINE
  5
2F8
330
17
100
AcDbEntity
  8
GEOMETRY
100
AcDbLine
 10
173.5
 20
88.58171906359317
 30
0.0
 11
173.5
 21
88.52308113169967
 31
0.0
  0
LINE
  5
2F9
330
17
100
AcDbEntity
  8
GEOMETRY
100
AcDbLine
 10
173.5
 20
88.52308113169967
 30
0.0
 11
173.5
 21
88.46761980191864
 31
0.0
  0
LINE
  5
2FA
330
17
100
AcDbEntity
  8
GEOMETRY
100
AcDbLine
 10
173.5
 20
88.46761980191864
 30
0.0
 11
173.5
 21
88.43121808481237
 31
0.0
  0
LINE
  5
2FB
330
17
100
AcDbEntity
  8
GEOMETRY
100
AcDbLine
 10
173.5
 20
88.43121808481237
 30
0.0
 11
173.5
 21
88.39481636770611
 31
0.0
  0
LINE
  5
2FC
330
17
100
AcDbEntity
  8
GEOMETRY
100
AcDbLine
 10
173.5
 20
88.39481636770611
 30
0.0
 11
173.5
 21
88.35841465059984
 31
0.0
  0
LINE
  5
2FD
330
17
100
AcDbEntity
  8
GEOMETRY
100
AcDbLine
 10
173.5
 20
88.35841465059984
 30
0.0
 11
173.5
 21
88.32201293349357
 31
0.0
  0
LINE
  5
2FE
330
17
100
AcDbEntity
  8
GEOMETRY
100
AcDbLine
 10
173.5
 20
88.32201293349357
 30
0.0
 11
173.5
 21
88.29936067289202
 31
0.0
  0
LINE
  5
2FF
330
17
100
AcDbEntity
  8
GEOMETRY
100
AcDbLine
 10
173.5
 20
88.29936067289202
 30
0.0
 11
173.5
 21
88.28702050466902
 31
0.0
  0
LINE
  5
300
330
17
100
AcDbEntity
  8
GEOMETRY
100
AcDbLine
 10
173.5
 20
88.28702050466902
 30
0.0
 11
173.5
 21
88.274680336446
 31
0.0
  0
LINE
  5
301
330
17
100
AcDbEntity
  8
GEOMETRY
100
AcDbLine
 10
173.5
 20
88.274680336446
 30
0.0
 11
173.5
 21
88.26234016822299
 31
0.0
  0
LINE
  5
302
330
17
100
AcDbEntity
  8
GEOMETRY
100
AcDbLine
 10
173.5
 20
88.26234016822299
 30
0.0
 11
173.5
 21
88.24999999999999
 31
0.0
  0
LINE
  5
303
330
17
100
AcDbEntity
  8
GEOMETRY
100
AcDbLine
 10
173.5
 20
88.24999999999999
 30
0.0
 11
173.5
 21
88.26234016822299
 31
0.0
  0
LINE
  5
304
330
17
100
AcDbEntity
  8
GEOMETRY
100
AcDbLine
 10
173.5
 20
88.26234016822299
 30
0.0
 11
173.5
 21
88.274680336446
 31
0.0
  0
LINE
  5
305
330
17
100
AcDbEntity
  8
GEOMETRY
100
AcDbLine
 10
173.5
 20
88.274680336446
 30
0.0
 11
173.5
 21
88.28702050466902
 31
0.0
  0
LINE
  5
306
330
17
100
AcDbEntity
  8
GEOMETRY
100
AcDbLine
 10
173.5
 20
88.28702050466902
 30
0.0
 11
173.5
 21
88.29936067289202
 31
0.0
  0
LINE
  5
307
330
17
100
AcDbEntity
  8
GEOMETRY
100
AcDbLine
 10
173.5
 20
88.29936067289202
 30
0.0
 11
173.5
 21
88.32201293349357
 31
0.0
  0
LINE
  5
308
330
17
100
AcDbEntity
  8
GEOMETRY
100
AcDbLine
 10
173.5
 20
88.32201293349357
 30
0.0
 11
173.5
 21
88.35841465059984
 31
0.0
  0
LINE
  5
309
330
17
100
AcDbEntity
  8
GEOMETRY
100
AcDbLine
 10
173.5
 20
88.35841465059984
 30
0.0
 11
173.5
 21
88.39481636770611
 31
0.0
  0
LINE
  5
30A
330
17
100
AcDbEntity
  8
GEOMETRY
100
AcDbLine
 10
173.5
 20
88.39481636770611
 30
0.0
 11
173.5
 21
88.43121808481237
 31
0.0
  0
LINE
  5
30B
330
17
100
AcDbEntity
  8
GEOMETRY
100
AcDbLine
 10
173.5
 20
88.43121808481237
 30
0.0
 11
173.5
 21
88.46761980191864
 31
0.0
  0
LINE
  5
30C
330
17
100
AcDbEntity
  8
GEOMETRY
100
AcDbLine
 10
173.5
 20
88.46761980191864
 30
0.0
 11
173.5
 21
88.52308113169967
 31
0.0
  0
LINE
  5
30D
330
17
100
AcDbEntity
  8
GEOMETRY
100
AcDbLine
 10
173.5
 20
88.52308113169967
 30
0.0
 11
173.5
 21
88.58171906359317
 31
0.0
  0
LINE
  5
30E
330
17
100
AcDbEntity
  8
GEOMETRY
100
AcDbLine
 10
173.5
 20
88.58171906359317
 30
0.0
 11
173.5
 21
88.64035699548666
 31
0.0
  0
LINE
  5
30F
330
17
100
AcDbEntity
  8
GEOMETRY
100
AcDbLine
 10
173.5
 20
88.64035699548666
 30
0.0
 11
173.5
 21
88.69899492738014
 31
0.0
  0
LINE
  5
310
330
17
100
AcDbEntity
  8
GEOMETRY
100
AcDbLine
 10
173.5
 20
88.69899492738014
 30
0.0
 11
173.5
 21
88.7631459632826
 31
0.0
  0
LINE
  5
311
330
17
100
AcDbEntity
  8
GEOMETRY
100
AcDbLine
 10
173.5
 20
88.7631459632826
 30
0.0
 11
173.5
 21
88.84107975920749
 31
0.0
  0
LINE
  5
312
330
17
100
AcDbEntity
  8
GEOMETRY
100
AcDbLine
 10
173.5
 20
88.84107975920749
 30
0.0
 11
173.5
 21
88.91901355513238
 31
0.0
  0
LINE
  5
313
330
17
100
AcDbEntity
  8
GEOMETRY
100
AcDbLine
 10
173.5
 20
88.91901355513238
 30
0.0
 11
173.5
 21
88.99694735105726
 31
0.0
  0
LINE
  5
314
330
17
100
AcDbEntity
  8
GEOMETRY
100
AcDbLine
 10
173.5
 20
88.99694735105726
 30
0.0
 11
173.5
 21
89.07488114698215
 31
0.0
  0
LINE
  5
315
330
17
100
AcDbEntity
  8
GEOMETRY
100
AcDbLine
 10
173.5
 20
89.07488114698215
 30
0.0
 11
173.5
 21
89.16380632725028
 31
0.0
  0
LINE
  5
316
330
17
100
AcDbEntity
  8
GEOMETRY
100
AcDbLine
 10
173.5
 20
89.16380632725028
 30
0.0
 11
173.5
 21
89.2571280612557
 31
0.0
  0
LINE
  5
317
330
17
100
AcDbEntity
  8
GEOMETRY
100
AcDbLine
 10
173.5
 20
89.2571280612557
 30
0.0
 11
173.5
 21
89.35044979526113
 31
0.0
  0
LINE
  5
318
330
17
100
AcDbEntity
  8
GEOMETRY
100
AcDbLine
 10
173.5
 20
89.35044979526113
 30
0.0
 11
173.5
 21
89.44377152926654
 31
0.0
  0
LINE
  5
319
330
17
100
AcDbEntity
  8
GEOMETRY
100
AcDbLine
 10
173.5
 20
89.44377152926654
 30
0.0
 11
173.5
 21
89.53862303422338
 31
0.0
  0
LINE
  5
31A
330
17
100
AcDbEntity
  8
GEOMETRY
100
AcDbLine
 10
173.5
 20
89.53862303422338
 30
0.0
 11
173.5
 21
89.64265316488867
 31
0.0
  0
LINE
  5
31B
330
17
100
AcDbEntity
  8
GEOMETRY
100
AcDbLine
 10
173.5
 20
89.64265316488867
 30
0.0
 11
173.5
 21
89.74668329555398
 31
0.0
  0
LINE
  5
31C
330
17
100
AcDbEntity
  8
GEOMETRY
100
AcDbLine
 10
173.5
 20
89.74668329555398
 30
0.0
 11
173.5
 21
89.85071342621927
 31
0.0
  0
LINE
  5
31D
330
17
100
AcDbEntity
  8
GEOMETRY
100
AcDbLine
 10
173.5
 20
89.85071342621927
 30
0.0
 11
173.5
 21
89.95474355688458
 31
0.0
  0
LINE
  5
31E
330
17
100
AcDbEntity
  8
GEOMETRY
100
AcDbLine
 10
173.5
 20
89.95474355688458
 30
0.0
 11
173.5
 21
90.06191191127348
 31
0.0
  0
LINE
  5
31F
330
17
100
AcDbEntity
  8
GEOMETRY
100
AcDbLine
 10
173.5
 20
90.06191191127348
 30
0.0
 11
173.5
 21
90.17143393345512
 31
0.0
  0
LINE
  5
320
330
17
100
AcDbEntity
  8
GEOMETRY
100
AcDbLine
 10
173.5
 20
90.17143393345512
 30
0.0
 11
173.5
 21
90.28095595563673
 31
0.0
  0
LINE
  5
321
330
17
100
AcDbEntity
  8
GEOMETRY
100
AcDbLine
 10
173.5
 20
90.28095595563673
 30
0.0
 11
173.5
 21
90.39047797781836
 31
0.0
  0
LINE
  5
322
330
17
100
AcDbEntity
  8
GEOMETRY
100
AcDbLine
 10
173.5
 20
90.39047797781836
 30
0.0
 11
173.5
 21
90.49999999999999
 31
0.0
  0
LINE
  5
323
330
17
100
AcDbEntity
  8
GEOMETRY
100
AcDbLine
 10
173.5
 20
90.49999999999999
 30
0.0
 11
173.5
 21
90.60952202218161
 31
0.0
  0
LINE
  5
324
330
17
100
AcDbEntity
  8
GEOMETRY
100
AcDbLine
 10
173.5
 20
90.60952202218161
 30
0.0
 11
173.5
 21
90.71904404436323
 31
0.0
  0
LINE
  5
325
330
17
100
AcDbEntity
  8
GEOMETRY
100
AcDbLine
 10
173.5
 20
90.71904404436323
 30
0.0
 11
173.5
 21
90.82856606654485
 31
0.0
  0
LINE
  5
326
330
17
100
AcDbEntity
  8
GEOMETRY
100
AcDbLine
 10
173.5
 20
90.82856606654485
 30
0.0
 11
173.5
 21
90.93808808872647
 31
0.0
  0
LINE
  5
327
330
17
100
AcDbEntity
  8
GEOMETRY
100
AcDbLine
 10
173.5
 20
90.93808808872647
 30
0.0
 11
173.5
 21
91.04525644311539
 31
0.0
  0
LINE
  5
328
330
17
100
AcDbEntity
  8
GEOMETRY
100
AcDbLine
 10
173.5
 20
91.04525644311539
 30
0.0
 11
173.5
 21
91.14928657378069
 31
0.0
  0
LINE
  5
329
330
17
100
AcDbEntity
  8
GEOMETRY
100
AcDbLine
 10
173.5
 20
91.14928657378069
 30
0.0
 11
173.5
 21
91.253316704446
 31
0.0
  0
LINE
  5
32A
330
17
100
AcDbEntity
  8
GEOMETRY
100
AcDbLine
 10
173.5
 20
91.253316704446
 30
0.0
 11
173.5
 21
91.35734683511129
 31
0.0
  0
LINE
  5
32B
330
17
100
AcDbEntity
  8
GEOMETRY
100
AcDbLine
 10
173.5
 20
91.35734683511129
 30
0.0
 11
173.5
 21
91.4613769657766
 31
0.0
  0
LINE
  5
32C
330
17
100
AcDbEntity
  8
GEOMETRY
100
AcDbLine
 10
173.5
 20
91.4613769657766
 30
0.0
 11
173.5
 21
91.55622847073343
 31
0.0
  0
LINE
  5
32D
330
17
100
AcDbEntity
  8
GEOMETRY
100
AcDbLine
 10
173.5
 20
91.55622847073343
 30
0.0
 11
173.5
 21
91.64955020473884
 31
0.0
  0
LINE
  5
32E
330
17
100
AcDbEntity
  8
GEOMETRY
100
AcDbLine
 10
173.5
 20
91.64955020473884
 30
0.0
 11
173.5
 21
91.74287193874427
 31
0.0
  0
LINE
  5
32F
330
17
100
AcDbEntity
  8
GEOMETRY
100
AcDbLine
 10
173.5
 20
91.74287193874427
 30
0.0
 11
173.5
 21
91.83619367274969
 31
0.0
  0
LINE
  5
330
330
17
100
AcDbEntity
  8
GEOMETRY
100
AcDbLine
 10
173.5
 20
91.83619367274969
 30
0.0
 11
173.5
 21
91.92511885301782
 31
0.0
  0
LINE
  5
331
330
17
100
AcDbEntity
  8
GEOMETRY
100
AcDbLine
 10
173.5
 20
91.92511885301782
 30
0.0
 11
173.5
 21
92.0030526489427
 31
0.0
  0
LINE
  5
332
330
17
100
AcDbEntity
  8
GEOMETRY
100
AcDbLine
 10
173.5
 20
92.0030526489427
 30
0.0
 11
173.5
 21
92.08098644486759
 31
0.0
  0
LINE
  5
333
330
17
100
AcDbEntity
  8
GEOMETRY
100
AcDbLine
 10
173.5
 20
92.08098644486759
 30
0.0
 11
173.5
 21
92.15892024079248
 31
0.0
  0
LINE
  5
334
330
17
100
AcDbEntity
  8
GEOMETRY
100
AcDbLine
 10
173.5
 20
92.15892024079248
 30
0.0
 11
173.5
 21
92.23685403671738
 31
0.0
  0
LINE
  5
335
330
17
100
AcDbEntity
  8
GEOMETRY
100
AcDbLine
 10
173.5
 20
92.23685403671738
 30
0.0
 11
173.5
 21
92.30100507261983
 31
0.0
  0
LINE
  5
336
330
17
100
AcDbEntity
  8
GEOMETRY
100
AcDbLine
 10
173.5
 20
92.30100507261983
 30
0.0
 11
173.5
 21
92.35964300451332
 31
0.0
  0
LINE
  5
337
330
17
100
AcDbEntity
  8
GEOMETRY
100
AcDbLine
 10
173.5
 20
92.35964300451332
 30
0.0
 11
173.5
 21
92.4182809364068
 31
0.0
  0
LINE
  5
338
330
17
100
AcDbEntity
  8
GEOMETRY
100
AcDbLine
 10
173.5
 20
92.4182809364068
 30
0.0
 11
173.5
 21
92.47691886830029
 31
0.0
  0
LINE
  5
339
330
17
100
AcDbEntity
  8
GEOMETRY
100
AcDbLine
 10
173.5
 20
92.47691886830029
 30
0.0
 11
173.5
 21
92.53238019808133
 31
0.0
  0
LINE
  5
33A
330
17
100
AcDbEntity
  8
GEOMETRY
100
AcDbLine
 10
173.5
 20
92.53238019808133
 30
0.0
 11
173.5
 21
92.56878191518759
 31
0.0
  0
LINE
  5
33B
330
17
100
AcDbEntity
  8
GEOMETRY
100
AcDbLine
 10
173.5
 20
92.56878191518759
 30
0.0
 11
173.5
 21
92.60518363229386
 31
0.0
  0
LINE
  5
33C
330
17
100
AcDbEntity
  8
GEOMETRY
100
AcDbLine
 10
173.5
 20
92.60518363229386
 30
0.0
 11
173.5
 21
92.64158534940013
 31
0.0
  0
LINE
  5
33D
330
17
100
AcDbEntity
  8
GEOMETRY
100
AcDbLine
 10
173.5
 20
92.64158534940013
 30
0.0
 11
173.5
 21
92.6779870665064
 31
0.0
  0
LINE
  5
33E
330
17
100
AcDbEntity
  8
GEOMETRY
100
AcDbLine
 10
173.5
 20
92.6779870665064
 30
0.0
 11
173.5
 21
92.70063932710795
 31
0.0
  0
LINE
  5
33F
330
17
100
AcDbEntity
  8
GEOMETRY
100
AcDbLine
 10
173.5
 20
92.70063932710795
 30
0.0
 11
173.5
 21
92.71297949533096
 31
0.0
  0
LINE
  5
340
330
17
100
AcDbEntity
  8
GEOMETRY
100
AcDbLine
 10
173.5
 20
92.71297949533096
 30
0.0
 11
173.5
 21
92.72531966355396
 31
0.0
  0
LINE
  5
341
330
17
100
AcDbEntity
  8
GEOMETRY
100
AcDbLine
 10
173.5
 20
92.72531966355396
 30
0.0
 11
173.5
 21
92.73765983177698
 31
0.0
  0
LINE
  5
342
330
17
100
AcDbEntity
  8
GEOMETRY
100
AcDbLine
 10
173.5
 20
92.73765983177698
 30
0.0
 11
173.5
 21
92.74999999999999
 31
0.0
  0
LINE
  5
343
330
17
100
AcDbEntity
  8
GEOMETRY
100
AcDbLine
 10
173.5
 20
92.74999999999999
 30
0.0
 11
173.453125
 21
92.74999999999999
 31
0.0
  0
LINE
  5
344
330
17
100
AcDbEntity
  8
GEOMETRY
100
AcDbLine
 10
173.453125
 20
92.74999999999999
 30
0.0
 11
173.40625
 21
92.74999999999999
 31
0.0
  0
LINE
  5
345
330
17
100
AcDbEntity
  8
GEOMETRY
100
AcDbLine
 10
173.40625
 20
92.74999999999999
 30
0.0
 11
173.359375
 21
92.74999999999999
 31
0.0
  0
LINE
  5
346
330
17
100
AcDbEntity
  8
GEOMETRY
100
AcDbLine
 10
173.359375
 20
92.74999999999999
 30
0.0
 11
173.3125
 21
92.74999999999999
 31
0.0
  0
LINE
  5
347
330
17
100
AcDbEntity
  8
GEOMETRY
100
AcDbLine
 10
173.3125
 20
92.74999999999999
 30
0.0
 11
173.265625
 21
92.74999999999999
 31
0.0
  0
LINE
  5
348
330
17
100
AcDbEntity
  8
GEOMETRY
100
AcDbLine
 10
173.265625
 20
92.74999999999999
 30
0.0
 11
173.21875
 21
92.74999999999999
 31
0.0
  0
LINE
  5
349
330
17
100
AcDbEntity
  8
GEOMETRY
100
AcDbLine
 10
173.21875
 20
92.74999999999999
 30
0.0
 11
173.171875
 21
92.74999999999999
 31
0.0
  0
LINE
  5
34A
330
17
100
AcDbEntity
  8
GEOMETRY
100
AcDbLine
 10
173.171875
 20
92.74999999999999
 30
0.0
 11
173.125
 21
92.74999999999999
 31
0.0
  0
LINE
  5
34B
330
17
100
AcDbEntity
  8
GEOMETRY
100
AcDbLine
 10
173.125
 20
92.74999999999999
 30
0.0
 11
173.078125
 21
92.74999999999999
 31
0.0
  0
LINE
  5
34C
330
17
100
AcDbEntity
  8
GEOMETRY
100
AcDbLine
 10
173.078125
 20
92.74999999999999
 30
0.0
 11
173.03125
 21
92.74999999999999
 31
0.0
  0
LINE
  5
34D
330
17
100
AcDbEntity
  8
GEOMETRY
100
AcDbLine
 10
173.03125
 20
92.74999999999999
 30
0.0
 11
172.984375
 21
92.74999999999999
 31
0.0
  0
LINE
  5
34E
330
17
100
AcDbEntity
  8
GEOMETRY
100
AcDbLine
 10
172.984375
 20
92.74999999999999
 30
0.0
 11
172.9375
 21
92.74999999999999
 31
0.0
  0
LINE
  5
34F
330
17
100
AcDbEntity
  8
GEOMETRY
100
AcDbLine
 10
172.9375
 20
92.74999999999999
 30
0.0
 11
172.890625
 21
92.74999999999999
 31
0.0
  0
LINE
  5
350
330
17
100
AcDbEntity
  8
GEOMETRY
100
AcDbLine
 10
172.890625
 20
92.74999999999999
 30
0.0
 11
172.84375
 21
92.74999999999999
 31
0.0
  0
LINE
  5
351
330
17
100
AcDbEntity
  8
GEOMETRY
100
AcDbLine
 10
172.84375
 20
92.74999999999999
 30
0.0
 11
172.796875
 21
92.74999999999999
 31
0.0
  0
LINE
  5
352
330
17
100
AcDbEntity
  8
GEOMETRY
100
AcDbLine
 10
172.796875
 20
92.74999999999999
 30
0.0
 11
172.75
 21
92.74999999999999
 31
0.0
  0
LINE
  5
353
330
17
100
AcDbEntity
  8
GEOMETRY
100
AcDbLine
 10
172.75
 20
92.74999999999999
 30
0.0
 11
172.703125
 21
92.74999999999999
 31
0.0
  0
LINE
  5
354
330
17
100
AcDbEntity
  8
GEOMETRY
100
AcDbLine
 10
172.703125
 20
92.74999999999999
 30
0.0
 11
172.65625
 21
92.74999999999999
 31
0.0
  0
LINE
  5
355
330
17
100
AcDbEntity
  8
GEOMETRY
100
AcDbLine
 10
172.65625
 20
92.74999999999999
 30
0.0
 11
172.609375
 21
92.74999999999999
 31
0.0
  0
LINE
  5
356
330
17
100
AcDbEntity
  8
GEOMETRY
100
AcDbLine
 10
172.609375
 20
92.74999999999999
 30
0.0
 11
172.5625
 21
92.74999999999999
 31
0.0
  0
LINE
  5
357
330
17
100
AcDbEntity
  8
GEOMETRY
100
AcDbLine
 10
172.5625
 20
92.74999999999999
 30
0.0
 11
172.515625
 21
92.74999999999999
 31
0.0
  0
LINE
  5
358
330
17
100
AcDbEntity
  8
GEOMETRY
100
AcDbLine
 10
172.515625
 20
92.74999999999999
 30
0.0
 11
172.46875
 21
92.74999999999999
 31
0.0
  0
LINE
  5
359
330
17
100
AcDbEntity
  8
GEOMETRY
100
AcDbLine
 10
172.46875
 20
92.74999999999999
 30
0.0
 11
172.421875
 21
92.74999999999999
 31
0.0
  0
LINE
  5
35A
330
17
100
AcDbEntity
  8
GEOMETRY
100
AcDbLine
 10
172.421875
 20
92.74999999999999
 30
0.0
 11
172.375
 21
92.74999999999999
 31
0.0
  0
LINE
  5
35B
330
17
100
AcDbEntity
  8
GEOMETRY
100
AcDbLine
 10
172.375
 20
92.74999999999999
 30
0.0
 11
172.328125
 21
92.74999999999999
 31
0.0
  0
LINE
  5
35C
330
17
100
AcDbEntity
  8
GEOMETRY
100
AcDbLine
 10
172.328125
 20
92.74999999999999
 30
0.0
 11
172.28125
 21
92.74999999999999
 31
0.0
  0
LINE
  5
35D
330
17
100
AcDbEntity
  8
GEOMETRY
100
AcDbLine
 10
172.28125
 20
92.74999999999999
 30
0.0
 11
172.234375
 21
92.74999999999999
 31
0.0
  0
LINE
  5
35E
330
17
100
AcDbEntity
  8
GEOMETRY
100
AcDbLine
 10
172.234375
 20
92.74999999999999
 30
0.0
 11
172.1875
 21
92.74999999999999
 31
0.0
  0
LINE
  5
35F
330
17
100
AcDbEntity
  8
GEOMETRY
100
AcDbLine
 10
172.1875
 20
92.74999999999999
 30
0.0
 11
172.140625
 21
92.74999999999999
 31
0.0
  0
LINE
  5
360
330
17
100
AcDbEntity
  8
GEOMETRY
100
AcDbLine
 10
172.140625
 20
92.74999999999999
 30
0.0
 11
172.09375
 21
92.74999999999999
 31
0.0
  0
LINE
  5
361
330
17
100
AcDbEntity
  8
GEOMETRY
100
AcDbLine
 10
172.09375
 20
92.74999999999999
 30
0.0
 11
172.046875
 21
92.74999999999999
 31
0.0
  0
LINE
  5
362
330
17
100
AcDbEntity
  8
GEOMETRY
100
AcDbLine
 10
172.046875
 20
92.74999999999999
 30
0.0
 11
172.0
 21
92.74999999999999
 31
0.0
  0
LINE
  5
363
330
17
100
AcDbEntity
  8
GEOMETRY
100
AcDbLine
 10
172.0
 20
92.74999999999999
 30
0.0
 11
171.953125
 21
92.74999999999999
 31
0.0
  0
LINE
  5
364
330
17
100
AcDbEntity
  8
GEOMETRY
100
AcDbLine
 10
171.953125
 20
92.74999999999999
 30
0.0
 11
171.90625
 21
92.74999999999999
 31
0.0
  0
LINE
  5
365
330
17
100
AcDbEntity
  8
GEOMETRY
100
AcDbLine
 10
171.90625
 20
92.74999999999999
 30
0.0
 11
171.859375
 21
92.74999999999999
 31
0.0
  0
LINE
  5
366
330
17
100
AcDbEntity
  8
GEOMETRY
100
AcDbLine
 10
171.859375
 20
92.74999999999999
 30
0.0
 11
171.8125
 21
92.74999999999999
 31
0.0
  0
LINE
  5
367
330
17
100
AcDbEntity
  8
GEOMETRY
100
AcDbLine
 10
171.8125
 20
92.74999999999999
 30
0.0
 11
171.765625
 21
92.74999999999999
 31
0.0
  0
LINE
  5
368
330
17
100
AcDbEntity
  8
GEOMETRY
100
AcDbLine
 10
171.765625
 20
92.74999999999999
 30
0.0
 11
171.71875
 21
92.74999999999999
 31
0.0
  0
LINE
  5
369
330
17
100
AcDbEntity
  8
GEOMETRY
100
AcDbLine
 10
171.71875
 20
92.74999999999999
 30
0.0
 11
171.671875
 21
92.74999999999999
 31
0.0
  0
LINE
  5
36A
330
17
100
AcDbEntity
  8
GEOMETRY
100
AcDbLine
 10
171.671875
 20
92.74999999999999
 30
0.0
 11
171.625
 21
92.74999999999999
 31
0.0
  0
LINE
  5
36B
330
17
100
AcDbEntity
  8
GEOMETRY
100
AcDbLine
 10
171.625
 20
92.74999999999999
 30
0.0
 11
171.578125
 21
92.74999999999999
 31
0.0
  0
LINE
  5
36C
330
17
100
AcDbEntity
  8
GEOMETRY
100
AcDbLine
 10
171.578125
 20
92.74999999999999
 30
0.0
 11
171.53125
 21
92.74999999999999
 31
0.0
  0
LINE
  5
36D
330
17
100
AcDbEntity
  8
GEOMETRY
100
AcDbLine
 10
171.53125
 20
92.74999999999999
 30
0.0
 11
171.484375
 21
92.74999999999999
 31
0.0
  0
LINE
  5
36E
330
17
100
AcDbEntity
  8
GEOMETRY
100
AcDbLine
 10
171.484375
 20
92.74999999999999
 30
0.0
 11
171.4375
 21
92.74999999999999
 31
0.0
  0
LINE
  5
36F
330
17
100
AcDbEntity
  8
GEOMETRY
100
AcDbLine
 10
171.4375
 20
92.74999999999999
 30
0.0
 11
171.390625
 21
92.74999999999999
 31
0.0
  0
LINE
  5
370
330
17
100
AcDbEntity
  8
GEOMETRY
100
AcDbLine
 10
171.390625
 20
92.74999999999999
 30
0.0
 11
171.34375
 21
92.74999999999999
 31
0.0
  0
LINE
  5
371
330
17
100
AcDbEntity
  8
GEOMETRY
100
AcDbLine
 10
171.34375
 20
92.74999999999999
 30
0.0
 11
171.296875
 21
92.74999999999999
 31
0.0
  0
LINE
  5
372
330
17
100
AcDbEntity
  8
GEOMETRY
100
AcDbLine
 10
171.296875
 20
92.74999999999999
 30
0.0
 11
171.25
 21
92.74999999999999
 31
0.0
  0
LINE
  5
373
330
17
100
AcDbEntity
  8
GEOMETRY
100
AcDbLine
 10
171.25
 20
92.74999999999999
 30
0.0
 11
171.203125
 21
92.74999999999999
 31
0.0
  0
LINE
  5
374
330
17
100
AcDbEntity
  8
GEOMETRY
100
AcDbLine
 10
171.203125
 20
92.74999999999999
 30
0.0
 11
171.15625
 21
92.74999999999999
 31
0.0
  0
LINE
  5
375
330
17
100
AcDbEntity
  8
GEOMETRY
100
AcDbLine
 10
171.15625
 20
92.74999999999999
 30
0.0
 11
171.109375
 21
92.74999999999999
 31
0.0
  0
LINE
  5
376
330
17
100
AcDbEntity
  8
GEOMETRY
100
AcDbLine
 10
171.109375
 20
92.74999999999999
 30
0.0
 11
171.0625
 21
92.74999999999999
 31
0.0
  0
LINE
  5
377
330
17
100
AcDbEntity
  8
GEOMETRY
100
AcDbLine
 10
171.0625
 20
92.74999999999999
 30
0.0
 11
171.015625
 21
92.74999999999999
 31
0.0
  0
LINE
  5
378
330
17
100
AcDbEntity
  8
GEOMETRY
100
AcDbLine
 10
171.015625
 20
92.74999999999999
 30
0.0
 11
170.96875
 21
92.74999999999999
 31
0.0
  0
LINE
  5
379
330
17
100
AcDbEntity
  8
GEOMETRY
100
AcDbLine
 10
170.96875
 20
92.74999999999999
 30
0.0
 11
170.921875
 21
92.74999999999999
 31
0.0
  0
LINE
  5
37A
330
17
100
AcDbEntity
  8
GEOMETRY
100
AcDbLine
 10
170.921875
 20
92.74999999999999
 30
0.0
 11
170.875
 21
92.74999999999999
 31
0.0
  0
LINE
  5
37B
330
17
100
AcDbEntity
  8
GEOMETRY
100
AcDbLine
 10
170.875
 20
92.74999999999999
 30
0.0
 11
170.828125
 21
92.74999999999999
 31
0.0
  0
LINE
  5
37C
330
17
100
AcDbEntity
  8
GEOMETRY
100
AcDbLine
 10
170.828125
 20
92.74999999999999
 30
0.0
 11
170.78125
 21
92.74999999999999
 31
0.0
  0
LINE
  5
37D
330
17
100
AcDbEntity
  8
GEOMETRY
100
AcDbLine
 10
170.78125
 20
92.74999999999999
 30
0.0
 11
170.734375
 21
92.74999999999999
 31
0.0
  0
LINE
  5
37E
330
17
100
AcDbEntity
  8
GEOMETRY
100
AcDbLine
 10
170.734375
 20
92.74999999999999
 30
0.0
 11
170.6875
 21
92.74999999999999
 31
0.0
  0
LINE
  5
37F
330
17
100
AcDbEntity
  8
GEOMETRY
100
AcDbLine
 10
170.6875
 20
92.74999999999999
 30
0.0
 11
170.640625
 21
92.74999999999999
 31
0.0
  0
LINE
  5
380
330
17
100
AcDbEntity
  8
GEOMETRY
100
AcDbLine
 10
170.640625
 20
92.74999999999999
 30
0.0
 11
170.59375
 21
92.74999999999999
 31
0.0
  0
LINE
  5
381
330
17
100
AcDbEntity
  8
GEOMETRY
100
AcDbLine
 10
170.59375
 20
92.74999999999999
 30
0.0
 11
170.546875
 21
92.74999999999999
 31
0.0
  0
LINE
  5
382
330
17
100
AcDbEntity
  8
GEOMETRY
100
AcDbLine
 10
170.546875
 20
92.74999999999999
 30
0.0
 11
170.5
 21
92.74999999999999
 31
0.0
  0
LINE
  5
383
330
17
100
AcDbEntity
  8
GEOMETRY
100
AcDbLine
 10
170.5
 20
92.74999999999999
 30
0.0
 11
170.5
 21
92.73765983177698
 31
0.0
  0
LINE
  5
384
330
17
100
AcDbEntity
  8
GEOMETRY
100
AcDbLine
 10
170.5
 20
92.73765983177698
 30
0.0
 11
170.5
 21
92.72531966355396
 31
0.0
  0
LINE
  5
385
330
17
100
AcDbEntity
  8
GEOMETRY
100
AcDbLine
 10
170.5
 20
92.72531966355396
 30
0.0
 11
170.5
 21
92.71297949533096
 31
0.0
  0
LINE
  5
386
330
17
100
AcDbEntity
  8
GEOMETRY
100
AcDbLine
 10
170.5
 20
92.71297949533096
 30
0.0
 11
170.5
 21
92.70063932710795
 31
0.0
  0
LINE
  5
387
330
17
100
AcDbEntity
  8
GEOMETRY
100
AcDbLine
 10
170.5
 20
92.70063932710795
 30
0.0
 11
170.5
 21
92.6779870665064
 31
0.0
  0
LINE
  5
388
330
17
100
AcDbEntity
  8
GEOMETRY
100
AcDbLine
 10
170.5
 20
92.6779870665064
 30
0.0
 11
170.5
 21
92.64158534940013
 31
0.0
  0
LINE
  5
389
330
17
100
AcDbEntity
  8
GEOMETRY
100
AcDbLine
 10
170.5
 20
92.64158534940013
 30
0.0
 11
170.5
 21
92.60518363229386
 31
0.0
  0
LINE
  5
38A
330
17
100
AcDbEntity
  8
GEOMETRY
100
AcDbLine
 10
170.5
 20
92.60518363229386
 30
0.0
 11
170.5
 21
92.5687819151876
 31
0.0
  0
LINE
  5
38B
330
17
100
AcDbEntity
  8
GEOMETRY
100
AcDbLine
 10
170.5
 20
92.5687819151876
 30
0.0
 11
170.5
 21
92.53238019808133
 31
0.0
  0
LINE
  5
38C
330
17
100
AcDbEntity
  8
GEOMETRY
100
AcDbLine
 10
170.5
 20
92.53238019808133
 30
0.0
 11
170.5
 21
92.47691886830029
 31
0.0
  0
LINE
  5
38D
330
17
100
AcDbEntity
  8
GEOMETRY
100
AcDbLine
 10
170.5
 20
92.47691886830029
 30
0.0
 11
170.5
 21
92.4182809364068
 31
0.0
  0
LINE
  5
38E
330
17
100
AcDbEntity
  8
GEOMETRY
100
AcDbLine
 10
170.5
 20
92.4182809364068
 30
0.0
 11
170.5
 21
92.35964300451332
 31
0.0
  0
LINE
  5
38F
330
17
100
AcDbEntity
  8
GEOMETRY
100
AcDbLine
 10
170.5
 20
92.35964300451332
 30
0.0
 11
170.5
 21
92.30100507261983
 31
0.0
  0
LINE
  5
390
330
17
100
AcDbEntity
  8
GEOMETRY
100
AcDbLine
 10
170.5
 20
92.30100507261983
 30
0.0
 11
170.5
 21
92.23685403671738
 31
0.0
  0
LINE
  5
391
330
17
100
AcDbEntity
  8
GEOMETRY
100
AcDbLine
 10
170.5
 20
92.23685403671738
 30
0.0
 11
170.5
 21
92.15892024079248
 31
0.0
  0
LINE
  5
392
330
17
100
AcDbEntity
  8
GEOMETRY
100
AcDbLine
 10
170.5
 20
92.15892024079248
 30
0.0
 11
170.5
 21
92.08098644486759
 31
0.0
  0
LINE
  5
393
330
17
100
AcDbEntity
  8
GEOMETRY
100
AcDbLine
 10
170.5
 20
92.08098644486759
 30
0.0
 11
170.5
 21
92.0030526489427
 31
0.0
  0
LINE
  5
394
330
17
100
AcDbEntity
  8
GEOMETRY
100
AcDbLine
 10
170.5
 20
92.0030526489427
 30
0.0
 11
170.5
 21
91.92511885301782
 31
0.0
  0
LINE
  5
395
330
17
100
AcDbEntity
  8
GEOMETRY
100
AcDbLine
 10
170.5
 20
91.92511885301782
 30
0.0
 11
170.5
 21
91.83619367274969
 31
0.0
  0
LINE
  5
396
330
17
100
AcDbEntity
  8
GEOMETRY
100
AcDbLine
 10
170.5
 20
91.83619367274969
 30
0.0
 11
170.5
 21
91.74287193874427
 31
0.0
  0
LINE
  5
397
330
17
100
AcDbEntity
  8
GEOMETRY
100
AcDbLine
 10
170.5
 20
91.74287193874427
 30
0.0
 11
170.5
 21
91.64955020473884
 31
0.0
  0
LINE
  5
398
330
17
100
AcDbEntity
  8
GEOMETRY
100
AcDbLine
 10
170.5
 20
91.64955020473884
 30
0.0
 11
170.5
 21
91.55622847073343
 31
0.0
  0
LINE
  5
399
330
17
100
AcDbEntity
  8
GEOMETRY
100
AcDbLine
 10
170.5
 20
91.55622847073343
 30
0.0
 11
170.5
 21
91.4613769657766
 31
0.0
  0
LINE
  5
39A
330
17
100
AcDbEntity
  8
GEOMETRY
100
AcDbLine
 10
170.5
 20
91.4613769657766
 30
0.0
 11
170.5
 21
91.35734683511129
 31
0.0
  0
LINE
  5
39B
330
17
100
AcDbEntity
  8
GEOMETRY
100
AcDbLine
 10
170.5
 20
91.35734683511129
 30
0.0
 11
170.5
 21
91.253316704446
 31
0.0
  0
LINE
  5
39C
330
17
100
AcDbEntity
  8
GEOMETRY
100
AcDbLine
 10
170.5
 20
91.253316704446
 30
0.0
 11
170.5
 21
91.14928657378069
 31
0.0
  0
LINE
  5
39D
330
17
100
AcDbEntity
  8
GEOMETRY
100
AcDbLine
 10
170.5
 20
91.14928657378069
 30
0.0
 11
170.5
 21
91.04525644311539
 31
0.0
  0
LINE
  5
39E
330
17
100
AcDbEntity
  8
GEOMETRY
100
AcDbLine
 10
170.5
 20
91.04525644311539
 30
0.0
 11
170.5
 21
90.93808808872647
 31
0.0
  0
LINE
  5
39F
330
17
100
AcDbEntity
  8
GEOMETRY
100
AcDbLine
 10
170.5
 20
90.93808808872647
 30
0.0
 11
170.5
 21
90.82856606654485
 31
0.0
  0
LINE
  5
3A0
330
17
100
AcDbEntity
  8
GEOMETRY
100
AcDbLine
 10
170.5
 20
90.82856606654485
 30
0.0
 11
170.5
 21
90.71904404436323
 31
0.0
  0
LINE
  5
3A1
330
17
100
AcDbEntity
  8
GEOMETRY
100
AcDbLine
 10
170.5
 20
90.71904404436323
 30
0.0
 11
170.5
 21
90.60952202218161
 31
0.0
  0
LINE
  5
3A2
330
17
100
AcDbEntity
  8
GEOMETRY
100
AcDbLine
 10
170.5
 20
90.60952202218161
 30
0.0
 11
170.5
 21
90.49999999999999
 31
0.0
  0
LINE
  5
3A3
330
17
100
AcDbEntity
  8
GEOMETRY
100
AcDbLine
 10
170.5
 20
90.49999999999999
 30
0.0
 11
170.5
 21
90.39047797781836
 31
0.0
  0
LINE
  5
3A4
330
17
100
AcDbEntity
  8
GEOMETRY
100
AcDbLine
 10
170.5
 20
90.39047797781836
 30
0.0
 11
170.5
 21
90.28095595563674
 31
0.0
  0
LINE
  5
3A5
330
17
100
AcDbEntity
  8
GEOMETRY
100
AcDbLine
 10
170.5
 20
90.28095595563674
 30
0.0
 11
170.5
 21
90.17143393345512
 31
0.0
  0
LINE
  5
3A6
330
17
100
AcDbEntity
  8
GEOMETRY
100
AcDbLine
 10
170.5
 20
90.17143393345512
 30
0.0
 11
170.5
 21
90.06191191127348
 31
0.0
  0
LINE
  5
3A7
330
17
100
AcDbEntity
  8
GEOMETRY
100
AcDbLine
 10
170.5
 20
90.06191191127348
 30
0.0
 11
170.5
 21
89.95474355688458
 31
0.0
  0
LINE
  5
3A8
330
17
100
AcDbEntity
  8
GEOMETRY
100
AcDbLine
 10
170.5
 20
89.95474355688458
 30
0.0
 11
170.5
 21
89.85071342621927
 31
0.0
  0
LINE
  5
3A9
330
17
100
AcDbEntity
  8
GEOMETRY
100
AcDbLine
 10
170.5
 20
89.85071342621927
 30
0.0
 11
170.5
 21
89.74668329555398
 31
0.0
  0
LINE
  5
3AA
330
17
100
AcDbEntity
  8
GEOMETRY
100
AcDbLine
 10
170.5
 20
89.74668329555398
 30
0.0
 11
170.5
 21
89.64265316488869
 31
0.0
  0
LINE
  5
3AB
330
17
100
AcDbEntity
  8
GEOMETRY
100
AcDbLine
 10
170.5
 20
89.64265316488869
 30
0.0
 11
170.5
 21
89.53862303422338
 31
0.0
  0
LINE
  5
3AC
330
17
100
AcDbEntity
  8
GEOMETRY
100
AcDbLine
 10
170.5
 20
89.53862303422338
 30
0.0
 11
170.5
 21
89.44377152926654
 31
0.0
  0
LINE
  5
3AD
330
17
100
AcDbEntity
  8
GEOMETRY
100
AcDbLine
 10
170.5
 20
89.44377152926654
 30
0.0
 11
170.5
 21
89.35044979526113
 31
0.0
  0
LINE
  5
3AE
330
17
100
AcDbEntity
  8
GEOMETRY
100
AcDbLine
 10
170.5
 20
89.35044979526113
 30
0.0
 11
170.5
 21
89.2571280612557
 31
0.0
  0
LINE
  5
3AF
330
17
100
AcDbEntity
  8
GEOMETRY
100
AcDbLine
 10
170.5
 20
89.2571280612557
 30
0.0
 11
170.5
 21
89.16380632725028
 31
0.0
  0
LINE
  5
3B0
330
17
100
AcDbEntity
  8
GEOMETRY
100
AcDbLine
 10
170.5
 20
89.16380632725028
 30
0.0
 11
170.5
 21
89.07488114698215
 31
0.0
  0
LINE
  5
3B1
330
17
100
AcDbEntity
  8
GEOMETRY
100
AcDbLine
 10
170.5
 20
89.07488114698215
 30
0.0
 11
170.5
 21
88.99694735105726
 31
0.0
  0
LINE
  5
3B2
330
17
100
AcDbEntity
  8
GEOMETRY
100
AcDbLine
 10
170.5
 20
88.99694735105726
 30
0.0
 11
170.5
 21
88.91901355513238
 31
0.0
  0
LINE
  5
3B3
330
17
100
AcDbEntity
  8
GEOMETRY
100
AcDbLine
 10
170.5
 20
88.91901355513238
 30
0.0
 11
170.5
 21
88.84107975920749
 31
0.0
  0
LINE
  5
3B4
330
17
100
AcDbEntity
  8
GEOMETRY
100
AcDbLine
 10
170.5
 20
88.84107975920749
 30
0.0
 11
170.5
 21
88.7631459632826
 31
0.0
  0
LINE
  5
3B5
330
17
100
AcDbEntity
  8
GEOMETRY
100
AcDbLine
 10
170.5
 20
88.7631459632826
 30
0.0
 11
170.5
 21
88.69899492738014
 31
0.0
  0
LINE
  5
3B6
330
17
100
AcDbEntity
  8
GEOMETRY
100
AcDbLine
 10
170.5
 20
88.69899492738014
 30
0.0
 11
170.5
 21
88.64035699548666
 31
0.0
  0
LINE
  5
3B7
330
17
100
AcDbEntity
  8
GEOMETRY
100
AcDbLine
 10
170.5
 20
88.64035699548666
 30
0.0
 11
170.5
 21
88.58171906359317
 31
0.0
  0
LINE
  5
3B8
330
17
100
AcDbEntity
  8
GEOMETRY
100
AcDbLine
 10
170.5
 20
88.58171906359317
 30
0.0
 11
170.5
 21
88.52308113169967
 31
0.0
  0
LINE
  5
3B9
330
17
100
AcDbEntity
  8
GEOMETRY
100
AcDbLine
 10
170.5
 20
88.52308113169967
 30
0.0
 11
170.5
 21
88.46761980191864
 31
0.0
  0
LINE
  5
3BA
330
17
100
AcDbEntity
  8
GEOMETRY
100
AcDbLine
 10
170.5
 20
88.46761980191864
 30
0.0
 11
170.5
 21
88.43121808481237
 31
0.0
  0
LINE
  5
3BB
330
17
100
AcDbEntity
  8
GEOMETRY
100
AcDbLine
 10
170.5
 20
88.43121808481237
 30
0.0
 11
170.5
 21
88.39481636770611
 31
0.0
  0
LINE
  5
3BC
330
17
100
AcDbEntity
  8
GEOMETRY
100
AcDbLine
 10
170.5
 20
88.39481636770611
 30
0.0
 11
170.5
 21
88.35841465059984
 31
0.0
  0
LINE
  5
3BD
330
17
100
AcDbEntity
  8
GEOMETRY
100
AcDbLine
 10
170.5
 20
88.35841465059984
 30
0.0
 11
170.5
 21
88.32201293349357
 31
0.0
  0
LINE
  5
3BE
330
17
100
AcDbEntity
  8
GEOMETRY
100
AcDbLine
 10
170.5
 20
88.32201293349357
 30
0.0
 11
170.5
 21
88.29936067289202
 31
0.0
  0
LINE
  5
3BF
330
17
100
AcDbEntity
  8
GEOMETRY
100
AcDbLine
 10
170.5
 20
88.29936067289202
 30
0.0
 11
170.5
 21
88.28702050466902
 31
0.0
  0
LINE
  5
3C0
330
17
100
AcDbEntity
  8
GEOMETRY
100
AcDbLine
 10
170.5
 20
88.28702050466902
 30
0.0
 11
170.5
 21
88.274680336446
 31
0.0
  0
LINE
  5
3C1
330
17
100
AcDbEntity
  8
GEOMETRY
100
AcDbLine
 10
170.5
 20
88.274680336446
 30
0.0
 11
170.5
 21
88.26234016822299
 31
0.0
  0
LINE
  5
3C2
330
17
100
AcDbEntity
  8
GEOMETRY
100
AcDbLine
 10
170.5
 20
88.26234016822299
 30
0.0
 11
170.5
 21
88.24999999999999
 31
0.0
  0
LINE
  5
3C3
330
17
100
AcDbEntity
  8
GEOMETRY
100
AcDbLine
 10
170.5
 20
88.24999999999999
 30
0.0
 11
170.5
 21
88.26234016822299
 31
0.0
  0
LINE
  5
3C4
330
17
100
AcDbEntity
  8
GEOMETRY
100
AcDbLine
 10
170.5
 20
88.26234016822299
 30
0.0
 11
170.5
 21
88.274680336446
 31
0.0
  0
LINE
  5
3C5
330
17
100
AcDbEntity
  8
GEOMETRY
100
AcDbLine
 10
170.5
 20
88.274680336446
 30
0.0
 11
170.5
 21
88.28702050466902
 31
0.0
  0
LINE
  5
3C6
330
17
100
AcDbEntity
  8
GEOMETRY
100
AcDbLine
 10
170.5
 20
88.28702050466902
 30
0.0
 11
170.5
 21
88.29936067289202
 31
0.0
  0
LINE
  5
3C7
330
17
100
AcDbEntity
  8
GEOMETRY
100
AcDbLine
 10
170.5
 20
88.29936067289202
 30
0.0
 11
170.5
 21
88.32201293349357
 31
0.0
  0
LINE
  5
3C8
330
17
100
AcDbEntity
  8
GEOMETRY
100
AcDbLine
 10
170.5
 20
88.32201293349357
 30
0.0
 11
170.5
 21
88.35841465059984
 31
0.0
  0
LINE
  5
3C9
330
17
100
AcDbEntity
  8
GEOMETRY
100
AcDbLine
 10
170.5
 20
88.35841465059984
 30
0.0
 11
170.5
 21
88.39481636770611
 31
0.0
  0
LINE
  5
3CA
330
17
100
AcDbEntity
  8
GEOMETRY
100
AcDbLine
 10
170.5
 20
88.39481636770611
 30
0.0
 11
170.5
 21
88.43121808481237
 31
0.0
  0
LINE
  5
3CB
330
17
100
AcDbEntity
  8
GEOMETRY
100
AcDbLine
 10
170.5
 20
88.43121808481237
 30
0.0
 11
170.5
 21
88.46761980191864
 31
0.0
  0
LINE
  5
3CC
330
17
100
AcDbEntity
  8
GEOMETRY
100
AcDbLine
 10
170.5
 20
88.46761980191864
 30
0.0
 11
170.5
 21
88.52308113169967
 31
0.0
  0
LINE
  5
3CD
330
17
100
AcDbEntity
  8
GEOMETRY
100
AcDbLine
 10
170.5
 20
88.52308113169967
 30
0.0
 11
170.5
 21
88.58171906359317
 31
0.0
  0
LINE
  5
3CE
330
17
100
AcDbEntity
  8
GEOMETRY
100
AcDbLine
 10
170.5
 20
88.58171906359317
 30
0.0
 11
170.5
 21
88.64035699548666
 31
0.0
  0
LINE
  5
3CF
330
17
100
AcDbEntity
  8
GEOMETRY
100
AcDbLine
 10
170.5
 20
88.64035699548666
 30
0.0
 11
170.5
 21
88.69899492738014
 31
0.0
  0
LINE
  5
3D0
330
17
100
AcDbEntity
  8
GEOMETRY
100
AcDbLine
 10
170.5
 20
88.69899492738014
 30
0.0
 11
170.5
 21
88.7631459632826
 31
0.0
  0
LINE
  5
3D1
330
17
100
AcDbEntity
  8
GEOMETRY
100
AcDbLine
 10
170.5
 20
88.7631459632826
 30
0.0
 11
170.5
 21
88.84107975920749
 31
0.0
  0
LINE
  5
3D2
330
17
100
AcDbEntity
  8
GEOMETRY
100
AcDbLine
 10
170.5
 20
88.84107975920749
 30
0.0
 11
170.5
 21
88.91901355513238
 31
0.0
  0
LINE
  5
3D3
330
17
100
AcDbEntity
  8
GEOMETRY
100
AcDbLine
 10
170.5
 20
88.91901355513238
 30
0.0
 11
170.5
 21
88.99694735105726
 31
0.0
  0
LINE
  5
3D4
330
17
100
AcDbEntity
  8
GEOMETRY
100
AcDbLine
 10
170.5
 20
88.99694735105726
 30
0.0
 11
170.5
 21
89.07488114698215
 31
0.0
  0
LINE
  5
3D5
330
17
100
AcDbEntity
  8
GEOMETRY
100
AcDbLine
 10
170.5
 20
89.07488114698215
 30
0.0
 11
170.5
 21
89.16380632725028
 31
0.0
  0
LINE
  5
3D6
330
17
100
AcDbEntity
  8
GEOMETRY
100
AcDbLine
 10
170.5
 20
89.16380632725028
 30
0.0
 11
170.5
 21
89.2571280612557
 31
0.0
  0
LINE
  5
3D7
330
17
100
AcDbEntity
  8
GEOMETRY
100
AcDbLine
 10
170.5
 20
89.2571280612557
 30
0.0
 11
170.5
 21
89.35044979526113
 31
0.0
  0
LINE
  5
3D8
330
17
100
AcDbEntity
  8
GEOMETRY
100
AcDbLine
 10
170.5
 20
89.35044979526113
 30
0.0
 11
170.5
 21
89.44377152926654
 31
0.0
  0
LINE
  5
3D9
330
17
100
AcDbEntity
  8
GEOMETRY
100
AcDbLine
 10
170.5
 20
89.44377152926654
 30
0.0
 11
170.5
 21
89.53862303422338
 31
0.0
  0
LINE
  5
3DA
330
17
100
AcDbEntity
  8
GEOMETRY
100
AcDbLine
 10
170.5
 20
89.53862303422338
 30
0.0
 11
170.5
 21
89.64265316488867
 31
0.0
  0
LINE
  5
3DB
330
17
100
AcDbEntity
  8
GEOMETRY
100
AcDbLine
 10
170.5
 20
89.64265316488867
 30
0.0
 11
170.5
 21
89.74668329555398
 31
0.0
  0
LINE
  5
3DC
330
17
100
AcDbEntity
  8
GEOMETRY
100
AcDbLine
 10
170.5
 20
89.74668329555398
 30
0.0
 11
170.5
 21
89.85071342621927
 31
0.0
  0
LINE
  5
3DD
330
17
100
AcDbEntity
  8
GEOMETRY
100
AcDbLine
 10
170.5
 20
89.85071342621927
 30
0.0
 11
170.5
 21
89.95474355688458
 31
0.0
  0
LINE
  5
3DE
330
17
100
AcDbEntity
  8
GEOMETRY
100
AcDbLine
 10
170.5
 20
89.95474355688458
 30
0.0
 11
170.5
 21
90.06191191127348
 31
0.0
  0
LINE
  5
3DF
330
17
100
AcDbEntity
  8
GEOMETRY
100
AcDbLine
 10
170.5
 20
90.06191191127348
 30
0.0
 11
170.5
 21
90.17143393345512
 31
0.0
  0
LINE
  5
3E0
330
17
100
AcDbEntity
  8
GEOMETRY
100
AcDbLine
 10
170.5
 20
90.17143393345512
 30
0.0
 11
170.5
 21
90.28095595563673
 31
0.0
  0
LINE
  5
3E1
330
17
100
AcDbEntity
  8
GEOMETRY
100
AcDbLine
 10
170.5
 20
90.28095595563673
 30
0.0
 11
170.5
 21
90.39047797781836
 31
0.0
  0
LINE
  5
3E2
330
17
100
AcDbEntity
  8
GEOMETRY
100
AcDbLine
 10
170.5
 20
90.39047797781836
 30
0.0
 11
170.5
 21
90.49999999999999
 31
0.0
  0
LINE
  5
3E3
330
17
100
AcDbEntity
  8
GEOMETRY
100
AcDbLine
 10
170.5
 20
90.49999999999999
 30
0.0
 11
170.5
 21
90.60952202218161
 31
0.0
  0
LINE
  5
3E4
330
17
100
AcDbEntity
  8
GEOMETRY
100
AcDbLine
 10
170.5
 20
90.60952202218161
 30
0.0
 11
170.5
 21
90.71904404436323
 31
0.0
  0
LINE
  5
3E5
330
17
100
AcDbEntity
  8
GEOMETRY
100
AcDbLine
 10
170.5
 20
90.71904404436323
 30
0.0
 11
170.5
 21
90.82856606654485
 31
0.0
  0
LINE
  5
3E6
330
17
100
AcDbEntity
  8
GEOMETRY
100
AcDbLine
 10
170.5
 20
90.82856606654485
 30
0.0
 11
170.5
 21
90.93808808872647
 31
0.0
  0
LINE
  5
3E7
330
17
100
AcDbEntity
  8
GEOMETRY
100
AcDbLine
 10
170.5
 20
90.93808808872647
 30
0.0
 11
170.5
 21
91.04525644311539
 31
0.0
  0
LINE
  5
3E8
330
17
100
AcDbEntity
  8
GEOMETRY
100
AcDbLine
 10
170.5
 20
91.04525644311539
 30
0.0
 11
170.5
 21
91.14928657378069
 31
0.0
  0
LINE
  5
3E9
330
17
100
AcDbEntity
  8
GEOMETRY
100
AcDbLine
 10
170.5
 20
91.14928657378069
 30
0.0
 11
170.5
 21
91.253316704446
 31
0.0
  0
LINE
  5
3EA
330
17
100
AcDbEntity
  8
GEOMETRY
100
AcDbLine
 10
170.5
 20
91.253316704446
 30
0.0
 11
170.5
 21
91.35734683511129
 31
0.0
  0
LINE
  5
3EB
330
17
100
AcDbEntity
  8
GEOMETRY
100
AcDbLine
 10
170.5
 20
91.35734683511129
 30
0.0
 11
170.5
 21
91.4613769657766
 31
0.0
  0
LINE
  5
3EC
330
17
100
AcDbEntity
  8
GEOMETRY
100
AcDbLine
 10
170.5
 20
91.4613769657766
 30
0.0
 11
170.5
 21
91.55622847073343
 31
0.0
  0
LINE
  5
3ED
330
17
100
AcDbEntity
  8
GEOMETRY
100
AcDbLine
 10
170.5
 20
91.55622847073343
 30
0.0
 11
170.5
 21
91.64955020473884
 31
0.0
  0
LINE
  5
3EE
330
17
100
AcDbEntity
  8
GEOMETRY
100
AcDbLine
 10
170.5
 20
91.64955020473884
 30
0.0
 11
170.5
 21
91.74287193874427
 31
0.0
  0
LINE
  5
3EF
330
17
100
AcDbEntity
  8
GEOMETRY
100
AcDbLine
 10
170.5
 20
91.74287193874427
 30
0.0
 11
170.5
 21
91.83619367274969
 31
0.0
  0
LINE
  5
3F0
330
17
100
AcDbEntity
  8
GEOMETRY
100
AcDbLine
 10
170.5
 20
91.83619367274969
 30
0.0
 11
170.5
 21
91.92511885301782
 31
0.0
  0
LINE
  5
3F1
330
17
100
AcDbEntity
  8
GEOMETRY
100
AcDbLine
 10
170.5
 20
91.92511885301782
 30
0.0
 11
170.5
 21
92.0030526489427
 31
0.0
  0
LINE
  5
3F2
330
17
100
AcDbEntity
  8
GEOMETRY
100
AcDbLine
 10
170.5
 20
92.0030526489427
 30
0.0
 11
170.5
 21
92.08098644486759
 31
0.0
  0
LINE
  5
3F3
330
17
100
AcDbEntity
  8
GEOMETRY
100
AcDbLine
 10
170.5
 20
92.08098644486759
 30
0.0
 11
170.5
 21
92.15892024079248
 31
0.0
  0
LINE
  5
3F4
330
17
100
AcDbEntity
  8
GEOMETRY
100
AcDbLine
 10
170.5
 20
92.15892024079248
 30
0.0
 11
170.5
 21
92.23685403671738
 31
0.0
  0
LINE
  5
3F5
330
17
100
AcDbEntity
  8
GEOMETRY
100
AcDbLine
 10
170.5
 20
92.23685403671738
 30
0.0
 11
170.5
 21
92.30100507261983
 31
0.0
  0
LINE
  5
3F6
330
17
100
AcDbEntity
  8
GEOMETRY
100
AcDbLine
 10
170.5
 20
92.30100507261983
 30
0.0
 11
170.5
 21
92.35964300451332
 31
0.0
  0
LINE
  5
3F7
330
17
100
AcDbEntity
  8
GEOMETRY
100
AcDbLine
 10
170.5
 20
92.35964300451332
 30
0.0
 11
170.5
 21
92.4182809364068
 31
0.0
  0
LINE
  5
3F8
330
17
100
AcDbEntity
  8
GEOMETRY
100
AcDbLine
 10
170.5
 20
92.4182809364068
 30
0.0
 11
170.5
 21
92.47691886830029
 31
0.0
  0
LINE
  5
3F9
330
17
100
AcDbEntity
  8
GEOMETRY
100
AcDbLine
 10
170.5
 20
92.47691886830029
 30
0.0
 11
170.5
 21
92.53238019808133
 31
0.0
  0
LINE
  5
3FA
330
17
100
AcDbEntity
  8
GEOMETRY
100
AcDbLine
 10
170.5
 20
92.53238019808133
 30
0.0
 11
170.5
 21
92.56878191518759
 31
0.0
  0
LINE
  5
3FB
330
17
100
AcDbEntity
  8
GEOMETRY
100
AcDbLine
 10
170.5
 20
92.56878191518759
 30
0.0
 11
170.5
 21
92.60518363229386
 31
0.0
  0
LINE
  5
3FC
330
17
100
AcDbEntity
  8
GEOMETRY
100
AcDbLine
 10
170.5
 20
92.60518363229386
 30
0.0
 11
170.5
 21
92.64158534940013
 31
0.0
  0
LINE
  5
3FD
330
17
100
AcDbEntity
  8
GEOMETRY
100
AcDbLine
 10
170.5
 20
92.64158534940013
 30
0.0
 11
170.5
 21
92.6779870665064
 31
0.0
  0
LINE
  5
3FE
330
17
100
AcDbEntity
  8
GEOMETRY
100
AcDbLine
 10
170.5
 20
92.6779870665064
 30
0.0
 11
170.5
 21
92.70063932710795
 31
0.0
  0
LINE
  5
3FF
330
17
100
AcDbEntity
  8
GEOMETRY
100
AcDbLine
 10
170.5
 20
92.70063932710795
 30
0.0
 11
170.5
 21
92.71297949533096
 31
0.0
  0
LINE
  5
400
330
17
100
AcDbEntity
  8
GEOMETRY
100
AcDbLine
 10
170.5
 20
92.71297949533096
 30
0.0
 11
170.5
 21
92.72531966355396
 31
0.0
  0
LINE
  5
401
330
17
100
AcDbEntity
  8
GEOMETRY
100
AcDbLine
 10
170.5
 20
92.72531966355396
 30
0.0
 11
170.5
 21
92.73765983177698
 31
0.0
  0
LINE
  5
402
330
17
100
AcDbEntity
  8
GEOMETRY
100
AcDbLine
 10
170.5
 20
92.73765983177698
 30
0.0
 11
170.5
 21
92.74999999999999
 31
0.0
  0
LINE
  5
403
330
17
100
AcDbEntity
  8
GEOMETRY
100
AcDbLine
 10
173.5
 20
92.74999999999999
 30
0.0
 11
173.5
 21
92.73765983177698
 31
0.0
  0
LINE
  5
404
330
17
100
AcDbEntity
  8
GEOMETRY
100
AcDbLine
 10
173.5
 20
92.73765983177698
 30
0.0
 11
173.5
 21
92.72531966355396
 31
0.0
  0
LINE
  5
405
330
17
100
AcDbEntity
  8
GEOMETRY
100
AcDbLine
 10
173.5
 20
92.72531966355396
 30
0.0
 11
173.5
 21
92.71297949533096
 31
0.0
  0
LINE
  5
406
330
17
100
AcDbEntity
  8
GEOMETRY
100
AcDbLine
 10
173.5
 20
92.71297949533096
 30
0.0
 11
173.5
 21
92.70063932710795
 31
0.0
  0
LINE
  5
407
330
17
100
AcDbEntity
  8
GEOMETRY
100
AcDbLine
 10
173.5
 20
92.70063932710795
 30
0.0
 11
173.5
 21
92.6779870665064
 31
0.0
  0
LINE
  5
408
330
17
100
AcDbEntity
  8
GEOMETRY
100
AcDbLine
 10
173.5
 20
92.6779870665064
 30
0.0
 11
173.5
 21
92.64158534940013
 31
0.0
  0
LINE
  5
409
330
17
100
AcDbEntity
  8
GEOMETRY
100
AcDbLine
 10
173.5
 20
92.64158534940013
 30
0.0
 11
173.5
 21
92.60518363229386
 31
0.0
  0
LINE
  5
40A
330
17
100
AcDbEntity
  8
GEOMETRY
100
AcDbLine
 10
173.5
 20
92.60518363229386
 30
0.0
 11
173.5
 21
92.5687819151876
 31
0.0
  0
LINE
  5
40B
330
17
100
AcDbEntity
  8
GEOMETRY
100
AcDbLine
 10
173.5
 20
92.5687819151876
 30
0.0
 11
173.5
 21
92.53238019808133
 31
0.0
  0
LINE
  5
40C
330
17
100
AcDbEntity
  8
GEOMETRY
100
AcDbLine
 10
173.5
 20
92.53238019808133
 30
0.0
 11
173.5
 21
92.47691886830029
 31
0.0
  0
LINE
  5
40D
330
17
100
AcDbEntity
  8
GEOMETRY
100
AcDbLine
 10
173.5
 20
92.47691886830029
 30
0.0
 11
173.5
 21
92.4182809364068
 31
0.0
  0
LINE
  5
40E
330
17
100
AcDbEntity
  8
GEOMETRY
100
AcDbLine
 10
173.5
 20
92.4182809364068
 30
0.0
 11
173.5
 21
92.35964300451332
 31
0.0
  0
LINE
  5
40F
330
17
100
AcDbEntity
  8
GEOMETRY
100
AcDbLine
 10
173.5
 20
92.35964300451332
 30
0.0
 11
173.5
 21
92.30100507261983
 31
0.0
  0
LINE
  5
410
330
17
100
AcDbEntity
  8
GEOMETRY
100
AcDbLine
 10
173.5
 20
92.30100507261983
 30
0.0
 11
173.5
 21
92.23685403671738
 31
0.0
  0
LINE
  5
411
330
17
100
AcDbEntity
  8
GEOMETRY
100
AcDbLine
 10
173.5
 20
92.23685403671738
 30
0.0
 11
173.5
 21
92.15892024079248
 31
0.0
  0
LINE
  5
412
330
17
100
AcDbEntity
  8
GEOMETRY
100
AcDbLine
 10
173.5
 20
92.15892024079248
 30
0.0
 11
173.5
 21
92.08098644486759
 31
0.0
  0
LINE
  5
413
330
17
100
AcDbEntity
  8
GEOMETRY
100
AcDbLine
 10
173.5
 20
92.08098644486759
 30
0.0
 11
173.5
 21
92.0030526489427
 31
0.0
  0
LINE
  5
414
330
17
100
AcDbEntity
  8
GEOMETRY
100
AcDbLine
 10
173.5
 20
92.0030526489427
 30
0.0
 11
173.5
 21
91.92511885301782
 31
0.0
  0
LINE
  5
415
330
17
100
AcDbEntity
  8
GEOMETRY
100
AcDbLine
 10
173.5
 20
91.92511885301782
 30
0.0
 11
173.5
 21
91.83619367274969
 31
0.0
  0
LINE
  5
416
330
17
100
AcDbEntity
  8
GEOMETRY
100
AcDbLine
 10
173.5
 20
91.83619367274969
 30
0.0
 11
173.5
 21
91.74287193874427
 31
0.0
  0
LINE
  5
417
330
17
100
AcDbEntity
  8
GEOMETRY
100
AcDbLine
 10
173.5
 20
91.74287193874427
 30
0.0
 11
173.5
 21
91.64955020473884
 31
0.0
  0
LINE
  5
418
330
17
100
AcDbEntity
  8
GEOMETRY
100
AcDbLine
 10
173.5
 20
91.64955020473884
 30
0.0
 11
173.5
 21
91.55622847073343
 31
0.0
  0
LINE
  5
419
330
17
100
AcDbEntity
  8
GEOMETRY
100
AcDbLine
 10
173.5
 20
91.55622847073343
 30
0.0
 11
173.5
 21
91.4613769657766
 31
0.0
  0
LINE
  5
41A
330
17
100
AcDbEntity
  8
GEOMETRY
100
AcDbLine
 10
173.5
 20
91.4613769657766
 30
0.0
 11
173.5
 21
91.35734683511129
 31
0.0
  0
LINE
  5
41B
330
17
100
AcDbEntity
  8
GEOMETRY
100
AcDbLine
 10
173.5
 20
91.35734683511129
 30
0.0
 11
173.5
 21
91.253316704446
 31
0.0
  0
LINE
  5
41C
330
17
100
AcDbEntity
  8
GEOMETRY
100
AcDbLine
 10
173.5
 20
91.253316704446
 30
0.0
 11
173.5
 21
91.14928657378069
 31
0.0
  0
LINE
  5
41D
330
17
100
AcDbEntity
  8
GEOMETRY
100
AcDbLine
 10
173.5
 20
91.14928657378069
 30
0.0
 11
173.5
 21
91.04525644311539
 31
0.0
  0
LINE
  5
41E
330
17
100
AcDbEntity
  8
GEOMETRY
100
AcDbLine
 10
173.5
 20
91.04525644311539
 30
0.0
 11
173.5
 21
90.93808808872647
 31
0.0
  0
LINE
  5
41F
330
17
100
AcDbEntity
  8
GEOMETRY
100
AcDbLine
 10
173.5
 20
90.93808808872647
 30
0.0
 11
173.5
 21
90.82856606654485
 31
0.0
  0
LINE
  5
420
330
17
100
AcDbEntity
  8
GEOMETRY
100
AcDbLine
 10
173.5
 20
90.82856606654485
 30
0.0
 11
173.5
 21
90.71904404436323
 31
0.0
  0
LINE
  5
421
330
17
100
AcDbEntity
  8
GEOMETRY
100
AcDbLine
 10
173.5
 20
90.71904404436323
 30
0.0
 11
173.5
 21
90.60952202218161
 31
0.0
  0
LINE
  5
422
330
17
100
AcDbEntity
  8
GEOMETRY
100
AcDbLine
 10
173.5
 20
90.60952202218161
 30
0.0
 11
173.5
 21
90.49999999999999
 31
0.0
  0
LINE
  5
423
330
17
100
AcDbEntity
  8
GEOMETRY
100
AcDbLine
 10
173.5
 20
90.49999999999999
 30
0.0
 11
173.5
 21
90.39047797781836
 31
0.0
  0
LINE
  5
424
330
17
100
AcDbEntity
  8
GEOMETRY
100
AcDbLine
 10
173.5
 20
90.39047797781836
 30
0.0
 11
173.5
 21
90.28095595563674
 31
0.0
  0
LINE
  5
425
330
17
100
AcDbEntity
  8
GEOMETRY
100
AcDbLine
 10
173.5
 20
90.28095595563674
 30
0.0
 11
173.5
 21
90.17143393345512
 31
0.0
  0
LINE
  5
426
330
17
100
AcDbEntity
  8
GEOMETRY
100
AcDbLine
 10
173.5
 20
90.17143393345512
 30
0.0
 11
173.5
 21
90.06191191127348
 31
0.0
  0
LINE
  5
427
330
17
100
AcDbEntity
  8
GEOMETRY
100
AcDbLine
 10
173.5
 20
90.06191191127348
 30
0.0
 11
173.5
 21
89.95474355688458
 31
0.0
  0
LINE
  5
428
330
17
100
AcDbEntity
  8
GEOMETRY
100
AcDbLine
 10
173.5
 20
89.95474355688458
 30
0.0
 11
173.5
 21
89.85071342621927
 31
0.0
  0
LINE
  5
429
330
17
100
AcDbEntity
  8
GEOMETRY
100
AcDbLine
 10
173.5
 20
89.85071342621927
 30
0.0
 11
173.5
 21
89.74668329555398
 31
0.0
  0
LINE
  5
42A
330
17
100
AcDbEntity
  8
GEOMETRY
100
AcDbLine
 10
173.5
 20
89.74668329555398
 30
0.0
 11
173.5
 21
89.64265316488869
 31
0.0
  0
LINE
  5
42B
330
17
100
AcDbEntity
  8
GEOMETRY
100
AcDbLine
 10
173.5
 20
89.64265316488869
 30
0.0
 11
173.5
 21
89.53862303422338
 31
0.0
  0
LINE
  5
42C
330
17
100
AcDbEntity
  8
GEOMETRY
100
AcDbLine
 10
173.5
 20
89.53862303422338
 30
0.0
 11
173.5
 21
89.44377152926654
 31
0.0
  0
LINE
  5
42D
330
17
100
AcDbEntity
  8
GEOMETRY
100
AcDbLine
 10
173.5
 20
89.44377152926654
 30
0.0
 11
173.5
 21
89.35044979526113
 31
0.0
  0
LINE
  5
42E
330
17
100
AcDbEntity
  8
GEOMETRY
100
AcDbLine
 10
173.5
 20
89.35044979526113
 30
0.0
 11
173.5
 21
89.2571280612557
 31
0.0
  0
LINE
  5
42F
330
17
100
AcDbEntity
  8
GEOMETRY
100
AcDbLine
 10
173.5
 20
89.2571280612557
 30
0.0
 11
173.5
 21
89.16380632725028
 31
0.0
  0
LINE
  5
430
330
17
100
AcDbEntity
  8
GEOMETRY
100
AcDbLine
 10
173.5
 20
89.16380632725028
 30
0.0
 11
173.5
 21
89.07488114698215
 31
0.0
  0
LINE
  5
431
330
17
100
AcDbEntity
  8
GEOMETRY
100
AcDbLine
 10
173.5
 20
89.07488114698215
 30
0.0
 11
173.5
 21
88.99694735105726
 31
0.0
  0
LINE
  5
432
330
17
100
AcDbEntity
  8
GEOMETRY
100
AcDbLine
 10
173.5
 20
88.99694735105726
 30
0.0
 11
173.5
 21
88.91901355513238
 31
0.0
  0
LINE
  5
433
330
17
100
AcDbEntity
  8
GEOMETRY
100
AcDbLine
 10
173.5
 20
88.91901355513238
 30
0.0
 11
173.5
 21
88.84107975920749
 31
0.0
  0
LINE
  5
434
330
17
100
AcDbEntity
  8
GEOMETRY
100
AcDbLine
 10
173.5
 20
88.84107975920749
 30
0.0
 11
173.5
 21
88.7631459632826
 31
0.0
  0
LINE
  5
435
330
17
100
AcDbEntity
  8
GEOMETRY
100
AcDbLine
 10
173.5
 20
88.7631459632826
 30
0.0
 11
173.5
 21
88.69899492738014
 31
0.0
  0
LINE
  5
436
330
17
100
AcDbEntity
  8
GEOMETRY
100
AcDbLine
 10
173.5
 20
88.69899492738014
 30
0.0
 11
173.5
 21
88.64035699548666
 31
0.0
  0
LINE
  5
437
330
17
100
AcDbEntity
  8
GEOMETRY
100
AcDbLine
 10
173.5
 20
88.64035699548666
 30
0.0
 11
173.5
 21
88.58171906359317
 31
0.0
  0
LINE
  5
438
330
17
100
AcDbEntity
  8
GEOMETRY
100
AcDbLine
 10
173.5
 20
88.58171906359317
 30
0.0
 11
173.5
 21
88.52308113169967
 31
0.0
  0
LINE
  5
439
330
17
100
AcDbEntity
  8
GEOMETRY
100
AcDbLine
 10
173.5
 20
88.52308113169967
 30
0.0
 11
173.5
 21
88.46761980191864
 31
0.0
  0
LINE
  5
43A
330
17
100
AcDbEntity
  8
GEOMETRY
100
AcDbLine
 10
173.5
 20
88.46761980191864
 30
0.0
 11
173.5
 21
88.43121808481237
 31
0.0
  0
LINE
  5
43B
330
17
100
AcDbEntity
  8
GEOMETRY
100
AcDbLine
 10
173.5
 20
88.43121808481237
 30
0.0
 11
173.5
 21
88.39481636770611
 31
0.0
  0
LINE
  5
43C
330
17
100
AcDbEntity
  8
GEOMETRY
100
AcDbLine
 10
173.5
 20
88.39481636770611
 30
0.0
 11
173.5
 21
88.35841465059984
 31
0.0
  0
LINE
  5
43D
330
17
100
AcDbEntity
  8
GEOMETRY
100
AcDbLine
 10
173.5
 20
88.35841465059984
 30
0.0
 11
173.5
 21
88.32201293349357
 31
0.0
  0
LINE
  5
43E
330
17
100
AcDbEntity
  8
GEOMETRY
100
AcDbLine
 10
173.5
 20
88.32201293349357
 30
0.0
 11
173.5
 21
88.29936067289202
 31
0.0
  0
LINE
  5
43F
330
17
100
AcDbEntity
  8
GEOMETRY
100
AcDbLine
 10
173.5
 20
88.29936067289202
 30
0.0
 11
173.5
 21
88.28702050466902
 31
0.0
  0
LINE
  5
440
330
17
100
AcDbEntity
  8
GEOMETRY
100
AcDbLine
 10
173.5
 20
88.28702050466902
 30
0.0
 11
173.5
 21
88.274680336446
 31
0.0
  0
LINE
  5
441
330
17
100
AcDbEntity
  8
GEOMETRY
100
AcDbLine
 10
173.5
 20
88.274680336446
 30
0.0
 11
173.5
 21
88.26234016822299
 31
0.0
  0
LINE
  5
442
330
17
100
AcDbEntity
  8
GEOMETRY
100
AcDbLine
 10
173.5
 20
88.26234016822299
 30
0.0
 11
173.5
 21
88.24999999999999
 31
0.0
  0
LINE
  5
443
330
17
100
AcDbEntity
  8
GEOMETRY
100
AcDbLine
 10
173.5
 20
88.24999999999999
 30
0.0
 11
173.5
 21
88.26234016822299
 31
0.0
  0
LINE
  5
444
330
17
100
AcDbEntity
  8
GEOMETRY
100
AcDbLine
 10
173.5
 20
88.26234016822299
 30
0.0
 11
173.5
 21
88.274680336446
 31
0.0
  0
LINE
  5
445
330
17
100
AcDbEntity
  8
GEOMETRY
100
AcDbLine
 10
173.5
 20
88.274680336446
 30
0.0
 11
173.5
 21
88.28702050466902
 31
0.0
  0
LINE
  5
446
330
17
100
AcDbEntity
  8
GEOMETRY
100
AcDbLine
 10
173.5
 20
88.28702050466902
 30
0.0
 11
173.5
 21
88.29936067289202
 31
0.0
  0
LINE
  5
447
330
17
100
AcDbEntity
  8
GEOMETRY
100
AcDbLine
 10
173.5
 20
88.29936067289202
 30
0.0
 11
173.5
 21
88.32201293349357
 31
0.0
  0
LINE
  5
448
330
17
100
AcDbEntity
  8
GEOMETRY
100
AcDbLine
 10
173.5
 20
88.32201293349357
 30
0.0
 11
173.5
 21
88.35841465059984
 31
0.0
  0
LINE
  5
449
330
17
100
AcDbEntity
  8
GEOMETRY
100
AcDbLine
 10
173.5
 20
88.35841465059984
 30
0.0
 11
173.5
 21
88.39481636770611
 31
0.0
  0
LINE
  5
44A
330
17
100
AcDbEntity
  8
GEOMETRY
100
AcDbLine
 10
173.5
 20
88.39481636770611
 30
0.0
 11
173.5
 21
88.43121808481237
 31
0.0
  0
LINE
  5
44B
330
17
100
AcDbEntity
  8
GEOMETRY
100
AcDbLine
 10
173.5
 20
88.43121808481237
 30
0.0
 11
173.5
 21
88.46761980191864
 31
0.0
  0
LINE
  5
44C
330
17
100
AcDbEntity
  8
GEOMETRY
100
AcDbLine
 10
173.5
 20
88.46761980191864
 30
0.0
 11
173.5
 21
88.52308113169967
 31
0.0
  0
LINE
  5
44D
330
17
100
AcDbEntity
  8
GEOMETRY
100
AcDbLine
 10
173.5
 20
88.52308113169967
 30
0.0
 11
173.5
 21
88.58171906359317
 31
0.0
  0
LINE
  5
44E
330
17
100
AcDbEntity
  8
GEOMETRY
100
AcDbLine
 10
173.5
 20
88.58171906359317
 30
0.0
 11
173.5
 21
88.64035699548666
 31
0.0
  0
LINE
  5
44F
330
17
100
AcDbEntity
  8
GEOMETRY
100
AcDbLine
 10
173.5
 20
88.64035699548666
 30
0.0
 11
173.5
 21
88.69899492738014
 31
0.0
  0
LINE
  5
450
330
17
100
AcDbEntity
  8
GEOMETRY
100
AcDbLine
 10
173.5
 20
88.69899492738014
 30
0.0
 11
173.5
 21
88.7631459632826
 31
0.0
  0
LINE
  5
451
330
17
100
AcDbEntity
  8
GEOMETRY
100
AcDbLine
 10
173.5
 20
88.7631459632826
 30
0.0
 11
173.5
 21
88.84107975920749
 31
0.0
  0
LINE
  5
452
330
17
100
AcDbEntity
  8
GEOMETRY
100
AcDbLine
 10
173.5
 20
88.84107975920749
 30
0.0
 11
173.5
 21
88.91901355513238
 31
0.0
  0
LINE
  5
453
330
17
100
AcDbEntity
  8
GEOMETRY
100
AcDbLine
 10
173.5
 20
88.91901355513238
 30
0.0
 11
173.5
 21
88.99694735105726
 31
0.0
  0
LINE
  5
454
330
17
100
AcDbEntity
  8
GEOMETRY
100
AcDbLine
 10
173.5
 20
88.99694735105726
 30
0.0
 11
173.5
 21
89.07488114698215
 31
0.0
  0
LINE
  5
455
330
17
100
AcDbEntity
  8
GEOMETRY
100
AcDbLine
 10
173.5
 20
89.07488114698215
 30
0.0
 11
173.5
 21
89.16380632725028
 31
0.0
  0
LINE
  5
456
330
17
100
AcDbEntity
  8
GEOMETRY
100
AcDbLine
 10
173.5
 20
89.16380632725028
 30
0.0
 11
173.5
 21
89.2571280612557
 31
0.0
  0
LINE
  5
457
330
17
100
AcDbEntity
  8
GEOMETRY
100
AcDbLine
 10
173.5
 20
89.2571280612557
 30
0.0
 11
173.5
 21
89.35044979526113
 31
0.0
  0
LINE
  5
458
330
17
100
AcDbEntity
  8
GEOMETRY
100
AcDbLine
 10
173.5
 20
89.35044979526113
 30
0.0
 11
173.5
 21
89.44377152926654
 31
0.0
  0
LINE
  5
459
330
17
100
AcDbEntity
  8
GEOMETRY
100
AcDbLine
 10
173.5
 20
89.44377152926654
 30
0.0
 11
173.5
 21
89.53862303422338
 31
0.0
  0
LINE
  5
45A
330
17
100
AcDbEntity
  8
GEOMETRY
100
AcDbLine
 10
173.5
 20
89.53862303422338
 30
0.0
 11
173.5
 21
89.64265316488867
 31
0.0
  0
LINE
  5
45B
330
17
100
AcDbEntity
  8
GEOMETRY
100
AcDbLine
 10
173.5
 20
89.64265316488867
 30
0.0
 11
173.5
 21
89.74668329555398
 31
0.0
  0
LINE
  5
45C
330
17
100
AcDbEntity
  8
GEOMETRY
100
AcDbLine
 10
173.5
 20
89.74668329555398
 30
0.0
 11
173.5
 21
89.85071342621927
 31
0.0
  0
LINE
  5
45D
330
17
100
AcDbEntity
  8
GEOMETRY
100
AcDbLine
 10
173.5
 20
89.85071342621927
 30
0.0
 11
173.5
 21
89.95474355688458
 31
0.0
  0
LINE
  5
45E
330
17
100
AcDbEntity
  8
GEOMETRY
100
AcDbLine
 10
173.5
 20
89.95474355688458
 30
0.0
 11
173.5
 21
90.06191191127348
 31
0.0
  0
LINE
  5
45F
330
17
100
AcDbEntity
  8
GEOMETRY
100
AcDbLine
 10
173.5
 20
90.06191191127348
 30
0.0
 11
173.5
 21
90.17143393345512
 31
0.0
  0
LINE
  5
460
330
17
100
AcDbEntity
  8
GEOMETRY
100
AcDbLine
 10
173.5
 20
90.17143393345512
 30
0.0
 11
173.5
 21
90.28095595563673
 31
0.0
  0
LINE
  5
461
330
17
100
AcDbEntity
  8
GEOMETRY
100
AcDbLine
 10
173.5
 20
90.28095595563673
 30
0.0
 11
173.5
 21
90.39047797781836
 31
0.0
  0
LINE
  5
462
330
17
100
AcDbEntity
  8
GEOMETRY
100
AcDbLine
 10
173.5
 20
90.39047797781836
 30
0.0
 11
173.5
 21
90.49999999999999
 31
0.0
  0
LINE
  5
463
330
17
100
AcDbEntity
  8
GEOMETRY
100
AcDbLine
 10
173.5
 20
90.49999999999999
 30
0.0
 11
173.5
 21
90.60952202218161
 31
0.0
  0
LINE
  5
464
330
17
100
AcDbEntity
  8
GEOMETRY
100
AcDbLine
 10
173.5
 20
90.60952202218161
 30
0.0
 11
173.5
 21
90.71904404436323
 31
0.0
  0
LINE
  5
465
330
17
100
AcDbEntity
  8
GEOMETRY
100
AcDbLine
 10
173.5
 20
90.71904404436323
 30
0.0
 11
173.5
 21
90.82856606654485
 31
0.0
  0
LINE
  5
466
330
17
100
AcDbEntity
  8
GEOMETRY
100
AcDbLine
 10
173.5
 20
90.82856606654485
 30
0.0
 11
173.5
 21
90.93808808872647
 31
0.0
  0
LINE
  5
467
330
17
100
AcDbEntity
  8
GEOMETRY
100
AcDbLine
 10
173.5
 20
90.93808808872647
 30
0.0
 11
173.5
 21
91.04525644311539
 31
0.0
  0
LINE
  5
468
330
17
100
AcDbEntity
  8
GEOMETRY
100
AcDbLine
 10
173.5
 20
91.04525644311539
 30
0.0
 11
173.5
 21
91.14928657378069
 31
0.0
  0
LINE
  5
469
330
17
100
AcDbEntity
  8
GEOMETRY
100
AcDbLine
 10
173.5
 20
91.14928657378069
 30
0.0
 11
173.5
 21
91.253316704446
 31
0.0
  0
LINE
  5
46A
330
17
100
AcDbEntity
  8
GEOMETRY
100
AcDbLine
 10
173.5
 20
91.253316704446
 30
0.0
 11
173.5
 21
91.35734683511129
 31
0.0
  0
LINE
  5
46B
330
17
100
AcDbEntity
  8
GEOMETRY
100
AcDbLine
 10
173.5
 20
91.35734683511129
 30
0.0
 11
173.5
 21
91.4613769657766
 31
0.0
  0
LINE
  5
46C
330
17
100
AcDbEntity
  8
GEOMETRY
100
AcDbLine
 10
173.5
 20
91.4613769657766
 30
0.0
 11
173.5
 21
91.55622847073343
 31
0.0
  0
LINE
  5
46D
330
17
100
AcDbEntity
  8
GEOMETRY
100
AcDbLine
 10
173.5
 20
91.55622847073343
 30
0.0
 11
173.5
 21
91.64955020473884
 31
0.0
  0
LINE
  5
46E
330
17
100
AcDbEntity
  8
GEOMETRY
100
AcDbLine
 10
173.5
 20
91.64955020473884
 30
0.0
 11
173.5
 21
91.74287193874427
 31
0.0
  0
LINE
  5
46F
330
17
100
AcDbEntity
  8
GEOMETRY
100
AcDbLine
 10
173.5
 20
91.74287193874427
 30
0.0
 11
173.5
 21
91.83619367274969
 31
0.0
  0
LINE
  5
470
330
17
100
AcDbEntity
  8
GEOMETRY
100
AcDbLine
 10
173.5
 20
91.83619367274969
 30
0.0
 11
173.5
 21
91.92511885301782
 31
0.0
  0
LINE
  5
471
330
17
100
AcDbEntity
  8
GEOMETRY
100
AcDbLine
 10
173.5
 20
91.92511885301782
 30
0.0
 11
173.5
 21
92.0030526489427
 31
0.0
  0
LINE
  5
472
330
17
100
AcDbEntity
  8
GEOMETRY
100
AcDbLine
 10
173.5
 20
92.0030526489427
 30
0.0
 11
173.5
 21
92.08098644486759
 31
0.0
  0
LINE
  5
473
330
17
100
AcDbEntity
  8
GEOMETRY
100
AcDbLine
 10
173.5
 20
92.08098644486759
 30
0.0
 11
173.5
 21
92.15892024079248
 31
0.0
  0
LINE
  5
474
330
17
100
AcDbEntity
  8
GEOMETRY
100
AcDbLine
 10
173.5
 20
92.15892024079248
 30
0.0
 11
173.5
 21
92.23685403671738
 31
0.0
  0
LINE
  5
475
330
17
100
AcDbEntity
  8
GEOMETRY
100
AcDbLine
 10
173.5
 20
92.23685403671738
 30
0.0
 11
173.5
 21
92.30100507261983
 31
0.0
  0
LINE
  5
476
330
17
100
AcDbEntity
  8
GEOMETRY
100
AcDbLine
 10
173.5
 20
92.30100507261983
 30
0.0
 11
173.5
 21
92.35964300451332
 31
0.0
  0
LINE
  5
477
330
17
100
AcDbEntity
  8
GEOMETRY
100
AcDbLine
 10
173.5
 20
92.35964300451332
 30
0.0
 11
173.5
 21
92.4182809364068
 31
0.0
  0
LINE
  5
478
330
17
100
AcDbEntity
  8
GEOMETRY
100
AcDbLine
 10
173.5
 20
92.4182809364068
 30
0.0
 11
173.5
 21
92.47691886830029
 31
0.0
  0
LINE
  5
479
330
17
100
AcDbEntity
  8
GEOMETRY
100
AcDbLine
 10
173.5
 20
92.47691886830029
 30
0.0
 11
173.5
 21
92.53238019808133
 31
0.0
  0
LINE
  5
47A
330
17
100
AcDbEntity
  8
GEOMETRY
100
AcDbLine
 10
173.5
 20
92.53238019808133
 30
0.0
 11
173.5
 21
92.56878191518759
 31
0.0
  0
LINE
  5
47B
330
17
100
AcDbEntity
  8
GEOMETRY
100
AcDbLine
 10
173.5
 20
92.56878191518759
 30
0.0
 11
173.5
 21
92.60518363229386
 31
0.0
  0
LINE
  5
47C
330
17
100
AcDbEntity
  8
GEOMETRY
100
AcDbLine
 10
173.5
 20
92.60518363229386
 30
0.0
 11
173.5
 21
92.64158534940013
 31
0.0
  0
LINE
  5
47D
330
17
100
AcDbEntity
  8
GEOMETRY
100
AcDbLine
 10
173.5
 20
92.64158534940013
 30
0.0
 11
173.5
 21
92.6779870665064
 31
0.0
  0
LINE
  5
47E
330
17
100
AcDbEntity
  8
GEOMETRY
100
AcDbLine
 10
173.5
 20
92.6779870665064
 30
0.0
 11
173.5
 21
92.70063932710795
 31
0.0
  0
LINE
  5
47F
330
17
100
AcDbEntity
  8
GEOMETRY
100
AcDbLine
 10
173.5
 20
92.70063932710795
 30
0.0
 11
173.5
 21
92.71297949533096
 31
0.0
  0
LINE
  5
480
330
17
100
AcDbEntity
  8
GEOMETRY
100
AcDbLine
 10
173.5
 20
92.71297949533096
 30
0.0
 11
173.5
 21
92.72531966355396
 31
0.0
  0
LINE
  5
481
330
17
100
AcDbEntity
  8
GEOMETRY
100
AcDbLine
 10
173.5
 20
92.72531966355396
 30
0.0
 11
173.5
 21
92.73765983177698
 31
0.0
  0
LINE
  5
482
330
17
100
AcDbEntity
  8
GEOMETRY
100
AcDbLine
 10
173.5
 20
92.73765983177698
 30
0.0
 11
173.5
 21
92.74999999999999
 31
0.0
  0
LINE
  5
483
330
17
100
AcDbEntity
  8
GEOMETRY
100
AcDbLine
 10
173.5
 20
92.74999999999999
 30
0.0
 11
173.453125
 21
92.74999999999999
 31
0.0
  0
LINE
  5
484
330
17
100
AcDbEntity
  8
GEOMETRY
100
AcDbLine
 10
173.453125
 20
92.74999999999999
 30
0.0
 11
173.40625
 21
92.74999999999999
 31
0.0
  0
LINE
  5
485
330
17
100
AcDbEntity
  8
GEOMETRY
100
AcDbLine
 10
173.40625
 20
92.74999999999999
 30
0.0
 11
173.359375
 21
92.74999999999999
 31
0.0
  0
LINE
  5
486
330
17
100
AcDbEntity
  8
GEOMETRY
100
AcDbLine
 10
173.359375
 20
92.74999999999999
 30
0.0
 11
173.3125
 21
92.74999999999999
 31
0.0
  0
LINE
  5
487
330
17
100
AcDbEntity
  8
GEOMETRY
100
AcDbLine
 10
173.3125
 20
92.74999999999999
 30
0.0
 11
173.265625
 21
92.74999999999999
 31
0.0
  0
LINE
  5
488
330
17
100
AcDbEntity
  8
GEOMETRY
100
AcDbLine
 10
173.265625
 20
92.74999999999999
 30
0.0
 11
173.21875
 21
92.74999999999999
 31
0.0
  0
LINE
  5
489
330
17
100
AcDbEntity
  8
GEOMETRY
100
AcDbLine
 10
173.21875
 20
92.74999999999999
 30
0.0
 11
173.171875
 21
92.74999999999999
 31
0.0
  0
LINE
  5
48A
330
17
100
AcDbEntity
  8
GEOMETRY
100
AcDbLine
 10
173.171875
 20
92.74999999999999
 30
0.0
 11
173.125
 21
92.74999999999999
 31
0.0
  0
LINE
  5
48B
330
17
100
AcDbEntity
  8
GEOMETRY
100
AcDbLine
 10
173.125
 20
92.74999999999999
 30
0.0
 11
173.078125
 21
92.74999999999999
 31
0.0
  0
LINE
  5
48C
330
17
100
AcDbEntity
  8
GEOMETRY
100
AcDbLine
 10
173.078125
 20
92.74999999999999
 30
0.0
 11
173.03125
 21
92.74999999999999
 31
0.0
  0
LINE
  5
48D
330
17
100
AcDbEntity
  8
GEOMETRY
100
AcDbLine
 10
173.03125
 20
92.74999999999999
 30
0.0
 11
172.984375
 21
92.74999999999999
 31
0.0
  0
LINE
  5
48E
330
17
100
AcDbEntity
  8
GEOMETRY
100
AcDbLine
 10
172.984375
 20
92.74999999999999
 30
0.0
 11
172.9375
 21
92.74999999999999
 31
0.0
  0
LINE
  5
48F
330
17
100
AcDbEntity
  8
GEOMETRY
100
AcDbLine
 10
172.9375
 20
92.74999999999999
 30
0.0
 11
172.890625
 21
92.74999999999999
 31
0.0
  0
LINE
  5
490
330
17
100
AcDbEntity
  8
GEOMETRY
100
AcDbLine
 10
172.890625
 20
92.74999999999999
 30
0.0
 11
172.84375
 21
92.74999999999999
 31
0.0
  0
LINE
  5
491
330
17
100
AcDbEntity
  8
GEOMETRY
100
AcDbLine
 10
172.84375
 20
92.74999999999999
 30
0.0
 11
172.796875
 21
92.74999999999999
 31
0.0
  0
LINE
  5
492
330
17
100
AcDbEntity
  8
GEOMETRY
100
AcDbLine
 10
172.796875
 20
92.74999999999999
 30
0.0
 11
172.75
 21
92.74999999999999
 31
0.0
  0
LINE
  5
493
330
17
100
AcDbEntity
  8
GEOMETRY
100
AcDbLine
 10
172.75
 20
92.74999999999999
 30
0.0
 11
172.703125
 21
92.74999999999999
 31
0.0
  0
LINE
  5
494
330
17
100
AcDbEntity
  8
GEOMETRY
100
AcDbLine
 10
172.703125
 20
92.74999999999999
 30
0.0
 11
172.65625
 21
92.74999999999999
 31
0.0
  0
LINE
  5
495
330
17
100
AcDbEntity
  8
GEOMETRY
100
AcDbLine
 10
172.65625
 20
92.74999999999999
 30
0.0
 11
172.609375
 21
92.74999999999999
 31
0.0
  0
LINE
  5
496
330
17
100
AcDbEntity
  8
GEOMETRY
100
AcDbLine
 10
172.609375
 20
92.74999999999999
 30
0.0
 11
172.5625
 21
92.74999999999999
 31
0.0
  0
LINE
  5
497
330
17
100
AcDbEntity
  8
GEOMETRY
100
AcDbLine
 10
172.5625
 20
92.74999999999999
 30
0.0
 11
172.515625
 21
92.74999999999999
 31
0.0
  0
LINE
  5
498
330
17
100
AcDbEntity
  8
GEOMETRY
100
AcDbLine
 10
172.515625
 20
92.74999999999999
 30
0.0
 11
172.46875
 21
92.74999999999999
 31
0.0
  0
LINE
  5
499
330
17
100
AcDbEntity
  8
GEOMETRY
100
AcDbLine
 10
172.46875
 20
92.74999999999999
 30
0.0
 11
172.421875
 21
92.74999999999999
 31
0.0
  0
LINE
  5
49A
330
17
100
AcDbEntity
  8
GEOMETRY
100
AcDbLine
 10
172.421875
 20
92.74999999999999
 30
0.0
 11
172.375
 21
92.74999999999999
 31
0.0
  0
LINE
  5
49B
330
17
100
AcDbEntity
  8
GEOMETRY
100
AcDbLine
 10
172.375
 20
92.74999999999999
 30
0.0
 11
172.328125
 21
92.74999999999999
 31
0.0
  0
LINE
  5
49C
330
17
100
AcDbEntity
  8
GEOMETRY
100
AcDbLine
 10
172.328125
 20
92.74999999999999
 30
0.0
 11
172.28125
 21
92.74999999999999
 31
0.0
  0
LINE
  5
49D
330
17
100
AcDbEntity
  8
GEOMETRY
100
AcDbLine
 10
172.28125
 20
92.74999999999999
 30
0.0
 11
172.234375
 21
92.74999999999999
 31
0.0
  0
LINE
  5
49E
330
17
100
AcDbEntity
  8
GEOMETRY
100
AcDbLine
 10
172.234375
 20
92.74999999999999
 30
0.0
 11
172.1875
 21
92.74999999999999
 31
0.0
  0
LINE
  5
49F
330
17
100
AcDbEntity
  8
GEOMETRY
100
AcDbLine
 10
172.1875
 20
92.74999999999999
 30
0.0
 11
172.140625
 21
92.74999999999999
 31
0.0
  0
LINE
  5
4A0
330
17
100
AcDbEntity
  8
GEOMETRY
100
AcDbLine
 10
172.140625
 20
92.74999999999999
 30
0.0
 11
172.09375
 21
92.74999999999999
 31
0.0
  0
LINE
  5
4A1
330
17
100
AcDbEntity
  8
GEOMETRY
100
AcDbLine
 10
172.09375
 20
92.74999999999999
 30
0.0
 11
172.046875
 21
92.74999999999999
 31
0.0
  0
LINE
  5
4A2
330
17
100
AcDbEntity
  8
GEOMETRY
100
AcDbLine
 10
172.046875
 20
92.74999999999999
 30
0.0
 11
172.0
 21
92.74999999999999
 31
0.0
  0
LINE
  5
4A3
330
17
100
AcDbEntity
  8
GEOMETRY
100
AcDbLine
 10
172.0
 20
92.74999999999999
 30
0.0
 11
171.953125
 21
92.74999999999999
 31
0.0
  0
LINE
  5
4A4
330
17
100
AcDbEntity
  8
GEOMETRY
100
AcDbLine
 10
171.953125
 20
92.74999999999999
 30
0.0
 11
171.90625
 21
92.74999999999999
 31
0.0
  0
LINE
  5
4A5
330
17
100
AcDbEntity
  8
GEOMETRY
100
AcDbLine
 10
171.90625
 20
92.74999999999999
 30
0.0
 11
171.859375
 21
92.74999999999999
 31
0.0
  0
LINE
  5
4A6
330
17
100
AcDbEntity
  8
GEOMETRY
100
AcDbLine
 10
171.859375
 20
92.74999999999999
 30
0.0
 11
171.8125
 21
92.74999999999999
 31
0.0
  0
LINE
  5
4A7
330
17
100
AcDbEntity
  8
GEOMETRY
100
AcDbLine
 10
171.8125
 20
92.74999999999999
 30
0.0
 11
171.765625
 21
92.74999999999999
 31
0.0
  0
LINE
  5
4A8
330
17
100
AcDbEntity
  8
GEOMETRY
100
AcDbLine
 10
171.765625
 20
92.74999999999999
 30
0.0
 11
171.71875
 21
92.74999999999999
 31
0.0
  0
LINE
  5
4A9
330
17
100
AcDbEntity
  8
GEOMETRY
100
AcDbLine
 10
171.71875
 20
92.74999999999999
 30
0.0
 11
171.671875
 21
92.74999999999999
 31
0.0
  0
LINE
  5
4AA
330
17
100
AcDbEntity
  8
GEOMETRY
100
AcDbLine
 10
171.671875
 20
92.74999999999999
 30
0.0
 11
171.625
 21
92.74999999999999
 31
0.0
  0
LINE
  5
4AB
330
17
100
AcDbEntity
  8
GEOMETRY
100
AcDbLine
 10
171.625
 20
92.74999999999999
 30
0.0
 11
171.578125
 21
92.74999999999999
 31
0.0
  0
LINE
  5
4AC
330
17
100
AcDbEntity
  8
GEOMETRY
100
AcDbLine
 10
171.578125
 20
92.74999999999999
 30
0.0
 11
171.53125
 21
92.74999999999999
 31
0.0
  0
LINE
  5
4AD
330
17
100
AcDbEntity
  8
GEOMETRY
100
AcDbLine
 10
171.53125
 20
92.74999999999999
 30
0.0
 11
171.484375
 21
92.74999999999999
 31
0.0
  0
LINE
  5
4AE
330
17
100
AcDbEntity
  8
GEOMETRY
100
AcDbLine
 10
171.484375
 20
92.74999999999999
 30
0.0
 11
171.4375
 21
92.74999999999999
 31
0.0
  0
LINE
  5
4AF
330
17
100
AcDbEntity
  8
GEOMETRY
100
AcDbLine
 10
171.4375
 20
92.74999999999999
 30
0.0
 11
171.390625
 21
92.74999999999999
 31
0.0
  0
LINE
  5
4B0
330
17
100
AcDbEntity
  8
GEOMETRY
100
AcDbLine
 10
171.390625
 20
92.74999999999999
 30
0.0
 11
171.34375
 21
92.74999999999999
 31
0.0
  0
LINE
  5
4B1
330
17
100
AcDbEntity
  8
GEOMETRY
100
AcDbLine
 10
171.34375
 20
92.74999999999999
 30
0.0
 11
171.296875
 21
92.74999999999999
 31
0.0
  0
LINE
  5
4B2
330
17
100
AcDbEntity
  8
GEOMETRY
100
AcDbLine
 10
171.296875
 20
92.74999999999999
 30
0.0
 11
171.25
 21
92.74999999999999
 31
0.0
  0
LINE
  5
4B3
330
17
100
AcDbEntity
  8
GEOMETRY
100
AcDbLine
 10
171.25
 20
92.74999999999999
 30
0.0
 11
171.203125
 21
92.74999999999999
 31
0.0
  0
LINE
  5
4B4
330
17
100
AcDbEntity
  8
GEOMETRY
100
AcDbLine
 10
171.203125
 20
92.74999999999999
 30
0.0
 11
171.15625
 21
92.74999999999999
 31
0.0
  0
LINE
  5
4B5
330
17
100
AcDbEntity
  8
GEOMETRY
100
AcDbLine
 10
171.15625
 20
92.74999999999999
 30
0.0
 11
171.109375
 21
92.74999999999999
 31
0.0
  0
LINE
  5
4B6
330
17
100
AcDbEntity
  8
GEOMETRY
100
AcDbLine
 10
171.109375
 20
92.74999999999999
 30
0.0
 11
171.0625
 21
92.74999999999999
 31
0.0
  0
LINE
  5
4B7
330
17
100
AcDbEntity
  8
GEOMETRY
100
AcDbLine
 10
171.0625
 20
92.74999999999999
 30
0.0
 11
171.015625
 21
92.74999999999999
 31
0.0
  0
LINE
  5
4B8
330
17
100
AcDbEntity
  8
GEOMETRY
100
AcDbLine
 10
171.015625
 20
92.74999999999999
 30
0.0
 11
170.96875
 21
92.74999999999999
 31
0.0
  0
LINE
  5
4B9
330
17
100
AcDbEntity
  8
GEOMETRY
100
AcDbLine
 10
170.96875
 20
92.74999999999999
 30
0.0
 11
170.921875
 21
92.74999999999999
 31
0.0
  0
LINE
  5
4BA
330
17
100
AcDbEntity
  8
GEOMETRY
100
AcDbLine
 10
170.921875
 20
92.74999999999999
 30
0.0
 11
170.875
 21
92.74999999999999
 31
0.0
  0
LINE
  5
4BB
330
17
100
AcDbEntity
  8
GEOMETRY
100
AcDbLine
 10
170.875
 20
92.74999999999999
 30
0.0
 11
170.828125
 21
92.74999999999999
 31
0.0
  0
LINE
  5
4BC
330
17
100
AcDbEntity
  8
GEOMETRY
100
AcDbLine
 10
170.828125
 20
92.74999999999999
 30
0.0
 11
170.78125
 21
92.74999999999999
 31
0.0
  0
LINE
  5
4BD
330
17
100
AcDbEntity
  8
GEOMETRY
100
AcDbLine
 10
170.78125
 20
92.74999999999999
 30
0.0
 11
170.734375
 21
92.74999999999999
 31
0.0
  0
LINE
  5
4BE
330
17
100
AcDbEntity
  8
GEOMETRY
100
AcDbLine
 10
170.734375
 20
92.74999999999999
 30
0.0
 11
170.6875
 21
92.74999999999999
 31
0.0
  0
LINE
  5
4BF
330
17
100
AcDbEntity
  8
GEOMETRY
100
AcDbLine
 10
170.6875
 20
92.74999999999999
 30
0.0
 11
170.640625
 21
92.74999999999999
 31
0.0
  0
LINE
  5
4C0
330
17
100
AcDbEntity
  8
GEOMETRY
100
AcDbLine
 10
170.640625
 20
92.74999999999999
 30
0.0
 11
170.59375
 21
92.74999999999999
 31
0.0
  0
LINE
  5
4C1
330
17
100
AcDbEntity
  8
GEOMETRY
100
AcDbLine
 10
170.59375
 20
92.74999999999999
 30
0.0
 11
170.546875
 21
92.74999999999999
 31
0.0
  0
LINE
  5
4C2
330
17
100
AcDbEntity
  8
GEOMETRY
100
AcDbLine
 10
170.546875
 20
92.74999999999999
 30
0.0
 11
170.5
 21
92.74999999999999
 31
0.0
  0
LINE
  5
4C3
330
17
100
AcDbEntity
  8
GEOMETRY
100
AcDbLine
 10
170.5
 20
92.74999999999999
 30
0.0
 11
170.5
 21
92.73765983177698
 31
0.0
  0
LINE
  5
4C4
330
17
100
AcDbEntity
  8
GEOMETRY
100
AcDbLine
 10
170.5
 20
92.73765983177698
 30
0.0
 11
170.5
 21
92.72531966355396
 31
0.0
  0
LINE
  5
4C5
330
17
100
AcDbEntity
  8
GEOMETRY
100
AcDbLine
 10
170.5
 20
92.72531966355396
 30
0.0
 11
170.5
 21
92.71297949533096
 31
0.0
  0
LINE
  5
4C6
330
17
100
AcDbEntity
  8
GEOMETRY
100
AcDbLine
 10
170.5
 20
92.71297949533096
 30
0.0
 11
170.5
 21
92.70063932710795
 31
0.0
  0
LINE
  5
4C7
330
17
100
AcDbEntity
  8
GEOMETRY
100
AcDbLine
 10
170.5
 20
92.70063932710795
 30
0.0
 11
170.5
 21
92.6779870665064
 31
0.0
  0
LINE
  5
4C8
330
17
100
AcDbEntity
  8
GEOMETRY
100
AcDbLine
 10
170.5
 20
92.6779870665064
 30
0.0
 11
170.5
 21
92.64158534940013
 31
0.0
  0
LINE
  5
4C9
330
17
100
AcDbEntity
  8
GEOMETRY
100
AcDbLine
 10
170.5
 20
92.64158534940013
 30
0.0
 11
170.5
 21
92.60518363229386
 31
0.0
  0
LINE
  5
4CA
330
17
100
AcDbEntity
  8
GEOMETRY
100
AcDbLine
 10
170.5
 20
92.60518363229386
 30
0.0
 11
170.5
 21
92.5687819151876
 31
0.0
  0
LINE
  5
4CB
330
17
100
AcDbEntity
  8
GEOMETRY
100
AcDbLine
 10
170.5
 20
92.5687819151876
 30
0.0
 11
170.5
 21
92.53238019808133
 31
0.0
  0
LINE
  5
4CC
330
17
100
AcDbEntity
  8
GEOMETRY
100
AcDbLine
 10
170.5
 20
92.53238019808133
 30
0.0
 11
170.5
 21
92.47691886830029
 31
0.0
  0
LINE
  5
4CD
330
17
100
AcDbEntity
  8
GEOMETRY
100
AcDbLine
 10
170.5
 20
92.47691886830029
 30
0.0
 11
170.5
 21
92.4182809364068
 31
0.0
  0
LINE
  5
4CE
330
17
100
AcDbEntity
  8
GEOMETRY
100
AcDbLine
 10
170.5
 20
92.4182809364068
 30
0.0
 11
170.5
 21
92.35964300451332
 31
0.0
  0
LINE
  5
4CF
330
17
100
AcDbEntity
  8
GEOMETRY
100
AcDbLine
 10
170.5
 20
92.35964300451332
 30
0.0
 11
170.5
 21
92.30100507261983
 31
0.0
  0
LINE
  5
4D0
330
17
100
AcDbEntity
  8
GEOMETRY
100
AcDbLine
 10
170.5
 20
92.30100507261983
 30
0.0
 11
170.5
 21
92.23685403671738
 31
0.0
  0
LINE
  5
4D1
330
17
100
AcDbEntity
  8
GEOMETRY
100
AcDbLine
 10
170.5
 20
92.23685403671738
 30
0.0
 11
170.5
 21
92.15892024079248
 31
0.0
  0
LINE
  5
4D2
330
17
100
AcDbEntity
  8
GEOMETRY
100
AcDbLine
 10
170.5
 20
92.15892024079248
 30
0.0
 11
170.5
 21
92.08098644486759
 31
0.0
  0
LINE
  5
4D3
330
17
100
AcDbEntity
  8
GEOMETRY
100
AcDbLine
 10
170.5
 20
92.08098644486759
 30
0.0
 11
170.5
 21
92.0030526489427
 31
0.0
  0
LINE
  5
4D4
330
17
100
AcDbEntity
  8
GEOMETRY
100
AcDbLine
 10
170.5
 20
92.0030526489427
 30
0.0
 11
170.5
 21
91.92511885301782
 31
0.0
  0
LINE
  5
4D5
330
17
100
AcDbEntity
  8
GEOMETRY
100
AcDbLine
 10
170.5
 20
91.92511885301782
 30
0.0
 11
170.5
 21
91.83619367274969
 31
0.0
  0
LINE
  5
4D6
330
17
100
AcDbEntity
  8
GEOMETRY
100
AcDbLine
 10
170.5
 20
91.83619367274969
 30
0.0
 11
170.5
 21
91.74287193874427
 31
0.0
  0
LINE
  5
4D7
330
17
100
AcDbEntity
  8
GEOMETRY
100
AcDbLine
 10
170.5
 20
91.74287193874427
 30
0.0
 11
170.5
 21
91.64955020473884
 31
0.0
  0
LINE
  5
4D8
330
17
100
AcDbEntity
  8
GEOMETRY
100
AcDbLine
 10
170.5
 20
91.64955020473884
 30
0.0
 11
170.5
 21
91.55622847073343
 31
0.0
  0
LINE
  5
4D9
330
17
100
AcDbEntity
  8
GEOMETRY
100
AcDbLine
 10
170.5
 20
91.55622847073343
 30
0.0
 11
170.5
 21
91.4613769657766
 31
0.0
  0
LINE
  5
4DA
330
17
100
AcDbEntity
  8
GEOMETRY
100
AcDbLine
 10
170.5
 20
91.4613769657766
 30
0.0
 11
170.5
 21
91.35734683511129
 31
0.0
  0
LINE
  5
4DB
330
17
100
AcDbEntity
  8
GEOMETRY
100
AcDbLine
 10
170.5
 20
91.35734683511129
 30
0.0
 11
170.5
 21
91.253316704446
 31
0.0
  0
LINE
  5
4DC
330
17
100
AcDbEntity
  8
GEOMETRY
100
AcDbLine
 10
170.5
 20
91.253316704446
 30
0.0
 11
170.5
 21
91.14928657378069
 31
0.0
  0
LINE
  5
4DD
330
17
100
AcDbEntity
  8
GEOMETRY
100
AcDbLine
 10
170.5
 20
91.14928657378069
 30
0.0
 11
170.5
 21
91.04525644311539
 31
0.0
  0
LINE
  5
4DE
330
17
100
AcDbEntity
  8
GEOMETRY
100
AcDbLine
 10
170.5
 20
91.04525644311539
 30
0.0
 11
170.5
 21
90.93808808872647
 31
0.0
  0
LINE
  5
4DF
330
17
100
AcDbEntity
  8
GEOMETRY
100
AcDbLine
 10
170.5
 20
90.93808808872647
 30
0.0
 11
170.5
 21
90.82856606654485
 31
0.0
  0
LINE
  5
4E0
330
17
100
AcDbEntity
  8
GEOMETRY
100
AcDbLine
 10
170.5
 20
90.82856606654485
 30
0.0
 11
170.5
 21
90.71904404436323
 31
0.0
  0
LINE
  5
4E1
330
17
100
AcDbEntity
  8
GEOMETRY
100
AcDbLine
 10
170.5
 20
90.71904404436323
 30
0.0
 11
170.5
 21
90.60952202218161
 31
0.0
  0
LINE
  5
4E2
330
17
100
AcDbEntity
  8
GEOMETRY
100
AcDbLine
 10
170.5
 20
90.60952202218161
 30
0.0
 11
170.5
 21
90.49999999999999
 31
0.0
  0
LINE
  5
4E3
330
17
100
AcDbEntity
  8
GEOMETRY
100
AcDbLine
 10
170.5
 20
90.49999999999999
 30
0.0
 11
170.5
 21
90.39047797781836
 31
0.0
  0
LINE
  5
4E4
330
17
100
AcDbEntity
  8
GEOMETRY
100
AcDbLine
 10
170.5
 20
90.39047797781836
 30
0.0
 11
170.5
 21
90.28095595563674
 31
0.0
  0
LINE
  5
4E5
330
17
100
AcDbEntity
  8
GEOMETRY
100
AcDbLine
 10
170.5
 20
90.28095595563674
 30
0.0
 11
170.5
 21
90.17143393345512
 31
0.0
  0
LINE
  5
4E6
330
17
100
AcDbEntity
  8
GEOMETRY
100
AcDbLine
 10
170.5
 20
90.17143393345512
 30
0.0
 11
170.5
 21
90.06191191127348
 31
0.0
  0
LINE
  5
4E7
330
17
100
AcDbEntity
  8
GEOMETRY
100
AcDbLine
 10
170.5
 20
90.06191191127348
 30
0.0
 11
170.5
 21
89.95474355688458
 31
0.0
  0
LINE
  5
4E8
330
17
100
AcDbEntity
  8
GEOMETRY
100
AcDbLine
 10
170.5
 20
89.95474355688458
 30
0.0
 11
170.5
 21
89.85071342621927
 31
0.0
  0
LINE
  5
4E9
330
17
100
AcDbEntity
  8
GEOMETRY
100
AcDbLine
 10
170.5
 20
89.85071342621927
 30
0.0
 11
170.5
 21
89.74668329555398
 31
0.0
  0
LINE
  5
4EA
330
17
100
AcDbEntity
  8
GEOMETRY
100
AcDbLine
 10
170.5
 20
89.74668329555398
 30
0.0
 11
170.5
 21
89.64265316488869
 31
0.0
  0
LINE
  5
4EB
330
17
100
AcDbEntity
  8
GEOMETRY
100
AcDbLine
 10
170.5
 20
89.64265316488869
 30
0.0
 11
170.5
 21
89.53862303422338
 31
0.0
  0
LINE
  5
4EC
330
17
100
AcDbEntity
  8
GEOMETRY
100
AcDbLine
 10
170.5
 20
89.53862303422338
 30
0.0
 11
170.5
 21
89.44377152926654
 31
0.0
  0
LINE
  5
4ED
330
17
100
AcDbEntity
  8
GEOMETRY
100
AcDbLine
 10
170.5
 20
89.44377152926654
 30
0.0
 11
170.5
 21
89.35044979526113
 31
0.0
  0
LINE
  5
4EE
330
17
100
AcDbEntity
  8
GEOMETRY
100
AcDbLine
 10
170.5
 20
89.35044979526113
 30
0.0
 11
170.5
 21
89.2571280612557
 31
0.0
  0
LINE
  5
4EF
330
17
100
AcDbEntity
  8
GEOMETRY
100
AcDbLine
 10
170.5
 20
89.2571280612557
 30
0.0
 11
170.5
 21
89.16380632725028
 31
0.0
  0
LINE
  5
4F0
330
17
100
AcDbEntity
  8
GEOMETRY
100
AcDbLine
 10
170.5
 20
89.16380632725028
 30
0.0
 11
170.5
 21
89.07488114698215
 31
0.0
  0
LINE
  5
4F1
330
17
100
AcDbEntity
  8
GEOMETRY
100
AcDbLine
 10
170.5
 20
89.07488114698215
 30
0.0
 11
170.5
 21
88.99694735105726
 31
0.0
  0
LINE
  5
4F2
330
17
100
AcDbEntity
  8
GEOMETRY
100
AcDbLine
 10
170.5
 20
88.99694735105726
 30
0.0
 11
170.5
 21
88.91901355513238
 31
0.0
  0
LINE
  5
4F3
330
17
100
AcDbEntity
  8
GEOMETRY
100
AcDbLine
 10
170.5
 20
88.91901355513238
 30
0.0
 11
170.5
 21
88.84107975920749
 31
0.0
  0
LINE
  5
4F4
330
17
100
AcDbEntity
  8
GEOMETRY
100
AcDbLine
 10
170.5
 20
88.84107975920749
 30
0.0
 11
170.5
 21
88.7631459632826
 31
0.0
  0
LINE
  5
4F5
330
17
100
AcDbEntity
  8
GEOMETRY
100
AcDbLine
 10
170.5
 20
88.7631459632826
 30
0.0
 11
170.5
 21
88.69899492738014
 31
0.0
  0
LINE
  5
4F6
330
17
100
AcDbEntity
  8
GEOMETRY
100
AcDbLine
 10
170.5
 20
88.69899492738014
 30
0.0
 11
170.5
 21
88.64035699548666
 31
0.0
  0
LINE
  5
4F7
330
17
100
AcDbEntity
  8
GEOMETRY
100
AcDbLine
 10
170.5
 20
88.64035699548666
 30
0.0
 11
170.5
 21
88.58171906359317
 31
0.0
  0
LINE
  5
4F8
330
17
100
AcDbEntity
  8
GEOMETRY
100
AcDbLine
 10
170.5
 20
88.58171906359317
 30
0.0
 11
170.5
 21
88.52308113169967
 31
0.0
  0
LINE
  5
4F9
330
17
100
AcDbEntity
  8
GEOMETRY
100
AcDbLine
 10
170.5
 20
88.52308113169967
 30
0.0
 11
170.5
 21
88.46761980191864
 31
0.0
  0
LINE
  5
4FA
330
17
100
AcDbEntity
  8
GEOMETRY
100
AcDbLine
 10
170.5
 20
88.46761980191864
 30
0.0
 11
170.5
 21
88.43121808481237
 31
0.0
  0
LINE
  5
4FB
330
17
100
AcDbEntity
  8
GEOMETRY
100
AcDbLine
 10
170.5
 20
88.43121808481237
 30
0.0
 11
170.5
 21
88.39481636770611
 31
0.0
  0
LINE
  5
4FC
330
17
100
AcDbEntity
  8
GEOMETRY
100
AcDbLine
 10
170.5
 20
88.39481636770611
 30
0.0
 11
170.5
 21
88.35841465059984
 31
0.0
  0
LINE
  5
4FD
330
17
100
AcDbEntity
  8
GEOMETRY
100
AcDbLine
 10
170.5
 20
88.35841465059984
 30
0.0
 11
170.5
 21
88.32201293349357
 31
0.0
  0
LINE
  5
4FE
330
17
100
AcDbEntity
  8
GEOMETRY
100
AcDbLine
 10
170.5
 20
88.32201293349357
 30
0.0
 11
170.5
 21
88.29936067289202
 31
0.0
  0
LINE
  5
4FF
330
17
100
AcDbEntity
  8
GEOMETRY
100
AcDbLine
 10
170.5
 20
88.29936067289202
 30
0.0
 11
170.5
 21
88.28702050466902
 31
0.0
  0
LINE
  5
500
330
17
100
AcDbEntity
  8
GEOMETRY
100
AcDbLine
 10
170.5
 20
88.28702050466902
 30
0.0
 11
170.5
 21
88.274680336446
 31
0.0
  0
LINE
  5
501
330
17
100
AcDbEntity
  8
GEOMETRY
100
AcDbLine
 10
170.5
 20
88.274680336446
 30
0.0
 11
170.5
 21
88.26234016822299
 31
0.0
  0
LINE
  5
502
330
17
100
AcDbEntity
  8
GEOMETRY
100
AcDbLine
 10
170.5
 20
88.26234016822299
 30
0.0
 11
170.5
 21
88.24999999999999
 31
0.0
  0
LINE
  5
503
330
17
100
AcDbEntity
  8
GEOMETRY
100
AcDbLine
 10
170.5
 20
88.24999999999999
 30
0.0
 11
170.5
 21
88.26234016822299
 31
0.0
  0
LINE
  5
504
330
17
100
AcDbEntity
  8
GEOMETRY
100
AcDbLine
 10
170.5
 20
88.26234016822299
 30
0.0
 11
170.5
 21
88.274680336446
 31
0.0
  0
LINE
  5
505
330
17
100
AcDbEntity
  8
GEOMETRY
100
AcDbLine
 10
170.5
 20
88.274680336446
 30
0.0
 11
170.5
 21
88.28702050466902
 31
0.0
  0
LINE
  5
506
330
17
100
AcDbEntity
  8
GEOMETRY
100
AcDbLine
 10
170.5
 20
88.28702050466902
 30
0.0
 11
170.5
 21
88.29936067289202
 31
0.0
  0
LINE
  5
507
330
17
100
AcDbEntity
  8
GEOMETRY
100
AcDbLine
 10
170.5
 20
88.29936067289202
 30
0.0
 11
170.5
 21
88.32201293349357
 31
0.0
  0
LINE
  5
508
330
17
100
AcDbEntity
  8
GEOMETRY
100
AcDbLine
 10
170.5
 20
88.32201293349357
 30
0.0
 11
170.5
 21
88.35841465059984
 31
0.0
  0
LINE
  5
509
330
17
100
AcDbEntity
  8
GEOMETRY
100
AcDbLine
 10
170.5
 20
88.35841465059984
 30
0.0
 11
170.5
 21
88.39481636770611
 31
0.0
  0
LINE
  5
50A
330
17
100
AcDbEntity
  8
GEOMETRY
100
AcDbLine
 10
170.5
 20
88.39481636770611
 30
0.0
 11
170.5
 21
88.43121808481237
 31
0.0
  0
LINE
  5
50B
330
17
100
AcDbEntity
  8
GEOMETRY
100
AcDbLine
 10
170.5
 20
88.43121808481237
 30
0.0
 11
170.5
 21
88.46761980191864
 31
0.0
  0
LINE
  5
50C
330
17
100
AcDbEntity
  8
GEOMETRY
100
AcDbLine
 10
170.5
 20
88.46761980191864
 30
0.0
 11
170.5
 21
88.52308113169967
 31
0.0
  0
LINE
  5
50D
330
17
100
AcDbEntity
  8
GEOMETRY
100
AcDbLine
 10
170.5
 20
88.52308113169967
 30
0.0
 11
170.5
 21
88.58171906359317
 31
0.0
  0
LINE
  5
50E
330
17
100
AcDbEntity
  8
GEOMETRY
100
AcDbLine
 10
170.5
 20
88.58171906359317
 30
0.0
 11
170.5
 21
88.64035699548666
 31
0.0
  0
LINE
  5
50F
330
17
100
AcDbEntity
  8
GEOMETRY
100
AcDbLine
 10
170.5
 20
88.64035699548666
 30
0.0
 11
170.5
 21
88.69899492738014
 31
0.0
  0
LINE
  5
510
330
17
100
AcDbEntity
  8
GEOMETRY
100
AcDbLine
 10
170.5
 20
88.69899492738014
 30
0.0
 11
170.5
 21
88.7631459632826
 31
0.0
  0
LINE
  5
511
330
17
100
AcDbEntity
  8
GEOMETRY
100
AcDbLine
 10
170.5
 20
88.7631459632826
 30
0.0
 11
170.5
 21
88.84107975920749
 31
0.0
  0
LINE
  5
512
330
17
100
AcDbEntity
  8
GEOMETRY
100
AcDbLine
 10
170.5
 20
88.84107975920749
 30
0.0
 11
170.5
 21
88.91901355513238
 31
0.0
  0
LINE
  5
513
330
17
100
AcDbEntity
  8
GEOMETRY
100
AcDbLine
 10
170.5
 20
88.91901355513238
 30
0.0
 11
170.5
 21
88.99694735105726
 31
0.0
  0
LINE
  5
514
330
17
100
AcDbEntity
  8
GEOMETRY
100
AcDbLine
 10
170.5
 20
88.99694735105726
 30
0.0
 11
170.5
 21
89.07488114698215
 31
0.0
  0
LINE
  5
515
330
17
100
AcDbEntity
  8
GEOMETRY
100
AcDbLine
 10
170.5
 20
89.07488114698215
 30
0.0
 11
170.5
 21
89.16380632725028
 31
0.0
  0
LINE
  5
516
330
17
100
AcDbEntity
  8
GEOMETRY
100
AcDbLine
 10
170.5
 20
89.16380632725028
 30
0.0
 11
170.5
 21
89.2571280612557
 31
0.0
  0
LINE
  5
517
330
17
100
AcDbEntity
  8
GEOMETRY
100
AcDbLine
 10
170.5
 20
89.2571280612557
 30
0.0
 11
170.5
 21
89.35044979526113
 31
0.0
  0
LINE
  5
518
330
17
100
AcDbEntity
  8
GEOMETRY
100
AcDbLine
 10
170.5
 20
89.35044979526113
 30
0.0
 11
170.5
 21
89.44377152926654
 31
0.0
  0
LINE
  5
519
330
17
100
AcDbEntity
  8
GEOMETRY
100
AcDbLine
 10
170.5
 20
89.44377152926654
 30
0.0
 11
170.5
 21
89.53862303422338
 31
0.0
  0
LINE
  5
51A
330
17
100
AcDbEntity
  8
GEOMETRY
100
AcDbLine
 10
170.5
 20
89.53862303422338
 30
0.0
 11
170.5
 21
89.64265316488867
 31
0.0
  0
LINE
  5
51B
330
17
100
AcDbEntity
  8
GEOMETRY
100
AcDbLine
 10
170.5
 20
89.64265316488867
 30
0.0
 11
170.5
 21
89.74668329555398
 31
0.0
  0
LINE
  5
51C
330
17
100
AcDbEntity
  8
GEOMETRY
100
AcDbLine
 10
170.5
 20
89.74668329555398
 30
0.0
 11
170.5
 21
89.85071342621927
 31
0.0
  0
LINE
  5
51D
330
17
100
AcDbEntity
  8
GEOMETRY
100
AcDbLine
 10
170.5
 20
89.85071342621927
 30
0.0
 11
170.5
 21
89.95474355688458
 31
0.0
  0
LINE
  5
51E
330
17
100
AcDbEntity
  8
GEOMETRY
100
AcDbLine
 10
170.5
 20
89.95474355688458
 30
0.0
 11
170.5
 21
90.06191191127348
 31
0.0
  0
LINE
  5
51F
330
17
100
AcDbEntity
  8
GEOMETRY
100
AcDbLine
 10
170.5
 20
90.06191191127348
 30
0.0
 11
170.5
 21
90.17143393345512
 31
0.0
  0
LINE
  5
520
330
17
100
AcDbEntity
  8
GEOMETRY
100
AcDbLine
 10
170.5
 20
90.17143393345512
 30
0.0
 11
170.5
 21
90.28095595563673
 31
0.0
  0
LINE
  5
521
330
17
100
AcDbEntity
  8
GEOMETRY
100
AcDbLine
 10
170.5
 20
90.28095595563673
 30
0.0
 11
170.5
 21
90.39047797781836
 31
0.0
  0
LINE
  5
522
330
17
100
AcDbEntity
  8
GEOMETRY
100
AcDbLine
 10
170.5
 20
90.39047797781836
 30
0.0
 11
170.5
 21
90.49999999999999
 31
0.0
  0
LINE
  5
523
330
17
100
AcDbEntity
  8
GEOMETRY
100
AcDbLine
 10
170.5
 20
90.49999999999999
 30
0.0
 11
170.5
 21
90.60952202218161
 31
0.0
  0
LINE
  5
524
330
17
100
AcDbEntity
  8
GEOMETRY
100
AcDbLine
 10
170.5
 20
90.60952202218161
 30
0.0
 11
170.5
 21
90.71904404436323
 31
0.0
  0
LINE
  5
525
330
17
100
AcDbEntity
  8
GEOMETRY
100
AcDbLine
 10
170.5
 20
90.71904404436323
 30
0.0
 11
170.5
 21
90.82856606654485
 31
0.0
  0
LINE
  5
526
330
17
100
AcDbEntity
  8
GEOMETRY
100
AcDbLine
 10
170.5
 20
90.82856606654485
 30
0.0
 11
170.5
 21
90.93808808872647
 31
0.0
  0
LINE
  5
527
330
17
100
AcDbEntity
  8
GEOMETRY
100
AcDbLine
 10
170.5
 20
90.93808808872647
 30
0.0
 11
170.5
 21
91.04525644311539
 31
0.0
  0
LINE
  5
528
330
17
100
AcDbEntity
  8
GEOMETRY
100
AcDbLine
 10
170.5
 20
91.04525644311539
 30
0.0
 11
170.5
 21
91.14928657378069
 31
0.0
  0
LINE
  5
529
330
17
100
AcDbEntity
  8
GEOMETRY
100
AcDbLine
 10
170.5
 20
91.14928657378069
 30
0.0
 11
170.5
 21
91.253316704446
 31
0.0
  0
LINE
  5
52A
330
17
100
AcDbEntity
  8
GEOMETRY
100
AcDbLine
 10
170.5
 20
91.253316704446
 30
0.0
 11
170.5
 21
91.35734683511129
 31
0.0
  0
LINE
  5
52B
330
17
100
AcDbEntity
  8
GEOMETRY
100
AcDbLine
 10
170.5
 20
91.35734683511129
 30
0.0
 11
170.5
 21
91.4613769657766
 31
0.0
  0
LINE
  5
52C
330
17
100
AcDbEntity
  8
GEOMETRY
100
AcDbLine
 10
170.5
 20
91.4613769657766
 30
0.0
 11
170.5
 21
91.55622847073343
 31
0.0
  0
LINE
  5
52D
330
17
100
AcDbEntity
  8
GEOMETRY
100
AcDbLine
 10
170.5
 20
91.55622847073343
 30
0.0
 11
170.5
 21
91.64955020473884
 31
0.0
  0
LINE
  5
52E
330
17
100
AcDbEntity
  8
GEOMETRY
100
AcDbLine
 10
170.5
 20
91.64955020473884
 30
0.0
 11
170.5
 21
91.74287193874427
 31
0.0
  0
LINE
  5
52F
330
17
100
AcDbEntity
  8
GEOMETRY
100
AcDbLine
 10
170.5
 20
91.74287193874427
 30
0.0
 11
170.5
 21
91.83619367274969
 31
0.0
  0
LINE
  5
530
330
17
100
AcDbEntity
  8
GEOMETRY
100
AcDbLine
 10
170.5
 20
91.83619367274969
 30
0.0
 11
170.5
 21
91.92511885301782
 31
0.0
  0
LINE
  5
531
330
17
100
AcDbEntity
  8
GEOMETRY
100
AcDbLine
 10
170.5
 20
91.92511885301782
 30
0.0
 11
170.5
 21
92.0030526489427
 31
0.0
  0
LINE
  5
532
330
17
100
AcDbEntity
  8
GEOMETRY
100
AcDbLine
 10
170.5
 20
92.0030526489427
 30
0.0
 11
170.5
 21
92.08098644486759
 31
0.0
  0
LINE
  5
533
330
17
100
AcDbEntity
  8
GEOMETRY
100
AcDbLine
 10
170.5
 20
92.08098644486759
 30
0.0
 11
170.5
 21
92.15892024079248
 31
0.0
  0
LINE
  5
534
330
17
100
AcDbEntity
  8
GEOMETRY
100
AcDbLine
 10
170.5
 20
92.15892024079248
 30
0.0
 11
170.5
 21
92.23685403671738
 31
0.0
  0
LINE
  5
535
330
17
100
AcDbEntity
  8
GEOMETRY
100
AcDbLine
 10
170.5
 20
92.23685403671738
 30
0.0
 11
170.5
 21
92.30100507261983
 31
0.0
  0
LINE
  5
536
330
17
100
AcDbEntity
  8
GEOMETRY
100
AcDbLine
 10
170.5
 20
92.30100507261983
 30
0.0
 11
170.5
 21
92.35964300451332
 31
0.0
  0
LINE
  5
537
330
17
100
AcDbEntity
  8
GEOMETRY
100
AcDbLine
 10
170.5
 20
92.35964300451332
 30
0.0
 11
170.5
 21
92.4182809364068
 31
0.0
  0
LINE
  5
538
330
17
100
AcDbEntity
  8
GEOMETRY
100
AcDbLine
 10
170.5
 20
92.4182809364068
 30
0.0
 11
170.5
 21
92.47691886830029
 31
0.0
  0
LINE
  5
539
330
17
100
AcDbEntity
  8
GEOMETRY
100
AcDbLine
 10
170.5
 20
92.47691886830029
 30
0.0
 11
170.5
 21
92.53238019808133
 31
0.0
  0
LINE
  5
53A
330
17
100
AcDbEntity
  8
GEOMETRY
100
AcDbLine
 10
170.5
 20
92.53238019808133
 30
0.0
 11
170.5
 21
92.56878191518759
 31
0.0
  0
LINE
  5
53B
330
17
100
AcDbEntity
  8
GEOMETRY
100
AcDbLine
 10
170.5
 20
92.56878191518759
 30
0.0
 11
170.5
 21
92.60518363229386
 31
0.0
  0
LINE
  5
53C
330
17
100
AcDbEntity
  8
GEOMETRY
100
AcDbLine
 10
170.5
 20
92.60518363229386
 30
0.0
 11
170.5
 21
92.64158534940013
 31
0.0
  0
LINE
  5
53D
330
17
100
AcDbEntity
  8
GEOMETRY
100
AcDbLine
 10
170.5
 20
92.64158534940013
 30
0.0
 11
170.5
 21
92.6779870665064
 31
0.0
  0
LINE
  5
53E
330
17
100
AcDbEntity
  8
GEOMETRY
100
AcDbLine
 10
170.5
 20
92.6779870665064
 30
0.0
 11
170.5
 21
92.70063932710795
 31
0.0
  0
LINE
  5
53F
330
17
100
AcDbEntity
  8
GEOMETRY
100
AcDbLine
 10
170.5
 20
92.70063932710795
 30
0.0
 11
170.5
 21
92.71297949533096
 31
0.0
  0
LINE
  5
540
330
17
100
AcDbEntity
  8
GEOMETRY
100
AcDbLine
 10
170.5
 20
92.71297949533096
 30
0.0
 11
170.5
 21
92.72531966355396
 31
0.0
  0
LINE
  5
541
330
17
100
AcDbEntity
  8
GEOMETRY
100
AcDbLine
 10
170.5
 20
92.72531966355396
 30
0.0
 11
170.5
 21
92.73765983177698
 31
0.0
  0
LINE
  5
542
330
17
100
AcDbEntity
  8
GEOMETRY
100
AcDbLine
 10
170.5
 20
92.73765983177698
 30
0.0
 11
170.5
 21
92.74999999999999
 31
0.0
  0
LINE
  5
543
330
17
100
AcDbEntity
  8
GEOMETRY
100
AcDbLine
 10
173.5
 20
96.49999999999999
 30
0.0
 11
173.5
 21
96.46709288473863
 31
0.0
  0
LINE
  5
544
330
17
100
AcDbEntity
  8
GEOMETRY
100
AcDbLine
 10
173.5
 20
96.46709288473863
 30
0.0
 11
173.5
 21
96.43418576947727
 31
0.0
  0
LINE
  5
545
330
17
100
AcDbEntity
  8
GEOMETRY
100
AcDbLine
 10
173.5
 20
96.43418576947727
 30
0.0
 11
173.5
 21
96.40127865421591
 31
0.0
  0
LINE
  5
546
330
17
100
AcDbEntity
  8
GEOMETRY
100
AcDbLine
 10
173.5
 20
96.40127865421591
 30
0.0
 11
173.5
 21
96.36837153895456
 31
0.0
  0
LINE
  5
547
330
17
100
AcDbEntity
  8
GEOMETRY
100
AcDbLine
 10
173.5
 20
96.36837153895456
 30
0.0
 11
173.5
 21
96.30796551068376
 31
0.0
  0
LINE
  5
548
330
17
100
AcDbEntity
  8
GEOMETRY
100
AcDbLine
 10
173.5
 20
96.30796551068376
 30
0.0
 11
173.5
 21
96.21089426506704
 31
0.0
  0
LINE
  5
549
330
17
100
AcDbEntity
  8
GEOMETRY
100
AcDbLine
 10
173.5
 20
96.21089426506704
 30
0.0
 11
173.5
 21
96.11382301945032
 31
0.0
  0
LINE
  5
54A
330
17
100
AcDbEntity
  8
GEOMETRY
100
AcDbLine
 10
173.5
 20
96.11382301945032
 30
0.0
 11
173.5
 21
96.0167517738336
 31
0.0
  0
LINE
  5
54B
330
17
100
AcDbEntity
  8
GEOMETRY
100
AcDbLine
 10
173.5
 20
96.0167517738336
 30
0.0
 11
173.5
 21
95.91968052821689
 31
0.0
  0
LINE
  5
54C
330
17
100
AcDbEntity
  8
GEOMETRY
100
AcDbLine
 10
173.5
 20
95.91968052821689
 30
0.0
 11
173.5
 21
95.7717836488008
 31
0.0
  0
LINE
  5
54D
330
17
100
AcDbEntity
  8
GEOMETRY
100
AcDbLine
 10
173.5
 20
95.7717836488008
 30
0.0
 11
173.5
 21
95.61541583041817
 31
0.0
  0
LINE
  5
54E
330
17
100
AcDbEntity
  8
GEOMETRY
100
AcDbLine
 10
173.5
 20
95.61541583041817
 30
0.0
 11
173.5
 21
95.45904801203554
 31
0.0
  0
LINE
  5
54F
330
17
100
AcDbEntity
  8
GEOMETRY
100
AcDbLine
 10
173.5
 20
95.45904801203554
 30
0.0
 11
173.5
 21
95.3026801936529
 31
0.0
  0
LINE
  5
550
330
17
100
AcDbEntity
  8
GEOMETRY
100
AcDbLine
 10
173.5
 20
95.3026801936529
 30
0.0
 11
173.5
 21
95.13161076457968
 31
0.0
  0
LINE
  5
551
330
17
100
AcDbEntity
  8
GEOMETRY
100
AcDbLine
 10
173.5
 20
95.13161076457968
 30
0.0
 11
173.5
 21
94.92378730877998
 31
0.0
  0
LINE
  5
552
330
17
100
AcDbEntity
  8
GEOMETRY
100
AcDbLine
 10
173.5
 20
94.92378730877998
 30
0.0
 11
173.5
 21
94.71596385298028
 31
0.0
  0
LINE
  5
553
330
17
100
AcDbEntity
  8
GEOMETRY
100
AcDbLine
 10
173.5
 20
94.71596385298028
 30
0.0
 11
173.5
 21
94.50814039718057
 31
0.0
  0
LINE
  5
554
330
17
100
AcDbEntity
  8
GEOMETRY
100
AcDbLine
 10
173.5
 20
94.50814039718057
 30
0.0
 11
173.5
 21
94.30031694138087
 31
0.0
  0
LINE
  5
555
330
17
100
AcDbEntity
  8
GEOMETRY
100
AcDbLine
 10
173.5
 20
94.30031694138087
 30
0.0
 11
173.5
 21
94.06318312733254
 31
0.0
  0
LINE
  5
556
330
17
100
AcDbEntity
  8
GEOMETRY
100
AcDbLine
 10
173.5
 20
94.06318312733254
 30
0.0
 11
173.5
 21
93.81432516998474
 31
0.0
  0
LINE
  5
557
330
17
100
AcDbEntity
  8
GEOMETRY
100
AcDbLine
 10
173.5
 20
93.81432516998474
 30
0.0
 11
173.5
 21
93.56546721263695
 31
0.0
  0
LINE
  5
558
330
17
100
AcDbEntity
  8
GEOMETRY
100
AcDbLine
 10
173.5
 20
93.56546721263695
 30
0.0
 11
173.5
 21
93.31660925528915
 31
0.0
  0
LINE
  5
559
330
17
100
AcDbEntity
  8
GEOMETRY
100
AcDbLine
 10
173.5
 20
93.31660925528915
 30
0.0
 11
173.5
 21
93.0636719087376
 31
0.0
  0
LINE
  5
55A
330
17
100
AcDbEntity
  8
GEOMETRY
100
AcDbLine
 10
173.5
 20
93.0636719087376
 30
0.0
 11
173.5
 21
92.78625822696347
 31
0.0
  0
LINE
  5
55B
330
17
100
AcDbEntity
  8
GEOMETRY
100
AcDbLine
 10
173.5
 20
92.78625822696347
 30
0.0
 11
173.5
 21
92.50884454518933
 31
0.0
  0
LINE
  5
55C
330
17
100
AcDbEntity
  8
GEOMETRY
100
AcDbLine
 10
173.5
 20
92.50884454518933
 30
0.0
 11
173.5
 21
92.2314308634152
 31
0.0
  0
LINE
  5
55D
330
17
100
AcDbEntity
  8
GEOMETRY
100
AcDbLine
 10
173.5
 20
92.2314308634152
 30
0.0
 11
173.5
 21
91.95401718164108
 31
0.0
  0
LINE
  5
55E
330
17
100
AcDbEntity
  8
GEOMETRY
100
AcDbLine
 10
173.5
 20
91.95401718164108
 30
0.0
 11
173.5
 21
91.66823490327064
 31
0.0
  0
LINE
  5
55F
330
17
100
AcDbEntity
  8
GEOMETRY
100
AcDbLine
 10
173.5
 20
91.66823490327064
 30
0.0
 11
173.5
 21
91.37617617745298
 31
0.0
  0
LINE
  5
560
330
17
100
AcDbEntity
  8
GEOMETRY
100
AcDbLine
 10
173.5
 20
91.37617617745298
 30
0.0
 11
173.5
 21
91.08411745163531
 31
0.0
  0
LINE
  5
561
330
17
100
AcDbEntity
  8
GEOMETRY
100
AcDbLine
 10
173.5
 20
91.08411745163531
 30
0.0
 11
173.5
 21
90.79205872581765
 31
0.0
  0
LINE
  5
562
330
17
100
AcDbEntity
  8
GEOMETRY
100
AcDbLine
 10
173.5
 20
90.79205872581765
 30
0.0
 11
173.5
 21
90.49999999999999
 31
0.0
  0
LINE
  5
563
330
17
100
AcDbEntity
  8
GEOMETRY
100
AcDbLine
 10
173.5
 20
90.49999999999999
 30
0.0
 11
173.5
 21
90.20794127418232
 31
0.0
  0
LINE
  5
564
330
17
100
AcDbEntity
  8
GEOMETRY
100
AcDbLine
 10
173.5
 20
90.20794127418232
 30
0.0
 11
173.5
 21
89.91588254836466
 31
0.0
  0
LINE
  5
565
330
17
100
AcDbEntity
  8
GEOMETRY
100
AcDbLine
 10
173.5
 20
89.91588254836466
 30
0.0
 11
173.5
 21
89.623823822547
 31
0.0
  0
LINE
  5
566
330
17
100
AcDbEntity
  8
GEOMETRY
100
AcDbLine
 10
173.5
 20
89.623823822547
 30
0.0
 11
173.5
 21
89.33176509672933
 31
0.0
  0
LINE
  5
567
330
17
100
AcDbEntity
  8
GEOMETRY
100
AcDbLine
 10
173.5
 20
89.33176509672933
 30
0.0
 11
173.5
 21
89.0459828183589
 31
0.0
  0
LINE
  5
568
330
17
100
AcDbEntity
  8
GEOMETRY
100
AcDbLine
 10
173.5
 20
89.0459828183589
 30
0.0
 11
173.5
 21
88.76856913658477
 31
0.0
  0
LINE
  5
569
330
17
100
AcDbEntity
  8
GEOMETRY
100
AcDbLine
 10
173.5
 20
88.76856913658477
 30
0.0
 11
173.5
 21
88.49115545481064
 31
0.0
  0
LINE
  5
56A
330
17
100
AcDbEntity
  8
GEOMETRY
100
AcDbLine
 10
173.5
 20
88.49115545481064
 30
0.0
 11
173.5
 21
88.2137417730365
 31
0.0
  0
LINE
  5
56B
330
17
100
AcDbEntity
  8
GEOMETRY
100
AcDbLine
 10
173.5
 20
88.2137417730365
 30
0.0
 11
173.5
 21
87.93632809126237
 31
0.0
  0
LINE
  5
56C
330
17
100
AcDbEntity
  8
GEOMETRY
100
AcDbLine
 10
173.5
 20
87.93632809126237
 30
0.0
 11
173.5
 21
87.68339074471082
 31
0.0
  0
LINE
  5
56D
330
17
100
AcDbEntity
  8
GEOMETRY
100
AcDbLine
 10
173.5
 20
87.68339074471082
 30
0.0
 11
173.5
 21
87.43453278736303
 31
0.0
  0
LINE
  5
56E
330
17
100
AcDbEntity
  8
GEOMETRY
100
AcDbLine
 10
173.5
 20
87.43453278736303
 30
0.0
 11
173.5
 21
87.18567483001523
 31
0.0
  0
LINE
  5
56F
330
17
100
AcDbEntity
  8
GEOMETRY
100
AcDbLine
 10
173.5
 20
87.18567483001523
 30
0.0
 11
173.5
 21
86.93681687266744
 31
0.0
  0
LINE
  5
570
330
17
100
AcDbEntity
  8
GEOMETRY
100
AcDbLine
 10
173.5
 20
86.93681687266744
 30
0.0
 11
173.5
 21
86.6996830586191
 31
0.0
  0
LINE
  5
571
330
17
100
AcDbEntity
  8
GEOMETRY
100
AcDbLine
 10
173.5
 20
86.6996830586191
 30
0.0
 11
173.5
 21
86.4918596028194
 31
0.0
  0
LINE
  5
572
330
17
100
AcDbEntity
  8
GEOMETRY
100
AcDbLine
 10
173.5
 20
86.4918596028194
 30
0.0
 11
173.5
 21
86.28403614701969
 31
0.0
  0
LINE
  5
573
330
17
100
AcDbEntity
  8
GEOMETRY
100
AcDbLine
 10
173.5
 20
86.28403614701969
 30
0.0
 11
173.5
 21
86.07621269122
 31
0.0
  0
LINE
  5
574
330
17
100
AcDbEntity
  8
GEOMETRY
100
AcDbLine
 10
173.5
 20
86.07621269122
 30
0.0
 11
173.5
 21
85.8683892354203
 31
0.0
  0
LINE
  5
575
330
17
100
AcDbEntity
  8
GEOMETRY
100
AcDbLine
 10
173.5
 20
85.8683892354203
 30
0.0
 11
173.5
 21
85.69731980634707
 31
0.0
  0
LINE
  5
576
330
17
100
AcDbEntity
  8
GEOMETRY
100
AcDbLine
 10
173.5
 20
85.69731980634707
 30
0.0
 11
173.5
 21
85.54095198796443
 31
0.0
  0
LINE
  5
577
330
17
100
AcDbEntity
  8
GEOMETRY
100
AcDbLine
 10
173.5
 20
85.54095198796443
 30
0.0
 11
173.5
 21
85.38458416958179
 31
0.0
  0
LINE
  5
578
330
17
100
AcDbEntity
  8
GEOMETRY
100
AcDbLine
 10
173.5
 20
85.38458416958179
 30
0.0
 11
173.5
 21
85.22821635119917
 31
0.0
  0
LINE
  5
579
330
17
100
AcDbEntity
  8
GEOMETRY
100
AcDbLine
 10
173.5
 20
85.22821635119917
 30
0.0
 11
173.5
 21
85.08031947178308
 31
0.0
  0
LINE
  5
57A
330
17
100
AcDbEntity
  8
GEOMETRY
100
AcDbLine
 10
173.5
 20
85.08031947178308
 30
0.0
 11
173.5
 21
84.98324822616637
 31
0.0
  0
LINE
  5
57B
330
17
100
AcDbEntity
  8
GEOMETRY
100
AcDbLine
 10
173.5
 20
84.98324822616637
 30
0.0
 11
173.5
 21
84.88617698054965
 31
0.0
  0
LINE
  5
57C
330
17
100
AcDbEntity
  8
GEOMETRY
100
AcDbLine
 10
173.5
 20
84.88617698054965
 30
0.0
 11
173.5
 21
84.78910573493292
 31
0.0
  0
LINE
  5
57D
330
17
100
AcDbEntity
  8
GEOMETRY
100
AcDbLine
 10
173.5
 20
84.78910573493292
 30
0.0
 11
173.5
 21
84.6920344893162
 31
0.0
  0
LINE
  5
57E
330
17
100
AcDbEntity
  8
GEOMETRY
100
AcDbLine
 10
173.5
 20
84.6920344893162
 30
0.0
 11
173.5
 21
84.63162846104541
 31
0.0
  0
LINE
  5
57F
330
17
100
AcDbEntity
  8
GEOMETRY
100
AcDbLine
 10
173.5
 20
84.63162846104541
 30
0.0
 11
173.5
 21
84.59872134578406
 31
0.0
  0
LINE
  5
580
330
17
100
AcDbEntity
  8
GEOMETRY
100
AcDbLine
 10
173.5
 20
84.59872134578406
 30
0.0
 11
173.5
 21
84.5658142305227
 31
0.0
  0
LINE
  5
581
330
17
100
AcDbEntity
  8
GEOMETRY
100
AcDbLine
 10
173.5
 20
84.5658142305227
 30
0.0
 11
173.5
 21
84.53290711526134
 31
0.0
  0
LINE
  5
582
330
17
100
AcDbEntity
  8
GEOMETRY
100
AcDbLine
 10
173.5
 20
84.53290711526134
 30
0.0
 11
173.5
 21
84.49999999999999
 31
0.0
  0
LINE
  5
583
330
17
100
AcDbEntity
  8
GEOMETRY
100
AcDbLine
 10
173.5
 20
84.49999999999999
 30
0.0
 11
173.5
 21
84.53290711526134
 31
0.0
  0
LINE
  5
584
330
17
100
AcDbEntity
  8
GEOMETRY
100
AcDbLine
 10
173.5
 20
84.53290711526134
 30
0.0
 11
173.5
 21
84.5658142305227
 31
0.0
  0
LINE
  5
585
330
17
100
AcDbEntity
  8
GEOMETRY
100
AcDbLine
 10
173.5
 20
84.5658142305227
 30
0.0
 11
173.5
 21
84.59872134578406
 31
0.0
  0
LINE
  5
586
330
17
100
AcDbEntity
  8
GEOMETRY
100
AcDbLine
 10
173.5
 20
84.59872134578406
 30
0.0
 11
173.5
 21
84.63162846104541
 31
0.0
  0
LINE
  5
587
330
17
100
AcDbEntity
  8
GEOMETRY
100
AcDbLine
 10
173.5
 20
84.63162846104541
 30
0.0
 11
173.5
 21
84.6920344893162
 31
0.0
  0
LINE
  5
588
330
17
100
AcDbEntity
  8
GEOMETRY
100
AcDbLine
 10
173.5
 20
84.6920344893162
 30
0.0
 11
173.5
 21
84.78910573493292
 31
0.0
  0
LINE
  5
589
330
17
100
AcDbEntity
  8
GEOMETRY
100
AcDbLine
 10
173.5
 20
84.78910573493292
 30
0.0
 11
173.5
 21
84.88617698054964
 31
0.0
  0
LINE
  5
58A
330
17
100
AcDbEntity
  8
GEOMETRY
100
AcDbLine
 10
173.5
 20
84.88617698054964
 30
0.0
 11
173.5
 21
84.98324822616635
 31
0.0
  0
LINE
  5
58B
330
17
100
AcDbEntity
  8
GEOMETRY
100
AcDbLine
 10
173.5
 20
84.98324822616635
 30
0.0
 11
173.5
 21
85.08031947178307
 31
0.0
  0
LINE
  5
58C
330
17
100
AcDbEntity
  8
GEOMETRY
100
AcDbLine
 10
173.5
 20
85.08031947178307
 30
0.0
 11
173.5
 21
85.22821635119917
 31
0.0
  0
LINE
  5
58D
330
17
100
AcDbEntity
  8
GEOMETRY
100
AcDbLine
 10
173.5
 20
85.22821635119917
 30
0.0
 11
173.5
 21
85.38458416958179
 31
0.0
  0
LINE
  5
58E
330
17
100
AcDbEntity
  8
GEOMETRY
100
AcDbLine
 10
173.5
 20
85.38458416958179
 30
0.0
 11
173.5
 21
85.54095198796443
 31
0.0
  0
LINE
  5
58F
330
17
100
AcDbEntity
  8
GEOMETRY
100
AcDbLine
 10
173.5
 20
85.54095198796443
 30
0.0
 11
173.5
 21
85.69731980634707
 31
0.0
  0
LINE
  5
590
330
17
100
AcDbEntity
  8
GEOMETRY
100
AcDbLine
 10
173.5
 20
85.69731980634707
 30
0.0
 11
173.5
 21
85.8683892354203
 31
0.0
  0
LINE
  5
591
330
17
100
AcDbEntity
  8
GEOMETRY
100
AcDbLine
 10
173.5
 20
85.8683892354203
 30
0.0
 11
173.5
 21
86.07621269122
 31
0.0
  0
LINE
  5
592
330
17
100
AcDbEntity
  8
GEOMETRY
100
AcDbLine
 10
173.5
 20
86.07621269122
 30
0.0
 11
173.5
 21
86.28403614701969
 31
0.0
  0
LINE
  5
593
330
17
100
AcDbEntity
  8
GEOMETRY
100
AcDbLine
 10
173.5
 20
86.28403614701969
 30
0.0
 11
173.5
 21
86.49185960281939
 31
0.0
  0
LINE
  5
594
330
17
100
AcDbEntity
  8
GEOMETRY
100
AcDbLine
 10
173.5
 20
86.49185960281939
 30
0.0
 11
173.5
 21
86.69968305861909
 31
0.0
  0
LINE
  5
595
330
17
100
AcDbEntity
  8
GEOMETRY
100
AcDbLine
 10
173.5
 20
86.69968305861909
 30
0.0
 11
173.5
 21
86.93681687266744
 31
0.0
  0
LINE
  5
596
330
17
100
AcDbEntity
  8
GEOMETRY
100
AcDbLine
 10
173.5
 20
86.93681687266744
 30
0.0
 11
173.5
 21
87.18567483001522
 31
0.0
  0
LINE
  5
597
330
17
100
AcDbEntity
  8
GEOMETRY
100
AcDbLine
 10
173.5
 20
87.18567483001522
 30
0.0
 11
173.5
 21
87.43453278736303
 31
0.0
  0
LINE
  5
598
330
17
100
AcDbEntity
  8
GEOMETRY
100
AcDbLine
 10
173.5
 20
87.43453278736303
 30
0.0
 11
173.5
 21
87.6833907447108
 31
0.0
  0
LINE
  5
599
330
17
100
AcDbEntity
  8
GEOMETRY
100
AcDbLine
 10
173.5
 20
87.6833907447108
 30
0.0
 11
173.5
 21
87.93632809126237
 31
0.0
  0
LINE
  5
59A
330
17
100
AcDbEntity
  8
GEOMETRY
100
AcDbLine
 10
173.5
 20
87.93632809126237
 30
0.0
 11
173.5
 21
88.2137417730365
 31
0.0
  0
LINE
  5
59B
330
17
100
AcDbEntity
  8
GEOMETRY
100
AcDbLine
 10
173.5
 20
88.2137417730365
 30
0.0
 11
173.5
 21
88.49115545481062
 31
0.0
  0
LINE
  5
59C
330
17
100
AcDbEntity
  8
GEOMETRY
100
AcDbLine
 10
173.5
 20
88.49115545481062
 30
0.0
 11
173.5
 21
88.76856913658476
 31
0.0
  0
LINE
  5
59D
330
17
100
AcDbEntity
  8
GEOMETRY
100
AcDbLine
 10
173.5
 20
88.76856913658476
 30
0.0
 11
173.5
 21
89.0459828183589
 31
0.0
  0
LINE
  5
59E
330
17
100
AcDbEntity
  8
GEOMETRY
100
AcDbLine
 10
173.5
 20
89.0459828183589
 30
0.0
 11
173.5
 21
89.33176509672933
 31
0.0
  0
LINE
  5
59F
330
17
100
AcDbEntity
  8
GEOMETRY
100
AcDbLine
 10
173.5
 20
89.33176509672933
 30
0.0
 11
173.5
 21
89.623823822547
 31
0.0
  0
LINE
  5
5A0
330
17
100
AcDbEntity
  8
GEOMETRY
100
AcDbLine
 10
173.5
 20
89.623823822547
 30
0.0
 11
173.5
 21
89.91588254836465
 31
0.0
  0
LINE
  5
5A1
330
17
100
AcDbEntity
  8
GEOMETRY
100
AcDbLine
 10
173.5
 20
89.91588254836465
 30
0.0
 11
173.5
 21
90.20794127418232
 31
0.0
  0
LINE
  5
5A2
330
17
100
AcDbEntity
  8
GEOMETRY
100
AcDbLine
 10
173.5
 20
90.20794127418232
 30
0.0
 11
173.5
 21
90.49999999999999
 31
0.0
  0
LINE
  5
5A3
330
17
100
AcDbEntity
  8
GEOMETRY
100
AcDbLine
 10
173.5
 20
90.49999999999999
 30
0.0
 11
173.5
 21
90.79205872581764
 31
0.0
  0
LINE
  5
5A4
330
17
100
AcDbEntity
  8
GEOMETRY
100
AcDbLine
 10
173.5
 20
90.79205872581764
 30
0.0
 11
173.5
 21
91.08411745163531
 31
0.0
  0
LINE
  5
5A5
330
17
100
AcDbEntity
  8
GEOMETRY
100
AcDbLine
 10
173.5
 20
91.08411745163531
 30
0.0
 11
173.5
 21
91.37617617745298
 31
0.0
  0
LINE
  5
5A6
330
17
100
AcDbEntity
  8
GEOMETRY
100
AcDbLine
 10
173.5
 20
91.37617617745298
 30
0.0
 11
173.5
 21
91.66823490327063
 31
0.0
  0
LINE
  5
5A7
330
17
100
AcDbEntity
  8
GEOMETRY
100
AcDbLine
 10
173.5
 20
91.66823490327063
 30
0.0
 11
173.5
 21
91.95401718164106
 31
0.0
  0
LINE
  5
5A8
330
17
100
AcDbEntity
  8
GEOMETRY
100
AcDbLine
 10
173.5
 20
91.95401718164106
 30
0.0
 11
173.5
 21
92.2314308634152
 31
0.0
  0
LINE
  5
5A9
330
17
100
AcDbEntity
  8
GEOMETRY
100
AcDbLine
 10
173.5
 20
92.2314308634152
 30
0.0
 11
173.5
 21
92.50884454518933
 31
0.0
  0
LINE
  5
5AA
330
17
100
AcDbEntity
  8
GEOMETRY
100
AcDbLine
 10
173.5
 20
92.50884454518933
 30
0.0
 11
173.5
 21
92.78625822696347
 31
0.0
  0
LINE
  5
5AB
330
17
100
AcDbEntity
  8
GEOMETRY
100
AcDbLine
 10
173.5
 20
92.78625822696347
 30
0.0
 11
173.5
 21
93.0636719087376
 31
0.0
  0
LINE
  5
5AC
330
17
100
AcDbEntity
  8
GEOMETRY
100
AcDbLine
 10
173.5
 20
93.0636719087376
 30
0.0
 11
173.5
 21
93.31660925528915
 31
0.0
  0
LINE
  5
5AD
330
17
100
AcDbEntity
  8
GEOMETRY
100
AcDbLine
 10
173.5
 20
93.31660925528915
 30
0.0
 11
173.5
 21
93.56546721263695
 31
0.0
  0
LINE
  5
5AE
330
17
100
AcDbEntity
  8
GEOMETRY
100
AcDbLine
 10
173.5
 20
93.56546721263695
 30
0.0
 11
173.5
 21
93.81432516998474
 31
0.0
  0
LINE
  5
5AF
330
17
100
AcDbEntity
  8
GEOMETRY
100
AcDbLine
 10
173.5
 20
93.81432516998474
 30
0.0
 11
173.5
 21
94.06318312733254
 31
0.0
  0
LINE
  5
5B0
330
17
100
AcDbEntity
  8
GEOMETRY
100
AcDbLine
 10
173.5
 20
94.06318312733254
 30
0.0
 11
173.5
 21
94.30031694138087
 31
0.0
  0
LINE
  5
5B1
330
17
100
AcDbEntity
  8
GEOMETRY
100
AcDbLine
 10
173.5
 20
94.30031694138087
 30
0.0
 11
173.5
 21
94.50814039718057
 31
0.0
  0
LINE
  5
5B2
330
17
100
AcDbEntity
  8
GEOMETRY
100
AcDbLine
 10
173.5
 20
94.50814039718057
 30
0.0
 11
173.5
 21
94.71596385298028
 31
0.0
  0
LINE
  5
5B3
330
17
100
AcDbEntity
  8
GEOMETRY
100
AcDbLine
 10
173.5
 20
94.71596385298028
 30
0.0
 11
173.5
 21
94.92378730877998
 31
0.0
  0
LINE
  5
5B4
330
17
100
AcDbEntity
  8
GEOMETRY
100
AcDbLine
 10
173.5
 20
94.92378730877998
 30
0.0
 11
173.5
 21
95.13161076457968
 31
0.0
  0
LINE
  5
5B5
330
17
100
AcDbEntity
  8
GEOMETRY
100
AcDbLine
 10
173.5
 20
95.13161076457968
 30
0.0
 11
173.5
 21
95.3026801936529
 31
0.0
  0
LINE
  5
5B6
330
17
100
AcDbEntity
  8
GEOMETRY
100
AcDbLine
 10
173.5
 20
95.3026801936529
 30
0.0
 11
173.5
 21
95.45904801203554
 31
0.0
  0
LINE
  5
5B7
330
17
100
AcDbEntity
  8
GEOMETRY
100
AcDbLine
 10
173.5
 20
95.45904801203554
 30
0.0
 11
173.5
 21
95.61541583041817
 31
0.0
  0
LINE
  5
5B8
330
17
100
AcDbEntity
  8
GEOMETRY
100
AcDbLine
 10
173.5
 20
95.61541583041817
 30
0.0
 11
173.5
 21
95.7717836488008
 31
0.0
  0
LINE
  5
5B9
330
17
100
AcDbEntity
  8
GEOMETRY
100
AcDbLine
 10
173.5
 20
95.7717836488008
 30
0.0
 11
173.5
 21
95.91968052821689
 31
0.0
  0
LINE
  5
5BA
330
17
100
AcDbEntity
  8
GEOMETRY
100
AcDbLine
 10
173.5
 20
95.91968052821689
 30
0.0
 11
173.5
 21
96.0167517738336
 31
0.0
  0
LINE
  5
5BB
330
17
100
AcDbEntity
  8
GEOMETRY
100
AcDbLine
 10
173.5
 20
96.0167517738336
 30
0.0
 11
173.5
 21
96.11382301945032
 31
0.0
  0
LINE
  5
5BC
330
17
100
AcDbEntity
  8
GEOMETRY
100
AcDbLine
 10
173.5
 20
96.11382301945032
 30
0.0
 11
173.5
 21
96.21089426506704
 31
0.0
  0
LINE
  5
5BD
330
17
100
AcDbEntity
  8
GEOMETRY
100
AcDbLine
 10
173.5
 20
96.21089426506704
 30
0.0
 11
173.5
 21
96.30796551068376
 31
0.0
  0
LINE
  5
5BE
330
17
100
AcDbEntity
  8
GEOMETRY
100
AcDbLine
 10
173.5
 20
96.30796551068376
 30
0.0
 11
173.5
 21
96.36837153895456
 31
0.0
  0
LINE
  5
5BF
330
17
100
AcDbEntity
  8
GEOMETRY
100
AcDbLine
 10
173.5
 20
96.36837153895456
 30
0.0
 11
173.5
 21
96.40127865421591
 31
0.0
  0
LINE
  5
5C0
330
17
100
AcDbEntity
  8
GEOMETRY
100
AcDbLine
 10
173.5
 20
96.40127865421591
 30
0.0
 11
173.5
 21
96.43418576947727
 31
0.0
  0
LINE
  5
5C1
330
17
100
AcDbEntity
  8
GEOMETRY
100
AcDbLine
 10
173.5
 20
96.43418576947727
 30
0.0
 11
173.5
 21
96.46709288473863
 31
0.0
  0
LINE
  5
5C2
330
17
100
AcDbEntity
  8
GEOMETRY
100
AcDbLine
 10
173.5
 20
96.46709288473863
 30
0.0
 11
173.5
 21
96.49999999999999
 31
0.0
  0
LINE
  5
5C3
330
17
100
AcDbEntity
  8
GEOMETRY
100
AcDbLine
 10
173.5
 20
96.49999999999999
 30
0.0
 11
173.453125
 21
96.49999999999999
 31
0.0
  0
LINE
  5
5C4
330
17
100
AcDbEntity
  8
GEOMETRY
100
AcDbLine
 10
173.453125
 20
96.49999999999999
 30
0.0
 11
173.40625
 21
96.49999999999999
 31
0.0
  0
LINE
  5
5C5
330
17
100
AcDbEntity
  8
GEOMETRY
100
AcDbLine
 10
173.40625
 20
96.49999999999999
 30
0.0
 11
173.359375
 21
96.49999999999999
 31
0.0
  0
LINE
  5
5C6
330
17
100
AcDbEntity
  8
GEOMETRY
100
AcDbLine
 10
173.359375
 20
96.49999999999999
 30
0.0
 11
173.3125
 21
96.49999999999999
 31
0.0
  0
LINE
  5
5C7
330
17
100
AcDbEntity
  8
GEOMETRY
100
AcDbLine
 10
173.3125
 20
96.49999999999999
 30
0.0
 11
173.265625
 21
96.49999999999999
 31
0.0
  0
LINE
  5
5C8
330
17
100
AcDbEntity
  8
GEOMETRY
100
AcDbLine
 10
173.265625
 20
96.49999999999999
 30
0.0
 11
173.21875
 21
96.49999999999999
 31
0.0
  0
LINE
  5
5C9
330
17
100
AcDbEntity
  8
GEOMETRY
100
AcDbLine
 10
173.21875
 20
96.49999999999999
 30
0.0
 11
173.171875
 21
96.49999999999999
 31
0.0
  0
LINE
  5
5CA
330
17
100
AcDbEntity
  8
GEOMETRY
100
AcDbLine
 10
173.171875
 20
96.49999999999999
 30
0.0
 11
173.125
 21
96.49999999999999
 31
0.0
  0
LINE
  5
5CB
330
17
100
AcDbEntity
  8
GEOMETRY
100
AcDbLine
 10
173.125
 20
96.49999999999999
 30
0.0
 11
173.078125
 21
96.49999999999999
 31
0.0
  0
LINE
  5
5CC
330
17
100
AcDbEntity
  8
GEOMETRY
100
AcDbLine
 10
173.078125
 20
96.49999999999999
 30
0.0
 11
173.03125
 21
96.49999999999999
 31
0.0
  0
LINE
  5
5CD
330
17
100
AcDbEntity
  8
GEOMETRY
100
AcDbLine
 10
173.03125
 20
96.49999999999999
 30
0.0
 11
172.984375
 21
96.49999999999999
 31
0.0
  0
LINE
  5
5CE
330
17
100
AcDbEntity
  8
GEOMETRY
100
AcDbLine
 10
172.984375
 20
96.49999999999999
 30
0.0
 11
172.9375
 21
96.49999999999999
 31
0.0
  0
LINE
  5
5CF
330
17
100
AcDbEntity
  8
GEOMETRY
100
AcDbLine
 10
172.9375
 20
96.49999999999999
 30
0.0
 11
172.890625
 21
96.49999999999999
 31
0.0
  0
LINE
  5
5D0
330
17
100
AcDbEntity
  8
GEOMETRY
100
AcDbLine
 10
172.890625
 20
96.49999999999999
 30
0.0
 11
172.84375
 21
96.49999999999999
 31
0.0
  0
LINE
  5
5D1
330
17
100
AcDbEntity
  8
GEOMETRY
100
AcDbLine
 10
172.84375
 20
96.49999999999999
 30
0.0
 11
172.796875
 21
96.49999999999999
 31
0.0
  0
LINE
  5
5D2
330
17
100
AcDbEntity
  8
GEOMETRY
100
AcDbLine
 10
172.796875
 20
96.49999999999999
 30
0.0
 11
172.75
 21
96.49999999999999
 31
0.0
  0
LINE
  5
5D3
330
17
100
AcDbEntity
  8
GEOMETRY
100
AcDbLine
 10
172.75
 20
96.49999999999999
 30
0.0
 11
172.703125
 21
96.49999999999999
 31
0.0
  0
LINE
  5
5D4
330
17
100
AcDbEntity
  8
GEOMETRY
100
AcDbLine
 10
172.703125
 20
96.49999999999999
 30
0.0
 11
172.65625
 21
96.49999999999999
 31
0.0
  0
LINE
  5
5D5
330
17
100
AcDbEntity
  8
GEOMETRY
100
AcDbLine
 10
172.65625
 20
96.49999999999999
 30
0.0
 11
172.609375
 21
96.49999999999999
 31
0.0
  0
LINE
  5
5D6
330
17
100
AcDbEntity
  8
GEOMETRY
100
AcDbLine
 10
172.609375
 20
96.49999999999999
 30
0.0
 11
172.5625
 21
96.49999999999999
 31
0.0
  0
LINE
  5
5D7
330
17
100
AcDbEntity
  8
GEOMETRY
100
AcDbLine
 10
172.5625
 20
96.49999999999999
 30
0.0
 11
172.515625
 21
96.49999999999999
 31
0.0
  0
LINE
  5
5D8
330
17
100
AcDbEntity
  8
GEOMETRY
100
AcDbLine
 10
172.515625
 20
96.49999999999999
 30
0.0
 11
172.46875
 21
96.49999999999999
 31
0.0
  0
LINE
  5
5D9
330
17
100
AcDbEntity
  8
GEOMETRY
100
AcDbLine
 10
172.46875
 20
96.49999999999999
 30
0.0
 11
172.421875
 21
96.49999999999999
 31
0.0
  0
LINE
  5
5DA
330
17
100
AcDbEntity
  8
GEOMETRY
100
AcDbLine
 10
172.421875
 20
96.49999999999999
 30
0.0
 11
172.375
 21
96.49999999999999
 31
0.0
  0
LINE
  5
5DB
330
17
100
AcDbEntity
  8
GEOMETRY
100
AcDbLine
 10
172.375
 20
96.49999999999999
 30
0.0
 11
172.328125
 21
96.49999999999999
 31
0.0
  0
LINE
  5
5DC
330
17
100
AcDbEntity
  8
GEOMETRY
100
AcDbLine
 10
172.328125
 20
96.49999999999999
 30
0.0
 11
172.28125
 21
96.49999999999999
 31
0.0
  0
LINE
  5
5DD
330
17
100
AcDbEntity
  8
GEOMETRY
100
AcDbLine
 10
172.28125
 20
96.49999999999999
 30
0.0
 11
172.234375
 21
96.49999999999999
 31
0.0
  0
LINE
  5
5DE
330
17
100
AcDbEntity
  8
GEOMETRY
100
AcDbLine
 10
172.234375
 20
96.49999999999999
 30
0.0
 11
172.1875
 21
96.49999999999999
 31
0.0
  0
LINE
  5
5DF
330
17
100
AcDbEntity
  8
GEOMETRY
100
AcDbLine
 10
172.1875
 20
96.49999999999999
 30
0.0
 11
172.140625
 21
96.49999999999999
 31
0.0
  0
LINE
  5
5E0
330
17
100
AcDbEntity
  8
GEOMETRY
100
AcDbLine
 10
172.140625
 20
96.49999999999999
 30
0.0
 11
172.09375
 21
96.49999999999999
 31
0.0
  0
LINE
  5
5E1
330
17
100
AcDbEntity
  8
GEOMETRY
100
AcDbLine
 10
172.09375
 20
96.49999999999999
 30
0.0
 11
172.046875
 21
96.49999999999999
 31
0.0
  0
LINE
  5
5E2
330
17
100
AcDbEntity
  8
GEOMETRY
100
AcDbLine
 10
172.046875
 20
96.49999999999999
 30
0.0
 11
172.0
 21
96.49999999999999
 31
0.0
  0
LINE
  5
5E3
330
17
100
AcDbEntity
  8
GEOMETRY
100
AcDbLine
 10
172.0
 20
96.49999999999999
 30
0.0
 11
171.953125
 21
96.49999999999999
 31
0.0
  0
LINE
  5
5E4
330
17
100
AcDbEntity
  8
GEOMETRY
100
AcDbLine
 10
171.953125
 20
96.49999999999999
 30
0.0
 11
171.90625
 21
96.49999999999999
 31
0.0
  0
LINE
  5
5E5
330
17
100
AcDbEntity
  8
GEOMETRY
100
AcDbLine
 10
171.90625
 20
96.49999999999999
 30
0.0
 11
171.859375
 21
96.49999999999999
 31
0.0
  0
LINE
  5
5E6
330
17
100
AcDbEntity
  8
GEOMETRY
100
AcDbLine
 10
171.859375
 20
96.49999999999999
 30
0.0
 11
171.8125
 21
96.49999999999999
 31
0.0
  0
LINE
  5
5E7
330
17
100
AcDbEntity
  8
GEOMETRY
100
AcDbLine
 10
171.8125
 20
96.49999999999999
 30
0.0
 11
171.765625
 21
96.49999999999999
 31
0.0
  0
LINE
  5
5E8
330
17
100
AcDbEntity
  8
GEOMETRY
100
AcDbLine
 10
171.765625
 20
96.49999999999999
 30
0.0
 11
171.71875
 21
96.49999999999999
 31
0.0
  0
LINE
  5
5E9
330
17
100
AcDbEntity
  8
GEOMETRY
100
AcDbLine
 10
171.71875
 20
96.49999999999999
 30
0.0
 11
171.671875
 21
96.49999999999999
 31
0.0
  0
LINE
  5
5EA
330
17
100
AcDbEntity
  8
GEOMETRY
100
AcDbLine
 10
171.671875
 20
96.49999999999999
 30
0.0
 11
171.625
 21
96.49999999999999
 31
0.0
  0
LINE
  5
5EB
330
17
100
AcDbEntity
  8
GEOMETRY
100
AcDbLine
 10
171.625
 20
96.49999999999999
 30
0.0
 11
171.578125
 21
96.49999999999999
 31
0.0
  0
LINE
  5
5EC
330
17
100
AcDbEntity
  8
GEOMETRY
100
AcDbLine
 10
171.578125
 20
96.49999999999999
 30
0.0
 11
171.53125
 21
96.49999999999999
 31
0.0
  0
LINE
  5
5ED
330
17
100
AcDbEntity
  8
GEOMETRY
100
AcDbLine
 10
171.53125
 20
96.49999999999999
 30
0.0
 11
171.484375
 21
96.49999999999999
 31
0.0
  0
LINE
  5
5EE
330
17
100
AcDbEntity
  8
GEOMETRY
100
AcDbLine
 10
171.484375
 20
96.49999999999999
 30
0.0
 11
171.4375
 21
96.49999999999999
 31
0.0
  0
LINE
  5
5EF
330
17
100
AcDbEntity
  8
GEOMETRY
100
AcDbLine
 10
171.4375
 20
96.49999999999999
 30
0.0
 11
171.390625
 21
96.49999999999999
 31
0.0
  0
LINE
  5
5F0
330
17
100
AcDbEntity
  8
GEOMETRY
100
AcDbLine
 10
171.390625
 20
96.49999999999999
 30
0.0
 11
171.34375
 21
96.49999999999999
 31
0.0
  0
LINE
  5
5F1
330
17
100
AcDbEntity
  8
GEOMETRY
100
AcDbLine
 10
171.34375
 20
96.49999999999999
 30
0.0
 11
171.296875
 21
96.49999999999999
 31
0.0
  0
LINE
  5
5F2
330
17
100
AcDbEntity
  8
GEOMETRY
100
AcDbLine
 10
171.296875
 20
96.49999999999999
 30
0.0
 11
171.25
 21
96.49999999999999
 31
0.0
  0
LINE
  5
5F3
330
17
100
AcDbEntity
  8
GEOMETRY
100
AcDbLine
 10
171.25
 20
96.49999999999999
 30
0.0
 11
171.203125
 21
96.49999999999999
 31
0.0
  0
LINE
  5
5F4
330
17
100
AcDbEntity
  8
GEOMETRY
100
AcDbLine
 10
171.203125
 20
96.49999999999999
 30
0.0
 11
171.15625
 21
96.49999999999999
 31
0.0
  0
LINE
  5
5F5
330
17
100
AcDbEntity
  8
GEOMETRY
100
AcDbLine
 10
171.15625
 20
96.49999999999999
 30
0.0
 11
171.109375
 21
96.49999999999999
 31
0.0
  0
LINE
  5
5F6
330
17
100
AcDbEntity
  8
GEOMETRY
100
AcDbLine
 10
171.109375
 20
96.49999999999999
 30
0.0
 11
171.0625
 21
96.49999999999999
 31
0.0
  0
LINE
  5
5F7
330
17
100
AcDbEntity
  8
GEOMETRY
100
AcDbLine
 10
171.0625
 20
96.49999999999999
 30
0.0
 11
171.015625
 21
96.49999999999999
 31
0.0
  0
LINE
  5
5F8
330
17
100
AcDbEntity
  8
GEOMETRY
100
AcDbLine
 10
171.015625
 20
96.49999999999999
 30
0.0
 11
170.96875
 21
96.49999999999999
 31
0.0
  0
LINE
  5
5F9
330
17
100
AcDbEntity
  8
GEOMETRY
100
AcDbLine
 10
170.96875
 20
96.49999999999999
 30
0.0
 11
170.921875
 21
96.49999999999999
 31
0.0
  0
LINE
  5
5FA
330
17
100
AcDbEntity
  8
GEOMETRY
100
AcDbLine
 10
170.921875
 20
96.49999999999999
 30
0.0
 11
170.875
 21
96.49999999999999
 31
0.0
  0
LINE
  5
5FB
330
17
100
AcDbEntity
  8
GEOMETRY
100
AcDbLine
 10
170.875
 20
96.49999999999999
 30
0.0
 11
170.828125
 21
96.49999999999999
 31
0.0
  0
LINE
  5
5FC
330
17
100
AcDbEntity
  8
GEOMETRY
100
AcDbLine
 10
170.828125
 20
96.49999999999999
 30
0.0
 11
170.78125
 21
96.49999999999999
 31
0.0
  0
LINE
  5
5FD
330
17
100
AcDbEntity
  8
GEOMETRY
100
AcDbLine
 10
170.78125
 20
96.49999999999999
 30
0.0
 11
170.734375
 21
96.49999999999999
 31
0.0
  0
LINE
  5
5FE
330
17
100
AcDbEntity
  8
GEOMETRY
100
AcDbLine
 10
170.734375
 20
96.49999999999999
 30
0.0
 11
170.6875
 21
96.49999999999999
 31
0.0
  0
LINE
  5
5FF
330
17
100
AcDbEntity
  8
GEOMETRY
100
AcDbLine
 10
170.6875
 20
96.49999999999999
 30
0.0
 11
170.640625
 21
96.49999999999999
 31
0.0
  0
LINE
  5
600
330
17
100
AcDbEntity
  8
GEOMETRY
100
AcDbLine
 10
170.640625
 20
96.49999999999999
 30
0.0
 11
170.59375
 21
96.49999999999999
 31
0.0
  0
LINE
  5
601
330
17
100
AcDbEntity
  8
GEOMETRY
100
AcDbLine
 10
170.59375
 20
96.49999999999999
 30
0.0
 11
170.546875
 21
96.49999999999999
 31
0.0
  0
LINE
  5
602
330
17
100
AcDbEntity
  8
GEOMETRY
100
AcDbLine
 10
170.546875
 20
96.49999999999999
 30
0.0
 11
170.5
 21
96.49999999999999
 31
0.0
  0
LINE
  5
603
330
17
100
AcDbEntity
  8
GEOMETRY
100
AcDbLine
 10
170.5
 20
96.49999999999999
 30
0.0
 11
170.5
 21
96.46709288473863
 31
0.0
  0
LINE
  5
604
330
17
100
AcDbEntity
  8
GEOMETRY
100
AcDbLine
 10
170.5
 20
96.46709288473863
 30
0.0
 11
170.5
 21
96.43418576947727
 31
0.0
  0
LINE
  5
605
330
17
100
AcDbEntity
  8
GEOMETRY
100
AcDbLine
 10
170.5
 20
96.43418576947727
 30
0.0
 11
170.5
 21
96.40127865421591
 31
0.0
  0
LINE
  5
606
330
17
100
AcDbEntity
  8
GEOMETRY
100
AcDbLine
 10
170.5
 20
96.40127865421591
 30
0.0
 11
170.5
 21
96.36837153895456
 31
0.0
  0
LINE
  5
607
330
17
100
AcDbEntity
  8
GEOMETRY
100
AcDbLine
 10
170.5
 20
96.36837153895456
 30
0.0
 11
170.5
 21
96.30796551068376
 31
0.0
  0
LINE
  5
608
330
17
100
AcDbEntity
  8
GEOMETRY
100
AcDbLine
 10
170.5
 20
96.30796551068376
 30
0.0
 11
170.5
 21
96.21089426506704
 31
0.0
  0
LINE
  5
609
330
17
100
AcDbEntity
  8
GEOMETRY
100
AcDbLine
 10
170.5
 20
96.21089426506704
 30
0.0
 11
170.5
 21
96.11382301945032
 31
0.0
  0
LINE
  5
60A
330
17
100
AcDbEntity
  8
GEOMETRY
100
AcDbLine
 10
170.5
 20
96.11382301945032
 30
0.0
 11
170.5
 21
96.0167517738336
 31
0.0
  0
LINE
  5
60B
330
17
100
AcDbEntity
  8
GEOMETRY
100
AcDbLine
 10
170.5
 20
96.0167517738336
 30
0.0
 11
170.5
 21
95.91968052821689
 31
0.0
  0
LINE
  5
60C
330
17
100
AcDbEntity
  8
GEOMETRY
100
AcDbLine
 10
170.5
 20
95.91968052821689
 30
0.0
 11
170.5
 21
95.7717836488008
 31
0.0
  0
LINE
  5
60D
330
17
100
AcDbEntity
  8
GEOMETRY
100
AcDbLine
 10
170.5
 20
95.7717836488008
 30
0.0
 11
170.5
 21
95.61541583041817
 31
0.0
  0
LINE
  5
60E
330
17
100
AcDbEntity
  8
GEOMETRY
100
AcDbLine
 10
170.5
 20
95.61541583041817
 30
0.0
 11
170.5
 21
95.45904801203554
 31
0.0
  0
LINE
  5
60F
330
17
100
AcDbEntity
  8
GEOMETRY
100
AcDbLine
 10
170.5
 20
95.45904801203554
 30
0.0
 11
170.5
 21
95.3026801936529
 31
0.0
  0
LINE
  5
610
330
17
100
AcDbEntity
  8
GEOMETRY
100
AcDbLine
 10
170.5
 20
95.3026801936529
 30
0.0
 11
170.5
 21
95.13161076457968
 31
0.0
  0
LINE
  5
611
330
17
100
AcDbEntity
  8
GEOMETRY
100
AcDbLine
 10
170.5
 20
95.13161076457968
 30
0.0
 11
170.5
 21
94.92378730877998
 31
0.0
  0
LINE
  5
612
330
17
100
AcDbEntity
  8
GEOMETRY
100
AcDbLine
 10
170.5
 20
94.92378730877998
 30
0.0
 11
170.5
 21
94.71596385298028
 31
0.0
  0
LINE
  5
613
330
17
100
AcDbEntity
  8
GEOMETRY
100
AcDbLine
 10
170.5
 20
94.71596385298028
 30
0.0
 11
170.5
 21
94.50814039718057
 31
0.0
  0
LINE
  5
614
330
17
100
AcDbEntity
  8
GEOMETRY
100
AcDbLine
 10
170.5
 20
94.50814039718057
 30
0.0
 11
170.5
 21
94.30031694138087
 31
0.0
  0
LINE
  5
615
330
17
100
AcDbEntity
  8
GEOMETRY
100
AcDbLine
 10
170.5
 20
94.30031694138087
 30
0.0
 11
170.5
 21
94.06318312733254
 31
0.0
  0
LINE
  5
616
330
17
100
AcDbEntity
  8
GEOMETRY
100
AcDbLine
 10
170.5
 20
94.06318312733254
 30
0.0
 11
170.5
 21
93.81432516998474
 31
0.0
  0
LINE
  5
617
330
17
100
AcDbEntity
  8
GEOMETRY
100
AcDbLine
 10
170.5
 20
93.81432516998474
 30
0.0
 11
170.5
 21
93.56546721263695
 31
0.0
  0
LINE
  5
618
330
17
100
AcDbEntity
  8
GEOMETRY
100
AcDbLine
 10
170.5
 20
93.56546721263695
 30
0.0
 11
170.5
 21
93.31660925528915
 31
0.0
  0
LINE
  5
619
330
17
100
AcDbEntity
  8
GEOMETRY
100
AcDbLine
 10
170.5
 20
93.31660925528915
 30
0.0
 11
170.5
 21
93.0636719087376
 31
0.0
  0
LINE
  5
61A
330
17
100
AcDbEntity
  8
GEOMETRY
100
AcDbLine
 10
170.5
 20
93.0636719087376
 30
0.0
 11
170.5
 21
92.78625822696347
 31
0.0
  0
LINE
  5
61B
330
17
100
AcDbEntity
  8
GEOMETRY
100
AcDbLine
 10
170.5
 20
92.78625822696347
 30
0.0
 11
170.5
 21
92.50884454518933
 31
0.0
  0
LINE
  5
61C
330
17
100
AcDbEntity
  8
GEOMETRY
100
AcDbLine
 10
170.5
 20
92.50884454518933
 30
0.0
 11
170.5
 21
92.2314308634152
 31
0.0
  0
LINE
  5
61D
330
17
100
AcDbEntity
  8
GEOMETRY
100
AcDbLine
 10
170.5
 20
92.2314308634152
 30
0.0
 11
170.5
 21
91.95401718164108
 31
0.0
  0
LINE
  5
61E
330
17
100
AcDbEntity
  8
GEOMETRY
100
AcDbLine
 10
170.5
 20
91.95401718164108
 30
0.0
 11
170.5
 21
91.66823490327064
 31
0.0
  0
LINE
  5
61F
330
17
100
AcDbEntity
  8
GEOMETRY
100
AcDbLine
 10
170.5
 20
91.66823490327064
 30
0.0
 11
170.5
 21
91.37617617745298
 31
0.0
  0
LINE
  5
620
330
17
100
AcDbEntity
  8
GEOMETRY
100
AcDbLine
 10
170.5
 20
91.37617617745298
 30
0.0
 11
170.5
 21
91.08411745163531
 31
0.0
  0
LINE
  5
621
330
17
100
AcDbEntity
  8
GEOMETRY
100
AcDbLine
 10
170.5
 20
91.08411745163531
 30
0.0
 11
170.5
 21
90.79205872581765
 31
0.0
  0
LINE
  5
622
330
17
100
AcDbEntity
  8
GEOMETRY
100
AcDbLine
 10
170.5
 20
90.79205872581765
 30
0.0
 11
170.5
 21
90.49999999999999
 31
0.0
  0
LINE
  5
623
330
17
100
AcDbEntity
  8
GEOMETRY
100
AcDbLine
 10
170.5
 20
90.49999999999999
 30
0.0
 11
170.5
 21
90.20794127418232
 31
0.0
  0
LINE
  5
624
330
17
100
AcDbEntity
  8
GEOMETRY
100
AcDbLine
 10
170.5
 20
90.20794127418232
 30
0.0
 11
170.5
 21
89.91588254836466
 31
0.0
  0
LINE
  5
625
330
17
100
AcDbEntity
  8
GEOMETRY
100
AcDbLine
 10
170.5
 20
89.91588254836466
 30
0.0
 11
170.5
 21
89.623823822547
 31
0.0
  0
LINE
  5
626
330
17
100
AcDbEntity
  8
GEOMETRY
100
AcDbLine
 10
170.5
 20
89.623823822547
 30
0.0
 11
170.5
 21
89.33176509672933
 31
0.0
  0
LINE
  5
627
330
17
100
AcDbEntity
  8
GEOMETRY
100
AcDbLine
 10
170.5
 20
89.33176509672933
 30
0.0
 11
170.5
 21
89.0459828183589
 31
0.0
  0
LINE
  5
628
330
17
100
AcDbEntity
  8
GEOMETRY
100
AcDbLine
 10
170.5
 20
89.0459828183589
 30
0.0
 11
170.5
 21
88.76856913658477
 31
0.0
  0
LINE
  5
629
330
17
100
AcDbEntity
  8
GEOMETRY
100
AcDbLine
 10
170.5
 20
88.76856913658477
 30
0.0
 11
170.5
 21
88.49115545481064
 31
0.0
  0
LINE
  5
62A
330
17
100
AcDbEntity
  8
GEOMETRY
100
AcDbLine
 10
170.5
 20
88.49115545481064
 30
0.0
 11
170.5
 21
88.2137417730365
 31
0.0
  0
LINE
  5
62B
330
17
100
AcDbEntity
  8
GEOMETRY
100
AcDbLine
 10
170.5
 20
88.2137417730365
 30
0.0
 11
170.5
 21
87.93632809126237
 31
0.0
  0
LINE
  5
62C
330
17
100
AcDbEntity
  8
GEOMETRY
100
AcDbLine
 10
170.5
 20
87.93632809126237
 30
0.0
 11
170.5
 21
87.68339074471082
 31
0.0
  0
LINE
  5
62D
330
17
100
AcDbEntity
  8
GEOMETRY
100
AcDbLine
 10
170.5
 20
87.68339074471082
 30
0.0
 11
170.5
 21
87.43453278736303
 31
0.0
  0
LINE
  5
62E
330
17
100
AcDbEntity
  8
GEOMETRY
100
AcDbLine
 10
170.5
 20
87.43453278736303
 30
0.0
 11
170.5
 21
87.18567483001523
 31
0.0
  0
LINE
  5
62F
330
17
100
AcDbEntity
  8
GEOMETRY
100
AcDbLine
 10
170.5
 20
87.18567483001523
 30
0.0
 11
170.5
 21
86.93681687266744
 31
0.0
  0
LINE
  5
630
330
17
100
AcDbEntity
  8
GEOMETRY
100
AcDbLine
 10
170.5
 20
86.93681687266744
 30
0.0
 11
170.5
 21
86.6996830586191
 31
0.0
  0
LINE
  5
631
330
17
100
AcDbEntity
  8
GEOMETRY
100
AcDbLine
 10
170.5
 20
86.6996830586191
 30
0.0
 11
170.5
 21
86.4918596028194
 31
0.0
  0
LINE
  5
632
330
17
100
AcDbEntity
  8
GEOMETRY
100
AcDbLine
 10
170.5
 20
86.4918596028194
 30
0.0
 11
170.5
 21
86.28403614701969
 31
0.0
  0
LINE
  5
633
330
17
100
AcDbEntity
  8
GEOMETRY
100
AcDbLine
 10
170.5
 20
86.28403614701969
 30
0.0
 11
170.5
 21
86.07621269122
 31
0.0
  0
LINE
  5
634
330
17
100
AcDbEntity
  8
GEOMETRY
100
AcDbLine
 10
170.5
 20
86.07621269122
 30
0.0
 11
170.5
 21
85.8683892354203
 31
0.0
  0
LINE
  5
635
330
17
100
AcDbEntity
  8
GEOMETRY
100
AcDbLine
 10
170.5
 20
85.8683892354203
 30
0.0
 11
170.5
 21
85.69731980634707
 31
0.0
  0
LINE
  5
636
330
17
100
AcDbEntity
  8
GEOMETRY
100
AcDbLine
 10
170.5
 20
85.69731980634707
 30
0.0
 11
170.5
 21
85.54095198796443
 31
0.0
  0
LINE
  5
637
330
17
100
AcDbEntity
  8
GEOMETRY
100
AcDbLine
 10
170.5
 20
85.54095198796443
 30
0.0
 11
170.5
 21
85.38458416958179
 31
0.0
  0
LINE
  5
638
330
17
100
AcDbEntity
  8
GEOMETRY
100
AcDbLine
 10
170.5
 20
85.38458416958179
 30
0.0
 11
170.5
 21
85.22821635119917
 31
0.0
  0
LINE
  5
639
330
17
100
AcDbEntity
  8
GEOMETRY
100
AcDbLine
 10
170.5
 20
85.22821635119917
 30
0.0
 11
170.5
 21
85.08031947178308
 31
0.0
  0
LINE
  5
63A
330
17
100
AcDbEntity
  8
GEOMETRY
100
AcDbLine
 10
170.5
 20
85.08031947178308
 30
0.0
 11
170.5
 21
84.98324822616637
 31
0.0
  0
LINE
  5
63B
330
17
100
AcDbEntity
  8
GEOMETRY
100
AcDbLine
 10
170.5
 20
84.98324822616637
 30
0.0
 11
170.5
 21
84.88617698054965
 31
0.0
  0
LINE
  5
63C
330
17
100
AcDbEntity
  8
GEOMETRY
100
AcDbLine
 10
170.5
 20
84.88617698054965
 30
0.0
 11
170.5
 21
84.78910573493292
 31
0.0
  0
LINE
  5
63D
330
17
100
AcDbEntity
  8
GEOMETRY
100
AcDbLine
 10
170.5
 20
84.78910573493292
 30
0.0
 11
170.5
 21
84.6920344893162
 31
0.0
  0
LINE
  5
63E
330
17
100
AcDbEntity
  8
GEOMETRY
100
AcDbLine
 10
170.5
 20
84.6920344893162
 30
0.0
 11
170.5
 21
84.63162846104541
 31
0.0
  0
LINE
  5
63F
330
17
100
AcDbEntity
  8
GEOMETRY
100
AcDbLine
 10
170.5
 20
84.63162846104541
 30
0.0
 11
170.5
 21
84.59872134578406
 31
0.0
  0
LINE
  5
640
330
17
100
AcDbEntity
  8
GEOMETRY
100
AcDbLine
 10
170.5
 20
84.59872134578406
 30
0.0
 11
170.5
 21
84.5658142305227
 31
0.0
  0
LINE
  5
641
330
17
100
AcDbEntity
  8
GEOMETRY
100
AcDbLine
 10
170.5
 20
84.5658142305227
 30
0.0
 11
170.5
 21
84.53290711526134
 31
0.0
  0
LINE
  5
642
330
17
100
AcDbEntity
  8
GEOMETRY
100
AcDbLine
 10
170.5
 20
84.53290711526134
 30
0.0
 11
170.5
 21
84.49999999999999
 31
0.0
  0
LINE
  5
643
330
17
100
AcDbEntity
  8
GEOMETRY
100
AcDbLine
 10
170.5
 20
84.49999999999999
 30
0.0
 11
170.5
 21
84.53290711526134
 31
0.0
  0
LINE
  5
644
330
17
100
AcDbEntity
  8
GEOMETRY
100
AcDbLine
 10
170.5
 20
84.53290711526134
 30
0.0
 11
170.5
 21
84.5658142305227
 31
0.0
  0
LINE
  5
645
330
17
100
AcDbEntity
  8
GEOMETRY
100
AcDbLine
 10
170.5
 20
84.5658142305227
 30
0.0
 11
170.5
 21
84.59872134578406
 31
0.0
  0
LINE
  5
646
330
17
100
AcDbEntity
  8
GEOMETRY
100
AcDbLine
 10
170.5
 20
84.59872134578406
 30
0.0
 11
170.5
 21
84.63162846104541
 31
0.0
  0
LINE
  5
647
330
17
100
AcDbEntity
  8
GEOMETRY
100
AcDbLine
 10
170.5
 20
84.63162846104541
 30
0.0
 11
170.5
 21
84.6920344893162
 31
0.0
  0
LINE
  5
648
330
17
100
AcDbEntity
  8
GEOMETRY
100
AcDbLine
 10
170.5
 20
84.6920344893162
 30
0.0
 11
170.5
 21
84.78910573493292
 31
0.0
  0
LINE
  5
649
330
17
100
AcDbEntity
  8
GEOMETRY
100
AcDbLine
 10
170.5
 20
84.78910573493292
 30
0.0
 11
170.5
 21
84.88617698054964
 31
0.0
  0
LINE
  5
64A
330
17
100
AcDbEntity
  8
GEOMETRY
100
AcDbLine
 10
170.5
 20
84.88617698054964
 30
0.0
 11
170.5
 21
84.98324822616635
 31
0.0
  0
LINE
  5
64B
330
17
100
AcDbEntity
  8
GEOMETRY
100
AcDbLine
 10
170.5
 20
84.98324822616635
 30
0.0
 11
170.5
 21
85.08031947178307
 31
0.0
  0
LINE
  5
64C
330
17
100
AcDbEntity
  8
GEOMETRY
100
AcDbLine
 10
170.5
 20
85.08031947178307
 30
0.0
 11
170.5
 21
85.22821635119917
 31
0.0
  0
LINE
  5
64D
330
17
100
AcDbEntity
  8
GEOMETRY
100
AcDbLine
 10
170.5
 20
85.22821635119917
 30
0.0
 11
170.5
 21
85.38458416958179
 31
0.0
  0
LINE
  5
64E
330
17
100
AcDbEntity
  8
GEOMETRY
100
AcDbLine
 10
170.5
 20
85.38458416958179
 30
0.0
 11
170.5
 21
85.54095198796443
 31
0.0
  0
LINE
  5
64F
330
17
100
AcDbEntity
  8
GEOMETRY
100
AcDbLine
 10
170.5
 20
85.54095198796443
 30
0.0
 11
170.5
 21
85.69731980634707
 31
0.0
  0
LINE
  5
650
330
17
100
AcDbEntity
  8
GEOMETRY
100
AcDbLine
 10
170.5
 20
85.69731980634707
 30
0.0
 11
170.5
 21
85.8683892354203
 31
0.0
  0
LINE
  5
651
330
17
100
AcDbEntity
  8
GEOMETRY
100
AcDbLine
 10
170.5
 20
85.8683892354203
 30
0.0
 11
170.5
 21
86.07621269122
 31
0.0
  0
LINE
  5
652
330
17
100
AcDbEntity
  8
GEOMETRY
100
AcDbLine
 10
170.5
 20
86.07621269122
 30
0.0
 11
170.5
 21
86.28403614701969
 31
0.0
  0
LINE
  5
653
330
17
100
AcDbEntity
  8
GEOMETRY
100
AcDbLine
 10
170.5
 20
86.28403614701969
 30
0.0
 11
170.5
 21
86.49185960281939
 31
0.0
  0
LINE
  5
654
330
17
100
AcDbEntity
  8
GEOMETRY
100
AcDbLine
 10
170.5
 20
86.49185960281939
 30
0.0
 11
170.5
 21
86.69968305861909
 31
0.0
  0
LINE
  5
655
330
17
100
AcDbEntity
  8
GEOMETRY
100
AcDbLine
 10
170.5
 20
86.69968305861909
 30
0.0
 11
170.5
 21
86.93681687266744
 31
0.0
  0
LINE
  5
656
330
17
100
AcDbEntity
  8
GEOMETRY
100
AcDbLine
 10
170.5
 20
86.93681687266744
 30
0.0
 11
170.5
 21
87.18567483001522
 31
0.0
  0
LINE
  5
657
330
17
100
AcDbEntity
  8
GEOMETRY
100
AcDbLine
 10
170.5
 20
87.18567483001522
 30
0.0
 11
170.5
 21
87.43453278736303
 31
0.0
  0
LINE
  5
658
330
17
100
AcDbEntity
  8
GEOMETRY
100
AcDbLine
 10
170.5
 20
87.43453278736303
 30
0.0
 11
170.5
 21
87.6833907447108
 31
0.0
  0
LINE
  5
659
330
17
100
AcDbEntity
  8
GEOMETRY
100
AcDbLine
 10
170.5
 20
87.6833907447108
 30
0.0
 11
170.5
 21
87.93632809126237
 31
0.0
  0
LINE
  5
65A
330
17
100
AcDbEntity
  8
GEOMETRY
100
AcDbLine
 10
170.5
 20
87.93632809126237
 30
0.0
 11
170.5
 21
88.2137417730365
 31
0.0
  0
LINE
  5
65B
330
17
100
AcDbEntity
  8
GEOMETRY
100
AcDbLine
 10
170.5
 20
88.2137417730365
 30
0.0
 11
170.5
 21
88.49115545481062
 31
0.0
  0
LINE
  5
65C
330
17
100
AcDbEntity
  8
GEOMETRY
100
AcDbLine
 10
170.5
 20
88.49115545481062
 30
0.0
 11
170.5
 21
88.76856913658476
 31
0.0
  0
LINE
  5
65D
330
17
100
AcDbEntity
  8
GEOMETRY
100
AcDbLine
 10
170.5
 20
88.76856913658476
 30
0.0
 11
170.5
 21
89.0459828183589
 31
0.0
  0
LINE
  5
65E
330
17
100
AcDbEntity
  8
GEOMETRY
100
AcDbLine
 10
170.5
 20
89.0459828183589
 30
0.0
 11
170.5
 21
89.33176509672933
 31
0.0
  0
LINE
  5
65F
330
17
100
AcDbEntity
  8
GEOMETRY
100
AcDbLine
 10
170.5
 20
89.33176509672933
 30
0.0
 11
170.5
 21
89.623823822547
 31
0.0
  0
LINE
  5
660
330
17
100
AcDbEntity
  8
GEOMETRY
100
AcDbLine
 10
170.5
 20
89.623823822547
 30
0.0
 11
170.5
 21
89.91588254836465
 31
0.0
  0
LINE
  5
661
330
17
100
AcDbEntity
  8
GEOMETRY
100
AcDbLine
 10
170.5
 20
89.91588254836465
 30
0.0
 11
170.5
 21
90.20794127418232
 31
0.0
  0
LINE
  5
662
330
17
100
AcDbEntity
  8
GEOMETRY
100
AcDbLine
 10
170.5
 20
90.20794127418232
 30
0.0
 11
170.5
 21
90.49999999999999
 31
0.0
  0
LINE
  5
663
330
17
100
AcDbEntity
  8
GEOMETRY
100
AcDbLine
 10
170.5
 20
90.49999999999999
 30
0.0
 11
170.5
 21
90.79205872581764
 31
0.0
  0
LINE
  5
664
330
17
100
AcDbEntity
  8
GEOMETRY
100
AcDbLine
 10
170.5
 20
90.79205872581764
 30
0.0
 11
170.5
 21
91.08411745163531
 31
0.0
  0
LINE
  5
665
330
17
100
AcDbEntity
  8
GEOMETRY
100
AcDbLine
 10
170.5
 20
91.08411745163531
 30
0.0
 11
170.5
 21
91.37617617745298
 31
0.0
  0
LINE
  5
666
330
17
100
AcDbEntity
  8
GEOMETRY
100
AcDbLine
 10
170.5
 20
91.37617617745298
 30
0.0
 11
170.5
 21
91.66823490327063
 31
0.0
  0
LINE
  5
667
330
17
100
AcDbEntity
  8
GEOMETRY
100
AcDbLine
 10
170.5
 20
91.66823490327063
 30
0.0
 11
170.5
 21
91.95401718164106
 31
0.0
  0
LINE
  5
668
330
17
100
AcDbEntity
  8
GEOMETRY
100
AcDbLine
 10
170.5
 20
91.95401718164106
 30
0.0
 11
170.5
 21
92.2314308634152
 31
0.0
  0
LINE
  5
669
330
17
100
AcDbEntity
  8
GEOMETRY
100
AcDbLine
 10
170.5
 20
92.2314308634152
 30
0.0
 11
170.5
 21
92.50884454518933
 31
0.0
  0
LINE
  5
66A
330
17
100
AcDbEntity
  8
GEOMETRY
100
AcDbLine
 10
170.5
 20
92.50884454518933
 30
0.0
 11
170.5
 21
92.78625822696347
 31
0.0
  0
LINE
  5
66B
330
17
100
AcDbEntity
  8
GEOMETRY
100
AcDbLine
 10
170.5
 20
92.78625822696347
 30
0.0
 11
170.5
 21
93.0636719087376
 31
0.0
  0
LINE
  5
66C
330
17
100
AcDbEntity
  8
GEOMETRY
100
AcDbLine
 10
170.5
 20
93.0636719087376
 30
0.0
 11
170.5
 21
93.31660925528915
 31
0.0
  0
LINE
  5
66D
330
17
100
AcDbEntity
  8
GEOMETRY
100
AcDbLine
 10
170.5
 20
93.31660925528915
 30
0.0
 11
170.5
 21
93.56546721263695
 31
0.0
  0
LINE
  5
66E
330
17
100
AcDbEntity
  8
GEOMETRY
100
AcDbLine
 10
170.5
 20
93.56546721263695
 30
0.0
 11
170.5
 21
93.81432516998474
 31
0.0
  0
LINE
  5
66F
330
17
100
AcDbEntity
  8
GEOMETRY
100
AcDbLine
 10
170.5
 20
93.81432516998474
 30
0.0
 11
170.5
 21
94.06318312733254
 31
0.0
  0
LINE
  5
670
330
17
100
AcDbEntity
  8
GEOMETRY
100
AcDbLine
 10
170.5
 20
94.06318312733254
 30
0.0
 11
170.5
 21
94.30031694138087
 31
0.0
  0
LINE
  5
671
330
17
100
AcDbEntity
  8
GEOMETRY
100
AcDbLine
 10
170.5
 20
94.30031694138087
 30
0.0
 11
170.5
 21
94.50814039718057
 31
0.0
  0
LINE
  5
672
330
17
100
AcDbEntity
  8
GEOMETRY
100
AcDbLine
 10
170.5
 20
94.50814039718057
 30
0.0
 11
170.5
 21
94.71596385298028
 31
0.0
  0
LINE
  5
673
330
17
100
AcDbEntity
  8
GEOMETRY
100
AcDbLine
 10
170.5
 20
94.71596385298028
 30
0.0
 11
170.5
 21
94.92378730877998
 31
0.0
  0
LINE
  5
674
330
17
100
AcDbEntity
  8
GEOMETRY
100
AcDbLine
 10
170.5
 20
94.92378730877998
 30
0.0
 11
170.5
 21
95.13161076457968
 31
0.0
  0
LINE
  5
675
330
17
100
AcDbEntity
  8
GEOMETRY
100
AcDbLine
 10
170.5
 20
95.13161076457968
 30
0.0
 11
170.5
 21
95.3026801936529
 31
0.0
  0
LINE
  5
676
330
17
100
AcDbEntity
  8
GEOMETRY
100
AcDbLine
 10
170.5
 20
95.3026801936529
 30
0.0
 11
170.5
 21
95.45904801203554
 31
0.0
  0
LINE
  5
677
330
17
100
AcDbEntity
  8
GEOMETRY
100
AcDbLine
 10
170.5
 20
95.45904801203554
 30
0.0
 11
170.5
 21
95.61541583041817
 31
0.0
  0
LINE
  5
678
330
17
100
AcDbEntity
  8
GEOMETRY
100
AcDbLine
 10
170.5
 20
95.61541583041817
 30
0.0
 11
170.5
 21
95.7717836488008
 31
0.0
  0
LINE
  5
679
330
17
100
AcDbEntity
  8
GEOMETRY
100
AcDbLine
 10
170.5
 20
95.7717836488008
 30
0.0
 11
170.5
 21
95.91968052821689
 31
0.0
  0
LINE
  5
67A
330
17
100
AcDbEntity
  8
GEOMETRY
100
AcDbLine
 10
170.5
 20
95.91968052821689
 30
0.0
 11
170.5
 21
96.0167517738336
 31
0.0
  0
LINE
  5
67B
330
17
100
AcDbEntity
  8
GEOMETRY
100
AcDbLine
 10
170.5
 20
96.0167517738336
 30
0.0
 11
170.5
 21
96.11382301945032
 31
0.0
  0
LINE
  5
67C
330
17
100
AcDbEntity
  8
GEOMETRY
100
AcDbLine
 10
170.5
 20
96.11382301945032
 30
0.0
 11
170.5
 21
96.21089426506704
 31
0.0
  0
LINE
  5
67D
330
17
100
AcDbEntity
  8
GEOMETRY
100
AcDbLine
 10
170.5
 20
96.21089426506704
 30
0.0
 11
170.5
 21
96.30796551068376
 31
0.0
  0
LINE
  5
67E
330
17
100
AcDbEntity
  8
GEOMETRY
100
AcDbLine
 10
170.5
 20
96.30796551068376
 30
0.0
 11
170.5
 21
96.36837153895456
 31
0.0
  0
LINE
  5
67F
330
17
100
AcDbEntity
  8
GEOMETRY
100
AcDbLine
 10
170.5
 20
96.36837153895456
 30
0.0
 11
170.5
 21
96.40127865421591
 31
0.0
  0
LINE
  5
680
330
17
100
AcDbEntity
  8
GEOMETRY
100
AcDbLine
 10
170.5
 20
96.40127865421591
 30
0.0
 11
170.5
 21
96.43418576947727
 31
0.0
  0
LINE
  5
681
330
17
100
AcDbEntity
  8
GEOMETRY
100
AcDbLine
 10
170.5
 20
96.43418576947727
 30
0.0
 11
170.5
 21
96.46709288473863
 31
0.0
  0
LINE
  5
682
330
17
100
AcDbEntity
  8
GEOMETRY
100
AcDbLine
 10
170.5
 20
96.46709288473863
 30
0.0
 11
170.5
 21
96.49999999999999
 31
0.0
  0
LINE
  5
683
330
17
100
AcDbEntity
  8
GEOMETRY
100
AcDbLine
 10
170.5
 20
95.08257569495582
 30
0.0
 11
170.5
 21
94.9967358700844
 31
0.0
  0
LINE
  5
684
330
17
100
AcDbEntity
  8
GEOMETRY
100
AcDbLine
 10
170.5
 20
94.9967358700844
 30
0.0
 11
170.5
 21
94.91089604521297
 31
0.0
  0
LINE
  5
685
330
17
100
AcDbEntity
  8
GEOMETRY
100
AcDbLine
 10
170.5
 20
94.91089604521297
 30
0.0
 11
170.5
 21
94.82505622034154
 31
0.0
  0
LINE
  5
686
330
17
100
AcDbEntity
  8
GEOMETRY
100
AcDbLine
 10
170.5
 20
94.82505622034154
 30
0.0
 11
170.5
 21
94.73921639547011
 31
0.0
  0
LINE
  5
687
330
17
100
AcDbEntity
  8
GEOMETRY
100
AcDbLine
 10
170.5
 20
94.73921639547011
 30
0.0
 11
170.5
 21
94.64262703311364
 31
0.0
  0
LINE
  5
688
330
17
100
AcDbEntity
  8
GEOMETRY
100
AcDbLine
 10
170.5
 20
94.64262703311364
 30
0.0
 11
170.5
 21
94.53170495411044
 31
0.0
  0
LINE
  5
689
330
17
100
AcDbEntity
  8
GEOMETRY
100
AcDbLine
 10
170.5
 20
94.53170495411044
 30
0.0
 11
170.5
 21
94.42078287510725
 31
0.0
  0
LINE
  5
68A
330
17
100
AcDbEntity
  8
GEOMETRY
100
AcDbLine
 10
170.5
 20
94.42078287510725
 30
0.0
 11
170.5
 21
94.30986079610406
 31
0.0
  0
LINE
  5
68B
330
17
100
AcDbEntity
  8
GEOMETRY
100
AcDbLine
 10
170.5
 20
94.30986079610406
 30
0.0
 11
170.5
 21
94.19893871710086
 31
0.0
  0
LINE
  5
68C
330
17
100
AcDbEntity
  8
GEOMETRY
100
AcDbLine
 10
170.5
 20
94.19893871710086
 30
0.0
 11
170.5
 21
94.06911927130221
 31
0.0
  0
LINE
  5
68D
330
17
100
AcDbEntity
  8
GEOMETRY
100
AcDbLine
 10
170.5
 20
94.06911927130221
 30
0.0
 11
170.5
 21
93.936150264371
 31
0.0
  0
LINE
  5
68E
330
17
100
AcDbEntity
  8
GEOMETRY
100
AcDbLine
 10
170.5
 20
93.936150264371
 30
0.0
 11
170.5
 21
93.80318125743976
 31
0.0
  0
LINE
  5
68F
330
17
100
AcDbEntity
  8
GEOMETRY
100
AcDbLine
 10
170.5
 20
93.80318125743976
 30
0.0
 11
170.5
 21
93.67021225050854
 31
0.0
  0
LINE
  5
690
330
17
100
AcDbEntity
  8
GEOMETRY
100
AcDbLine
 10
170.5
 20
93.67021225050854
 30
0.0
 11
170.5
 21
93.53198372964327
 31
0.0
  0
LINE
  5
691
330
17
100
AcDbEntity
  8
GEOMETRY
100
AcDbLine
 10
170.5
 20
93.53198372964327
 30
0.0
 11
170.5
 21
93.38060642394288
 31
0.0
  0
LINE
  5
692
330
17
100
AcDbEntity
  8
GEOMETRY
100
AcDbLine
 10
170.5
 20
93.38060642394288
 30
0.0
 11
170.5
 21
93.22922911824247
 31
0.0
  0
LINE
  5
693
330
17
100
AcDbEntity
  8
GEOMETRY
100
AcDbLine
 10
170.5
 20
93.22922911824247
 30
0.0
 11
170.5
 21
93.07785181254208
 31
0.0
  0
LINE
  5
694
330
17
100
AcDbEntity
  8
GEOMETRY
100
AcDbLine
 10
170.5
 20
93.07785181254208
 30
0.0
 11
170.5
 21
92.92647450684169
 31
0.0
  0
LINE
  5
695
330
17
100
AcDbEntity
  8
GEOMETRY
100
AcDbLine
 10
170.5
 20
92.92647450684169
 30
0.0
 11
170.5
 21
92.7649072469348
 31
0.0
  0
LINE
  5
696
330
17
100
AcDbEntity
  8
GEOMETRY
100
AcDbLine
 10
170.5
 20
92.7649072469348
 30
0.0
 11
170.5
 21
92.5992640053453
 31
0.0
  0
LINE
  5
697
330
17
100
AcDbEntity
  8
GEOMETRY
100
AcDbLine
 10
170.5
 20
92.5992640053453
 30
0.0
 11
170.5
 21
92.43362076375581
 31
0.0
  0
LINE
  5
698
330
17
100
AcDbEntity
  8
GEOMETRY
100
AcDbLine
 10
170.5
 20
92.43362076375581
 30
0.0
 11
170.5
 21
92.2679775221663
 31
0.0
  0
LINE
  5
699
330
17
100
AcDbEntity
  8
GEOMETRY
100
AcDbLine
 10
170.5
 20
92.2679775221663
 30
0.0
 11
170.5
 21
92.10094382444274
 31
0.0
  0
LINE
  5
69A
330
17
100
AcDbEntity
  8
GEOMETRY
100
AcDbLine
 10
170.5
 20
92.10094382444274
 30
0.0
 11
170.5
 21
91.92556738991475
 31
0.0
  0
LINE
  5
69B
330
17
100
AcDbEntity
  8
GEOMETRY
100
AcDbLine
 10
170.5
 20
91.92556738991475
 30
0.0
 11
170.5
 21
91.75019095538676
 31
0.0
  0
LINE
  5
69C
330
17
100
AcDbEntity
  8
GEOMETRY
100
AcDbLine
 10
170.5
 20
91.75019095538676
 30
0.0
 11
170.5
 21
91.57481452085875
 31
0.0
  0
LINE
  5
69D
330
17
100
AcDbEntity
  8
GEOMETRY
100
AcDbLine
 10
170.5
 20
91.57481452085875
 30
0.0
 11
170.5
 21
91.39943808633076
 31
0.0
  0
LINE
  5
69E
330
17
100
AcDbEntity
  8
GEOMETRY
100
AcDbLine
 10
170.5
 20
91.39943808633076
 30
0.0
 11
170.5
 21
91.22124216259141
 31
0.0
  0
LINE
  5
69F
330
17
100
AcDbEntity
  8
GEOMETRY
100
AcDbLine
 10
170.5
 20
91.22124216259141
 30
0.0
 11
170.5
 21
91.04093162194356
 31
0.0
  0
LINE
  5
6A0
330
17
100
AcDbEntity
  8
GEOMETRY
100
AcDbLine
 10
170.5
 20
91.04093162194356
 30
0.0
 11
170.5
 21
90.8606210812957
 31
0.0
  0
LINE
  5
6A1
330
17
100
AcDbEntity
  8
GEOMETRY
100
AcDbLine
 10
170.5
 20
90.8606210812957
 30
0.0
 11
170.5
 21
90.68031054064784
 31
0.0
  0
LINE
  5
6A2
330
17
100
AcDbEntity
  8
GEOMETRY
100
AcDbLine
 10
170.5
 20
90.68031054064784
 30
0.0
 11
170.5
 21
90.49999999999999
 31
0.0
  0
LINE
  5
6A3
330
17
100
AcDbEntity
  8
GEOMETRY
100
AcDbLine
 10
170.5
 20
90.49999999999999
 30
0.0
 11
170.5
 21
90.31968945935212
 31
0.0
  0
LINE
  5
6A4
330
17
100
AcDbEntity
  8
GEOMETRY
100
AcDbLine
 10
170.5
 20
90.31968945935212
 30
0.0
 11
170.5
 21
90.13937891870427
 31
0.0
  0
LINE
  5
6A5
330
17
100
AcDbEntity
  8
GEOMETRY
100
AcDbLine
 10
170.5
 20
90.13937891870427
 30
0.0
 11
170.5
 21
89.9590683780564
 31
0.0
  0
LINE
  5
6A6
330
17
100
AcDbEntity
  8
GEOMETRY
100
AcDbLine
 10
170.5
 20
89.9590683780564
 30
0.0
 11
170.5
 21
89.77875783740855
 31
0.0
  0
LINE
  5
6A7
330
17
100
AcDbEntity
  8
GEOMETRY
100
AcDbLine
 10
170.5
 20
89.77875783740855
 30
0.0
 11
170.5
 21
89.60056191366921
 31
0.0
  0
LINE
  5
6A8
330
17
100
AcDbEntity
  8
GEOMETRY
100
AcDbLine
 10
170.5
 20
89.60056191366921
 30
0.0
 11
170.5
 21
89.4251854791412
 31
0.0
  0
LINE
  5
6A9
330
17
100
AcDbEntity
  8
GEOMETRY
100
AcDbLine
 10
170.5
 20
89.4251854791412
 30
0.0
 11
170.5
 21
89.24980904461322
 31
0.0
  0
LINE
  5
6AA
330
17
100
AcDbEntity
  8
GEOMETRY
100
AcDbLine
 10
170.5
 20
89.24980904461322
 30
0.0
 11
170.5
 21
89.07443261008522
 31
0.0
  0
LINE
  5
6AB
330
17
100
AcDbEntity
  8
GEOMETRY
100
AcDbLine
 10
170.5
 20
89.07443261008522
 30
0.0
 11
170.5
 21
88.89905617555722
 31
0.0
  0
LINE
  5
6AC
330
17
100
AcDbEntity
  8
GEOMETRY
100
AcDbLine
 10
170.5
 20
88.89905617555722
 30
0.0
 11
170.5
 21
88.73202247783365
 31
0.0
  0
LINE
  5
6AD
330
17
100
AcDbEntity
  8
GEOMETRY
100
AcDbLine
 10
170.5
 20
88.73202247783365
 30
0.0
 11
170.5
 21
88.56637923624416
 31
0.0
  0
LINE
  5
6AE
330
17
100
AcDbEntity
  8
GEOMETRY
100
AcDbLine
 10
170.5
 20
88.56637923624416
 30
0.0
 11
170.5
 21
88.40073599465467
 31
0.0
  0
LINE
  5
6AF
330
17
100
AcDbEntity
  8
GEOMETRY
100
AcDbLine
 10
170.5
 20
88.40073599465467
 30
0.0
 11
170.5
 21
88.23509275306517
 31
0.0
  0
LINE
  5
6B0
330
17
100
AcDbEntity
  8
GEOMETRY
100
AcDbLine
 10
170.5
 20
88.23509275306517
 30
0.0
 11
170.5
 21
88.07352549315827
 31
0.0
  0
LINE
  5
6B1
330
17
100
AcDbEntity
  8
GEOMETRY
100
AcDbLine
 10
170.5
 20
88.07352549315827
 30
0.0
 11
170.5
 21
87.92214818745788
 31
0.0
  0
LINE
  5
6B2
330
17
100
AcDbEntity
  8
GEOMETRY
100
AcDbLine
 10
170.5
 20
87.92214818745788
 30
0.0
 11
170.5
 21
87.77077088175749
 31
0.0
  0
LINE
  5
6B3
330
17
100
AcDbEntity
  8
GEOMETRY
100
AcDbLine
 10
170.5
 20
87.77077088175749
 30
0.0
 11
170.5
 21
87.61939357605709
 31
0.0
  0
LINE
  5
6B4
330
17
100
AcDbEntity
  8
GEOMETRY
100
AcDbLine
 10
170.5
 20
87.61939357605709
 30
0.0
 11
170.5
 21
87.4680162703567
 31
0.0
  0
LINE
  5
6B5
330
17
100
AcDbEntity
  8
GEOMETRY
100
AcDbLine
 10
170.5
 20
87.4680162703567
 30
0.0
 11
170.5
 21
87.32978774949143
 31
0.0
  0
LINE
  5
6B6
330
17
100
AcDbEntity
  8
GEOMETRY
100
AcDbLine
 10
170.5
 20
87.32978774949143
 30
0.0
 11
170.5
 21
87.1968187425602
 31
0.0
  0
LINE
  5
6B7
330
17
100
AcDbEntity
  8
GEOMETRY
100
AcDbLine
 10
170.5
 20
87.1968187425602
 30
0.0
 11
170.5
 21
87.06384973562898
 31
0.0
  0
LINE
  5
6B8
330
17
100
AcDbEntity
  8
GEOMETRY
100
AcDbLine
 10
170.5
 20
87.06384973562898
 30
0.0
 11
170.5
 21
86.93088072869776
 31
0.0
  0
LINE
  5
6B9
330
17
100
AcDbEntity
  8
GEOMETRY
100
AcDbLine
 10
170.5
 20
86.93088072869776
 30
0.0
 11
170.5
 21
86.8010612828991
 31
0.0
  0
LINE
  5
6BA
330
17
100
AcDbEntity
  8
GEOMETRY
100
AcDbLine
 10
170.5
 20
86.8010612828991
 30
0.0
 11
170.5
 21
86.69013920389591
 31
0.0
  0
LINE
  5
6BB
330
17
100
AcDbEntity
  8
GEOMETRY
100
AcDbLine
 10
170.5
 20
86.69013920389591
 30
0.0
 11
170.5
 21
86.57921712489272
 31
0.0
  0
LINE
  5
6BC
330
17
100
AcDbEntity
  8
GEOMETRY
100
AcDbLine
 10
170.5
 20
86.57921712489272
 30
0.0
 11
170.5
 21
86.46829504588952
 31
0.0
  0
LINE
  5
6BD
330
17
100
AcDbEntity
  8
GEOMETRY
100
AcDbLine
 10
170.5
 20
86.46829504588952
 30
0.0
 11
170.5
 21
86.35737296688633
 31
0.0
  0
LINE
  5
6BE
330
17
100
AcDbEntity
  8
GEOMETRY
100
AcDbLine
 10
170.5
 20
86.35737296688633
 30
0.0
 11
170.5
 21
86.26078360452986
 31
0.0
  0
LINE
  5
6BF
330
17
100
AcDbEntity
  8
GEOMETRY
100
AcDbLine
 10
170.5
 20
86.26078360452986
 30
0.0
 11
170.5
 21
86.17494377965843
 31
0.0
  0
LINE
  5
6C0
330
17
100
AcDbEntity
  8
GEOMETRY
100
AcDbLine
 10
170.5
 20
86.17494377965843
 30
0.0
 11
170.5
 21
86.089103954787
 31
0.0
  0
LINE
  5
6C1
330
17
100
AcDbEntity
  8
GEOMETRY
100
AcDbLine
 10
170.5
 20
86.089103954787
 30
0.0
 11
170.5
 21
86.00326412991558
 31
0.0
  0
LINE
  5
6C2
330
17
100
AcDbEntity
  8
GEOMETRY
100
AcDbLine
 10
170.5
 20
86.00326412991558
 30
0.0
 11
170.5
 21
85.91742430504414
 31
0.0
  0
LINE
  5
6C3
330
17
100
AcDbEntity
  8
GEOMETRY
100
AcDbLine
 10
173.5
 20
95.08257569495582
 30
0.0
 11
173.5
 21
94.9967358700844
 31
0.0
  0
LINE
  5
6C4
330
17
100
AcDbEntity
  8
GEOMETRY
100
AcDbLine
 10
173.5
 20
94.9967358700844
 30
0.0
 11
173.5
 21
94.91089604521297
 31
0.0
  0
LINE
  5
6C5
330
17
100
AcDbEntity
  8
GEOMETRY
100
AcDbLine
 10
173.5
 20
94.91089604521297
 30
0.0
 11
173.5
 21
94.82505622034154
 31
0.0
  0
LINE
  5
6C6
330
17
100
AcDbEntity
  8
GEOMETRY
100
AcDbLine
 10
173.5
 20
94.82505622034154
 30
0.0
 11
173.5
 21
94.73921639547011
 31
0.0
  0
LINE
  5
6C7
330
17
100
AcDbEntity
  8
GEOMETRY
100
AcDbLine
 10
173.5
 20
94.73921639547011
 30
0.0
 11
173.5
 21
94.64262703311364
 31
0.0
  0
LINE
  5
6C8
330
17
100
AcDbEntity
  8
GEOMETRY
100
AcDbLine
 10
173.5
 20
94.64262703311364
 30
0.0
 11
173.5
 21
94.53170495411044
 31
0.0
  0
LINE
  5
6C9
330
17
100
AcDbEntity
  8
GEOMETRY
100
AcDbLine
 10
173.5
 20
94.53170495411044
 30
0.0
 11
173.5
 21
94.42078287510725
 31
0.0
  0
LINE
  5
6CA
330
17
100
AcDbEntity
  8
GEOMETRY
100
AcDbLine
 10
173.5
 20
94.42078287510725
 30
0.0
 11
173.5
 21
94.30986079610406
 31
0.0
  0
LINE
  5
6CB
330
17
100
AcDbEntity
  8
GEOMETRY
100
AcDbLine
 10
173.5
 20
94.30986079610406
 30
0.0
 11
173.5
 21
94.19893871710086
 31
0.0
  0
LINE
  5
6CC
330
17
100
AcDbEntity
  8
GEOMETRY
100
AcDbLine
 10
173.5
 20
94.19893871710086
 30
0.0
 11
173.5
 21
94.06911927130221
 31
0.0
  0
LINE
  5
6CD
330
17
100
AcDbEntity
  8
GEOMETRY
100
AcDbLine
 10
173.5
 20
94.06911927130221
 30
0.0
 11
173.5
 21
93.936150264371
 31
0.0
  0
LINE
  5
6CE
330
17
100
AcDbEntity
  8
GEOMETRY
100
AcDbLine
 10
173.5
 20
93.936150264371
 30
0.0
 11
173.5
 21
93.80318125743976
 31
0.0
  0
LINE
  5
6CF
330
17
100
AcDbEntity
  8
GEOMETRY
100
AcDbLine
 10
173.5
 20
93.80318125743976
 30
0.0
 11
173.5
 21
93.67021225050854
 31
0.0
  0
LINE
  5
6D0
330
17
100
AcDbEntity
  8
GEOMETRY
100
AcDbLine
 10
173.5
 20
93.67021225050854
 30
0.0
 11
173.5
 21
93.53198372964327
 31
0.0
  0
LINE
  5
6D1
330
17
100
AcDbEntity
  8
GEOMETRY
100
AcDbLine
 10
173.5
 20
93.53198372964327
 30
0.0
 11
173.5
 21
93.38060642394288
 31
0.0
  0
LINE
  5
6D2
330
17
100
AcDbEntity
  8
GEOMETRY
100
AcDbLine
 10
173.5
 20
93.38060642394288
 30
0.0
 11
173.5
 21
93.22922911824247
 31
0.0
  0
LINE
  5
6D3
330
17
100
AcDbEntity
  8
GEOMETRY
100
AcDbLine
 10
173.5
 20
93.22922911824247
 30
0.0
 11
173.5
 21
93.07785181254208
 31
0.0
  0
LINE
  5
6D4
330
17
100
AcDbEntity
  8
GEOMETRY
100
AcDbLine
 10
173.5
 20
93.07785181254208
 30
0.0
 11
173.5
 21
92.92647450684169
 31
0.0
  0
LINE
  5
6D5
330
17
100
AcDbEntity
  8
GEOMETRY
100
AcDbLine
 10
173.5
 20
92.92647450684169
 30
0.0
 11
173.5
 21
92.7649072469348
 31
0.0
  0
LINE
  5
6D6
330
17
100
AcDbEntity
  8
GEOMETRY
100
AcDbLine
 10
173.5
 20
92.7649072469348
 30
0.0
 11
173.5
 21
92.5992640053453
 31
0.0
  0
LINE
  5
6D7
330
17
100
AcDbEntity
  8
GEOMETRY
100
AcDbLine
 10
173.5
 20
92.5992640053453
 30
0.0
 11
173.5
 21
92.43362076375581
 31
0.0
  0
LINE
  5
6D8
330
17
100
AcDbEntity
  8
GEOMETRY
100
AcDbLine
 10
173.5
 20
92.43362076375581
 30
0.0
 11
173.5
 21
92.2679775221663
 31
0.0
  0
LINE
  5
6D9
330
17
100
AcDbEntity
  8
GEOMETRY
100
AcDbLine
 10
173.5
 20
92.2679775221663
 30
0.0
 11
173.5
 21
92.10094382444274
 31
0.0
  0
LINE
  5
6DA
330
17
100
AcDbEntity
  8
GEOMETRY
100
AcDbLine
 10
173.5
 20
92.10094382444274
 30
0.0
 11
173.5
 21
91.92556738991475
 31
0.0
  0
LINE
  5
6DB
330
17
100
AcDbEntity
  8
GEOMETRY
100
AcDbLine
 10
173.5
 20
91.92556738991475
 30
0.0
 11
173.5
 21
91.75019095538676
 31
0.0
  0
LINE
  5
6DC
330
17
100
AcDbEntity
  8
GEOMETRY
100
AcDbLine
 10
173.5
 20
91.75019095538676
 30
0.0
 11
173.5
 21
91.57481452085875
 31
0.0
  0
LINE
  5
6DD
330
17
100
AcDbEntity
  8
GEOMETRY
100
AcDbLine
 10
173.5
 20
91.57481452085875
 30
0.0
 11
173.5
 21
91.39943808633076
 31
0.0
  0
LINE
  5
6DE
330
17
100
AcDbEntity
  8
GEOMETRY
100
AcDbLine
 10
173.5
 20
91.39943808633076
 30
0.0
 11
173.5
 21
91.22124216259141
 31
0.0
  0
LINE
  5
6DF
330
17
100
AcDbEntity
  8
GEOMETRY
100
AcDbLine
 10
173.5
 20
91.22124216259141
 30
0.0
 11
173.5
 21
91.04093162194356
 31
0.0
  0
LINE
  5
6E0
330
17
100
AcDbEntity
  8
GEOMETRY
100
AcDbLine
 10
173.5
 20
91.04093162194356
 30
0.0
 11
173.5
 21
90.8606210812957
 31
0.0
  0
LINE
  5
6E1
330
17
100
AcDbEntity
  8
GEOMETRY
100
AcDbLine
 10
173.5
 20
90.8606210812957
 30
0.0
 11
173.5
 21
90.68031054064784
 31
0.0
  0
LINE
  5
6E2
330
17
100
AcDbEntity
  8
GEOMETRY
100
AcDbLine
 10
173.5
 20
90.68031054064784
 30
0.0
 11
173.5
 21
90.49999999999999
 31
0.0
  0
LINE
  5
6E3
330
17
100
AcDbEntity
  8
GEOMETRY
100
AcDbLine
 10
173.5
 20
90.49999999999999
 30
0.0
 11
173.5
 21
90.31968945935212
 31
0.0
  0
LINE
  5
6E4
330
17
100
AcDbEntity
  8
GEOMETRY
100
AcDbLine
 10
173.5
 20
90.31968945935212
 30
0.0
 11
173.5
 21
90.13937891870427
 31
0.0
  0
LINE
  5
6E5
330
17
100
AcDbEntity
  8
GEOMETRY
100
AcDbLine
 10
173.5
 20
90.13937891870427
 30
0.0
 11
173.5
 21
89.9590683780564
 31
0.0
  0
LINE
  5
6E6
330
17
100
AcDbEntity
  8
GEOMETRY
100
AcDbLine
 10
173.5
 20
89.9590683780564
 30
0.0
 11
173.5
 21
89.77875783740855
 31
0.0
  0
LINE
  5
6E7
330
17
100
AcDbEntity
  8
GEOMETRY
100
AcDbLine
 10
173.5
 20
89.77875783740855
 30
0.0
 11
173.5
 21
89.60056191366921
 31
0.0
  0
LINE
  5
6E8
330
17
100
AcDbEntity
  8
GEOMETRY
100
AcDbLine
 10
173.5
 20
89.60056191366921
 30
0.0
 11
173.5
 21
89.4251854791412
 31
0.0
  0
LINE
  5
6E9
330
17
100
AcDbEntity
  8
GEOMETRY
100
AcDbLine
 10
173.5
 20
89.4251854791412
 30
0.0
 11
173.5
 21
89.24980904461322
 31
0.0
  0
LINE
  5
6EA
330
17
100
AcDbEntity
  8
GEOMETRY
100
AcDbLine
 10
173.5
 20
89.24980904461322
 30
0.0
 11
173.5
 21
89.07443261008522
 31
0.0
  0
LINE
  5
6EB
330
17
100
AcDbEntity
  8
GEOMETRY
100
AcDbLine
 10
173.5
 20
89.07443261008522
 30
0.0
 11
173.5
 21
88.89905617555722
 31
0.0
  0
LINE
  5
6EC
330
17
100
AcDbEntity
  8
GEOMETRY
100
AcDbLine
 10
173.5
 20
88.89905617555722
 30
0.0
 11
173.5
 21
88.73202247783365
 31
0.0
  0
LINE
  5
6ED
330
17
100
AcDbEntity
  8
GEOMETRY
100
AcDbLine
 10
173.5
 20
88.73202247783365
 30
0.0
 11
173.5
 21
88.56637923624416
 31
0.0
  0
LINE
  5
6EE
330
17
100
AcDbEntity
  8
GEOMETRY
100
AcDbLine
 10
173.5
 20
88.56637923624416
 30
0.0
 11
173.5
 21
88.40073599465467
 31
0.0
  0
LINE
  5
6EF
330
17
100
AcDbEntity
  8
GEOMETRY
100
AcDbLine
 10
173.5
 20
88.40073599465467
 30
0.0
 11
173.5
 21
88.23509275306517
 31
0.0
  0
LINE
  5
6F0
330
17
100
AcDbEntity
  8
GEOMETRY
100
AcDbLine
 10
173.5
 20
88.23509275306517
 30
0.0
 11
173.5
 21
88.07352549315827
 31
0.0
  0
LINE
  5
6F1
330
17
100
AcDbEntity
  8
GEOMETRY
100
AcDbLine
 10
173.5
 20
88.07352549315827
 30
0.0
 11
173.5
 21
87.92214818745788
 31
0.0
  0
LINE
  5
6F2
330
17
100
AcDbEntity
  8
GEOMETRY
100
AcDbLine
 10
173.5
 20
87.92214818745788
 30
0.0
 11
173.5
 21
87.77077088175749
 31
0.0
  0
LINE
  5
6F3
330
17
100
AcDbEntity
  8
GEOMETRY
100
AcDbLine
 10
173.5
 20
87.77077088175749
 30
0.0
 11
173.5
 21
87.61939357605709
 31
0.0
  0
LINE
  5
6F4
330
17
100
AcDbEntity
  8
GEOMETRY
100
AcDbLine
 10
173.5
 20
87.61939357605709
 30
0.0
 11
173.5
 21
87.4680162703567
 31
0.0
  0
LINE
  5
6F5
330
17
100
AcDbEntity
  8
GEOMETRY
100
AcDbLine
 10
173.5
 20
87.4680162703567
 30
0.0
 11
173.5
 21
87.32978774949143
 31
0.0
  0
LINE
  5
6F6
330
17
100
AcDbEntity
  8
GEOMETRY
100
AcDbLine
 10
173.5
 20
87.32978774949143
 30
0.0
 11
173.5
 21
87.1968187425602
 31
0.0
  0
LINE
  5
6F7
330
17
100
AcDbEntity
  8
GEOMETRY
100
AcDbLine
 10
173.5
 20
87.1968187425602
 30
0.0
 11
173.5
 21
87.06384973562898
 31
0.0
  0
LINE
  5
6F8
330
17
100
AcDbEntity
  8
GEOMETRY
100
AcDbLine
 10
173.5
 20
87.06384973562898
 30
0.0
 11
173.5
 21
86.93088072869776
 31
0.0
  0
LINE
  5
6F9
330
17
100
AcDbEntity
  8
GEOMETRY
100
AcDbLine
 10
173.5
 20
86.93088072869776
 30
0.0
 11
173.5
 21
86.8010612828991
 31
0.0
  0
LINE
  5
6FA
330
17
100
AcDbEntity
  8
GEOMETRY
100
AcDbLine
 10
173.5
 20
86.8010612828991
 30
0.0
 11
173.5
 21
86.69013920389591
 31
0.0
  0
LINE
  5
6FB
330
17
100
AcDbEntity
  8
GEOMETRY
100
AcDbLine
 10
173.5
 20
86.69013920389591
 30
0.0
 11
173.5
 21
86.57921712489272
 31
0.0
  0
LINE
  5
6FC
330
17
100
AcDbEntity
  8
GEOMETRY
100
AcDbLine
 10
173.5
 20
86.57921712489272
 30
0.0
 11
173.5
 21
86.46829504588952
 31
0.0
  0
LINE
  5
6FD
330
17
100
AcDbEntity
  8
GEOMETRY
100
AcDbLine
 10
173.5
 20
86.46829504588952
 30
0.0
 11
173.5
 21
86.35737296688633
 31
0.0
  0
LINE
  5
6FE
330
17
100
AcDbEntity
  8
GEOMETRY
100
AcDbLine
 10
173.5
 20
86.35737296688633
 30
0.0
 11
173.5
 21
86.26078360452986
 31
0.0
  0
LINE
  5
6FF
330
17
100
AcDbEntity
  8
GEOMETRY
100
AcDbLine
 10
173.5
 20
86.26078360452986
 30
0.0
 11
173.5
 21
86.17494377965843
 31
0.0
  0
LINE
  5
700
330
17
100
AcDbEntity
  8
GEOMETRY
100
AcDbLine
 10
173.5
 20
86.17494377965843
 30
0.0
 11
173.5
 21
86.089103954787
 31
0.0
  0
LINE
  5
701
330
17
100
AcDbEntity
  8
GEOMETRY
100
AcDbLine
 10
173.5
 20
86.089103954787
 30
0.0
 11
173.5
 21
86.00326412991558
 31
0.0
  0
LINE
  5
702
330
17
100
AcDbEntity
  8
GEOMETRY
100
AcDbLine
 10
173.5
 20
86.00326412991558
 30
0.0
 11
173.5
 21
85.91742430504414
 31
0.0
  0
LINE
  5
703
330
17
100
AcDbEntity
  8
GEOMETRY
100
AcDbLine
 10
173.5
 20
80.41833347109709
 30
0.0
 11
170.5
 21
80.41833347109709
 31
0.0
  0
LINE
  5
704
330
17
100
AcDbEntity
  8
GEOMETRY
100
AcDbLine
 10
173.5
 20
85.91742430504414
 30
0.0
 11
170.5
 21
85.91742430504414
 31
0.0
  0
LINE
  5
705
330
17
100
AcDbEntity
  8
GEOMETRY
100
AcDbLine
 10
173.5
 20
80.41833347109709
 30
0.0
 11
170.5
 21
80.41833347109709
 31
0.0
  0
LINE
  5
706
330
17
100
AcDbEntity
  8
GEOMETRY
100
AcDbLine
 10
173.5
 20
85.91742430504415
 30
0.0
 11
170.5
 21
85.91742430504415
 31
0.0
  0
LINE
  5
707
330
17
100
AcDbEntity
  8
GEOMETRY
100
AcDbLine
 10
173.5
 20
95.0825756949558
 30
0.0
 11
170.5
 21
95.0825756949558
 31
0.0
  0
LINE
  5
708
330
17
100
AcDbEntity
  8
GEOMETRY
100
AcDbLine
 10
173.5
 20
100.58166652890289
 30
0.0
 11
170.5
 21
100.58166652890289
 31
0.0
  0
LINE
  5
709
330
17
100
AcDbEntity
  8
GEOMETRY
100
AcDbLine
 10
173.5
 20
100.58166652890289
 30
0.0
 11
170.5
 21
100.58166652890289
 31
0.0
  0
LINE
  5
70A
330
17
100
AcDbEntity
  8
GEOMETRY
100
AcDbLine
 10
173.5
 20
95.08257569495582
 30
0.0
 11
170.5
 21
95.08257569495582
 31
0.0
  0
LINE
  5
70B
330
17
100
AcDbEntity
  8
GEOMETRY
100
AcDbLine
 10
173.5
 20
79.49999999999999
 30
0.0
 11
170.5
 21
79.49999999999999
 31
0.0
  0
LINE
  5
70C
330
17
100
AcDbEntity
  8
GEOMETRY
100
AcDbLine
 10
173.5
 20
101.5
 30
0.0
 11
170.5
 21
101.5
 31
0.0
  0
LINE
  5
70D
330
17
100
AcDbEntity
  8
GEOMETRY
100
AcDbLine
 10
173.5
 20
88.24999999999999
 30
0.0
 11
170.5
 21
88.24999999999999
 31
0.0
  0
LINE
  5
70E
330
17
100
AcDbEntity
  8
GEOMETRY
100
AcDbLine
 10
173.5
 20
88.24999999999999
 30
0.0
 11
170.5
 21
88.24999999999999
 31
0.0
  0
LINE
  5
70F
330
17
100
AcDbEntity
  8
GEOMETRY
100
AcDbLine
 10
173.5
 20
84.49999999999999
 30
0.0
 11
170.5
 21
84.49999999999999
 31
0.0
  0
LINE
  5
710
330
17
100
AcDbEntity
  8
GEOMETRY
100
AcDbLine
 10
170.5
 20
174.5
 30
0.0
 11
170.5
 21
161.89999999999998
 31
0.0
  0
LINE
  5
711
330
17
100
AcDbEntity
  8
GEOMETRY
100
AcDbLine
 10
173.5
 20
174.5
 30
0.0
 11
173.5
 21
161.89999999999998
 31
0.0
  0
LINE
  5
712
330
17
100
AcDbEntity
  8
GEOMETRY
100
AcDbLine
 10
170.5
 20
161.89999999999998
 30
0.0
 11
170.5
 21
161.76876268627123
 31
0.0
  0
LINE
  5
713
330
17
100
AcDbEntity
  8
GEOMETRY
100
AcDbLine
 10
170.5
 20
161.76876268627123
 30
0.0
 11
170.5
 21
161.63752537254248
 31
0.0
  0
LINE
  5
714
330
17
100
AcDbEntity
  8
GEOMETRY
100
AcDbLine
 10
170.5
 20
161.63752537254248
 30
0.0
 11
170.5
 21
161.50628805881374
 31
0.0
  0
LINE
  5
715
330
17
100
AcDbEntity
  8
GEOMETRY
100
AcDbLine
 10
170.5
 20
161.50628805881374
 30
0.0
 11
170.5
 21
161.375050745085
 31
0.0
  0
LINE
  5
716
330
17
100
AcDbEntity
  8
GEOMETRY
100
AcDbLine
 10
170.5
 20
161.375050745085
 30
0.0
 11
170.5
 21
161.24258255175084
 31
0.0
  0
LINE
  5
717
330
17
100
AcDbEntity
  8
GEOMETRY
100
AcDbLine
 10
170.5
 20
161.24258255175084
 30
0.0
 11
170.5
 21
161.10847318560954
 31
0.0
  0
LINE
  5
718
330
17
100
AcDbEntity
  8
GEOMETRY
100
AcDbLine
 10
170.5
 20
161.10847318560954
 30
0.0
 11
170.5
 21
160.97436381946824
 31
0.0
  0
LINE
  5
719
330
17
100
AcDbEntity
  8
GEOMETRY
100
AcDbLine
 10
170.5
 20
160.97436381946824
 30
0.0
 11
170.5
 21
160.8402544533269
 31
0.0
  0
LINE
  5
71A
330
17
100
AcDbEntity
  8
GEOMETRY
100
AcDbLine
 10
170.5
 20
160.8402544533269
 30
0.0
 11
170.5
 21
160.7061450871856
 31
0.0
  0
LINE
  5
71B
330
17
100
AcDbEntity
  8
GEOMETRY
100
AcDbLine
 10
170.5
 20
160.7061450871856
 30
0.0
 11
170.5
 21
160.5699711226502
 31
0.0
  0
LINE
  5
71C
330
17
100
AcDbEntity
  8
GEOMETRY
100
AcDbLine
 10
170.5
 20
160.5699711226502
 30
0.0
 11
170.5
 21
160.43345305838247
 31
0.0
  0
LINE
  5
71D
330
17
100
AcDbEntity
  8
GEOMETRY
100
AcDbLine
 10
170.5
 20
160.43345305838247
 30
0.0
 11
170.5
 21
160.2969349941147
 31
0.0
  0
LINE
  5
71E
330
17
100
AcDbEntity
  8
GEOMETRY
100
AcDbLine
 10
170.5
 20
160.2969349941147
 30
0.0
 11
170.5
 21
160.16041692984697
 31
0.0
  0
LINE
  5
71F
330
17
100
AcDbEntity
  8
GEOMETRY
100
AcDbLine
 10
170.5
 20
160.16041692984697
 30
0.0
 11
170.5
 21
160.02334543081554
 31
0.0
  0
LINE
  5
720
330
17
100
AcDbEntity
  8
GEOMETRY
100
AcDbLine
 10
170.5
 20
160.02334543081554
 30
0.0
 11
170.5
 21
159.88489034487492
 31
0.0
  0
LINE
  5
721
330
17
100
AcDbEntity
  8
GEOMETRY
100
AcDbLine
 10
170.5
 20
159.88489034487492
 30
0.0
 11
170.5
 21
159.7464352589343
 31
0.0
  0
LINE
  5
722
330
17
100
AcDbEntity
  8
GEOMETRY
100
AcDbLine
 10
170.5
 20
159.7464352589343
 30
0.0
 11
170.5
 21
159.60798017299365
 31
0.0
  0
LINE
  5
723
330
17
100
AcDbEntity
  8
GEOMETRY
100
AcDbLine
 10
170.5
 20
159.60798017299365
 30
0.0
 11
170.5
 21
159.46952508705303
 31
0.0
  0
LINE
  5
724
330
17
100
AcDbEntity
  8
GEOMETRY
100
AcDbLine
 10
170.5
 20
159.46952508705303
 30
0.0
 11
170.5
 21
159.3300281063148
 31
0.0
  0
LINE
  5
725
330
17
100
AcDbEntity
  8
GEOMETRY
100
AcDbLine
 10
170.5
 20
159.3300281063148
 30
0.0
 11
170.5
 21
159.19011436765757
 31
0.0
  0
LINE
  5
726
330
17
100
AcDbEntity
  8
GEOMETRY
100
AcDbLine
 10
170.5
 20
159.19011436765757
 30
0.0
 11
170.5
 21
159.05020062900033
 31
0.0
  0
LINE
  5
727
330
17
100
AcDbEntity
  8
GEOMETRY
100
AcDbLine
 10
170.5
 20
159.05020062900033
 30
0.0
 11
170.5
 21
158.91028689034306
 31
0.0
  0
LINE
  5
728
330
17
100
AcDbEntity
  8
GEOMETRY
100
AcDbLine
 10
170.5
 20
158.91028689034306
 30
0.0
 11
170.5
 21
158.77023383110793
 31
0.0
  0
LINE
  5
729
330
17
100
AcDbEntity
  8
GEOMETRY
100
AcDbLine
 10
170.5
 20
158.77023383110793
 30
0.0
 11
170.5
 21
158.62934484840534
 31
0.0
  0
LINE
  5
72A
330
17
100
AcDbEntity
  8
GEOMETRY
100
AcDbLine
 10
170.5
 20
158.62934484840534
 30
0.0
 11
170.5
 21
158.48845586570275
 31
0.0
  0
LINE
  5
72B
330
17
100
AcDbEntity
  8
GEOMETRY
100
AcDbLine
 10
170.5
 20
158.48845586570275
 30
0.0
 11
170.5
 21
158.34756688300016
 31
0.0
  0
LINE
  5
72C
330
17
100
AcDbEntity
  8
GEOMETRY
100
AcDbLine
 10
170.5
 20
158.34756688300016
 30
0.0
 11
170.5
 21
158.20667790029756
 31
0.0
  0
LINE
  5
72D
330
17
100
AcDbEntity
  8
GEOMETRY
100
AcDbLine
 10
170.5
 20
158.20667790029756
 30
0.0
 11
170.5
 21
158.0655097942469
 31
0.0
  0
LINE
  5
72E
330
17
100
AcDbEntity
  8
GEOMETRY
100
AcDbLine
 10
170.5
 20
158.0655097942469
 30
0.0
 11
170.5
 21
157.92413234568517
 31
0.0
  0
LINE
  5
72F
330
17
100
AcDbEntity
  8
GEOMETRY
100
AcDbLine
 10
170.5
 20
157.92413234568517
 30
0.0
 11
170.5
 21
157.78275489712345
 31
0.0
  0
LINE
  5
730
330
17
100
AcDbEntity
  8
GEOMETRY
100
AcDbLine
 10
170.5
 20
157.78275489712345
 30
0.0
 11
170.5
 21
157.64137744856174
 31
0.0
  0
LINE
  5
731
330
17
100
AcDbEntity
  8
GEOMETRY
100
AcDbLine
 10
170.5
 20
157.64137744856174
 30
0.0
 11
170.5
 21
157.5
 31
0.0
  0
LINE
  5
732
330
17
100
AcDbEntity
  8
GEOMETRY
100
AcDbLine
 10
170.5
 20
157.5
 30
0.0
 11
170.5
 21
157.35862255143826
 31
0.0
  0
LINE
  5
733
330
17
100
AcDbEntity
  8
GEOMETRY
100
AcDbLine
 10
170.5
 20
157.35862255143826
 30
0.0
 11
170.5
 21
157.21724510287655
 31
0.0
  0
LINE
  5
734
330
17
100
AcDbEntity
  8
GEOMETRY
100
AcDbLine
 10
170.5
 20
157.21724510287655
 30
0.0
 11
170.5
 21
157.0758676543148
 31
0.0
  0
LINE
  5
735
330
17
100
AcDbEntity
  8
GEOMETRY
100
AcDbLine
 10
170.5
 20
157.0758676543148
 30
0.0
 11
170.5
 21
156.9344902057531
 31
0.0
  0
LINE
  5
736
330
17
100
AcDbEntity
  8
GEOMETRY
100
AcDbLine
 10
170.5
 20
156.9344902057531
 30
0.0
 11
170.5
 21
156.79332209970244
 31
0.0
  0
LINE
  5
737
330
17
100
AcDbEntity
  8
GEOMETRY
100
AcDbLine
 10
170.5
 20
156.79332209970244
 30
0.0
 11
170.5
 21
156.65243311699984
 31
0.0
  0
LINE
  5
738
330
17
100
AcDbEntity
  8
GEOMETRY
100
AcDbLine
 10
170.5
 20
156.65243311699984
 30
0.0
 11
170.5
 21
156.51154413429725
 31
0.0
  0
LINE
  5
739
330
17
100
AcDbEntity
  8
GEOMETRY
100
AcDbLine
 10
170.5
 20
156.51154413429725
 30
0.0
 11
170.5
 21
156.37065515159466
 31
0.0
  0
LINE
  5
73A
330
17
100
AcDbEntity
  8
GEOMETRY
100
AcDbLine
 10
170.5
 20
156.37065515159466
 30
0.0
 11
170.5
 21
156.22976616889207
 31
0.0
  0
LINE
  5
73B
330
17
100
AcDbEntity
  8
GEOMETRY
100
AcDbLine
 10
170.5
 20
156.22976616889207
 30
0.0
 11
170.5
 21
156.0897131096569
 31
0.0
  0
LINE
  5
73C
330
17
100
AcDbEntity
  8
GEOMETRY
100
AcDbLine
 10
170.5
 20
156.0897131096569
 30
0.0
 11
170.5
 21
155.94979937099967
 31
0.0
  0
LINE
  5
73D
330
17
100
AcDbEntity
  8
GEOMETRY
100
AcDbLine
 10
170.5
 20
155.94979937099967
 30
0.0
 11
170.5
 21
155.80988563234243
 31
0.0
  0
LINE
  5
73E
330
17
100
AcDbEntity
  8
GEOMETRY
100
AcDbLine
 10
170.5
 20
155.80988563234243
 30
0.0
 11
170.5
 21
155.6699718936852
 31
0.0
  0
LINE
  5
73F
330
17
100
AcDbEntity
  8
GEOMETRY
100
AcDbLine
 10
170.5
 20
155.6699718936852
 30
0.0
 11
170.5
 21
155.53047491294697
 31
0.0
  0
LINE
  5
740
330
17
100
AcDbEntity
  8
GEOMETRY
100
AcDbLine
 10
170.5
 20
155.53047491294697
 30
0.0
 11
170.5
 21
155.39201982700632
 31
0.0
  0
LINE
  5
741
330
17
100
AcDbEntity
  8
GEOMETRY
100
AcDbLine
 10
170.5
 20
155.39201982700632
 30
0.0
 11
170.5
 21
155.2535647410657
 31
0.0
  0
LINE
  5
742
330
17
100
AcDbEntity
  8
GEOMETRY
100
AcDbLine
 10
170.5
 20
155.2535647410657
 30
0.0
 11
170.5
 21
155.11510965512508
 31
0.0
  0
LINE
  5
743
330
17
100
AcDbEntity
  8
GEOMETRY
100
AcDbLine
 10
170.5
 20
155.11510965512508
 30
0.0
 11
170.5
 21
154.97665456918446
 31
0.0
  0
LINE
  5
744
330
17
100
AcDbEntity
  8
GEOMETRY
100
AcDbLine
 10
170.5
 20
154.97665456918446
 30
0.0
 11
170.5
 21
154.83958307015303
 31
0.0
  0
LINE
  5
745
330
17
100
AcDbEntity
  8
GEOMETRY
100
AcDbLine
 10
170.5
 20
154.83958307015303
 30
0.0
 11
170.5
 21
154.7030650058853
 31
0.0
  0
LINE
  5
746
330
17
100
AcDbEntity
  8
GEOMETRY
100
AcDbLine
 10
170.5
 20
154.7030650058853
 30
0.0
 11
170.5
 21
154.56654694161753
 31
0.0
  0
LINE
  5
747
330
17
100
AcDbEntity
  8
GEOMETRY
100
AcDbLine
 10
170.5
 20
154.56654694161753
 30
0.0
 11
170.5
 21
154.4300288773498
 31
0.0
  0
LINE
  5
748
330
17
100
AcDbEntity
  8
GEOMETRY
100
AcDbLine
 10
170.5
 20
154.4300288773498
 30
0.0
 11
170.5
 21
154.2938549128144
 31
0.0
  0
LINE
  5
749
330
17
100
AcDbEntity
  8
GEOMETRY
100
AcDbLine
 10
170.5
 20
154.2938549128144
 30
0.0
 11
170.5
 21
154.1597455466731
 31
0.0
  0
LINE
  5
74A
330
17
100
AcDbEntity
  8
GEOMETRY
100
AcDbLine
 10
170.5
 20
154.1597455466731
 30
0.0
 11
170.5
 21
154.02563618053176
 31
0.0
  0
LINE
  5
74B
330
17
100
AcDbEntity
  8
GEOMETRY
100
AcDbLine
 10
170.5
 20
154.02563618053176
 30
0.0
 11
170.5
 21
153.89152681439046
 31
0.0
  0
LINE
  5
74C
330
17
100
AcDbEntity
  8
GEOMETRY
100
AcDbLine
 10
170.5
 20
153.89152681439046
 30
0.0
 11
170.5
 21
153.75741744824916
 31
0.0
  0
LINE
  5
74D
330
17
100
AcDbEntity
  8
GEOMETRY
100
AcDbLine
 10
170.5
 20
153.75741744824916
 30
0.0
 11
170.5
 21
153.624949254915
 31
0.0
  0
LINE
  5
74E
330
17
100
AcDbEntity
  8
GEOMETRY
100
AcDbLine
 10
170.5
 20
153.624949254915
 30
0.0
 11
170.5
 21
153.49371194118626
 31
0.0
  0
LINE
  5
74F
330
17
100
AcDbEntity
  8
GEOMETRY
100
AcDbLine
 10
170.5
 20
153.49371194118626
 30
0.0
 11
170.5
 21
153.36247462745752
 31
0.0
  0
LINE
  5
750
330
17
100
AcDbEntity
  8
GEOMETRY
100
AcDbLine
 10
170.5
 20
153.36247462745752
 30
0.0
 11
170.5
 21
153.23123731372877
 31
0.0
  0
LINE
  5
751
330
17
100
AcDbEntity
  8
GEOMETRY
100
AcDbLine
 10
170.5
 20
153.23123731372877
 30
0.0
 11
170.5
 21
153.10000000000002
 31
0.0
  0
LINE
  5
752
330
17
100
AcDbEntity
  8
GEOMETRY
100
AcDbLine
 10
173.5
 20
161.89999999999998
 30
0.0
 11
173.5
 21
161.76876268627123
 31
0.0
  0
LINE
  5
753
330
17
100
AcDbEntity
  8
GEOMETRY
100
AcDbLine
 10
173.5
 20
161.76876268627123
 30
0.0
 11
173.5
 21
161.63752537254248
 31
0.0
  0
LINE
  5
754
330
17
100
AcDbEntity
  8
GEOMETRY
100
AcDbLine
 10
173.5
 20
161.63752537254248
 30
0.0
 11
173.5
 21
161.50628805881374
 31
0.0
  0
LINE
  5
755
330
17
100
AcDbEntity
  8
GEOMETRY
100
AcDbLine
 10
173.5
 20
161.50628805881374
 30
0.0
 11
173.5
 21
161.375050745085
 31
0.0
  0
LINE
  5
756
330
17
100
AcDbEntity
  8
GEOMETRY
100
AcDbLine
 10
173.5
 20
161.375050745085
 30
0.0
 11
173.5
 21
161.24258255175084
 31
0.0
  0
LINE
  5
757
330
17
100
AcDbEntity
  8
GEOMETRY
100
AcDbLine
 10
173.5
 20
161.24258255175084
 30
0.0
 11
173.5
 21
161.10847318560954
 31
0.0
  0
LINE
  5
758
330
17
100
AcDbEntity
  8
GEOMETRY
100
AcDbLine
 10
173.5
 20
161.10847318560954
 30
0.0
 11
173.5
 21
160.97436381946824
 31
0.0
  0
LINE
  5
759
330
17
100
AcDbEntity
  8
GEOMETRY
100
AcDbLine
 10
173.5
 20
160.97436381946824
 30
0.0
 11
173.5
 21
160.8402544533269
 31
0.0
  0
LINE
  5
75A
330
17
100
AcDbEntity
  8
GEOMETRY
100
AcDbLine
 10
173.5
 20
160.8402544533269
 30
0.0
 11
173.5
 21
160.7061450871856
 31
0.0
  0
LINE
  5
75B
330
17
100
AcDbEntity
  8
GEOMETRY
100
AcDbLine
 10
173.5
 20
160.7061450871856
 30
0.0
 11
173.5
 21
160.5699711226502
 31
0.0
  0
LINE
  5
75C
330
17
100
AcDbEntity
  8
GEOMETRY
100
AcDbLine
 10
173.5
 20
160.5699711226502
 30
0.0
 11
173.5
 21
160.43345305838247
 31
0.0
  0
LINE
  5
75D
330
17
100
AcDbEntity
  8
GEOMETRY
100
AcDbLine
 10
173.5
 20
160.43345305838247
 30
0.0
 11
173.5
 21
160.2969349941147
 31
0.0
  0
LINE
  5
75E
330
17
100
AcDbEntity
  8
GEOMETRY
100
AcDbLine
 10
173.5
 20
160.2969349941147
 30
0.0
 11
173.5
 21
160.16041692984697
 31
0.0
  0
LINE
  5
75F
330
17
100
AcDbEntity
  8
GEOMETRY
100
AcDbLine
 10
173.5
 20
160.16041692984697
 30
0.0
 11
173.5
 21
160.02334543081554
 31
0.0
  0
LINE
  5
760
330
17
100
AcDbEntity
  8
GEOMETRY
100
AcDbLine
 10
173.5
 20
160.02334543081554
 30
0.0
 11
173.5
 21
159.88489034487492
 31
0.0
  0
LINE
  5
761
330
17
100
AcDbEntity
  8
GEOMETRY
100
AcDbLine
 10
173.5
 20
159.88489034487492
 30
0.0
 11
173.5
 21
159.7464352589343
 31
0.0
  0
LINE
  5
762
330
17
100
AcDbEntity
  8
GEOMETRY
100
AcDbLine
 10
173.5
 20
159.7464352589343
 30
0.0
 11
173.5
 21
159.60798017299365
 31
0.0
  0
LINE
  5
763
330
17
100
AcDbEntity
  8
GEOMETRY
100
AcDbLine
 10
173.5
 20
159.60798017299365
 30
0.0
 11
173.5
 21
159.46952508705303
 31
0.0
  0
LINE
  5
764
330
17
100
AcDbEntity
  8
GEOMETRY
100
AcDbLine
 10
173.5
 20
159.46952508705303
 30
0.0
 11
173.5
 21
159.3300281063148
 31
0.0
  0
LINE
  5
765
330
17
100
AcDbEntity
  8
GEOMETRY
100
AcDbLine
 10
173.5
 20
159.3300281063148
 30
0.0
 11
173.5
 21
159.19011436765757
 31
0.0
  0
LINE
  5
766
330
17
100
AcDbEntity
  8
GEOMETRY
100
AcDbLine
 10
173.5
 20
159.19011436765757
 30
0.0
 11
173.5
 21
159.05020062900033
 31
0.0
  0
LINE
  5
767
330
17
100
AcDbEntity
  8
GEOMETRY
100
AcDbLine
 10
173.5
 20
159.05020062900033
 30
0.0
 11
173.5
 21
158.91028689034306
 31
0.0
  0
LINE
  5
768
330
17
100
AcDbEntity
  8
GEOMETRY
100
AcDbLine
 10
173.5
 20
158.91028689034306
 30
0.0
 11
173.5
 21
158.77023383110793
 31
0.0
  0
LINE
  5
769
330
17
100
AcDbEntity
  8
GEOMETRY
100
AcDbLine
 10
173.5
 20
158.77023383110793
 30
0.0
 11
173.5
 21
158.62934484840534
 31
0.0
  0
LINE
  5
76A
330
17
100
AcDbEntity
  8
GEOMETRY
100
AcDbLine
 10
173.5
 20
158.62934484840534
 30
0.0
 11
173.5
 21
158.48845586570275
 31
0.0
  0
LINE
  5
76B
330
17
100
AcDbEntity
  8
GEOMETRY
100
AcDbLine
 10
173.5
 20
158.48845586570275
 30
0.0
 11
173.5
 21
158.34756688300016
 31
0.0
  0
LINE
  5
76C
330
17
100
AcDbEntity
  8
GEOMETRY
100
AcDbLine
 10
173.5
 20
158.34756688300016
 30
0.0
 11
173.5
 21
158.20667790029756
 31
0.0
  0
LINE
  5
76D
330
17
100
AcDbEntity
  8
GEOMETRY
100
AcDbLine
 10
173.5
 20
158.20667790029756
 30
0.0
 11
173.5
 21
158.0655097942469
 31
0.0
  0
LINE
  5
76E
330
17
100
AcDbEntity
  8
GEOMETRY
100
AcDbLine
 10
173.5
 20
158.0655097942469
 30
0.0
 11
173.5
 21
157.92413234568517
 31
0.0
  0
LINE
  5
76F
330
17
100
AcDbEntity
  8
GEOMETRY
100
AcDbLine
 10
173.5
 20
157.92413234568517
 30
0.0
 11
173.5
 21
157.78275489712345
 31
0.0
  0
LINE
  5
770
330
17
100
AcDbEntity
  8
GEOMETRY
100
AcDbLine
 10
173.5
 20
157.78275489712345
 30
0.0
 11
173.5
 21
157.64137744856174
 31
0.0
  0
LINE
  5
771
330
17
100
AcDbEntity
  8
GEOMETRY
100
AcDbLine
 10
173.5
 20
157.64137744856174
 30
0.0
 11
173.5
 21
157.5
 31
0.0
  0
LINE
  5
772
330
17
100
AcDbEntity
  8
GEOMETRY
100
AcDbLine
 10
173.5
 20
157.5
 30
0.0
 11
173.5
 21
157.35862255143826
 31
0.0
  0
LINE
  5
773
330
17
100
AcDbEntity
  8
GEOMETRY
100
AcDbLine
 10
173.5
 20
157.35862255143826
 30
0.0
 11
173.5
 21
157.21724510287655
 31
0.0
  0
LINE
  5
774
330
17
100
AcDbEntity
  8
GEOMETRY
100
AcDbLine
 10
173.5
 20
157.21724510287655
 30
0.0
 11
173.5
 21
157.0758676543148
 31
0.0
  0
LINE
  5
775
330
17
100
AcDbEntity
  8
GEOMETRY
100
AcDbLine
 10
173.5
 20
157.0758676543148
 30
0.0
 11
173.5
 21
156.9344902057531
 31
0.0
  0
LINE
  5
776
330
17
100
AcDbEntity
  8
GEOMETRY
100
AcDbLine
 10
173.5
 20
156.9344902057531
 30
0.0
 11
173.5
 21
156.79332209970244
 31
0.0
  0
LINE
  5
777
330
17
100
AcDbEntity
  8
GEOMETRY
100
AcDbLine
 10
173.5
 20
156.79332209970244
 30
0.0
 11
173.5
 21
156.65243311699984
 31
0.0
  0
LINE
  5
778
330
17
100
AcDbEntity
  8
GEOMETRY
100
AcDbLine
 10
173.5
 20
156.65243311699984
 30
0.0
 11
173.5
 21
156.51154413429725
 31
0.0
  0
LINE
  5
779
330
17
100
AcDbEntity
  8
GEOMETRY
100
AcDbLine
 10
173.5
 20
156.51154413429725
 30
0.0
 11
173.5
 21
156.37065515159466
 31
0.0
  0
LINE
  5
77A
330
17
100
AcDbEntity
  8
GEOMETRY
100
AcDbLine
 10
173.5
 20
156.37065515159466
 30
0.0
 11
173.5
 21
156.22976616889207
 31
0.0
  0
LINE
  5
77B
330
17
100
AcDbEntity
  8
GEOMETRY
100
AcDbLine
 10
173.5
 20
156.22976616889207
 30
0.0
 11
173.5
 21
156.0897131096569
 31
0.0
  0
LINE
  5
77C
330
17
100
AcDbEntity
  8
GEOMETRY
100
AcDbLine
 10
173.5
 20
156.0897131096569
 30
0.0
 11
173.5
 21
155.94979937099967
 31
0.0
  0
LINE
  5
77D
330
17
100
AcDbEntity
  8
GEOMETRY
100
AcDbLine
 10
173.5
 20
155.94979937099967
 30
0.0
 11
173.5
 21
155.80988563234243
 31
0.0
  0
LINE
  5
77E
330
17
100
AcDbEntity
  8
GEOMETRY
100
AcDbLine
 10
173.5
 20
155.80988563234243
 30
0.0
 11
173.5
 21
155.6699718936852
 31
0.0
  0
LINE
  5
77F
330
17
100
AcDbEntity
  8
GEOMETRY
100
AcDbLine
 10
173.5
 20
155.6699718936852
 30
0.0
 11
173.5
 21
155.53047491294697
 31
0.0
  0
LINE
  5
780
330
17
100
AcDbEntity
  8
GEOMETRY
100
AcDbLine
 10
173.5
 20
155.53047491294697
 30
0.0
 11
173.5
 21
155.39201982700632
 31
0.0
  0
LINE
  5
781
330
17
100
AcDbEntity
  8
GEOMETRY
100
AcDbLine
 10
173.5
 20
155.39201982700632
 30
0.0
 11
173.5
 21
155.2535647410657
 31
0.0
  0
LINE
  5
782
330
17
100
AcDbEntity
  8
GEOMETRY
100
AcDbLine
 10
173.5
 20
155.2535647410657
 30
0.0
 11
173.5
 21
155.11510965512508
 31
0.0
  0
LINE
  5
783
330
17
100
AcDbEntity
  8
GEOMETRY
100
AcDbLine
 10
173.5
 20
155.11510965512508
 30
0.0
 11
173.5
 21
154.97665456918446
 31
0.0
  0
LINE
  5
784
330
17
100
AcDbEntity
  8
GEOMETRY
100
AcDbLine
 10
173.5
 20
154.97665456918446
 30
0.0
 11
173.5
 21
154.83958307015303
 31
0.0
  0
LINE
  5
785
330
17
100
AcDbEntity
  8
GEOMETRY
100
AcDbLine
 10
173.5
 20
154.83958307015303
 30
0.0
 11
173.5
 21
154.7030650058853
 31
0.0
  0
LINE
  5
786
330
17
100
AcDbEntity
  8
GEOMETRY
100
AcDbLine
 10
173.5
 20
154.7030650058853
 30
0.0
 11
173.5
 21
154.56654694161753
 31
0.0
  0
LINE
  5
787
330
17
100
AcDbEntity
  8
GEOMETRY
100
AcDbLine
 10
173.5
 20
154.56654694161753
 30
0.0
 11
173.5
 21
154.4300288773498
 31
0.0
  0
LINE
  5
788
330
17
100
AcDbEntity
  8
GEOMETRY
100
AcDbLine
 10
173.5
 20
154.4300288773498
 30
0.0
 11
173.5
 21
154.2938549128144
 31
0.0
  0
LINE
  5
789
330
17
100
AcDbEntity
  8
GEOMETRY
100
AcDbLine
 10
173.5
 20
154.2938549128144
 30
0.0
 11
173.5
 21
154.1597455466731
 31
0.0
  0
LINE
  5
78A
330
17
100
AcDbEntity
  8
GEOMETRY
100
AcDbLine
 10
173.5
 20
154.1597455466731
 30
0.0
 11
173.5
 21
154.02563618053176
 31
0.0
  0
LINE
  5
78B
330
17
100
AcDbEntity
  8
GEOMETRY
100
AcDbLine
 10
173.5
 20
154.02563618053176
 30
0.0
 11
173.5
 21
153.89152681439046
 31
0.0
  0
LINE
  5
78C
330
17
100
AcDbEntity
  8
GEOMETRY
100
AcDbLine
 10
173.5
 20
153.89152681439046
 30
0.0
 11
173.5
 21
153.75741744824916
 31
0.0
  0
LINE
  5
78D
330
17
100
AcDbEntity
  8
GEOMETRY
100
AcDbLine
 10
173.5
 20
153.75741744824916
 30
0.0
 11
173.5
 21
153.624949254915
 31
0.0
  0
LINE
  5
78E
330
17
100
AcDbEntity
  8
GEOMETRY
100
AcDbLine
 10
173.5
 20
153.624949254915
 30
0.0
 11
173.5
 21
153.49371194118626
 31
0.0
  0
LINE
  5
78F
330
17
100
AcDbEntity
  8
GEOMETRY
100
AcDbLine
 10
173.5
 20
153.49371194118626
 30
0.0
 11
173.5
 21
153.36247462745752
 31
0.0
  0
LINE
  5
790
330
17
100
AcDbEntity
  8
GEOMETRY
100
AcDbLine
 10
173.5
 20
153.36247462745752
 30
0.0
 11
173.5
 21
153.23123731372877
 31
0.0
  0
LINE
  5
791
330
17
100
AcDbEntity
  8
GEOMETRY
100
AcDbLine
 10
173.5
 20
153.23123731372877
 30
0.0
 11
173.5
 21
153.10000000000002
 31
0.0
  0
LINE
  5
792
330
17
100
AcDbEntity
  8
GEOMETRY
100
AcDbLine
 10
170.5
 20
153.10000000000002
 30
0.0
 11
170.5
 21
140.5
 31
0.0
  0
LINE
  5
793
330
17
100
AcDbEntity
  8
GEOMETRY
100
AcDbLine
 10
173.5
 20
153.10000000000002
 30
0.0
 11
173.5
 21
140.5
 31
0.0
  0
LINE
  5
794
330
17
100
AcDbEntity
  8
GEOMETRY
100
AcDbLine
 10
170.5
 20
140.5
 30
0.0
 11
170.5
 21
140.41858629878064
 31
0.0
  0
LINE
  5
795
330
17
100
AcDbEntity
  8
GEOMETRY
100
AcDbLine
 10
170.5
 20
140.41858629878064
 30
0.0
 11
170.5
 21
140.33717259756128
 31
0.0
  0
LINE
  5
796
330
17
100
AcDbEntity
  8
GEOMETRY
100
AcDbLine
 10
170.5
 20
140.33717259756128
 30
0.0
 11
170.5
 21
140.25575889634194
 31
0.0
  0
LINE
  5
797
330
17
100
AcDbEntity
  8
GEOMETRY
100
AcDbLine
 10
170.5
 20
140.25575889634194
 30
0.0
 11
170.5
 21
140.17434519512258
 31
0.0
  0
LINE
  5
798
330
17
100
AcDbEntity
  8
GEOMETRY
100
AcDbLine
 10
170.5
 20
140.17434519512258
 30
0.0
 11
170.5
 21
140.09445551300234
 31
0.0
  0
LINE
  5
799
330
17
100
AcDbEntity
  8
GEOMETRY
100
AcDbLine
 10
170.5
 20
140.09445551300234
 30
0.0
 11
170.5
 21
140.0165978563476
 31
0.0
  0
LINE
  5
79A
330
17
100
AcDbEntity
  8
GEOMETRY
100
AcDbLine
 10
170.5
 20
140.0165978563476
 30
0.0
 11
170.5
 21
139.93874019969286
 31
0.0
  0
LINE
  5
79B
330
17
100
AcDbEntity
  8
GEOMETRY
100
AcDbLine
 10
170.5
 20
139.93874019969286
 30
0.0
 11
170.5
 21
139.86088254303814
 31
0.0
  0
LINE
  5
79C
330
17
100
AcDbEntity
  8
GEOMETRY
100
AcDbLine
 10
170.5
 20
139.86088254303814
 30
0.0
 11
170.5
 21
139.78302488638337
 31
0.0
  0
LINE
  5
79D
330
17
100
AcDbEntity
  8
GEOMETRY
100
AcDbLine
 10
170.5
 20
139.78302488638337
 30
0.0
 11
170.5
 21
139.70867259466726
 31
0.0
  0
LINE
  5
79E
330
17
100
AcDbEntity
  8
GEOMETRY
100
AcDbLine
 10
170.5
 20
139.70867259466726
 30
0.0
 11
170.5
 21
139.6349045304409
 31
0.0
  0
LINE
  5
79F
330
17
100
AcDbEntity
  8
GEOMETRY
100
AcDbLine
 10
170.5
 20
139.6349045304409
 30
0.0
 11
170.5
 21
139.56113646621452
 31
0.0
  0
LINE
  5
7A0
330
17
100
AcDbEntity
  8
GEOMETRY
100
AcDbLine
 10
170.5
 20
139.56113646621452
 30
0.0
 11
170.5
 21
139.48736840198816
 31
0.0
  0
LINE
  5
7A1
330
17
100
AcDbEntity
  8
GEOMETRY
100
AcDbLine
 10
170.5
 20
139.48736840198816
 30
0.0
 11
170.5
 21
139.4149132277261
 31
0.0
  0
LINE
  5
7A2
330
17
100
AcDbEntity
  8
GEOMETRY
100
AcDbLine
 10
170.5
 20
139.4149132277261
 30
0.0
 11
170.5
 21
139.34574027837476
 31
0.0
  0
LINE
  5
7A3
330
17
100
AcDbEntity
  8
GEOMETRY
100
AcDbLine
 10
170.5
 20
139.34574027837476
 30
0.0
 11
170.5
 21
139.2765673290234
 31
0.0
  0
LINE
  5
7A4
330
17
100
AcDbEntity
  8
GEOMETRY
100
AcDbLine
 10
170.5
 20
139.2765673290234
 30
0.0
 11
170.5
 21
139.20739437967205
 31
0.0
  0
LINE
  5
7A5
330
17
100
AcDbEntity
  8
GEOMETRY
100
AcDbLine
 10
170.5
 20
139.20739437967205
 30
0.0
 11
170.5
 21
139.1382214303207
 31
0.0
  0
LINE
  5
7A6
330
17
100
AcDbEntity
  8
GEOMETRY
100
AcDbLine
 10
170.5
 20
139.1382214303207
 30
0.0
 11
170.5
 21
139.07266930070392
 31
0.0
  0
LINE
  5
7A7
330
17
100
AcDbEntity
  8
GEOMETRY
100
AcDbLine
 10
170.5
 20
139.07266930070392
 30
0.0
 11
170.5
 21
139.00856549898094
 31
0.0
  0
LINE
  5
7A8
330
17
100
AcDbEntity
  8
GEOMETRY
100
AcDbLine
 10
170.5
 20
139.00856549898094
 30
0.0
 11
170.5
 21
138.94446169725802
 31
0.0
  0
LINE
  5
7A9
330
17
100
AcDbEntity
  8
GEOMETRY
100
AcDbLine
 10
170.5
 20
138.94446169725802
 30
0.0
 11
170.5
 21
138.88035789553504
 31
0.0
  0
LINE
  5
7AA
330
17
100
AcDbEntity
  8
GEOMETRY
100
AcDbLine
 10
170.5
 20
138.88035789553504
 30
0.0
 11
170.5
 21
138.81704101412737
 31
0.0
  0
LINE
  5
7AB
330
17
100
AcDbEntity
  8
GEOMETRY
100
AcDbLine
 10
170.5
 20
138.81704101412737
 30
0.0
 11
170.5
 21
138.7584456546114
 31
0.0
  0
LINE
  5
7AC
330
17
100
AcDbEntity
  8
GEOMETRY
100
AcDbLine
 10
170.5
 20
138.7584456546114
 30
0.0
 11
170.5
 21
138.69985029509542
 31
0.0
  0
LINE
  5
7AD
330
17
100
AcDbEntity
  8
GEOMETRY
100
AcDbLine
 10
170.5
 20
138.69985029509542
 30
0.0
 11
170.5
 21
138.6412549355794
 31
0.0
  0
LINE
  5
7AE
330
17
100
AcDbEntity
  8
GEOMETRY
100
AcDbLine
 10
170.5
 20
138.6412549355794
 30
0.0
 11
170.5
 21
138.58265957606343
 31
0.0
  0
LINE
  5
7AF
330
17
100
AcDbEntity
  8
GEOMETRY
100
AcDbLine
 10
170.5
 20
138.58265957606343
 30
0.0
 11
170.5
 21
138.52744135265323
 31
0.0
  0
LINE
  5
7B0
330
17
100
AcDbEntity
  8
GEOMETRY
100
AcDbLine
 10
170.5
 20
138.52744135265323
 30
0.0
 11
170.5
 21
138.47475598132232
 31
0.0
  0
LINE
  5
7B1
330
17
100
AcDbEntity
  8
GEOMETRY
100
AcDbLine
 10
170.5
 20
138.47475598132232
 30
0.0
 11
170.5
 21
138.4220706099914
 31
0.0
  0
LINE
  5
7B2
330
17
100
AcDbEntity
  8
GEOMETRY
100
AcDbLine
 10
170.5
 20
138.4220706099914
 30
0.0
 11
170.5
 21
138.36938523866053
 31
0.0
  0
LINE
  5
7B3
330
17
100
AcDbEntity
  8
GEOMETRY
100
AcDbLine
 10
170.5
 20
138.36938523866053
 30
0.0
 11
170.5
 21
138.31669986732962
 31
0.0
  0
LINE
  5
7B4
330
17
100
AcDbEntity
  8
GEOMETRY
100
AcDbLine
 10
170.5
 20
138.31669986732962
 30
0.0
 11
170.5
 21
138.27028552982188
 31
0.0
  0
LINE
  5
7B5
330
17
100
AcDbEntity
  8
GEOMETRY
100
AcDbLine
 10
170.5
 20
138.27028552982188
 30
0.0
 11
170.5
 21
138.2238711923141
 31
0.0
  0
LINE
  5
7B6
330
17
100
AcDbEntity
  8
GEOMETRY
100
AcDbLine
 10
170.5
 20
138.2238711923141
 30
0.0
 11
170.5
 21
138.1774568548064
 31
0.0
  0
LINE
  5
7B7
330
17
100
AcDbEntity
  8
GEOMETRY
100
AcDbLine
 10
170.5
 20
138.1774568548064
 30
0.0
 11
170.5
 21
138.13104251729862
 31
0.0
  0
LINE
  5
7B8
330
17
100
AcDbEntity
  8
GEOMETRY
100
AcDbLine
 10
170.5
 20
138.13104251729862
 30
0.0
 11
170.5
 21
138.08745208190152
 31
0.0
  0
LINE
  5
7B9
330
17
100
AcDbEntity
  8
GEOMETRY
100
AcDbLine
 10
170.5
 20
138.08745208190152
 30
0.0
 11
170.5
 21
138.0476268493186
 31
0.0
  0
LINE
  5
7BA
330
17
100
AcDbEntity
  8
GEOMETRY
100
AcDbLine
 10
170.5
 20
138.0476268493186
 30
0.0
 11
170.5
 21
138.00780161673566
 31
0.0
  0
LINE
  5
7BB
330
17
100
AcDbEntity
  8
GEOMETRY
100
AcDbLine
 10
170.5
 20
138.00780161673566
 30
0.0
 11
170.5
 21
137.9679763841527
 31
0.0
  0
LINE
  5
7BC
330
17
100
AcDbEntity
  8
GEOMETRY
100
AcDbLine
 10
170.5
 20
137.9679763841527
 30
0.0
 11
170.5
 21
137.92815115156978
 31
0.0
  0
LINE
  5
7BD
330
17
100
AcDbEntity
  8
GEOMETRY
100
AcDbLine
 10
170.5
 20
137.92815115156978
 30
0.0
 11
170.5
 21
137.89420765195172
 31
0.0
  0
LINE
  5
7BE
330
17
100
AcDbEntity
  8
GEOMETRY
100
AcDbLine
 10
170.5
 20
137.89420765195172
 30
0.0
 11
170.5
 21
137.86124444116115
 31
0.0
  0
LINE
  5
7BF
330
17
100
AcDbEntity
  8
GEOMETRY
100
AcDbLine
 10
170.5
 20
137.86124444116115
 30
0.0
 11
170.5
 21
137.82828123037058
 31
0.0
  0
LINE
  5
7C0
330
17
100
AcDbEntity
  8
GEOMETRY
100
AcDbLine
 10
170.5
 20
137.82828123037058
 30
0.0
 11
170.5
 21
137.79531801957998
 31
0.0
  0
LINE
  5
7C1
330
17
100
AcDbEntity
  8
GEOMETRY
100
AcDbLine
 10
170.5
 20
137.79531801957998
 30
0.0
 11
170.5
 21
137.76437992712192
 31
0.0
  0
LINE
  5
7C2
330
17
100
AcDbEntity
  8
GEOMETRY
100
AcDbLine
 10
170.5
 20
137.76437992712192
 30
0.0
 11
170.5
 21
137.73850463049519
 31
0.0
  0
LINE
  5
7C3
330
17
100
AcDbEntity
  8
GEOMETRY
100
AcDbLine
 10
170.5
 20
137.73850463049519
 30
0.0
 11
170.5
 21
137.71262933386845
 31
0.0
  0
LINE
  5
7C4
330
17
100
AcDbEntity
  8
GEOMETRY
100
AcDbLine
 10
170.5
 20
137.71262933386845
 30
0.0
 11
170.5
 21
137.6867540372417
 31
0.0
  0
LINE
  5
7C5
330
17
100
AcDbEntity
  8
GEOMETRY
100
AcDbLine
 10
170.5
 20
137.6867540372417
 30
0.0
 11
170.5
 21
137.66087874061498
 31
0.0
  0
LINE
  5
7C6
330
17
100
AcDbEntity
  8
GEOMETRY
100
AcDbLine
 10
170.5
 20
137.66087874061498
 30
0.0
 11
170.5
 21
137.64019289686664
 31
0.0
  0
LINE
  5
7C7
330
17
100
AcDbEntity
  8
GEOMETRY
100
AcDbLine
 10
170.5
 20
137.64019289686664
 30
0.0
 11
170.5
 21
137.62158283426965
 31
0.0
  0
LINE
  5
7C8
330
17
100
AcDbEntity
  8
GEOMETRY
100
AcDbLine
 10
170.5
 20
137.62158283426965
 30
0.0
 11
170.5
 21
137.60297277167268
 31
0.0
  0
LINE
  5
7C9
330
17
100
AcDbEntity
  8
GEOMETRY
100
AcDbLine
 10
170.5
 20
137.60297277167268
 30
0.0
 11
170.5
 21
137.58436270907572
 31
0.0
  0
LINE
  5
7CA
330
17
100
AcDbEntity
  8
GEOMETRY
100
AcDbLine
 10
170.5
 20
137.58436270907572
 30
0.0
 11
170.5
 21
137.5668087559418
 31
0.0
  0
LINE
  5
7CB
330
17
100
AcDbEntity
  8
GEOMETRY
100
AcDbLine
 10
170.5
 20
137.5668087559418
 30
0.0
 11
170.5
 21
137.55559145958617
 31
0.0
  0
LINE
  5
7CC
330
17
100
AcDbEntity
  8
GEOMETRY
100
AcDbLine
 10
170.5
 20
137.55559145958617
 30
0.0
 11
170.5
 21
137.54437416323057
 31
0.0
  0
LINE
  5
7CD
330
17
100
AcDbEntity
  8
GEOMETRY
100
AcDbLine
 10
170.5
 20
137.54437416323057
 30
0.0
 11
170.5
 21
137.53315686687495
 31
0.0
  0
LINE
  5
7CE
330
17
100
AcDbEntity
  8
GEOMETRY
100
AcDbLine
 10
170.5
 20
137.53315686687495
 30
0.0
 11
170.5
 21
137.52193957051935
 31
0.0
  0
LINE
  5
7CF
330
17
100
AcDbEntity
  8
GEOMETRY
100
AcDbLine
 10
170.5
 20
137.52193957051935
 30
0.0
 11
170.5
 21
137.51499063807108
 31
0.0
  0
LINE
  5
7D0
330
17
100
AcDbEntity
  8
GEOMETRY
100
AcDbLine
 10
170.5
 20
137.51499063807108
 30
0.0
 11
170.5
 21
137.5112429785533
 31
0.0
  0
LINE
  5
7D1
330
17
100
AcDbEntity
  8
GEOMETRY
100
AcDbLine
 10
170.5
 20
137.5112429785533
 30
0.0
 11
170.5
 21
137.50749531903554
 31
0.0
  0
LINE
  5
7D2
330
17
100
AcDbEntity
  8
GEOMETRY
100
AcDbLine
 10
170.5
 20
137.50749531903554
 30
0.0
 11
170.5
 21
137.50374765951778
 31
0.0
  0
LINE
  5
7D3
330
17
100
AcDbEntity
  8
GEOMETRY
100
AcDbLine
 10
170.5
 20
137.50374765951778
 30
0.0
 11
170.5
 21
137.5
 31
0.0
  0
LINE
  5
7D4
330
17
100
AcDbEntity
  8
GEOMETRY
100
AcDbLine
 10
170.5
 20
137.5
 30
0.0
 11
170.5
 21
137.50374765951778
 31
0.0
  0
LINE
  5
7D5
330
17
100
AcDbEntity
  8
GEOMETRY
100
AcDbLine
 10
170.5
 20
137.50374765951778
 30
0.0
 11
170.5
 21
137.50749531903554
 31
0.0
  0
LINE
  5
7D6
330
17
100
AcDbEntity
  8
GEOMETRY
100
AcDbLine
 10
170.5
 20
137.50749531903554
 30
0.0
 11
170.5
 21
137.5112429785533
 31
0.0
  0
LINE
  5
7D7
330
17
100
AcDbEntity
  8
GEOMETRY
100
AcDbLine
 10
170.5
 20
137.5112429785533
 30
0.0
 11
170.5
 21
137.51499063807108
 31
0.0
  0
LINE
  5
7D8
330
17
100
AcDbEntity
  8
GEOMETRY
100
AcDbLine
 10
170.5
 20
137.51499063807108
 30
0.0
 11
170.5
 21
137.52193957051935
 31
0.0
  0
LINE
  5
7D9
330
17
100
AcDbEntity
  8
GEOMETRY
100
AcDbLine
 10
170.5
 20
137.52193957051935
 30
0.0
 11
170.5
 21
137.53315686687495
 31
0.0
  0
LINE
  5
7DA
330
17
100
AcDbEntity
  8
GEOMETRY
100
AcDbLine
 10
170.5
 20
137.53315686687495
 30
0.0
 11
170.5
 21
137.54437416323054
 31
0.0
  0
LINE
  5
7DB
330
17
100
AcDbEntity
  8
GEOMETRY
100
AcDbLine
 10
170.5
 20
137.54437416323054
 30
0.0
 11
170.5
 21
137.55559145958617
 31
0.0
  0
LINE
  5
7DC
330
17
100
AcDbEntity
  8
GEOMETRY
100
AcDbLine
 10
170.5
 20
137.55559145958617
 30
0.0
 11
170.5
 21
137.5668087559418
 31
0.0
  0
LINE
  5
7DD
330
17
100
AcDbEntity
  8
GEOMETRY
100
AcDbLine
 10
170.5
 20
137.5668087559418
 30
0.0
 11
170.5
 21
137.58436270907572
 31
0.0
  0
LINE
  5
7DE
330
17
100
AcDbEntity
  8
GEOMETRY
100
AcDbLine
 10
170.5
 20
137.58436270907572
 30
0.0
 11
170.5
 21
137.60297277167268
 31
0.0
  0
LINE
  5
7DF
330
17
100
AcDbEntity
  8
GEOMETRY
100
AcDbLine
 10
170.5
 20
137.60297277167268
 30
0.0
 11
170.5
 21
137.62158283426965
 31
0.0
  0
LINE
  5
7E0
330
17
100
AcDbEntity
  8
GEOMETRY
100
AcDbLine
 10
170.5
 20
137.62158283426965
 30
0.0
 11
170.5
 21
137.64019289686664
 31
0.0
  0
LINE
  5
7E1
330
17
100
AcDbEntity
  8
GEOMETRY
100
AcDbLine
 10
170.5
 20
137.64019289686664
 30
0.0
 11
170.5
 21
137.66087874061498
 31
0.0
  0
LINE
  5
7E2
330
17
100
AcDbEntity
  8
GEOMETRY
100
AcDbLine
 10
170.5
 20
137.66087874061498
 30
0.0
 11
170.5
 21
137.6867540372417
 31
0.0
  0
LINE
  5
7E3
330
17
100
AcDbEntity
  8
GEOMETRY
100
AcDbLine
 10
170.5
 20
137.6867540372417
 30
0.0
 11
170.5
 21
137.71262933386845
 31
0.0
  0
LINE
  5
7E4
330
17
100
AcDbEntity
  8
GEOMETRY
100
AcDbLine
 10
170.5
 20
137.71262933386845
 30
0.0
 11
170.5
 21
137.73850463049519
 31
0.0
  0
LINE
  5
7E5
330
17
100
AcDbEntity
  8
GEOMETRY
100
AcDbLine
 10
170.5
 20
137.73850463049519
 30
0.0
 11
170.5
 21
137.76437992712192
 31
0.0
  0
LINE
  5
7E6
330
17
100
AcDbEntity
  8
GEOMETRY
100
AcDbLine
 10
170.5
 20
137.76437992712192
 30
0.0
 11
170.5
 21
137.79531801957998
 31
0.0
  0
LINE
  5
7E7
330
17
100
AcDbEntity
  8
GEOMETRY
100
AcDbLine
 10
170.5
 20
137.79531801957998
 30
0.0
 11
170.5
 21
137.82828123037058
 31
0.0
  0
LINE
  5
7E8
330
17
100
AcDbEntity
  8
GEOMETRY
100
AcDbLine
 10
170.5
 20
137.82828123037058
 30
0.0
 11
170.5
 21
137.86124444116115
 31
0.0
  0
LINE
  5
7E9
330
17
100
AcDbEntity
  8
GEOMETRY
100
AcDbLine
 10
170.5
 20
137.86124444116115
 30
0.0
 11
170.5
 21
137.89420765195172
 31
0.0
  0
LINE
  5
7EA
330
17
100
AcDbEntity
  8
GEOMETRY
100
AcDbLine
 10
170.5
 20
137.89420765195172
 30
0.0
 11
170.5
 21
137.92815115156978
 31
0.0
  0
LINE
  5
7EB
330
17
100
AcDbEntity
  8
GEOMETRY
100
AcDbLine
 10
170.5
 20
137.92815115156978
 30
0.0
 11
170.5
 21
137.9679763841527
 31
0.0
  0
LINE
  5
7EC
330
17
100
AcDbEntity
  8
GEOMETRY
100
AcDbLine
 10
170.5
 20
137.9679763841527
 30
0.0
 11
170.5
 21
138.00780161673566
 31
0.0
  0
LINE
  5
7ED
330
17
100
AcDbEntity
  8
GEOMETRY
100
AcDbLine
 10
170.5
 20
138.00780161673566
 30
0.0
 11
170.5
 21
138.0476268493186
 31
0.0
  0
LINE
  5
7EE
330
17
100
AcDbEntity
  8
GEOMETRY
100
AcDbLine
 10
170.5
 20
138.0476268493186
 30
0.0
 11
170.5
 21
138.08745208190152
 31
0.0
  0
LINE
  5
7EF
330
17
100
AcDbEntity
  8
GEOMETRY
100
AcDbLine
 10
170.5
 20
138.08745208190152
 30
0.0
 11
170.5
 21
138.13104251729862
 31
0.0
  0
LINE
  5
7F0
330
17
100
AcDbEntity
  8
GEOMETRY
100
AcDbLine
 10
170.5
 20
138.13104251729862
 30
0.0
 11
170.5
 21
138.1774568548064
 31
0.0
  0
LINE
  5
7F1
330
17
100
AcDbEntity
  8
GEOMETRY
100
AcDbLine
 10
170.5
 20
138.1774568548064
 30
0.0
 11
170.5
 21
138.2238711923141
 31
0.0
  0
LINE
  5
7F2
330
17
100
AcDbEntity
  8
GEOMETRY
100
AcDbLine
 10
170.5
 20
138.2238711923141
 30
0.0
 11
170.5
 21
138.27028552982188
 31
0.0
  0
LINE
  5
7F3
330
17
100
AcDbEntity
  8
GEOMETRY
100
AcDbLine
 10
170.5
 20
138.27028552982188
 30
0.0
 11
170.5
 21
138.31669986732962
 31
0.0
  0
LINE
  5
7F4
330
17
100
AcDbEntity
  8
GEOMETRY
100
AcDbLine
 10
170.5
 20
138.31669986732962
 30
0.0
 11
170.5
 21
138.36938523866053
 31
0.0
  0
LINE
  5
7F5
330
17
100
AcDbEntity
  8
GEOMETRY
100
AcDbLine
 10
170.5
 20
138.36938523866053
 30
0.0
 11
170.5
 21
138.4220706099914
 31
0.0
  0
LINE
  5
7F6
330
17
100
AcDbEntity
  8
GEOMETRY
100
AcDbLine
 10
170.5
 20
138.4220706099914
 30
0.0
 11
170.5
 21
138.47475598132232
 31
0.0
  0
LINE
  5
7F7
330
17
100
AcDbEntity
  8
GEOMETRY
100
AcDbLine
 10
170.5
 20
138.47475598132232
 30
0.0
 11
170.5
 21
138.52744135265323
 31
0.0
  0
LINE
  5
7F8
330
17
100
AcDbEntity
  8
GEOMETRY
100
AcDbLine
 10
170.5
 20
138.52744135265323
 30
0.0
 11
170.5
 21
138.58265957606343
 31
0.0
  0
LINE
  5
7F9
330
17
100
AcDbEntity
  8
GEOMETRY
100
AcDbLine
 10
170.5
 20
138.58265957606343
 30
0.0
 11
170.5
 21
138.6412549355794
 31
0.0
  0
LINE
  5
7FA
330
17
100
AcDbEntity
  8
GEOMETRY
100
AcDbLine
 10
170.5
 20
138.6412549355794
 30
0.0
 11
170.5
 21
138.69985029509542
 31
0.0
  0
LINE
  5
7FB
330
17
100
AcDbEntity
  8
GEOMETRY
100
AcDbLine
 10
170.5
 20
138.69985029509542
 30
0.0
 11
170.5
 21
138.7584456546114
 31
0.0
  0
LINE
  5
7FC
330
17
100
AcDbEntity
  8
GEOMETRY
100
AcDbLine
 10
170.5
 20
138.7584456546114
 30
0.0
 11
170.5
 21
138.81704101412737
 31
0.0
  0
LINE
  5
7FD
330
17
100
AcDbEntity
  8
GEOMETRY
100
AcDbLine
 10
170.5
 20
138.81704101412737
 30
0.0
 11
170.5
 21
138.88035789553504
 31
0.0
  0
LINE
  5
7FE
330
17
100
AcDbEntity
  8
GEOMETRY
100
AcDbLine
 10
170.5
 20
138.88035789553504
 30
0.0
 11
170.5
 21
138.94446169725802
 31
0.0
  0
LINE
  5
7FF
330
17
100
AcDbEntity
  8
GEOMETRY
100
AcDbLine
 10
170.5
 20
138.94446169725802
 30
0.0
 11
170.5
 21
139.00856549898094
 31
0.0
  0
LINE
  5
800
330
17
100
AcDbEntity
  8
GEOMETRY
100
AcDbLine
 10
170.5
 20
139.00856549898094
 30
0.0
 11
170.5
 21
139.07266930070392
 31
0.0
  0
LINE
  5
801
330
17
100
AcDbEntity
  8
GEOMETRY
100
AcDbLine
 10
170.5
 20
139.07266930070392
 30
0.0
 11
170.5
 21
139.1382214303207
 31
0.0
  0
LINE
  5
802
330
17
100
AcDbEntity
  8
GEOMETRY
100
AcDbLine
 10
170.5
 20
139.1382214303207
 30
0.0
 11
170.5
 21
139.20739437967205
 31
0.0
  0
LINE
  5
803
330
17
100
AcDbEntity
  8
GEOMETRY
100
AcDbLine
 10
170.5
 20
139.20739437967205
 30
0.0
 11
170.5
 21
139.2765673290234
 31
0.0
  0
LINE
  5
804
330
17
100
AcDbEntity
  8
GEOMETRY
100
AcDbLine
 10
170.5
 20
139.2765673290234
 30
0.0
 11
170.5
 21
139.34574027837476
 31
0.0
  0
LINE
  5
805
330
17
100
AcDbEntity
  8
GEOMETRY
100
AcDbLine
 10
170.5
 20
139.34574027837476
 30
0.0
 11
170.5
 21
139.4149132277261
 31
0.0
  0
LINE
  5
806
330
17
100
AcDbEntity
  8
GEOMETRY
100
AcDbLine
 10
170.5
 20
139.4149132277261
 30
0.0
 11
170.5
 21
139.48736840198816
 31
0.0
  0
LINE
  5
807
330
17
100
AcDbEntity
  8
GEOMETRY
100
AcDbLine
 10
170.5
 20
139.48736840198816
 30
0.0
 11
170.5
 21
139.56113646621452
 31
0.0
  0
LINE
  5
808
330
17
100
AcDbEntity
  8
GEOMETRY
100
AcDbLine
 10
170.5
 20
139.56113646621452
 30
0.0
 11
170.5
 21
139.6349045304409
 31
0.0
  0
LINE
  5
809
330
17
100
AcDbEntity
  8
GEOMETRY
100
AcDbLine
 10
170.5
 20
139.6349045304409
 30
0.0
 11
170.5
 21
139.70867259466726
 31
0.0
  0
LINE
  5
80A
330
17
100
AcDbEntity
  8
GEOMETRY
100
AcDbLine
 10
170.5
 20
139.70867259466726
 30
0.0
 11
170.5
 21
139.78302488638337
 31
0.0
  0
LINE
  5
80B
330
17
100
AcDbEntity
  8
GEOMETRY
100
AcDbLine
 10
170.5
 20
139.78302488638337
 30
0.0
 11
170.5
 21
139.86088254303814
 31
0.0
  0
LINE
  5
80C
330
17
100
AcDbEntity
  8
GEOMETRY
100
AcDbLine
 10
170.5
 20
139.86088254303814
 30
0.0
 11
170.5
 21
139.93874019969286
 31
0.0
  0
LINE
  5
80D
330
17
100
AcDbEntity
  8
GEOMETRY
100
AcDbLine
 10
170.5
 20
139.93874019969286
 30
0.0
 11
170.5
 21
140.0165978563476
 31
0.0
  0
LINE
  5
80E
330
17
100
AcDbEntity
  8
GEOMETRY
100
AcDbLine
 10
170.5
 20
140.0165978563476
 30
0.0
 11
170.5
 21
140.09445551300234
 31
0.0
  0
LINE
  5
80F
330
17
100
AcDbEntity
  8
GEOMETRY
100
AcDbLine
 10
170.5
 20
140.09445551300234
 30
0.0
 11
170.5
 21
140.17434519512258
 31
0.0
  0
LINE
  5
810
330
17
100
AcDbEntity
  8
GEOMETRY
100
AcDbLine
 10
170.5
 20
140.17434519512258
 30
0.0
 11
170.5
 21
140.25575889634194
 31
0.0
  0
LINE
  5
811
330
17
100
AcDbEntity
  8
GEOMETRY
100
AcDbLine
 10
170.5
 20
140.25575889634194
 30
0.0
 11
170.5
 21
140.33717259756128
 31
0.0
  0
LINE
  5
812
330
17
100
AcDbEntity
  8
GEOMETRY
100
AcDbLine
 10
170.5
 20
140.33717259756128
 30
0.0
 11
170.5
 21
140.41858629878064
 31
0.0
  0
LINE
  5
813
330
17
100
AcDbEntity
  8
GEOMETRY
100
AcDbLine
 10
170.5
 20
140.41858629878064
 30
0.0
 11
170.5
 21
140.5
 31
0.0
  0
LINE
  5
814
330
17
100
AcDbEntity
  8
GEOMETRY
100
AcDbLine
 10
173.5
 20
140.5
 30
0.0
 11
173.5
 21
140.41858629878064
 31
0.0
  0
LINE
  5
815
330
17
100
AcDbEntity
  8
GEOMETRY
100
AcDbLine
 10
173.5
 20
140.41858629878064
 30
0.0
 11
173.5
 21
140.33717259756128
 31
0.0
  0
LINE
  5
816
330
17
100
AcDbEntity
  8
GEOMETRY
100
AcDbLine
 10
173.5
 20
140.33717259756128
 30
0.0
 11
173.5
 21
140.25575889634194
 31
0.0
  0
LINE
  5
817
330
17
100
AcDbEntity
  8
GEOMETRY
100
AcDbLine
 10
173.5
 20
140.25575889634194
 30
0.0
 11
173.5
 21
140.17434519512258
 31
0.0
  0
LINE
  5
818
330
17
100
AcDbEntity
  8
GEOMETRY
100
AcDbLine
 10
173.5
 20
140.17434519512258
 30
0.0
 11
173.5
 21
140.09445551300234
 31
0.0
  0
LINE
  5
819
330
17
100
AcDbEntity
  8
GEOMETRY
100
AcDbLine
 10
173.5
 20
140.09445551300234
 30
0.0
 11
173.5
 21
140.0165978563476
 31
0.0
  0
LINE
  5
81A
330
17
100
AcDbEntity
  8
GEOMETRY
100
AcDbLine
 10
173.5
 20
140.0165978563476
 30
0.0
 11
173.5
 21
139.93874019969286
 31
0.0
  0
LINE
  5
81B
330
17
100
AcDbEntity
  8
GEOMETRY
100
AcDbLine
 10
173.5
 20
139.93874019969286
 30
0.0
 11
173.5
 21
139.86088254303814
 31
0.0
  0
LINE
  5
81C
330
17
100
AcDbEntity
  8
GEOMETRY
100
AcDbLine
 10
173.5
 20
139.86088254303814
 30
0.0
 11
173.5
 21
139.78302488638337
 31
0.0
  0
LINE
  5
81D
330
17
100
AcDbEntity
  8
GEOMETRY
100
AcDbLine
 10
173.5
 20
139.78302488638337
 30
0.0
 11
173.5
 21
139.70867259466726
 31
0.0
  0
LINE
  5
81E
330
17
100
AcDbEntity
  8
GEOMETRY
100
AcDbLine
 10
173.5
 20
139.70867259466726
 30
0.0
 11
173.5
 21
139.6349045304409
 31
0.0
  0
LINE
  5
81F
330
17
100
AcDbEntity
  8
GEOMETRY
100
AcDbLine
 10
173.5
 20
139.6349045304409
 30
0.0
 11
173.5
 21
139.56113646621452
 31
0.0
  0
LINE
  5
820
330
17
100
AcDbEntity
  8
GEOMETRY
100
AcDbLine
 10
173.5
 20
139.56113646621452
 30
0.0
 11
173.5
 21
139.48736840198816
 31
0.0
  0
LINE
  5
821
330
17
100
AcDbEntity
  8
GEOMETRY
100
AcDbLine
 10
173.5
 20
139.48736840198816
 30
0.0
 11
173.5
 21
139.4149132277261
 31
0.0
  0
LINE
  5
822
330
17
100
AcDbEntity
  8
GEOMETRY
100
AcDbLine
 10
173.5
 20
139.4149132277261
 30
0.0
 11
173.5
 21
139.34574027837476
 31
0.0
  0
LINE
  5
823
330
17
100
AcDbEntity
  8
GEOMETRY
100
AcDbLine
 10
173.5
 20
139.34574027837476
 30
0.0
 11
173.5
 21
139.2765673290234
 31
0.0
  0
LINE
  5
824
330
17
100
AcDbEntity
  8
GEOMETRY
100
AcDbLine
 10
173.5
 20
139.2765673290234
 30
0.0
 11
173.5
 21
139.20739437967205
 31
0.0
  0
LINE
  5
825
330
17
100
AcDbEntity
  8
GEOMETRY
100
AcDbLine
 10
173.5
 20
139.20739437967205
 30
0.0
 11
173.5
 21
139.1382214303207
 31
0.0
  0
LINE
  5
826
330
17
100
AcDbEntity
  8
GEOMETRY
100
AcDbLine
 10
173.5
 20
139.1382214303207
 30
0.0
 11
173.5
 21
139.07266930070392
 31
0.0
  0
LINE
  5
827
330
17
100
AcDbEntity
  8
GEOMETRY
100
AcDbLine
 10
173.5
 20
139.07266930070392
 30
0.0
 11
173.5
 21
139.00856549898094
 31
0.0
  0
LINE
  5
828
330
17
100
AcDbEntity
  8
GEOMETRY
100
AcDbLine
 10
173.5
 20
139.00856549898094
 30
0.0
 11
173.5
 21
138.94446169725802
 31
0.0
  0
LINE
  5
829
330
17
100
AcDbEntity
  8
GEOMETRY
100
AcDbLine
 10
173.5
 20
138.94446169725802
 30
0.0
 11
173.5
 21
138.88035789553504
 31
0.0
  0
LINE
  5
82A
330
17
100
AcDbEntity
  8
GEOMETRY
100
AcDbLine
 10
173.5
 20
138.88035789553504
 30
0.0
 11
173.5
 21
138.81704101412737
 31
0.0
  0
LINE
  5
82B
330
17
100
AcDbEntity
  8
GEOMETRY
100
AcDbLine
 10
173.5
 20
138.81704101412737
 30
0.0
 11
173.5
 21
138.7584456546114
 31
0.0
  0
LINE
  5
82C
330
17
100
AcDbEntity
  8
GEOMETRY
100
AcDbLine
 10
173.5
 20
138.7584456546114
 30
0.0
 11
173.5
 21
138.69985029509542
 31
0.0
  0
LINE
  5
82D
330
17
100
AcDbEntity
  8
GEOMETRY
100
AcDbLine
 10
173.5
 20
138.69985029509542
 30
0.0
 11
173.5
 21
138.6412549355794
 31
0.0
  0
LINE
  5
82E
330
17
100
AcDbEntity
  8
GEOMETRY
100
AcDbLine
 10
173.5
 20
138.6412549355794
 30
0.0
 11
173.5
 21
138.58265957606343
 31
0.0
  0
LINE
  5
82F
330
17
100
AcDbEntity
  8
GEOMETRY
100
AcDbLine
 10
173.5
 20
138.58265957606343
 30
0.0
 11
173.5
 21
138.52744135265323
 31
0.0
  0
LINE
  5
830
330
17
100
AcDbEntity
  8
GEOMETRY
100
AcDbLine
 10
173.5
 20
138.52744135265323
 30
0.0
 11
173.5
 21
138.47475598132232
 31
0.0
  0
LINE
  5
831
330
17
100
AcDbEntity
  8
GEOMETRY
100
AcDbLine
 10
173.5
 20
138.47475598132232
 30
0.0
 11
173.5
 21
138.4220706099914
 31
0.0
  0
LINE
  5
832
330
17
100
AcDbEntity
  8
GEOMETRY
100
AcDbLine
 10
173.5
 20
138.4220706099914
 30
0.0
 11
173.5
 21
138.36938523866053
 31
0.0
  0
LINE
  5
833
330
17
100
AcDbEntity
  8
GEOMETRY
100
AcDbLine
 10
173.5
 20
138.36938523866053
 30
0.0
 11
173.5
 21
138.31669986732962
 31
0.0
  0
LINE
  5
834
330
17
100
AcDbEntity
  8
GEOMETRY
100
AcDbLine
 10
173.5
 20
138.31669986732962
 30
0.0
 11
173.5
 21
138.27028552982188
 31
0.0
  0
LINE
  5
835
330
17
100
AcDbEntity
  8
GEOMETRY
100
AcDbLine
 10
173.5
 20
138.27028552982188
 30
0.0
 11
173.5
 21
138.2238711923141
 31
0.0
  0
LINE
  5
836
330
17
100
AcDbEntity
  8
GEOMETRY
100
AcDbLine
 10
173.5
 20
138.2238711923141
 30
0.0
 11
173.5
 21
138.1774568548064
 31
0.0
  0
LINE
  5
837
330
17
100
AcDbEntity
  8
GEOMETRY
100
AcDbLine
 10
173.5
 20
138.1774568548064
 30
0.0
 11
173.5
 21
138.13104251729862
 31
0.0
  0
LINE
  5
838
330
17
100
AcDbEntity
  8
GEOMETRY
100
AcDbLine
 10
173.5
 20
138.13104251729862
 30
0.0
 11
173.5
 21
138.08745208190152
 31
0.0
  0
LINE
  5
839
330
17
100
AcDbEntity
  8
GEOMETRY
100
AcDbLine
 10
173.5
 20
138.08745208190152
 30
0.0
 11
173.5
 21
138.0476268493186
 31
0.0
  0
LINE
  5
83A
330
17
100
AcDbEntity
  8
GEOMETRY
100
AcDbLine
 10
173.5
 20
138.0476268493186
 30
0.0
 11
173.5
 21
138.00780161673566
 31
0.0
  0
LINE
  5
83B
330
17
100
AcDbEntity
  8
GEOMETRY
100
AcDbLine
 10
173.5
 20
138.00780161673566
 30
0.0
 11
173.5
 21
137.9679763841527
 31
0.0
  0
LINE
  5
83C
330
17
100
AcDbEntity
  8
GEOMETRY
100
AcDbLine
 10
173.5
 20
137.9679763841527
 30
0.0
 11
173.5
 21
137.92815115156978
 31
0.0
  0
LINE
  5
83D
330
17
100
AcDbEntity
  8
GEOMETRY
100
AcDbLine
 10
173.5
 20
137.92815115156978
 30
0.0
 11
173.5
 21
137.89420765195172
 31
0.0
  0
LINE
  5
83E
330
17
100
AcDbEntity
  8
GEOMETRY
100
AcDbLine
 10
173.5
 20
137.89420765195172
 30
0.0
 11
173.5
 21
137.86124444116115
 31
0.0
  0
LINE
  5
83F
330
17
100
AcDbEntity
  8
GEOMETRY
100
AcDbLine
 10
173.5
 20
137.86124444116115
 30
0.0
 11
173.5
 21
137.82828123037058
 31
0.0
  0
LINE
  5
840
330
17
100
AcDbEntity
  8
GEOMETRY
100
AcDbLine
 10
173.5
 20
137.82828123037058
 30
0.0
 11
173.5
 21
137.79531801957998
 31
0.0
  0
LINE
  5
841
330
17
100
AcDbEntity
  8
GEOMETRY
100
AcDbLine
 10
173.5
 20
137.79531801957998
 30
0.0
 11
173.5
 21
137.76437992712192
 31
0.0
  0
LINE
  5
842
330
17
100
AcDbEntity
  8
GEOMETRY
100
AcDbLine
 10
173.5
 20
137.76437992712192
 30
0.0
 11
173.5
 21
137.73850463049519
 31
0.0
  0
LINE
  5
843
330
17
100
AcDbEntity
  8
GEOMETRY
100
AcDbLine
 10
173.5
 20
137.73850463049519
 30
0.0
 11
173.5
 21
137.71262933386845
 31
0.0
  0
LINE
  5
844
330
17
100
AcDbEntity
  8
GEOMETRY
100
AcDbLine
 10
173.5
 20
137.71262933386845
 30
0.0
 11
173.5
 21
137.6867540372417
 31
0.0
  0
LINE
  5
845
330
17
100
AcDbEntity
  8
GEOMETRY
100
AcDbLine
 10
173.5
 20
137.6867540372417
 30
0.0
 11
173.5
 21
137.66087874061498
 31
0.0
  0
LINE
  5
846
330
17
100
AcDbEntity
  8
GEOMETRY
100
AcDbLine
 10
173.5
 20
137.66087874061498
 30
0.0
 11
173.5
 21
137.64019289686664
 31
0.0
  0
LINE
  5
847
330
17
100
AcDbEntity
  8
GEOMETRY
100
AcDbLine
 10
173.5
 20
137.64019289686664
 30
0.0
 11
173.5
 21
137.62158283426965
 31
0.0
  0
LINE
  5
848
330
17
100
AcDbEntity
  8
GEOMETRY
100
AcDbLine
 10
173.5
 20
137.62158283426965
 30
0.0
 11
173.5
 21
137.60297277167268
 31
0.0
  0
LINE
  5
849
330
17
100
AcDbEntity
  8
GEOMETRY
100
AcDbLine
 10
173.5
 20
137.60297277167268
 30
0.0
 11
173.5
 21
137.58436270907572
 31
0.0
  0
LINE
  5
84A
330
17
100
AcDbEntity
  8
GEOMETRY
100
AcDbLine
 10
173.5
 20
137.58436270907572
 30
0.0
 11
173.5
 21
137.5668087559418
 31
0.0
  0
LINE
  5
84B
330
17
100
AcDbEntity
  8
GEOMETRY
100
AcDbLine
 10
173.5
 20
137.5668087559418
 30
0.0
 11
173.5
 21
137.55559145958617
 31
0.0
  0
LINE
  5
84C
330
17
100
AcDbEntity
  8
GEOMETRY
100
AcDbLine
 10
173.5
 20
137.55559145958617
 30
0.0
 11
173.5
 21
137.54437416323057
 31
0.0
  0
LINE
  5
84D
330
17
100
AcDbEntity
  8
GEOMETRY
100
AcDbLine
 10
173.5
 20
137.54437416323057
 30
0.0
 11
173.5
 21
137.53315686687495
 31
0.0
  0
LINE
  5
84E
330
17
100
AcDbEntity
  8
GEOMETRY
100
AcDbLine
 10
173.5
 20
137.53315686687495
 30
0.0
 11
173.5
 21
137.52193957051935
 31
0.0
  0
LINE
  5
84F
330
17
100
AcDbEntity
  8
GEOMETRY
100
AcDbLine
 10
173.5
 20
137.52193957051935
 30
0.0
 11
173.5
 21
137.51499063807108
 31
0.0
  0
LINE
  5
850
330
17
100
AcDbEntity
  8
GEOMETRY
100
AcDbLine
 10
173.5
 20
137.51499063807108
 30
0.0
 11
173.5
 21
137.5112429785533
 31
0.0
  0
LINE
  5
851
330
17
100
AcDbEntity
  8
GEOMETRY
100
AcDbLine
 10
173.5
 20
137.5112429785533
 30
0.0
 11
173.5
 21
137.50749531903554
 31
0.0
  0
LINE
  5
852
330
17
100
AcDbEntity
  8
GEOMETRY
100
AcDbLine
 10
173.5
 20
137.50749531903554
 30
0.0
 11
173.5
 21
137.50374765951778
 31
0.0
  0
LINE
  5
853
330
17
100
AcDbEntity
  8
GEOMETRY
100
AcDbLine
 10
173.5
 20
137.50374765951778
 30
0.0
 11
173.5
 21
137.5
 31
0.0
  0
LINE
  5
854
330
17
100
AcDbEntity
  8
GEOMETRY
100
AcDbLine
 10
173.5
 20
137.5
 30
0.0
 11
173.5
 21
137.50374765951778
 31
0.0
  0
LINE
  5
855
330
17
100
AcDbEntity
  8
GEOMETRY
100
AcDbLine
 10
173.5
 20
137.50374765951778
 30
0.0
 11
173.5
 21
137.50749531903554
 31
0.0
  0
LINE
  5
856
330
17
100
AcDbEntity
  8
GEOMETRY
100
AcDbLine
 10
173.5
 20
137.50749531903554
 30
0.0
 11
173.5
 21
137.5112429785533
 31
0.0
  0
LINE
  5
857
330
17
100
AcDbEntity
  8
GEOMETRY
100
AcDbLine
 10
173.5
 20
137.5112429785533
 30
0.0
 11
173.5
 21
137.51499063807108
 31
0.0
  0
LINE
  5
858
330
17
100
AcDbEntity
  8
GEOMETRY
100
AcDbLine
 10
173.5
 20
137.51499063807108
 30
0.0
 11
173.5
 21
137.52193957051935
 31
0.0
  0
LINE
  5
859
330
17
100
AcDbEntity
  8
GEOMETRY
100
AcDbLine
 10
173.5
 20
137.52193957051935
 30
0.0
 11
173.5
 21
137.53315686687495
 31
0.0
  0
LINE
  5
85A
330
17
100
AcDbEntity
  8
GEOMETRY
100
AcDbLine
 10
173.5
 20
137.53315686687495
 30
0.0
 11
173.5
 21
137.54437416323054
 31
0.0
  0
LINE
  5
85B
330
17
100
AcDbEntity
  8
GEOMETRY
100
AcDbLine
 10
173.5
 20
137.54437416323054
 30
0.0
 11
173.5
 21
137.55559145958617
 31
0.0
  0
LINE
  5
85C
330
17
100
AcDbEntity
  8
GEOMETRY
100
AcDbLine
 10
173.5
 20
137.55559145958617
 30
0.0
 11
173.5
 21
137.5668087559418
 31
0.0
  0
LINE
  5
85D
330
17
100
AcDbEntity
  8
GEOMETRY
100
AcDbLine
 10
173.5
 20
137.5668087559418
 30
0.0
 11
173.5
 21
137.58436270907572
 31
0.0
  0
LINE
  5
85E
330
17
100
AcDbEntity
  8
GEOMETRY
100
AcDbLine
 10
173.5
 20
137.58436270907572
 30
0.0
 11
173.5
 21
137.60297277167268
 31
0.0
  0
LINE
  5
85F
330
17
100
AcDbEntity
  8
GEOMETRY
100
AcDbLine
 10
173.5
 20
137.60297277167268
 30
0.0
 11
173.5
 21
137.62158283426965
 31
0.0
  0
LINE
  5
860
330
17
100
AcDbEntity
  8
GEOMETRY
100
AcDbLine
 10
173.5
 20
137.62158283426965
 30
0.0
 11
173.5
 21
137.64019289686664
 31
0.0
  0
LINE
  5
861
330
17
100
AcDbEntity
  8
GEOMETRY
100
AcDbLine
 10
173.5
 20
137.64019289686664
 30
0.0
 11
173.5
 21
137.66087874061498
 31
0.0
  0
LINE
  5
862
330
17
100
AcDbEntity
  8
GEOMETRY
100
AcDbLine
 10
173.5
 20
137.66087874061498
 30
0.0
 11
173.5
 21
137.6867540372417
 31
0.0
  0
LINE
  5
863
330
17
100
AcDbEntity
  8
GEOMETRY
100
AcDbLine
 10
173.5
 20
137.6867540372417
 30
0.0
 11
173.5
 21
137.71262933386845
 31
0.0
  0
LINE
  5
864
330
17
100
AcDbEntity
  8
GEOMETRY
100
AcDbLine
 10
173.5
 20
137.71262933386845
 30
0.0
 11
173.5
 21
137.73850463049519
 31
0.0
  0
LINE
  5
865
330
17
100
AcDbEntity
  8
GEOMETRY
100
AcDbLine
 10
173.5
 20
137.73850463049519
 30
0.0
 11
173.5
 21
137.76437992712192
 31
0.0
  0
LINE
  5
866
330
17
100
AcDbEntity
  8
GEOMETRY
100
AcDbLine
 10
173.5
 20
137.76437992712192
 30
0.0
 11
173.5
 21
137.79531801957998
 31
0.0
  0
LINE
  5
867
330
17
100
AcDbEntity
  8
GEOMETRY
100
AcDbLine
 10
173.5
 20
137.79531801957998
 30
0.0
 11
173.5
 21
137.82828123037058
 31
0.0
  0
LINE
  5
868
330
17
100
AcDbEntity
  8
GEOMETRY
100
AcDbLine
 10
173.5
 20
137.82828123037058
 30
0.0
 11
173.5
 21
137.86124444116115
 31
0.0
  0
LINE
  5
869
330
17
100
AcDbEntity
  8
GEOMETRY
100
AcDbLine
 10
173.5
 20
137.86124444116115
 30
0.0
 11
173.5
 21
137.89420765195172
 31
0.0
  0
LINE
  5
86A
330
17
100
AcDbEntity
  8
GEOMETRY
100
AcDbLine
 10
173.5
 20
137.89420765195172
 30
0.0
 11
173.5
 21
137.92815115156978
 31
0.0
  0
LINE
  5
86B
330
17
100
AcDbEntity
  8
GEOMETRY
100
AcDbLine
 10
173.5
 20
137.92815115156978
 30
0.0
 11
173.5
 21
137.9679763841527
 31
0.0
  0
LINE
  5
86C
330
17
100
AcDbEntity
  8
GEOMETRY
100
AcDbLine
 10
173.5
 20
137.9679763841527
 30
0.0
 11
173.5
 21
138.00780161673566
 31
0.0
  0
LINE
  5
86D
330
17
100
AcDbEntity
  8
GEOMETRY
100
AcDbLine
 10
173.5
 20
138.00780161673566
 30
0.0
 11
173.5
 21
138.0476268493186
 31
0.0
  0
LINE
  5
86E
330
17
100
AcDbEntity
  8
GEOMETRY
100
AcDbLine
 10
173.5
 20
138.0476268493186
 30
0.0
 11
173.5
 21
138.08745208190152
 31
0.0
  0
LINE
  5
86F
330
17
100
AcDbEntity
  8
GEOMETRY
100
AcDbLine
 10
173.5
 20
138.08745208190152
 30
0.0
 11
173.5
 21
138.13104251729862
 31
0.0
  0
LINE
  5
870
330
17
100
AcDbEntity
  8
GEOMETRY
100
AcDbLine
 10
173.5
 20
138.13104251729862
 30
0.0
 11
173.5
 21
138.1774568548064
 31
0.0
  0
LINE
  5
871
330
17
100
AcDbEntity
  8
GEOMETRY
100
AcDbLine
 10
173.5
 20
138.1774568548064
 30
0.0
 11
173.5
 21
138.2238711923141
 31
0.0
  0
LINE
  5
872
330
17
100
AcDbEntity
  8
GEOMETRY
100
AcDbLine
 10
173.5
 20
138.2238711923141
 30
0.0
 11
173.5
 21
138.27028552982188
 31
0.0
  0
LINE
  5
873
330
17
100
AcDbEntity
  8
GEOMETRY
100
AcDbLine
 10
173.5
 20
138.27028552982188
 30
0.0
 11
173.5
 21
138.31669986732962
 31
0.0
  0
LINE
  5
874
330
17
100
AcDbEntity
  8
GEOMETRY
100
AcDbLine
 10
173.5
 20
138.31669986732962
 30
0.0
 11
173.5
 21
138.36938523866053
 31
0.0
  0
LINE
  5
875
330
17
100
AcDbEntity
  8
GEOMETRY
100
AcDbLine
 10
173.5
 20
138.36938523866053
 30
0.0
 11
173.5
 21
138.4220706099914
 31
0.0
  0
LINE
  5
876
330
17
100
AcDbEntity
  8
GEOMETRY
100
AcDbLine
 10
173.5
 20
138.4220706099914
 30
0.0
 11
173.5
 21
138.47475598132232
 31
0.0
  0
LINE
  5
877
330
17
100
AcDbEntity
  8
GEOMETRY
100
AcDbLine
 10
173.5
 20
138.47475598132232
 30
0.0
 11
173.5
 21
138.52744135265323
 31
0.0
  0
LINE
  5
878
330
17
100
AcDbEntity
  8
GEOMETRY
100
AcDbLine
 10
173.5
 20
138.52744135265323
 30
0.0
 11
173.5
 21
138.58265957606343
 31
0.0
  0
LINE
  5
879
330
17
100
AcDbEntity
  8
GEOMETRY
100
AcDbLine
 10
173.5
 20
138.58265957606343
 30
0.0
 11
173.5
 21
138.6412549355794
 31
0.0
  0
LINE
  5
87A
330
17
100
AcDbEntity
  8
GEOMETRY
100
AcDbLine
 10
173.5
 20
138.6412549355794
 30
0.0
 11
173.5
 21
138.69985029509542
 31
0.0
  0
LINE
  5
87B
330
17
100
AcDbEntity
  8
GEOMETRY
100
AcDbLine
 10
173.5
 20
138.69985029509542
 30
0.0
 11
173.5
 21
138.7584456546114
 31
0.0
  0
LINE
  5
87C
330
17
100
AcDbEntity
  8
GEOMETRY
100
AcDbLine
 10
173.5
 20
138.7584456546114
 30
0.0
 11
173.5
 21
138.81704101412737
 31
0.0
  0
LINE
  5
87D
330
17
100
AcDbEntity
  8
GEOMETRY
100
AcDbLine
 10
173.5
 20
138.81704101412737
 30
0.0
 11
173.5
 21
138.88035789553504
 31
0.0
  0
LINE
  5
87E
330
17
100
AcDbEntity
  8
GEOMETRY
100
AcDbLine
 10
173.5
 20
138.88035789553504
 30
0.0
 11
173.5
 21
138.94446169725802
 31
0.0
  0
LINE
  5
87F
330
17
100
AcDbEntity
  8
GEOMETRY
100
AcDbLine
 10
173.5
 20
138.94446169725802
 30
0.0
 11
173.5
 21
139.00856549898094
 31
0.0
  0
LINE
  5
880
330
17
100
AcDbEntity
  8
GEOMETRY
100
AcDbLine
 10
173.5
 20
139.00856549898094
 30
0.0
 11
173.5
 21
139.07266930070392
 31
0.0
  0
LINE
  5
881
330
17
100
AcDbEntity
  8
GEOMETRY
100
AcDbLine
 10
173.5
 20
139.07266930070392
 30
0.0
 11
173.5
 21
139.1382214303207
 31
0.0
  0
LINE
  5
882
330
17
100
AcDbEntity
  8
GEOMETRY
100
AcDbLine
 10
173.5
 20
139.1382214303207
 30
0.0
 11
173.5
 21
139.20739437967205
 31
0.0
  0
LINE
  5
883
330
17
100
AcDbEntity
  8
GEOMETRY
100
AcDbLine
 10
173.5
 20
139.20739437967205
 30
0.0
 11
173.5
 21
139.2765673290234
 31
0.0
  0
LINE
  5
884
330
17
100
AcDbEntity
  8
GEOMETRY
100
AcDbLine
 10
173.5
 20
139.2765673290234
 30
0.0
 11
173.5
 21
139.34574027837476
 31
0.0
  0
LINE
  5
885
330
17
100
AcDbEntity
  8
GEOMETRY
100
AcDbLine
 10
173.5
 20
139.34574027837476
 30
0.0
 11
173.5
 21
139.4149132277261
 31
0.0
  0
LINE
  5
886
330
17
100
AcDbEntity
  8
GEOMETRY
100
AcDbLine
 10
173.5
 20
139.4149132277261
 30
0.0
 11
173.5
 21
139.48736840198816
 31
0.0
  0
LINE
  5
887
330
17
100
AcDbEntity
  8
GEOMETRY
100
AcDbLine
 10
173.5
 20
139.48736840198816
 30
0.0
 11
173.5
 21
139.56113646621452
 31
0.0
  0
LINE
  5
888
330
17
100
AcDbEntity
  8
GEOMETRY
100
AcDbLine
 10
173.5
 20
139.56113646621452
 30
0.0
 11
173.5
 21
139.6349045304409
 31
0.0
  0
LINE
  5
889
330
17
100
AcDbEntity
  8
GEOMETRY
100
AcDbLine
 10
173.5
 20
139.6349045304409
 30
0.0
 11
173.5
 21
139.70867259466726
 31
0.0
  0
LINE
  5
88A
330
17
100
AcDbEntity
  8
GEOMETRY
100
AcDbLine
 10
173.5
 20
139.70867259466726
 30
0.0
 11
173.5
 21
139.78302488638337
 31
0.0
  0
LINE
  5
88B
330
17
100
AcDbEntity
  8
GEOMETRY
100
AcDbLine
 10
173.5
 20
139.78302488638337
 30
0.0
 11
173.5
 21
139.86088254303814
 31
0.0
  0
LINE
  5
88C
330
17
100
AcDbEntity
  8
GEOMETRY
100
AcDbLine
 10
173.5
 20
139.86088254303814
 30
0.0
 11
173.5
 21
139.93874019969286
 31
0.0
  0
LINE
  5
88D
330
17
100
AcDbEntity
  8
GEOMETRY
100
AcDbLine
 10
173.5
 20
139.93874019969286
 30
0.0
 11
173.5
 21
140.0165978563476
 31
0.0
  0
LINE
  5
88E
330
17
100
AcDbEntity
  8
GEOMETRY
100
AcDbLine
 10
173.5
 20
140.0165978563476
 30
0.0
 11
173.5
 21
140.09445551300234
 31
0.0
  0
LINE
  5
88F
330
17
100
AcDbEntity
  8
GEOMETRY
100
AcDbLine
 10
173.5
 20
140.09445551300234
 30
0.0
 11
173.5
 21
140.17434519512258
 31
0.0
  0
LINE
  5
890
330
17
100
AcDbEntity
  8
GEOMETRY
100
AcDbLine
 10
173.5
 20
140.17434519512258
 30
0.0
 11
173.5
 21
140.25575889634194
 31
0.0
  0
LINE
  5
891
330
17
100
AcDbEntity
  8
GEOMETRY
100
AcDbLine
 10
173.5
 20
140.25575889634194
 30
0.0
 11
173.5
 21
140.33717259756128
 31
0.0
  0
LINE
  5
892
330
17
100
AcDbEntity
  8
GEOMETRY
100
AcDbLine
 10
173.5
 20
140.33717259756128
 30
0.0
 11
173.5
 21
140.41858629878064
 31
0.0
  0
LINE
  5
893
330
17
100
AcDbEntity
  8
GEOMETRY
100
AcDbLine
 10
173.5
 20
140.41858629878064
 30
0.0
 11
173.5
 21
140.5
 31
0.0
  0
LINE
  5
894
330
17
100
AcDbEntity
  8
GEOMETRY
100
AcDbLine
 10
170.5
 20
140.5
 30
0.0
 11
170.5
 21
153.1
 31
0.0
  0
LINE
  5
895
330
17
100
AcDbEntity
  8
GEOMETRY
100
AcDbLine
 10
173.5
 20
140.5
 30
0.0
 11
173.5
 21
153.1
 31
0.0
  0
LINE
  5
896
330
17
100
AcDbEntity
  8
GEOMETRY
100
AcDbLine
 10
170.5
 20
153.1
 30
0.0
 11
170.5
 21
153.23123731372874
 31
0.0
  0
LINE
  5
897
330
17
100
AcDbEntity
  8
GEOMETRY
100
AcDbLine
 10
170.5
 20
153.23123731372874
 30
0.0
 11
170.5
 21
153.3624746274575
 31
0.0
  0
LINE
  5
898
330
17
100
AcDbEntity
  8
GEOMETRY
100
AcDbLine
 10
170.5
 20
153.3624746274575
 30
0.0
 11
170.5
 21
153.49371194118623
 31
0.0
  0
LINE
  5
899
330
17
100
AcDbEntity
  8
GEOMETRY
100
AcDbLine
 10
170.5
 20
153.49371194118623
 30
0.0
 11
170.5
 21
153.624949254915
 31
0.0
  0
LINE
  5
89A
330
17
100
AcDbEntity
  8
GEOMETRY
100
AcDbLine
 10
170.5
 20
153.624949254915
 30
0.0
 11
170.5
 21
153.75741744824913
 31
0.0
  0
LINE
  5
89B
330
17
100
AcDbEntity
  8
GEOMETRY
100
AcDbLine
 10
170.5
 20
153.75741744824913
 30
0.0
 11
170.5
 21
153.89152681439043
 31
0.0
  0
LINE
  5
89C
330
17
100
AcDbEntity
  8
GEOMETRY
100
AcDbLine
 10
170.5
 20
153.89152681439043
 30
0.0
 11
170.5
 21
154.02563618053176
 31
0.0
  0
LINE
  5
89D
330
17
100
AcDbEntity
  8
GEOMETRY
100
AcDbLine
 10
170.5
 20
154.02563618053176
 30
0.0
 11
170.5
 21
154.15974554667307
 31
0.0
  0
LINE
  5
89E
330
17
100
AcDbEntity
  8
GEOMETRY
100
AcDbLine
 10
170.5
 20
154.15974554667307
 30
0.0
 11
170.5
 21
154.29385491281437
 31
0.0
  0
LINE
  5
89F
330
17
100
AcDbEntity
  8
GEOMETRY
100
AcDbLine
 10
170.5
 20
154.29385491281437
 30
0.0
 11
170.5
 21
154.43002887734977
 31
0.0
  0
LINE
  5
8A0
330
17
100
AcDbEntity
  8
GEOMETRY
100
AcDbLine
 10
170.5
 20
154.43002887734977
 30
0.0
 11
170.5
 21
154.5665469416175
 31
0.0
  0
LINE
  5
8A1
330
17
100
AcDbEntity
  8
GEOMETRY
100
AcDbLine
 10
170.5
 20
154.5665469416175
 30
0.0
 11
170.5
 21
154.70306500588526
 31
0.0
  0
LINE
  5
8A2
330
17
100
AcDbEntity
  8
GEOMETRY
100
AcDbLine
 10
170.5
 20
154.70306500588526
 30
0.0
 11
170.5
 21
154.839583070153
 31
0.0
  0
LINE
  5
8A3
330
17
100
AcDbEntity
  8
GEOMETRY
100
AcDbLine
 10
170.5
 20
154.839583070153
 30
0.0
 11
170.5
 21
154.97665456918443
 31
0.0
  0
LINE
  5
8A4
330
17
100
AcDbEntity
  8
GEOMETRY
100
AcDbLine
 10
170.5
 20
154.97665456918443
 30
0.0
 11
170.5
 21
155.11510965512505
 31
0.0
  0
LINE
  5
8A5
330
17
100
AcDbEntity
  8
GEOMETRY
100
AcDbLine
 10
170.5
 20
155.11510965512505
 30
0.0
 11
170.5
 21
155.2535647410657
 31
0.0
  0
LINE
  5
8A6
330
17
100
AcDbEntity
  8
GEOMETRY
100
AcDbLine
 10
170.5
 20
155.2535647410657
 30
0.0
 11
170.5
 21
155.39201982700632
 31
0.0
  0
LINE
  5
8A7
330
17
100
AcDbEntity
  8
GEOMETRY
100
AcDbLine
 10
170.5
 20
155.39201982700632
 30
0.0
 11
170.5
 21
155.53047491294694
 31
0.0
  0
LINE
  5
8A8
330
17
100
AcDbEntity
  8
GEOMETRY
100
AcDbLine
 10
170.5
 20
155.53047491294694
 30
0.0
 11
170.5
 21
155.66997189368516
 31
0.0
  0
LINE
  5
8A9
330
17
100
AcDbEntity
  8
GEOMETRY
100
AcDbLine
 10
170.5
 20
155.66997189368516
 30
0.0
 11
170.5
 21
155.8098856323424
 31
0.0
  0
LINE
  5
8AA
330
17
100
AcDbEntity
  8
GEOMETRY
100
AcDbLine
 10
170.5
 20
155.8098856323424
 30
0.0
 11
170.5
 21
155.94979937099967
 31
0.0
  0
LINE
  5
8AB
330
17
100
AcDbEntity
  8
GEOMETRY
100
AcDbLine
 10
170.5
 20
155.94979937099967
 30
0.0
 11
170.5
 21
156.0897131096569
 31
0.0
  0
LINE
  5
8AC
330
17
100
AcDbEntity
  8
GEOMETRY
100
AcDbLine
 10
170.5
 20
156.0897131096569
 30
0.0
 11
170.5
 21
156.22976616889207
 31
0.0
  0
LINE
  5
8AD
330
17
100
AcDbEntity
  8
GEOMETRY
100
AcDbLine
 10
170.5
 20
156.22976616889207
 30
0.0
 11
170.5
 21
156.37065515159463
 31
0.0
  0
LINE
  5
8AE
330
17
100
AcDbEntity
  8
GEOMETRY
100
AcDbLine
 10
170.5
 20
156.37065515159463
 30
0.0
 11
170.5
 21
156.51154413429722
 31
0.0
  0
LINE
  5
8AF
330
17
100
AcDbEntity
  8
GEOMETRY
100
AcDbLine
 10
170.5
 20
156.51154413429722
 30
0.0
 11
170.5
 21
156.65243311699982
 31
0.0
  0
LINE
  5
8B0
330
17
100
AcDbEntity
  8
GEOMETRY
100
AcDbLine
 10
170.5
 20
156.65243311699982
 30
0.0
 11
170.5
 21
156.7933220997024
 31
0.0
  0
LINE
  5
8B1
330
17
100
AcDbEntity
  8
GEOMETRY
100
AcDbLine
 10
170.5
 20
156.7933220997024
 30
0.0
 11
170.5
 21
156.93449020575306
 31
0.0
  0
LINE
  5
8B2
330
17
100
AcDbEntity
  8
GEOMETRY
100
AcDbLine
 10
170.5
 20
156.93449020575306
 30
0.0
 11
170.5
 21
157.0758676543148
 31
0.0
  0
LINE
  5
8B3
330
17
100
AcDbEntity
  8
GEOMETRY
100
AcDbLine
 10
170.5
 20
157.0758676543148
 30
0.0
 11
170.5
 21
157.21724510287652
 31
0.0
  0
LINE
  5
8B4
330
17
100
AcDbEntity
  8
GEOMETRY
100
AcDbLine
 10
170.5
 20
157.21724510287652
 30
0.0
 11
170.5
 21
157.35862255143826
 31
0.0
  0
LINE
  5
8B5
330
17
100
AcDbEntity
  8
GEOMETRY
100
AcDbLine
 10
170.5
 20
157.35862255143826
 30
0.0
 11
170.5
 21
157.49999999999997
 31
0.0
  0
LINE
  5
8B6
330
17
100
AcDbEntity
  8
GEOMETRY
100
AcDbLine
 10
170.5
 20
157.49999999999997
 30
0.0
 11
170.5
 21
157.6413774485617
 31
0.0
  0
LINE
  5
8B7
330
17
100
AcDbEntity
  8
GEOMETRY
100
AcDbLine
 10
170.5
 20
157.6413774485617
 30
0.0
 11
170.5
 21
157.78275489712343
 31
0.0
  0
LINE
  5
8B8
330
17
100
AcDbEntity
  8
GEOMETRY
100
AcDbLine
 10
170.5
 20
157.78275489712343
 30
0.0
 11
170.5
 21
157.92413234568517
 31
0.0
  0
LINE
  5
8B9
330
17
100
AcDbEntity
  8
GEOMETRY
100
AcDbLine
 10
170.5
 20
157.92413234568517
 30
0.0
 11
170.5
 21
158.0655097942469
 31
0.0
  0
LINE
  5
8BA
330
17
100
AcDbEntity
  8
GEOMETRY
100
AcDbLine
 10
170.5
 20
158.0655097942469
 30
0.0
 11
170.5
 21
158.20667790029756
 31
0.0
  0
LINE
  5
8BB
330
17
100
AcDbEntity
  8
GEOMETRY
100
AcDbLine
 10
170.5
 20
158.20667790029756
 30
0.0
 11
170.5
 21
158.34756688300016
 31
0.0
  0
LINE
  5
8BC
330
17
100
AcDbEntity
  8
GEOMETRY
100
AcDbLine
 10
170.5
 20
158.34756688300016
 30
0.0
 11
170.5
 21
158.48845586570272
 31
0.0
  0
LINE
  5
8BD
330
17
100
AcDbEntity
  8
GEOMETRY
100
AcDbLine
 10
170.5
 20
158.48845586570272
 30
0.0
 11
170.5
 21
158.6293448484053
 31
0.0
  0
LINE
  5
8BE
330
17
100
AcDbEntity
  8
GEOMETRY
100
AcDbLine
 10
170.5
 20
158.6293448484053
 30
0.0
 11
170.5
 21
158.7702338311079
 31
0.0
  0
LINE
  5
8BF
330
17
100
AcDbEntity
  8
GEOMETRY
100
AcDbLine
 10
170.5
 20
158.7702338311079
 30
0.0
 11
170.5
 21
158.91028689034306
 31
0.0
  0
LINE
  5
8C0
330
17
100
AcDbEntity
  8
GEOMETRY
100
AcDbLine
 10
170.5
 20
158.91028689034306
 30
0.0
 11
170.5
 21
159.0502006290003
 31
0.0
  0
LINE
  5
8C1
330
17
100
AcDbEntity
  8
GEOMETRY
100
AcDbLine
 10
170.5
 20
159.0502006290003
 30
0.0
 11
170.5
 21
159.19011436765757
 31
0.0
  0
LINE
  5
8C2
330
17
100
AcDbEntity
  8
GEOMETRY
100
AcDbLine
 10
170.5
 20
159.19011436765757
 30
0.0
 11
170.5
 21
159.33002810631478
 31
0.0
  0
LINE
  5
8C3
330
17
100
AcDbEntity
  8
GEOMETRY
100
AcDbLine
 10
170.5
 20
159.33002810631478
 30
0.0
 11
170.5
 21
159.46952508705303
 31
0.0
  0
LINE
  5
8C4
330
17
100
AcDbEntity
  8
GEOMETRY
100
AcDbLine
 10
170.5
 20
159.46952508705303
 30
0.0
 11
170.5
 21
159.60798017299365
 31
0.0
  0
LINE
  5
8C5
330
17
100
AcDbEntity
  8
GEOMETRY
100
AcDbLine
 10
170.5
 20
159.60798017299365
 30
0.0
 11
170.5
 21
159.74643525893427
 31
0.0
  0
LINE
  5
8C6
330
17
100
AcDbEntity
  8
GEOMETRY
100
AcDbLine
 10
170.5
 20
159.74643525893427
 30
0.0
 11
170.5
 21
159.8848903448749
 31
0.0
  0
LINE
  5
8C7
330
17
100
AcDbEntity
  8
GEOMETRY
100
AcDbLine
 10
170.5
 20
159.8848903448749
 30
0.0
 11
170.5
 21
160.02334543081554
 31
0.0
  0
LINE
  5
8C8
330
17
100
AcDbEntity
  8
GEOMETRY
100
AcDbLine
 10
170.5
 20
160.02334543081554
 30
0.0
 11
170.5
 21
160.16041692984695
 31
0.0
  0
LINE
  5
8C9
330
17
100
AcDbEntity
  8
GEOMETRY
100
AcDbLine
 10
170.5
 20
160.16041692984695
 30
0.0
 11
170.5
 21
160.2969349941147
 31
0.0
  0
LINE
  5
8CA
330
17
100
AcDbEntity
  8
GEOMETRY
100
AcDbLine
 10
170.5
 20
160.2969349941147
 30
0.0
 11
170.5
 21
160.43345305838244
 31
0.0
  0
LINE
  5
8CB
330
17
100
AcDbEntity
  8
GEOMETRY
100
AcDbLine
 10
170.5
 20
160.43345305838244
 30
0.0
 11
170.5
 21
160.5699711226502
 31
0.0
  0
LINE
  5
8CC
330
17
100
AcDbEntity
  8
GEOMETRY
100
AcDbLine
 10
170.5
 20
160.5699711226502
 30
0.0
 11
170.5
 21
160.7061450871856
 31
0.0
  0
LINE
  5
8CD
330
17
100
AcDbEntity
  8
GEOMETRY
100
AcDbLine
 10
170.5
 20
160.7061450871856
 30
0.0
 11
170.5
 21
160.8402544533269
 31
0.0
  0
LINE
  5
8CE
330
17
100
AcDbEntity
  8
GEOMETRY
100
AcDbLine
 10
170.5
 20
160.8402544533269
 30
0.0
 11
170.5
 21
160.9743638194682
 31
0.0
  0
LINE
  5
8CF
330
17
100
AcDbEntity
  8
GEOMETRY
100
AcDbLine
 10
170.5
 20
160.9743638194682
 30
0.0
 11
170.5
 21
161.1084731856095
 31
0.0
  0
LINE
  5
8D0
330
17
100
AcDbEntity
  8
GEOMETRY
100
AcDbLine
 10
170.5
 20
161.1084731856095
 30
0.0
 11
170.5
 21
161.24258255175084
 31
0.0
  0
LINE
  5
8D1
330
17
100
AcDbEntity
  8
GEOMETRY
100
AcDbLine
 10
170.5
 20
161.24258255175084
 30
0.0
 11
170.5
 21
161.37505074508496
 31
0.0
  0
LINE
  5
8D2
330
17
100
AcDbEntity
  8
GEOMETRY
100
AcDbLine
 10
170.5
 20
161.37505074508496
 30
0.0
 11
170.5
 21
161.5062880588137
 31
0.0
  0
LINE
  5
8D3
330
17
100
AcDbEntity
  8
GEOMETRY
100
AcDbLine
 10
170.5
 20
161.5062880588137
 30
0.0
 11
170.5
 21
161.63752537254248
 31
0.0
  0
LINE
  5
8D4
330
17
100
AcDbEntity
  8
GEOMETRY
100
AcDbLine
 10
170.5
 20
161.63752537254248
 30
0.0
 11
170.5
 21
161.76876268627123
 31
0.0
  0
LINE
  5
8D5
330
17
100
AcDbEntity
  8
GEOMETRY
100
AcDbLine
 10
170.5
 20
161.76876268627123
 30
0.0
 11
170.5
 21
161.89999999999998
 31
0.0
  0
LINE
  5
8D6
330
17
100
AcDbEntity
  8
GEOMETRY
100
AcDbLine
 10
173.5
 20
153.1
 30
0.0
 11
173.5
 21
153.23123731372874
 31
0.0
  0
LINE
  5
8D7
330
17
100
AcDbEntity
  8
GEOMETRY
100
AcDbLine
 10
173.5
 20
153.23123731372874
 30
0.0
 11
173.5
 21
153.3624746274575
 31
0.0
  0
LINE
  5
8D8
330
17
100
AcDbEntity
  8
GEOMETRY
100
AcDbLine
 10
173.5
 20
153.3624746274575
 30
0.0
 11
173.5
 21
153.49371194118623
 31
0.0
  0
LINE
  5
8D9
330
17
100
AcDbEntity
  8
GEOMETRY
100
AcDbLine
 10
173.5
 20
153.49371194118623
 30
0.0
 11
173.5
 21
153.624949254915
 31
0.0
  0
LINE
  5
8DA
330
17
100
AcDbEntity
  8
GEOMETRY
100
AcDbLine
 10
173.5
 20
153.624949254915
 30
0.0
 11
173.5
 21
153.75741744824913
 31
0.0
  0
LINE
  5
8DB
330
17
100
AcDbEntity
  8
GEOMETRY
100
AcDbLine
 10
173.5
 20
153.75741744824913
 30
0.0
 11
173.5
 21
153.89152681439043
 31
0.0
  0
LINE
  5
8DC
330
17
100
AcDbEntity
  8
GEOMETRY
100
AcDbLine
 10
173.5
 20
153.89152681439043
 30
0.0
 11
173.5
 21
154.02563618053176
 31
0.0
  0
LINE
  5
8DD
330
17
100
AcDbEntity
  8
GEOMETRY
100
AcDbLine
 10
173.5
 20
154.02563618053176
 30
0.0
 11
173.5
 21
154.15974554667307
 31
0.0
  0
LINE
  5
8DE
330
17
100
AcDbEntity
  8
GEOMETRY
100
AcDbLine
 10
173.5
 20
154.15974554667307
 30
0.0
 11
173.5
 21
154.29385491281437
 31
0.0
  0
LINE
  5
8DF
330
17
100
AcDbEntity
  8
GEOMETRY
100
AcDbLine
 10
173.5
 20
154.29385491281437
 30
0.0
 11
173.5
 21
154.43002887734977
 31
0.0
  0
LINE
  5
8E0
330
17
100
AcDbEntity
  8
GEOMETRY
100
AcDbLine
 10
173.5
 20
154.43002887734977
 30
0.0
 11
173.5
 21
154.5665469416175
 31
0.0
  0
LINE
  5
8E1
330
17
100
AcDbEntity
  8
GEOMETRY
100
AcDbLine
 10
173.5
 20
154.5665469416175
 30
0.0
 11
173.5
 21
154.70306500588526
 31
0.0
  0
LINE
  5
8E2
330
17
100
AcDbEntity
  8
GEOMETRY
100
AcDbLine
 10
173.5
 20
154.70306500588526
 30
0.0
 11
173.5
 21
154.839583070153
 31
0.0
  0
LINE
  5
8E3
330
17
100
AcDbEntity
  8
GEOMETRY
100
AcDbLine
 10
173.5
 20
154.839583070153
 30
0.0
 11
173.5
 21
154.97665456918443
 31
0.0
  0
LINE
  5
8E4
330
17
100
AcDbEntity
  8
GEOMETRY
100
AcDbLine
 10
173.5
 20
154.97665456918443
 30
0.0
 11
173.5
 21
155.11510965512505
 31
0.0
  0
LINE
  5
8E5
330
17
100
AcDbEntity
  8
GEOMETRY
100
AcDbLine
 10
173.5
 20
155.11510965512505
 30
0.0
 11
173.5
 21
155.2535647410657
 31
0.0
  0
LINE
  5
8E6
330
17
100
AcDbEntity
  8
GEOMETRY
100
AcDbLine
 10
173.5
 20
155.2535647410657
 30
0.0
 11
173.5
 21
155.39201982700632
 31
0.0
  0
LINE
  5
8E7
330
17
100
AcDbEntity
  8
GEOMETRY
100
AcDbLine
 10
173.5
 20
155.39201982700632
 30
0.0
 11
173.5
 21
155.53047491294694
 31
0.0
  0
LINE
  5
8E8
330
17
100
AcDbEntity
  8
GEOMETRY
100
AcDbLine
 10
173.5
 20
155.53047491294694
 30
0.0
 11
173.5
 21
155.66997189368516
 31
0.0
  0
LINE
  5
8E9
330
17
100
AcDbEntity
  8
GEOMETRY
100
AcDbLine
 10
173.5
 20
155.66997189368516
 30
0.0
 11
173.5
 21
155.8098856323424
 31
0.0
  0
LINE
  5
8EA
330
17
100
AcDbEntity
  8
GEOMETRY
100
AcDbLine
 10
173.5
 20
155.8098856323424
 30
0.0
 11
173.5
 21
155.94979937099967
 31
0.0
  0
LINE
  5
8EB
330
17
100
AcDbEntity
  8
GEOMETRY
100
AcDbLine
 10
173.5
 20
155.94979937099967
 30
0.0
 11
173.5
 21
156.0897131096569
 31
0.0
  0
LINE
  5
8EC
330
17
100
AcDbEntity
  8
GEOMETRY
100
AcDbLine
 10
173.5
 20
156.0897131096569
 30
0.0
 11
173.5
 21
156.22976616889207
 31
0.0
  0
LINE
  5
8ED
330
17
100
AcDbEntity
  8
GEOMETRY
100
AcDbLine
 10
173.5
 20
156.22976616889207
 30
0.0
 11
173.5
 21
156.37065515159463
 31
0.0
  0
LINE
  5
8EE
330
17
100
AcDbEntity
  8
GEOMETRY
100
AcDbLine
 10
173.5
 20
156.37065515159463
 30
0.0
 11
173.5
 21
156.51154413429722
 31
0.0
  0
LINE
  5
8EF
330
17
100
AcDbEntity
  8
GEOMETRY
100
AcDbLine
 10
173.5
 20
156.51154413429722
 30
0.0
 11
173.5
 21
156.65243311699982
 31
0.0
  0
LINE
  5
8F0
330
17
100
AcDbEntity
  8
GEOMETRY
100
AcDbLine
 10
173.5
 20
156.65243311699982
 30
0.0
 11
173.5
 21
156.7933220997024
 31
0.0
  0
LINE
  5
8F1
330
17
100
AcDbEntity
  8
GEOMETRY
100
AcDbLine
 10
173.5
 20
156.7933220997024
 30
0.0
 11
173.5
 21
156.93449020575306
 31
0.0
  0
LINE
  5
8F2
330
17
100
AcDbEntity
  8
GEOMETRY
100
AcDbLine
 10
173.5
 20
156.93449020575306
 30
0.0
 11
173.5
 21
157.0758676543148
 31
0.0
  0
LINE
  5
8F3
330
17
100
AcDbEntity
  8
GEOMETRY
100
AcDbLine
 10
173.5
 20
157.0758676543148
 30
0.0
 11
173.5
 21
157.21724510287652
 31
0.0
  0
LINE
  5
8F4
330
17
100
AcDbEntity
  8
GEOMETRY
100
AcDbLine
 10
173.5
 20
157.21724510287652
 30
0.0
 11
173.5
 21
157.35862255143826
 31
0.0
  0
LINE
  5
8F5
330
17
100
AcDbEntity
  8
GEOMETRY
100
AcDbLine
 10
173.5
 20
157.35862255143826
 30
0.0
 11
173.5
 21
157.49999999999997
 31
0.0
  0
LINE
  5
8F6
330
17
100
AcDbEntity
  8
GEOMETRY
100
AcDbLine
 10
173.5
 20
157.49999999999997
 30
0.0
 11
173.5
 21
157.6413774485617
 31
0.0
  0
LINE
  5
8F7
330
17
100
AcDbEntity
  8
GEOMETRY
100
AcDbLine
 10
173.5
 20
157.6413774485617
 30
0.0
 11
173.5
 21
157.78275489712343
 31
0.0
  0
LINE
  5
8F8
330
17
100
AcDbEntity
  8
GEOMETRY
100
AcDbLine
 10
173.5
 20
157.78275489712343
 30
0.0
 11
173.5
 21
157.92413234568517
 31
0.0
  0
LINE
  5
8F9
330
17
100
AcDbEntity
  8
GEOMETRY
100
AcDbLine
 10
173.5
 20
157.92413234568517
 30
0.0
 11
173.5
 21
158.0655097942469
 31
0.0
  0
LINE
  5
8FA
330
17
100
AcDbEntity
  8
GEOMETRY
100
AcDbLine
 10
173.5
 20
158.0655097942469
 30
0.0
 11
173.5
 21
158.20667790029756
 31
0.0
  0
LINE
  5
8FB
330
17
100
AcDbEntity
  8
GEOMETRY
100
AcDbLine
 10
173.5
 20
158.20667790029756
 30
0.0
 11
173.5
 21
158.34756688300016
 31
0.0
  0
LINE
  5
8FC
330
17
100
AcDbEntity
  8
GEOMETRY
100
AcDbLine
 10
173.5
 20
158.34756688300016
 30
0.0
 11
173.5
 21
158.48845586570272
 31
0.0
  0
LINE
  5
8FD
330
17
100
AcDbEntity
  8
GEOMETRY
100
AcDbLine
 10
173.5
 20
158.48845586570272
 30
0.0
 11
173.5
 21
158.6293448484053
 31
0.0
  0
LINE
  5
8FE
330
17
100
AcDbEntity
  8
GEOMETRY
100
AcDbLine
 10
173.5
 20
158.6293448484053
 30
0.0
 11
173.5
 21
158.7702338311079
 31
0.0
  0
LINE
  5
8FF
330
17
100
AcDbEntity
  8
GEOMETRY
100
AcDbLine
 10
173.5
 20
158.7702338311079
 30
0.0
 11
173.5
 21
158.91028689034306
 31
0.0
  0
LINE
  5
900
330
17
100
AcDbEntity
  8
GEOMETRY
100
AcDbLine
 10
173.5
 20
158.91028689034306
 30
0.0
 11
173.5
 21
159.0502006290003
 31
0.0
  0
LINE
  5
901
330
17
100
AcDbEntity
  8
GEOMETRY
100
AcDbLine
 10
173.5
 20
159.0502006290003
 30
0.0
 11
173.5
 21
159.19011436765757
 31
0.0
  0
LINE
  5
902
330
17
100
AcDbEntity
  8
GEOMETRY
100
AcDbLine
 10
173.5
 20
159.19011436765757
 30
0.0
 11
173.5
 21
159.33002810631478
 31
0.0
  0
LINE
  5
903
330
17
100
AcDbEntity
  8
GEOMETRY
100
AcDbLine
 10
173.5
 20
159.33002810631478
 30
0.0
 11
173.5
 21
159.46952508705303
 31
0.0
  0
LINE
  5
904
330
17
100
AcDbEntity
  8
GEOMETRY
100
AcDbLine
 10
173.5
 20
159.46952508705303
 30
0.0
 11
173.5
 21
159.60798017299365
 31
0.0
  0
LINE
  5
905
330
17
100
AcDbEntity
  8
GEOMETRY
100
AcDbLine
 10
173.5
 20
159.60798017299365
 30
0.0
 11
173.5
 21
159.74643525893427
 31
0.0
  0
LINE
  5
906
330
17
100
AcDbEntity
  8
GEOMETRY
100
AcDbLine
 10
173.5
 20
159.74643525893427
 30
0.0
 11
173.5
 21
159.8848903448749
 31
0.0
  0
LINE
  5
907
330
17
100
AcDbEntity
  8
GEOMETRY
100
AcDbLine
 10
173.5
 20
159.8848903448749
 30
0.0
 11
173.5
 21
160.02334543081554
 31
0.0
  0
LINE
  5
908
330
17
100
AcDbEntity
  8
GEOMETRY
100
AcDbLine
 10
173.5
 20
160.02334543081554
 30
0.0
 11
173.5
 21
160.16041692984695
 31
0.0
  0
LINE
  5
909
330
17
100
AcDbEntity
  8
GEOMETRY
100
AcDbLine
 10
173.5
 20
160.16041692984695
 30
0.0
 11
173.5
 21
160.2969349941147
 31
0.0
  0
LINE
  5
90A
330
17
100
AcDbEntity
  8
GEOMETRY
100
AcDbLine
 10
173.5
 20
160.2969349941147
 30
0.0
 11
173.5
 21
160.43345305838244
 31
0.0
  0
LINE
  5
90B
330
17
100
AcDbEntity
  8
GEOMETRY
100
AcDbLine
 10
173.5
 20
160.43345305838244
 30
0.0
 11
173.5
 21
160.5699711226502
 31
0.0
  0
LINE
  5
90C
330
17
100
AcDbEntity
  8
GEOMETRY
100
AcDbLine
 10
173.5
 20
160.5699711226502
 30
0.0
 11
173.5
 21
160.7061450871856
 31
0.0
  0
LINE
  5
90D
330
17
100
AcDbEntity
  8
GEOMETRY
100
AcDbLine
 10
173.5
 20
160.7061450871856
 30
0.0
 11
173.5
 21
160.8402544533269
 31
0.0
  0
LINE
  5
90E
330
17
100
AcDbEntity
  8
GEOMETRY
100
AcDbLine
 10
173.5
 20
160.8402544533269
 30
0.0
 11
173.5
 21
160.9743638194682
 31
0.0
  0
LINE
  5
90F
330
17
100
AcDbEntity
  8
GEOMETRY
100
AcDbLine
 10
173.5
 20
160.9743638194682
 30
0.0
 11
173.5
 21
161.1084731856095
 31
0.0
  0
LINE
  5
910
330
17
100
AcDbEntity
  8
GEOMETRY
100
AcDbLine
 10
173.5
 20
161.1084731856095
 30
0.0
 11
173.5
 21
161.24258255175084
 31
0.0
  0
LINE
  5
911
330
17
100
AcDbEntity
  8
GEOMETRY
100
AcDbLine
 10
173.5
 20
161.24258255175084
 30
0.0
 11
173.5
 21
161.37505074508496
 31
0.0
  0
LINE
  5
912
330
17
100
AcDbEntity
  8
GEOMETRY
100
AcDbLine
 10
173.5
 20
161.37505074508496
 30
0.0
 11
173.5
 21
161.5062880588137
 31
0.0
  0
LINE
  5
913
330
17
100
AcDbEntity
  8
GEOMETRY
100
AcDbLine
 10
173.5
 20
161.5062880588137
 30
0.0
 11
173.5
 21
161.63752537254248
 31
0.0
  0
LINE
  5
914
330
17
100
AcDbEntity
  8
GEOMETRY
100
AcDbLine
 10
173.5
 20
161.63752537254248
 30
0.0
 11
173.5
 21
161.76876268627123
 31
0.0
  0
LINE
  5
915
330
17
100
AcDbEntity
  8
GEOMETRY
100
AcDbLine
 10
173.5
 20
161.76876268627123
 30
0.0
 11
173.5
 21
161.89999999999998
 31
0.0
  0
LINE
  5
916
330
17
100
AcDbEntity
  8
GEOMETRY
100
AcDbLine
 10
170.5
 20
161.89999999999998
 30
0.0
 11
170.5
 21
174.50000000000003
 31
0.0
  0
LINE
  5
917
330
17
100
AcDbEntity
  8
GEOMETRY
100
AcDbLine
 10
173.5
 20
161.89999999999998
 30
0.0
 11
173.5
 21
174.50000000000003
 31
0.0
  0
LINE
  5
918
330
17
100
AcDbEntity
  8
GEOMETRY
100
AcDbLine
 10
173.5
 20
172.5
 30
0.0
 11
173.5
 21
172.5551075155821
 31
0.0
  0
LINE
  5
919
330
17
100
AcDbEntity
  8
GEOMETRY
100
AcDbLine
 10
173.5
 20
172.5551075155821
 30
0.0
 11
173.5
 21
172.6102150311642
 31
0.0
  0
LINE
  5
91A
330
17
100
AcDbEntity
  8
GEOMETRY
100
AcDbLine
 10
173.5
 20
172.6102150311642
 30
0.0
 11
173.5
 21
172.6653225467463
 31
0.0
  0
LINE
  5
91B
330
17
100
AcDbEntity
  8
GEOMETRY
100
AcDbLine
 10
173.5
 20
172.6653225467463
 30
0.0
 11
173.5
 21
172.72043006232838
 31
0.0
  0
LINE
  5
91C
330
17
100
AcDbEntity
  8
GEOMETRY
100
AcDbLine
 10
173.5
 20
172.72043006232838
 30
0.0
 11
173.5
 21
172.7752405740608
 31
0.0
  0
LINE
  5
91D
330
17
100
AcDbEntity
  8
GEOMETRY
100
AcDbLine
 10
173.5
 20
172.7752405740608
 30
0.0
 11
173.5
 21
172.82965508066033
 31
0.0
  0
LINE
  5
91E
330
17
100
AcDbEntity
  8
GEOMETRY
100
AcDbLine
 10
173.5
 20
172.82965508066033
 30
0.0
 11
173.5
 21
172.88406958725986
 31
0.0
  0
LINE
  5
91F
330
17
100
AcDbEntity
  8
GEOMETRY
100
AcDbLine
 10
173.5
 20
172.88406958725986
 30
0.0
 11
173.5
 21
172.9384840938594
 31
0.0
  0
LINE
  5
920
330
17
100
AcDbEntity
  8
GEOMETRY
100
AcDbLine
 10
173.5
 20
172.9384840938594
 30
0.0
 11
173.5
 21
172.99289860045891
 31
0.0
  0
LINE
  5
921
330
17
100
AcDbEntity
  8
GEOMETRY
100
AcDbLine
 10
173.5
 20
172.99289860045891
 30
0.0
 11
173.5
 21
173.04613256165123
 31
0.0
  0
LINE
  5
922
330
17
100
AcDbEntity
  8
GEOMETRY
100
AcDbLine
 10
173.5
 20
173.04613256165123
 30
0.0
 11
173.5
 21
173.09916976527566
 31
0.0
  0
LINE
  5
923
330
17
100
AcDbEntity
  8
GEOMETRY
100
AcDbLine
 10
173.5
 20
173.09916976527566
 30
0.0
 11
173.5
 21
173.1522069689001
 31
0.0
  0
LINE
  5
924
330
17
100
AcDbEntity
  8
GEOMETRY
100
AcDbLine
 10
173.5
 20
173.1522069689001
 30
0.0
 11
173.5
 21
173.20524417252454
 31
0.0
  0
LINE
  5
925
330
17
100
AcDbEntity
  8
GEOMETRY
100
AcDbLine
 10
173.5
 20
173.20524417252454
 30
0.0
 11
173.5
 21
173.25769729712508
 31
0.0
  0
LINE
  5
926
330
17
100
AcDbEntity
  8
GEOMETRY
100
AcDbLine
 10
173.5
 20
173.25769729712508
 30
0.0
 11
173.5
 21
173.30869022416596
 31
0.0
  0
LINE
  5
927
330
17
100
AcDbEntity
  8
GEOMETRY
100
AcDbLine
 10
173.5
 20
173.30869022416596
 30
0.0
 11
173.5
 21
173.3596831512068
 31
0.0
  0
LINE
  5
928
330
17
100
AcDbEntity
  8
GEOMETRY
100
AcDbLine
 10
173.5
 20
173.3596831512068
 30
0.0
 11
173.5
 21
173.4106760782477
 31
0.0
  0
LINE
  5
929
330
17
100
AcDbEntity
  8
GEOMETRY
100
AcDbLine
 10
173.5
 20
173.4106760782477
 30
0.0
 11
173.5
 21
173.46166900528854
 31
0.0
  0
LINE
  5
92A
330
17
100
AcDbEntity
  8
GEOMETRY
100
AcDbLine
 10
173.5
 20
173.46166900528854
 30
0.0
 11
173.5
 21
173.5107436878809
 31
0.0
  0
LINE
  5
92B
330
17
100
AcDbEntity
  8
GEOMETRY
100
AcDbLine
 10
173.5
 20
173.5107436878809
 30
0.0
 11
173.5
 21
173.55905107269388
 31
0.0
  0
LINE
  5
92C
330
17
100
AcDbEntity
  8
GEOMETRY
100
AcDbLine
 10
173.5
 20
173.55905107269388
 30
0.0
 11
173.5
 21
173.60735845750685
 31
0.0
  0
LINE
  5
92D
330
17
100
AcDbEntity
  8
GEOMETRY
100
AcDbLine
 10
173.5
 20
173.60735845750685
 30
0.0
 11
173.5
 21
173.65566584231982
 31
0.0
  0
LINE
  5
92E
330
17
100
AcDbEntity
  8
GEOMETRY
100
AcDbLine
 10
173.5
 20
173.65566584231982
 30
0.0
 11
173.5
 21
173.70350279347272
 31
0.0
  0
LINE
  5
92F
330
17
100
AcDbEntity
  8
GEOMETRY
100
AcDbLine
 10
173.5
 20
173.70350279347272
 30
0.0
 11
173.5
 21
173.74851714266518
 31
0.0
  0
LINE
  5
930
330
17
100
AcDbEntity
  8
GEOMETRY
100
AcDbLine
 10
173.5
 20
173.74851714266518
 30
0.0
 11
173.5
 21
173.7935314918576
 31
0.0
  0
LINE
  5
931
330
17
100
AcDbEntity
  8
GEOMETRY
100
AcDbLine
 10
173.5
 20
173.7935314918576
 30
0.0
 11
173.5
 21
173.83854584105006
 31
0.0
  0
LINE
  5
932
330
17
100
AcDbEntity
  8
GEOMETRY
100
AcDbLine
 10
173.5
 20
173.83854584105006
 30
0.0
 11
173.5
 21
173.88356019024252
 31
0.0
  0
LINE
  5
933
330
17
100
AcDbEntity
  8
GEOMETRY
100
AcDbLine
 10
173.5
 20
173.88356019024252
 30
0.0
 11
173.5
 21
173.9263693296181
 31
0.0
  0
LINE
  5
934
330
17
100
AcDbEntity
  8
GEOMETRY
100
AcDbLine
 10
173.5
 20
173.9263693296181
 30
0.0
 11
173.5
 21
173.967524561631
 31
0.0
  0
LINE
  5
935
330
17
100
AcDbEntity
  8
GEOMETRY
100
AcDbLine
 10
173.5
 20
173.967524561631
 30
0.0
 11
173.5
 21
174.00867979364392
 31
0.0
  0
LINE
  5
936
330
17
100
AcDbEntity
  8
GEOMETRY
100
AcDbLine
 10
173.5
 20
174.00867979364392
 30
0.0
 11
173.5
 21
174.04983502565682
 31
0.0
  0
LINE
  5
937
330
17
100
AcDbEntity
  8
GEOMETRY
100
AcDbLine
 10
173.5
 20
174.04983502565682
 30
0.0
 11
173.5
 21
174.09099025766972
 31
0.0
  0
LINE
  5
938
330
17
100
AcDbEntity
  8
GEOMETRY
100
AcDbLine
 10
173.5
 20
174.09099025766972
 30
0.0
 11
173.5
 21
174.1277688215817
 31
0.0
  0
LINE
  5
939
330
17
100
AcDbEntity
  8
GEOMETRY
100
AcDbLine
 10
173.5
 20
174.1277688215817
 30
0.0
 11
173.5
 21
174.16454738549368
 31
0.0
  0
LINE
  5
93A
330
17
100
AcDbEntity
  8
GEOMETRY
100
AcDbLine
 10
173.5
 20
174.16454738549368
 30
0.0
 11
173.5
 21
174.20132594940566
 31
0.0
  0
LINE
  5
93B
330
17
100
AcDbEntity
  8
GEOMETRY
100
AcDbLine
 10
173.5
 20
174.20132594940566
 30
0.0
 11
173.5
 21
174.23810451331764
 31
0.0
  0
LINE
  5
93C
330
17
100
AcDbEntity
  8
GEOMETRY
100
AcDbLine
 10
173.5
 20
174.23810451331764
 30
0.0
 11
173.5
 21
174.27280914299467
 31
0.0
  0
LINE
  5
93D
330
17
100
AcDbEntity
  8
GEOMETRY
100
AcDbLine
 10
173.5
 20
174.27280914299467
 30
0.0
 11
173.5
 21
174.3047485270251
 31
0.0
  0
LINE
  5
93E
330
17
100
AcDbEntity
  8
GEOMETRY
100
AcDbLine
 10
173.5
 20
174.3047485270251
 30
0.0
 11
173.5
 21
174.33668791105555
 31
0.0
  0
LINE
  5
93F
330
17
100
AcDbEntity
  8
GEOMETRY
100
AcDbLine
 10
173.5
 20
174.33668791105555
 30
0.0
 11
173.5
 21
174.368627295086
 31
0.0
  0
LINE
  5
940
330
17
100
AcDbEntity
  8
GEOMETRY
100
AcDbLine
 10
173.5
 20
174.368627295086
 30
0.0
 11
173.5
 21
174.40056667911642
 31
0.0
  0
LINE
  5
941
330
17
100
AcDbEntity
  8
GEOMETRY
100
AcDbLine
 10
173.5
 20
174.40056667911642
 30
0.0
 11
173.5
 21
174.42801391786054
 31
0.0
  0
LINE
  5
942
330
17
100
AcDbEntity
  8
GEOMETRY
100
AcDbLine
 10
173.5
 20
174.42801391786054
 30
0.0
 11
173.5
 21
174.4547124657236
 31
0.0
  0
LINE
  5
943
330
17
100
AcDbEntity
  8
GEOMETRY
100
AcDbLine
 10
173.5
 20
174.4547124657236
 30
0.0
 11
173.5
 21
174.48141101358664
 31
0.0
  0
LINE
  5
944
330
17
100
AcDbEntity
  8
GEOMETRY
100
AcDbLine
 10
173.5
 20
174.48141101358664
 30
0.0
 11
173.5
 21
174.5081095614497
 31
0.0
  0
LINE
  5
945
330
17
100
AcDbEntity
  8
GEOMETRY
100
AcDbLine
 10
173.5
 20
174.5081095614497
 30
0.0
 11
173.5
 21
174.53321479905628
 31
0.0
  0
LINE
  5
946
330
17
100
AcDbEntity
  8
GEOMETRY
100
AcDbLine
 10
173.5
 20
174.53321479905628
 30
0.0
 11
173.5
 21
174.55433676102172
 31
0.0
  0
LINE
  5
947
330
17
100
AcDbEntity
  8
GEOMETRY
100
AcDbLine
 10
173.5
 20
174.55433676102172
 30
0.0
 11
173.5
 21
174.57545872298715
 31
0.0
  0
LINE
  5
948
330
17
100
AcDbEntity
  8
GEOMETRY
100
AcDbLine
 10
173.5
 20
174.57545872298715
 30
0.0
 11
173.5
 21
174.59658068495256
 31
0.0
  0
LINE
  5
949
330
17
100
AcDbEntity
  8
GEOMETRY
100
AcDbLine
 10
173.5
 20
174.59658068495256
 30
0.0
 11
173.5
 21
174.617702646918
 31
0.0
  0
LINE
  5
94A
330
17
100
AcDbEntity
  8
GEOMETRY
100
AcDbLine
 10
173.5
 20
174.617702646918
 30
0.0
 11
173.5
 21
174.63465160400872
 31
0.0
  0
LINE
  5
94B
330
17
100
AcDbEntity
  8
GEOMETRY
100
AcDbLine
 10
173.5
 20
174.63465160400872
 30
0.0
 11
173.5
 21
174.64993135914955
 31
0.0
  0
LINE
  5
94C
330
17
100
AcDbEntity
  8
GEOMETRY
100
AcDbLine
 10
173.5
 20
174.64993135914955
 30
0.0
 11
173.5
 21
174.6652111142904
 31
0.0
  0
LINE
  5
94D
330
17
100
AcDbEntity
  8
GEOMETRY
100
AcDbLine
 10
173.5
 20
174.6652111142904
 30
0.0
 11
173.5
 21
174.68049086943125
 31
0.0
  0
LINE
  5
94E
330
17
100
AcDbEntity
  8
GEOMETRY
100
AcDbLine
 10
173.5
 20
174.68049086943125
 30
0.0
 11
173.5
 21
174.69490857334193
 31
0.0
  0
LINE
  5
94F
330
17
100
AcDbEntity
  8
GEOMETRY
100
AcDbLine
 10
173.5
 20
174.69490857334193
 30
0.0
 11
173.5
 21
174.70415396987178
 31
0.0
  0
LINE
  5
950
330
17
100
AcDbEntity
  8
GEOMETRY
100
AcDbLine
 10
173.5
 20
174.70415396987178
 30
0.0
 11
173.5
 21
174.7133993664016
 31
0.0
  0
LINE
  5
951
330
17
100
AcDbEntity
  8
GEOMETRY
100
AcDbLine
 10
173.5
 20
174.7133993664016
 30
0.0
 11
173.5
 21
174.72264476293145
 31
0.0
  0
LINE
  5
952
330
17
100
AcDbEntity
  8
GEOMETRY
100
AcDbLine
 10
173.5
 20
174.72264476293145
 30
0.0
 11
173.5
 21
174.7318901594613
 31
0.0
  0
LINE
  5
953
330
17
100
AcDbEntity
  8
GEOMETRY
100
AcDbLine
 10
173.5
 20
174.7318901594613
 30
0.0
 11
173.5
 21
174.73762091322732
 31
0.0
  0
LINE
  5
954
330
17
100
AcDbEntity
  8
GEOMETRY
100
AcDbLine
 10
173.5
 20
174.73762091322732
 30
0.0
 11
173.5
 21
174.7407156849205
 31
0.0
  0
LINE
  5
955
330
17
100
AcDbEntity
  8
GEOMETRY
100
AcDbLine
 10
173.5
 20
174.7407156849205
 30
0.0
 11
173.5
 21
174.74381045661366
 31
0.0
  0
LINE
  5
956
330
17
100
AcDbEntity
  8
GEOMETRY
100
AcDbLine
 10
173.5
 20
174.74381045661366
 30
0.0
 11
173.5
 21
174.74690522830684
 31
0.0
  0
LINE
  5
957
330
17
100
AcDbEntity
  8
GEOMETRY
100
AcDbLine
 10
173.5
 20
174.74690522830684
 30
0.0
 11
173.5
 21
174.75
 31
0.0
  0
LINE
  5
958
330
17
100
AcDbEntity
  8
GEOMETRY
100
AcDbLine
 10
173.5
 20
174.75
 30
0.0
 11
173.5
 21
174.737659831777
 31
0.0
  0
LINE
  5
959
330
17
100
AcDbEntity
  8
GEOMETRY
100
AcDbLine
 10
173.5
 20
174.737659831777
 30
0.0
 11
173.5
 21
174.725319663554
 31
0.0
  0
LINE
  5
95A
330
17
100
AcDbEntity
  8
GEOMETRY
100
AcDbLine
 10
173.5
 20
174.725319663554
 30
0.0
 11
173.5
 21
174.71297949533098
 31
0.0
  0
LINE
  5
95B
330
17
100
AcDbEntity
  8
GEOMETRY
100
AcDbLine
 10
173.5
 20
174.71297949533098
 30
0.0
 11
173.5
 21
174.70063932710798
 31
0.0
  0
LINE
  5
95C
330
17
100
AcDbEntity
  8
GEOMETRY
100
AcDbLine
 10
173.5
 20
174.70063932710798
 30
0.0
 11
173.5
 21
174.6779870665064
 31
0.0
  0
LINE
  5
95D
330
17
100
AcDbEntity
  8
GEOMETRY
100
AcDbLine
 10
173.5
 20
174.6779870665064
 30
0.0
 11
173.5
 21
174.64158534940015
 31
0.0
  0
LINE
  5
95E
330
17
100
AcDbEntity
  8
GEOMETRY
100
AcDbLine
 10
173.5
 20
174.64158534940015
 30
0.0
 11
173.5
 21
174.6051836322939
 31
0.0
  0
LINE
  5
95F
330
17
100
AcDbEntity
  8
GEOMETRY
100
AcDbLine
 10
173.5
 20
174.6051836322939
 30
0.0
 11
173.5
 21
174.5687819151876
 31
0.0
  0
LINE
  5
960
330
17
100
AcDbEntity
  8
GEOMETRY
100
AcDbLine
 10
173.5
 20
174.5687819151876
 30
0.0
 11
173.5
 21
174.53238019808134
 31
0.0
  0
LINE
  5
961
330
17
100
AcDbEntity
  8
GEOMETRY
100
AcDbLine
 10
173.5
 20
174.53238019808134
 30
0.0
 11
173.5
 21
174.47691886830032
 31
0.0
  0
LINE
  5
962
330
17
100
AcDbEntity
  8
GEOMETRY
100
AcDbLine
 10
173.5
 20
174.47691886830032
 30
0.0
 11
173.5
 21
174.41828093640683
 31
0.0
  0
LINE
  5
963
330
17
100
AcDbEntity
  8
GEOMETRY
100
AcDbLine
 10
173.5
 20
174.41828093640683
 30
0.0
 11
173.5
 21
174.35964300451334
 31
0.0
  0
LINE
  5
964
330
17
100
AcDbEntity
  8
GEOMETRY
100
AcDbLine
 10
173.5
 20
174.35964300451334
 30
0.0
 11
173.5
 21
174.30100507261983
 31
0.0
  0
LINE
  5
965
330
17
100
AcDbEntity
  8
GEOMETRY
100
AcDbLine
 10
173.5
 20
174.30100507261983
 30
0.0
 11
173.5
 21
174.23685403671738
 31
0.0
  0
LINE
  5
966
330
17
100
AcDbEntity
  8
GEOMETRY
100
AcDbLine
 10
173.5
 20
174.23685403671738
 30
0.0
 11
173.5
 21
174.1589202407925
 31
0.0
  0
LINE
  5
967
330
17
100
AcDbEntity
  8
GEOMETRY
100
AcDbLine
 10
173.5
 20
174.1589202407925
 30
0.0
 11
173.5
 21
174.08098644486762
 31
0.0
  0
LINE
  5
968
330
17
100
AcDbEntity
  8
GEOMETRY
100
AcDbLine
 10
173.5
 20
174.08098644486762
 30
0.0
 11
173.5
 21
174.0030526489427
 31
0.0
  0
LINE
  5
969
330
17
100
AcDbEntity
  8
GEOMETRY
100
AcDbLine
 10
173.5
 20
174.0030526489427
 30
0.0
 11
173.5
 21
173.92511885301784
 31
0.0
  0
LINE
  5
96A
330
17
100
AcDbEntity
  8
GEOMETRY
100
AcDbLine
 10
173.5
 20
173.92511885301784
 30
0.0
 11
173.5
 21
173.83619367274972
 31
0.0
  0
LINE
  5
96B
330
17
100
AcDbEntity
  8
GEOMETRY
100
AcDbLine
 10
173.5
 20
173.83619367274972
 30
0.0
 11
173.5
 21
173.7428719387443
 31
0.0
  0
LINE
  5
96C
330
17
100
AcDbEntity
  8
GEOMETRY
100
AcDbLine
 10
173.5
 20
173.7428719387443
 30
0.0
 11
173.5
 21
173.64955020473886
 31
0.0
  0
LINE
  5
96D
330
17
100
AcDbEntity
  8
GEOMETRY
100
AcDbLine
 10
173.5
 20
173.64955020473886
 30
0.0
 11
173.5
 21
173.55622847073343
 31
0.0
  0
LINE
  5
96E
330
17
100
AcDbEntity
  8
GEOMETRY
100
AcDbLine
 10
173.5
 20
173.55622847073343
 30
0.0
 11
173.5
 21
173.4613769657766
 31
0.0
  0
LINE
  5
96F
330
17
100
AcDbEntity
  8
GEOMETRY
100
AcDbLine
 10
173.5
 20
173.4613769657766
 30
0.0
 11
173.5
 21
173.35734683511131
 31
0.0
  0
LINE
  5
970
330
17
100
AcDbEntity
  8
GEOMETRY
100
AcDbLine
 10
173.5
 20
173.35734683511131
 30
0.0
 11
173.5
 21
173.253316704446
 31
0.0
  0
LINE
  5
971
330
17
100
AcDbEntity
  8
GEOMETRY
100
AcDbLine
 10
173.5
 20
173.253316704446
 30
0.0
 11
173.5
 21
173.1492865737807
 31
0.0
  0
LINE
  5
972
330
17
100
AcDbEntity
  8
GEOMETRY
100
AcDbLine
 10
173.5
 20
173.1492865737807
 30
0.0
 11
173.5
 21
173.04525644311542
 31
0.0
  0
LINE
  5
973
330
17
100
AcDbEntity
  8
GEOMETRY
100
AcDbLine
 10
173.5
 20
173.04525644311542
 30
0.0
 11
173.5
 21
172.9380880887265
 31
0.0
  0
LINE
  5
974
330
17
100
AcDbEntity
  8
GEOMETRY
100
AcDbLine
 10
173.5
 20
172.9380880887265
 30
0.0
 11
173.5
 21
172.82856606654488
 31
0.0
  0
LINE
  5
975
330
17
100
AcDbEntity
  8
GEOMETRY
100
AcDbLine
 10
173.5
 20
172.82856606654488
 30
0.0
 11
173.5
 21
172.71904404436324
 31
0.0
  0
LINE
  5
976
330
17
100
AcDbEntity
  8
GEOMETRY
100
AcDbLine
 10
173.5
 20
172.71904404436324
 30
0.0
 11
173.5
 21
172.60952202218164
 31
0.0
  0
LINE
  5
977
330
17
100
AcDbEntity
  8
GEOMETRY
100
AcDbLine
 10
173.5
 20
172.60952202218164
 30
0.0
 11
173.5
 21
172.5
 31
0.0
  0
LINE
  5
978
330
17
100
AcDbEntity
  8
GEOMETRY
100
AcDbLine
 10
173.5
 20
172.5
 30
0.0
 11
173.5
 21
172.39047797781836
 31
0.0
  0
LINE
  5
979
330
17
100
AcDbEntity
  8
GEOMETRY
100
AcDbLine
 10
173.5
 20
172.39047797781836
 30
0.0
 11
173.5
 21
172.28095595563676
 31
0.0
  0
LINE
  5
97A
330
17
100
AcDbEntity
  8
GEOMETRY
100
AcDbLine
 10
173.5
 20
172.28095595563676
 30
0.0
 11
173.5
 21
172.17143393345512
 31
0.0
  0
LINE
  5
97B
330
17
100
AcDbEntity
  8
GEOMETRY
100
AcDbLine
 10
173.5
 20
172.17143393345512
 30
0.0
 11
173.5
 21
172.0619119112735
 31
0.0
  0
LINE
  5
97C
330
17
100
AcDbEntity
  8
GEOMETRY
100
AcDbLine
 10
173.5
 20
172.0619119112735
 30
0.0
 11
173.5
 21
171.95474355688458
 31
0.0
  0
LINE
  5
97D
330
17
100
AcDbEntity
  8
GEOMETRY
100
AcDbLine
 10
173.5
 20
171.95474355688458
 30
0.0
 11
173.5
 21
171.8507134262193
 31
0.0
  0
LINE
  5
97E
330
17
100
AcDbEntity
  8
GEOMETRY
100
AcDbLine
 10
173.5
 20
171.8507134262193
 30
0.0
 11
173.5
 21
171.746683295554
 31
0.0
  0
LINE
  5
97F
330
17
100
AcDbEntity
  8
GEOMETRY
100
AcDbLine
 10
173.5
 20
171.746683295554
 30
0.0
 11
173.5
 21
171.64265316488869
 31
0.0
  0
LINE
  5
980
330
17
100
AcDbEntity
  8
GEOMETRY
100
AcDbLine
 10
173.5
 20
171.64265316488869
 30
0.0
 11
173.5
 21
171.5386230342234
 31
0.0
  0
LINE
  5
981
330
17
100
AcDbEntity
  8
GEOMETRY
100
AcDbLine
 10
173.5
 20
171.5386230342234
 30
0.0
 11
173.5
 21
171.44377152926657
 31
0.0
  0
LINE
  5
982
330
17
100
AcDbEntity
  8
GEOMETRY
100
AcDbLine
 10
173.5
 20
171.44377152926657
 30
0.0
 11
173.5
 21
171.35044979526114
 31
0.0
  0
LINE
  5
983
330
17
100
AcDbEntity
  8
GEOMETRY
100
AcDbLine
 10
173.5
 20
171.35044979526114
 30
0.0
 11
173.5
 21
171.2571280612557
 31
0.0
  0
LINE
  5
984
330
17
100
AcDbEntity
  8
GEOMETRY
100
AcDbLine
 10
173.5
 20
171.2571280612557
 30
0.0
 11
173.5
 21
171.16380632725028
 31
0.0
  0
LINE
  5
985
330
17
100
AcDbEntity
  8
GEOMETRY
100
AcDbLine
 10
173.5
 20
171.16380632725028
 30
0.0
 11
173.5
 21
171.07488114698216
 31
0.0
  0
LINE
  5
986
330
17
100
AcDbEntity
  8
GEOMETRY
100
AcDbLine
 10
173.5
 20
171.07488114698216
 30
0.0
 11
173.5
 21
170.9969473510573
 31
0.0
  0
LINE
  5
987
330
17
100
AcDbEntity
  8
GEOMETRY
100
AcDbLine
 10
173.5
 20
170.9969473510573
 30
0.0
 11
173.5
 21
170.91901355513238
 31
0.0
  0
LINE
  5
988
330
17
100
AcDbEntity
  8
GEOMETRY
100
AcDbLine
 10
173.5
 20
170.91901355513238
 30
0.0
 11
173.5
 21
170.8410797592075
 31
0.0
  0
LINE
  5
989
330
17
100
AcDbEntity
  8
GEOMETRY
100
AcDbLine
 10
173.5
 20
170.8410797592075
 30
0.0
 11
173.5
 21
170.76314596328262
 31
0.0
  0
LINE
  5
98A
330
17
100
AcDbEntity
  8
GEOMETRY
100
AcDbLine
 10
173.5
 20
170.76314596328262
 30
0.0
 11
173.5
 21
170.69899492738017
 31
0.0
  0
LINE
  5
98B
330
17
100
AcDbEntity
  8
GEOMETRY
100
AcDbLine
 10
173.5
 20
170.69899492738017
 30
0.0
 11
173.5
 21
170.64035699548666
 31
0.0
  0
LINE
  5
98C
330
17
100
AcDbEntity
  8
GEOMETRY
100
AcDbLine
 10
173.5
 20
170.64035699548666
 30
0.0
 11
173.5
 21
170.58171906359317
 31
0.0
  0
LINE
  5
98D
330
17
100
AcDbEntity
  8
GEOMETRY
100
AcDbLine
 10
173.5
 20
170.58171906359317
 30
0.0
 11
173.5
 21
170.52308113169968
 31
0.0
  0
LINE
  5
98E
330
17
100
AcDbEntity
  8
GEOMETRY
100
AcDbLine
 10
173.5
 20
170.52308113169968
 30
0.0
 11
173.5
 21
170.46761980191866
 31
0.0
  0
LINE
  5
98F
330
17
100
AcDbEntity
  8
GEOMETRY
100
AcDbLine
 10
173.5
 20
170.46761980191866
 30
0.0
 11
173.5
 21
170.4312180848124
 31
0.0
  0
LINE
  5
990
330
17
100
AcDbEntity
  8
GEOMETRY
100
AcDbLine
 10
173.5
 20
170.4312180848124
 30
0.0
 11
173.5
 21
170.3948163677061
 31
0.0
  0
LINE
  5
991
330
17
100
AcDbEntity
  8
GEOMETRY
100
AcDbLine
 10
173.5
 20
170.3948163677061
 30
0.0
 11
173.5
 21
170.35841465059985
 31
0.0
  0
LINE
  5
992
330
17
100
AcDbEntity
  8
GEOMETRY
100
AcDbLine
 10
173.5
 20
170.35841465059985
 30
0.0
 11
173.5
 21
170.3220129334936
 31
0.0
  0
LINE
  5
993
330
17
100
AcDbEntity
  8
GEOMETRY
100
AcDbLine
 10
173.5
 20
170.3220129334936
 30
0.0
 11
173.5
 21
170.29936067289202
 31
0.0
  0
LINE
  5
994
330
17
100
AcDbEntity
  8
GEOMETRY
100
AcDbLine
 10
173.5
 20
170.29936067289202
 30
0.0
 11
173.5
 21
170.28702050466902
 31
0.0
  0
LINE
  5
995
330
17
100
AcDbEntity
  8
GEOMETRY
100
AcDbLine
 10
173.5
 20
170.28702050466902
 30
0.0
 11
173.5
 21
170.274680336446
 31
0.0
  0
LINE
  5
996
330
17
100
AcDbEntity
  8
GEOMETRY
100
AcDbLine
 10
173.5
 20
170.274680336446
 30
0.0
 11
173.5
 21
170.262340168223
 31
0.0
  0
LINE
  5
997
330
17
100
AcDbEntity
  8
GEOMETRY
100
AcDbLine
 10
173.5
 20
170.262340168223
 30
0.0
 11
173.5
 21
170.25
 31
0.0
  0
LINE
  5
998
330
17
100
AcDbEntity
  8
GEOMETRY
100
AcDbLine
 10
173.5
 20
170.25
 30
0.0
 11
173.5
 21
170.25309477169316
 31
0.0
  0
LINE
  5
999
330
17
100
AcDbEntity
  8
GEOMETRY
100
AcDbLine
 10
173.5
 20
170.25309477169316
 30
0.0
 11
173.5
 21
170.25618954338634
 31
0.0
  0
LINE
  5
99A
330
17
100
AcDbEntity
  8
GEOMETRY
100
AcDbLine
 10
173.5
 20
170.25618954338634
 30
0.0
 11
173.5
 21
170.2592843150795
 31
0.0
  0
LINE
  5
99B
330
17
100
AcDbEntity
  8
GEOMETRY
100
AcDbLine
 10
173.5
 20
170.2592843150795
 30
0.0
 11
173.5
 21
170.26237908677268
 31
0.0
  0
LINE
  5
99C
330
17
100
AcDbEntity
  8
GEOMETRY
100
AcDbLine
 10
173.5
 20
170.26237908677268
 30
0.0
 11
173.5
 21
170.2681098405387
 31
0.0
  0
LINE
  5
99D
330
17
100
AcDbEntity
  8
GEOMETRY
100
AcDbLine
 10
173.5
 20
170.2681098405387
 30
0.0
 11
173.5
 21
170.27735523706855
 31
0.0
  0
LINE
  5
99E
330
17
100
AcDbEntity
  8
GEOMETRY
100
AcDbLine
 10
173.5
 20
170.27735523706855
 30
0.0
 11
173.5
 21
170.2866006335984
 31
0.0
  0
LINE
  5
99F
330
17
100
AcDbEntity
  8
GEOMETRY
100
AcDbLine
 10
173.5
 20
170.2866006335984
 30
0.0
 11
173.5
 21
170.29584603012822
 31
0.0
  0
LINE
  5
9A0
330
17
100
AcDbEntity
  8
GEOMETRY
100
AcDbLine
 10
173.5
 20
170.29584603012822
 30
0.0
 11
173.5
 21
170.30509142665807
 31
0.0
  0
LINE
  5
9A1
330
17
100
AcDbEntity
  8
GEOMETRY
100
AcDbLine
 10
173.5
 20
170.30509142665807
 30
0.0
 11
173.5
 21
170.31950913056875
 31
0.0
  0
LINE
  5
9A2
330
17
100
AcDbEntity
  8
GEOMETRY
100
AcDbLine
 10
173.5
 20
170.31950913056875
 30
0.0
 11
173.5
 21
170.3347888857096
 31
0.0
  0
LINE
  5
9A3
330
17
100
AcDbEntity
  8
GEOMETRY
100
AcDbLine
 10
173.5
 20
170.3347888857096
 30
0.0
 11
173.5
 21
170.35006864085045
 31
0.0
  0
LINE
  5
9A4
330
17
100
AcDbEntity
  8
GEOMETRY
100
AcDbLine
 10
173.5
 20
170.35006864085045
 30
0.0
 11
173.5
 21
170.36534839599128
 31
0.0
  0
LINE
  5
9A5
330
17
100
AcDbEntity
  8
GEOMETRY
100
AcDbLine
 10
173.5
 20
170.36534839599128
 30
0.0
 11
173.5
 21
170.382297353082
 31
0.0
  0
LINE
  5
9A6
330
17
100
AcDbEntity
  8
GEOMETRY
100
AcDbLine
 10
173.5
 20
170.382297353082
 30
0.0
 11
173.5
 21
170.40341931504744
 31
0.0
  0
LINE
  5
9A7
330
17
100
AcDbEntity
  8
GEOMETRY
100
AcDbLine
 10
173.5
 20
170.40341931504744
 30
0.0
 11
173.5
 21
170.42454127701288
 31
0.0
  0
LINE
  5
9A8
330
17
100
AcDbEntity
  8
GEOMETRY
100
AcDbLine
 10
173.5
 20
170.42454127701288
 30
0.0
 11
173.5
 21
170.44566323897828
 31
0.0
  0
LINE
  5
9A9
330
17
100
AcDbEntity
  8
GEOMETRY
100
AcDbLine
 10
173.5
 20
170.44566323897828
 30
0.0
 11
173.5
 21
170.46678520094372
 31
0.0
  0
LINE
  5
9AA
330
17
100
AcDbEntity
  8
GEOMETRY
100
AcDbLine
 10
173.5
 20
170.46678520094372
 30
0.0
 11
173.5
 21
170.4918904385503
 31
0.0
  0
LINE
  5
9AB
330
17
100
AcDbEntity
  8
GEOMETRY
100
AcDbLine
 10
173.5
 20
170.4918904385503
 30
0.0
 11
173.5
 21
170.51858898641336
 31
0.0
  0
LINE
  5
9AC
330
17
100
AcDbEntity
  8
GEOMETRY
100
AcDbLine
 10
173.5
 20
170.51858898641336
 30
0.0
 11
173.5
 21
170.5452875342764
 31
0.0
  0
LINE
  5
9AD
330
17
100
AcDbEntity
  8
GEOMETRY
100
AcDbLine
 10
173.5
 20
170.5452875342764
 30
0.0
 11
173.5
 21
170.57198608213946
 31
0.0
  0
LINE
  5
9AE
330
17
100
AcDbEntity
  8
GEOMETRY
100
AcDbLine
 10
173.5
 20
170.57198608213946
 30
0.0
 11
173.5
 21
170.59943332088358
 31
0.0
  0
LINE
  5
9AF
330
17
100
AcDbEntity
  8
GEOMETRY
100
AcDbLine
 10
173.5
 20
170.59943332088358
 30
0.0
 11
173.5
 21
170.631372704914
 31
0.0
  0
LINE
  5
9B0
330
17
100
AcDbEntity
  8
GEOMETRY
100
AcDbLine
 10
173.5
 20
170.631372704914
 30
0.0
 11
173.5
 21
170.66331208894445
 31
0.0
  0
LINE
  5
9B1
330
17
100
AcDbEntity
  8
GEOMETRY
100
AcDbLine
 10
173.5
 20
170.66331208894445
 30
0.0
 11
173.5
 21
170.6952514729749
 31
0.0
  0
LINE
  5
9B2
330
17
100
AcDbEntity
  8
GEOMETRY
100
AcDbLine
 10
173.5
 20
170.6952514729749
 30
0.0
 11
173.5
 21
170.72719085700533
 31
0.0
  0
LINE
  5
9B3
330
17
100
AcDbEntity
  8
GEOMETRY
100
AcDbLine
 10
173.5
 20
170.72719085700533
 30
0.0
 11
173.5
 21
170.76189548668236
 31
0.0
  0
LINE
  5
9B4
330
17
100
AcDbEntity
  8
GEOMETRY
100
AcDbLine
 10
173.5
 20
170.76189548668236
 30
0.0
 11
173.5
 21
170.79867405059434
 31
0.0
  0
LINE
  5
9B5
330
17
100
AcDbEntity
  8
GEOMETRY
100
AcDbLine
 10
173.5
 20
170.79867405059434
 30
0.0
 11
173.5
 21
170.83545261450632
 31
0.0
  0
LINE
  5
9B6
330
17
100
AcDbEntity
  8
GEOMETRY
100
AcDbLine
 10
173.5
 20
170.83545261450632
 30
0.0
 11
173.5
 21
170.87223117841828
 31
0.0
  0
LINE
  5
9B7
330
17
100
AcDbEntity
  8
GEOMETRY
100
AcDbLine
 10
173.5
 20
170.87223117841828
 30
0.0
 11
173.5
 21
170.90900974233026
 31
0.0
  0
LINE
  5
9B8
330
17
100
AcDbEntity
  8
GEOMETRY
100
AcDbLine
 10
173.5
 20
170.90900974233026
 30
0.0
 11
173.5
 21
170.95016497434318
 31
0.0
  0
LINE
  5
9B9
330
17
100
AcDbEntity
  8
GEOMETRY
100
AcDbLine
 10
173.5
 20
170.95016497434318
 30
0.0
 11
173.5
 21
170.99132020635608
 31
0.0
  0
LINE
  5
9BA
330
17
100
AcDbEntity
  8
GEOMETRY
100
AcDbLine
 10
173.5
 20
170.99132020635608
 30
0.0
 11
173.5
 21
171.032475438369
 31
0.0
  0
LINE
  5
9BB
330
17
100
AcDbEntity
  8
GEOMETRY
100
AcDbLine
 10
173.5
 20
171.032475438369
 30
0.0
 11
173.5
 21
171.0736306703819
 31
0.0
  0
LINE
  5
9BC
330
17
100
AcDbEntity
  8
GEOMETRY
100
AcDbLine
 10
173.5
 20
171.0736306703819
 30
0.0
 11
173.5
 21
171.11643980975748
 31
0.0
  0
LINE
  5
9BD
330
17
100
AcDbEntity
  8
GEOMETRY
100
AcDbLine
 10
173.5
 20
171.11643980975748
 30
0.0
 11
173.5
 21
171.16145415894994
 31
0.0
  0
LINE
  5
9BE
330
17
100
AcDbEntity
  8
GEOMETRY
100
AcDbLine
 10
173.5
 20
171.16145415894994
 30
0.0
 11
173.5
 21
171.2064685081424
 31
0.0
  0
LINE
  5
9BF
330
17
100
AcDbEntity
  8
GEOMETRY
100
AcDbLine
 10
173.5
 20
171.2064685081424
 30
0.0
 11
173.5
 21
171.25148285733482
 31
0.0
  0
LINE
  5
9C0
330
17
100
AcDbEntity
  8
GEOMETRY
100
AcDbLine
 10
173.5
 20
171.25148285733482
 30
0.0
 11
173.5
 21
171.29649720652728
 31
0.0
  0
LINE
  5
9C1
330
17
100
AcDbEntity
  8
GEOMETRY
100
AcDbLine
 10
173.5
 20
171.29649720652728
 30
0.0
 11
173.5
 21
171.34433415768018
 31
0.0
  0
LINE
  5
9C2
330
17
100
AcDbEntity
  8
GEOMETRY
100
AcDbLine
 10
173.5
 20
171.34433415768018
 30
0.0
 11
173.5
 21
171.39264154249315
 31
0.0
  0
LINE
  5
9C3
330
17
100
AcDbEntity
  8
GEOMETRY
100
AcDbLine
 10
173.5
 20
171.39264154249315
 30
0.0
 11
173.5
 21
171.44094892730612
 31
0.0
  0
LINE
  5
9C4
330
17
100
AcDbEntity
  8
GEOMETRY
100
AcDbLine
 10
173.5
 20
171.44094892730612
 30
0.0
 11
173.5
 21
171.4892563121191
 31
0.0
  0
LINE
  5
9C5
330
17
100
AcDbEntity
  8
GEOMETRY
100
AcDbLine
 10
173.5
 20
171.4892563121191
 30
0.0
 11
173.5
 21
171.53833099471146
 31
0.0
  0
LINE
  5
9C6
330
17
100
AcDbEntity
  8
GEOMETRY
100
AcDbLine
 10
173.5
 20
171.53833099471146
 30
0.0
 11
173.5
 21
171.5893239217523
 31
0.0
  0
LINE
  5
9C7
330
17
100
AcDbEntity
  8
GEOMETRY
100
AcDbLine
 10
173.5
 20
171.5893239217523
 30
0.0
 11
173.5
 21
171.6403168487932
 31
0.0
  0
LINE
  5
9C8
330
17
100
AcDbEntity
  8
GEOMETRY
100
AcDbLine
 10
173.5
 20
171.6403168487932
 30
0.0
 11
173.5
 21
171.69130977583404
 31
0.0
  0
LINE
  5
9C9
330
17
100
AcDbEntity
  8
GEOMETRY
100
AcDbLine
 10
173.5
 20
171.69130977583404
 30
0.0
 11
173.5
 21
171.74230270287492
 31
0.0
  0
LINE
  5
9CA
330
17
100
AcDbEntity
  8
GEOMETRY
100
AcDbLine
 10
173.5
 20
171.74230270287492
 30
0.0
 11
173.5
 21
171.79475582747548
 31
0.0
  0
LINE
  5
9CB
330
17
100
AcDbEntity
  8
GEOMETRY
100
AcDbLine
 10
173.5
 20
171.79475582747548
 30
0.0
 11
173.5
 21
171.8477930310999
 31
0.0
  0
LINE
  5
9CC
330
17
100
AcDbEntity
  8
GEOMETRY
100
AcDbLine
 10
173.5
 20
171.8477930310999
 30
0.0
 11
173.5
 21
171.90083023472434
 31
0.0
  0
LINE
  5
9CD
330
17
100
AcDbEntity
  8
GEOMETRY
100
AcDbLine
 10
173.5
 20
171.90083023472434
 30
0.0
 11
173.5
 21
171.95386743834877
 31
0.0
  0
LINE
  5
9CE
330
17
100
AcDbEntity
  8
GEOMETRY
100
AcDbLine
 10
173.5
 20
171.95386743834877
 30
0.0
 11
173.5
 21
172.00710139954109
 31
0.0
  0
LINE
  5
9CF
330
17
100
AcDbEntity
  8
GEOMETRY
100
AcDbLine
 10
173.5
 20
172.00710139954109
 30
0.0
 11
173.5
 21
172.0615159061406
 31
0.0
  0
LINE
  5
9D0
330
17
100
AcDbEntity
  8
GEOMETRY
100
AcDbLine
 10
173.5
 20
172.0615159061406
 30
0.0
 11
173.5
 21
172.11593041274014
 31
0.0
  0
LINE
  5
9D1
330
17
100
AcDbEntity
  8
GEOMETRY
100
AcDbLine
 10
173.5
 20
172.11593041274014
 30
0.0
 11
173.5
 21
172.17034491933967
 31
0.0
  0
LINE
  5
9D2
330
17
100
AcDbEntity
  8
GEOMETRY
100
AcDbLine
 10
173.5
 20
172.17034491933967
 30
0.0
 11
173.5
 21
172.2247594259392
 31
0.0
  0
LINE
  5
9D3
330
17
100
AcDbEntity
  8
GEOMETRY
100
AcDbLine
 10
173.5
 20
172.2247594259392
 30
0.0
 11
173.5
 21
172.27956993767162
 31
0.0
  0
LINE
  5
9D4
330
17
100
AcDbEntity
  8
GEOMETRY
100
AcDbLine
 10
173.5
 20
172.27956993767162
 30
0.0
 11
173.5
 21
172.3346774532537
 31
0.0
  0
LINE
  5
9D5
330
17
100
AcDbEntity
  8
GEOMETRY
100
AcDbLine
 10
173.5
 20
172.3346774532537
 30
0.0
 11
173.5
 21
172.3897849688358
 31
0.0
  0
LINE
  5
9D6
330
17
100
AcDbEntity
  8
GEOMETRY
100
AcDbLine
 10
173.5
 20
172.3897849688358
 30
0.0
 11
173.5
 21
172.4448924844179
 31
0.0
  0
LINE
  5
9D7
330
17
100
AcDbEntity
  8
GEOMETRY
100
AcDbLine
 10
173.5
 20
172.4448924844179
 30
0.0
 11
173.5
 21
172.5
 31
0.0
  0
LINE
  5
9D8
330
17
100
AcDbEntity
  8
GEOMETRY
100
AcDbLine
 10
170.5
 20
172.5
 30
0.0
 11
170.5
 21
172.5551075155821
 31
0.0
  0
LINE
  5
9D9
330
17
100
AcDbEntity
  8
GEOMETRY
100
AcDbLine
 10
170.5
 20
172.5551075155821
 30
0.0
 11
170.5
 21
172.6102150311642
 31
0.0
  0
LINE
  5
9DA
330
17
100
AcDbEntity
  8
GEOMETRY
100
AcDbLine
 10
170.5
 20
172.6102150311642
 30
0.0
 11
170.5
 21
172.6653225467463
 31
0.0
  0
LINE
  5
9DB
330
17
100
AcDbEntity
  8
GEOMETRY
100
AcDbLine
 10
170.5
 20
172.6653225467463
 30
0.0
 11
170.5
 21
172.72043006232838
 31
0.0
  0
LINE
  5
9DC
330
17
100
AcDbEntity
  8
GEOMETRY
100
AcDbLine
 10
170.5
 20
172.72043006232838
 30
0.0
 11
170.5
 21
172.7752405740608
 31
0.0
  0
LINE
  5
9DD
330
17
100
AcDbEntity
  8
GEOMETRY
100
AcDbLine
 10
170.5
 20
172.7752405740608
 30
0.0
 11
170.5
 21
172.82965508066033
 31
0.0
  0
LINE
  5
9DE
330
17
100
AcDbEntity
  8
GEOMETRY
100
AcDbLine
 10
170.5
 20
172.82965508066033
 30
0.0
 11
170.5
 21
172.88406958725986
 31
0.0
  0
LINE
  5
9DF
330
17
100
AcDbEntity
  8
GEOMETRY
100
AcDbLine
 10
170.5
 20
172.88406958725986
 30
0.0
 11
170.5
 21
172.9384840938594
 31
0.0
  0
LINE
  5
9E0
330
17
100
AcDbEntity
  8
GEOMETRY
100
AcDbLine
 10
170.5
 20
172.9384840938594
 30
0.0
 11
170.5
 21
172.99289860045891
 31
0.0
  0
LINE
  5
9E1
330
17
100
AcDbEntity
  8
GEOMETRY
100
AcDbLine
 10
170.5
 20
172.99289860045891
 30
0.0
 11
170.5
 21
173.04613256165123
 31
0.0
  0
LINE
  5
9E2
330
17
100
AcDbEntity
  8
GEOMETRY
100
AcDbLine
 10
170.5
 20
173.04613256165123
 30
0.0
 11
170.5
 21
173.09916976527566
 31
0.0
  0
LINE
  5
9E3
330
17
100
AcDbEntity
  8
GEOMETRY
100
AcDbLine
 10
170.5
 20
173.09916976527566
 30
0.0
 11
170.5
 21
173.1522069689001
 31
0.0
  0
LINE
  5
9E4
330
17
100
AcDbEntity
  8
GEOMETRY
100
AcDbLine
 10
170.5
 20
173.1522069689001
 30
0.0
 11
170.5
 21
173.20524417252454
 31
0.0
  0
LINE
  5
9E5
330
17
100
AcDbEntity
  8
GEOMETRY
100
AcDbLine
 10
170.5
 20
173.20524417252454
 30
0.0
 11
170.5
 21
173.25769729712508
 31
0.0
  0
LINE
  5
9E6
330
17
100
AcDbEntity
  8
GEOMETRY
100
AcDbLine
 10
170.5
 20
173.25769729712508
 30
0.0
 11
170.5
 21
173.30869022416596
 31
0.0
  0
LINE
  5
9E7
330
17
100
AcDbEntity
  8
GEOMETRY
100
AcDbLine
 10
170.5
 20
173.30869022416596
 30
0.0
 11
170.5
 21
173.3596831512068
 31
0.0
  0
LINE
  5
9E8
330
17
100
AcDbEntity
  8
GEOMETRY
100
AcDbLine
 10
170.5
 20
173.3596831512068
 30
0.0
 11
170.5
 21
173.4106760782477
 31
0.0
  0
LINE
  5
9E9
330
17
100
AcDbEntity
  8
GEOMETRY
100
AcDbLine
 10
170.5
 20
173.4106760782477
 30
0.0
 11
170.5
 21
173.46166900528854
 31
0.0
  0
LINE
  5
9EA
330
17
100
AcDbEntity
  8
GEOMETRY
100
AcDbLine
 10
170.5
 20
173.46166900528854
 30
0.0
 11
170.5
 21
173.5107436878809
 31
0.0
  0
LINE
  5
9EB
330
17
100
AcDbEntity
  8
GEOMETRY
100
AcDbLine
 10
170.5
 20
173.5107436878809
 30
0.0
 11
170.5
 21
173.55905107269388
 31
0.0
  0
LINE
  5
9EC
330
17
100
AcDbEntity
  8
GEOMETRY
100
AcDbLine
 10
170.5
 20
173.55905107269388
 30
0.0
 11
170.5
 21
173.60735845750685
 31
0.0
  0
LINE
  5
9ED
330
17
100
AcDbEntity
  8
GEOMETRY
100
AcDbLine
 10
170.5
 20
173.60735845750685
 30
0.0
 11
170.5
 21
173.65566584231982
 31
0.0
  0
LINE
  5
9EE
330
17
100
AcDbEntity
  8
GEOMETRY
100
AcDbLine
 10
170.5
 20
173.65566584231982
 30
0.0
 11
170.5
 21
173.70350279347272
 31
0.0
  0
LINE
  5
9EF
330
17
100
AcDbEntity
  8
GEOMETRY
100
AcDbLine
 10
170.5
 20
173.70350279347272
 30
0.0
 11
170.5
 21
173.74851714266518
 31
0.0
  0
LINE
  5
9F0
330
17
100
AcDbEntity
  8
GEOMETRY
100
AcDbLine
 10
170.5
 20
173.74851714266518
 30
0.0
 11
170.5
 21
173.7935314918576
 31
0.0
  0
LINE
  5
9F1
330
17
100
AcDbEntity
  8
GEOMETRY
100
AcDbLine
 10
170.5
 20
173.7935314918576
 30
0.0
 11
170.5
 21
173.83854584105006
 31
0.0
  0
LINE
  5
9F2
330
17
100
AcDbEntity
  8
GEOMETRY
100
AcDbLine
 10
170.5
 20
173.83854584105006
 30
0.0
 11
170.5
 21
173.88356019024252
 31
0.0
  0
LINE
  5
9F3
330
17
100
AcDbEntity
  8
GEOMETRY
100
AcDbLine
 10
170.5
 20
173.88356019024252
 30
0.0
 11
170.5
 21
173.9263693296181
 31
0.0
  0
LINE
  5
9F4
330
17
100
AcDbEntity
  8
GEOMETRY
100
AcDbLine
 10
170.5
 20
173.9263693296181
 30
0.0
 11
170.5
 21
173.967524561631
 31
0.0
  0
LINE
  5
9F5
330
17
100
AcDbEntity
  8
GEOMETRY
100
AcDbLine
 10
170.5
 20
173.967524561631
 30
0.0
 11
170.5
 21
174.00867979364392
 31
0.0
  0
LINE
  5
9F6
330
17
100
AcDbEntity
  8
GEOMETRY
100
AcDbLine
 10
170.5
 20
174.00867979364392
 30
0.0
 11
170.5
 21
174.04983502565682
 31
0.0
  0
LINE
  5
9F7
330
17
100
AcDbEntity
  8
GEOMETRY
100
AcDbLine
 10
170.5
 20
174.04983502565682
 30
0.0
 11
170.5
 21
174.09099025766972
 31
0.0
  0
LINE
  5
9F8
330
17
100
AcDbEntity
  8
GEOMETRY
100
AcDbLine
 10
170.5
 20
174.09099025766972
 30
0.0
 11
170.5
 21
174.1277688215817
 31
0.0
  0
LINE
  5
9F9
330
17
100
AcDbEntity
  8
GEOMETRY
100
AcDbLine
 10
170.5
 20
174.1277688215817
 30
0.0
 11
170.5
 21
174.16454738549368
 31
0.0
  0
LINE
  5
9FA
330
17
100
AcDbEntity
  8
GEOMETRY
100
AcDbLine
 10
170.5
 20
174.16454738549368
 30
0.0
 11
170.5
 21
174.20132594940566
 31
0.0
  0
LINE
  5
9FB
330
17
100
AcDbEntity
  8
GEOMETRY
100
AcDbLine
 10
170.5
 20
174.20132594940566
 30
0.0
 11
170.5
 21
174.23810451331764
 31
0.0
  0
LINE
  5
9FC
330
17
100
AcDbEntity
  8
GEOMETRY
100
AcDbLine
 10
170.5
 20
174.23810451331764
 30
0.0
 11
170.5
 21
174.27280914299467
 31
0.0
  0
LINE
  5
9FD
330
17
100
AcDbEntity
  8
GEOMETRY
100
AcDbLine
 10
170.5
 20
174.27280914299467
 30
0.0
 11
170.5
 21
174.3047485270251
 31
0.0
  0
LINE
  5
9FE
330
17
100
AcDbEntity
  8
GEOMETRY
100
AcDbLine
 10
170.5
 20
174.3047485270251
 30
0.0
 11
170.5
 21
174.33668791105555
 31
0.0
  0
LINE
  5
9FF
330
17
100
AcDbEntity
  8
GEOMETRY
100
AcDbLine
 10
170.5
 20
174.33668791105555
 30
0.0
 11
170.5
 21
174.368627295086
 31
0.0
  0
LINE
  5
A00
330
17
100
AcDbEntity
  8
GEOMETRY
100
AcDbLine
 10
170.5
 20
174.368627295086
 30
0.0
 11
170.5
 21
174.40056667911642
 31
0.0
  0
LINE
  5
A01
330
17
100
AcDbEntity
  8
GEOMETRY
100
AcDbLine
 10
170.5
 20
174.40056667911642
 30
0.0
 11
170.5
 21
174.42801391786054
 31
0.0
  0
LINE
  5
A02
330
17
100
AcDbEntity
  8
GEOMETRY
100
AcDbLine
 10
170.5
 20
174.42801391786054
 30
0.0
 11
170.5
 21
174.4547124657236
 31
0.0
  0
LINE
  5
A03
330
17
100
AcDbEntity
  8
GEOMETRY
100
AcDbLine
 10
170.5
 20
174.4547124657236
 30
0.0
 11
170.5
 21
174.48141101358664
 31
0.0
  0
LINE
  5
A04
330
17
100
AcDbEntity
  8
GEOMETRY
100
AcDbLine
 10
170.5
 20
174.48141101358664
 30
0.0
 11
170.5
 21
174.5081095614497
 31
0.0
  0
LINE
  5
A05
330
17
100
AcDbEntity
  8
GEOMETRY
100
AcDbLine
 10
170.5
 20
174.5081095614497
 30
0.0
 11
170.5
 21
174.53321479905628
 31
0.0
  0
LINE
  5
A06
330
17
100
AcDbEntity
  8
GEOMETRY
100
AcDbLine
 10
170.5
 20
174.53321479905628
 30
0.0
 11
170.5
 21
174.55433676102172
 31
0.0
  0
LINE
  5
A07
330
17
100
AcDbEntity
  8
GEOMETRY
100
AcDbLine
 10
170.5
 20
174.55433676102172
 30
0.0
 11
170.5
 21
174.57545872298715
 31
0.0
  0
LINE
  5
A08
330
17
100
AcDbEntity
  8
GEOMETRY
100
AcDbLine
 10
170.5
 20
174.57545872298715
 30
0.0
 11
170.5
 21
174.59658068495256
 31
0.0
  0
LINE
  5
A09
330
17
100
AcDbEntity
  8
GEOMETRY
100
AcDbLine
 10
170.5
 20
174.59658068495256
 30
0.0
 11
170.5
 21
174.617702646918
 31
0.0
  0
LINE
  5
A0A
330
17
100
AcDbEntity
  8
GEOMETRY
100
AcDbLine
 10
170.5
 20
174.617702646918
 30
0.0
 11
170.5
 21
174.63465160400872
 31
0.0
  0
LINE
  5
A0B
330
17
100
AcDbEntity
  8
GEOMETRY
100
AcDbLine
 10
170.5
 20
174.63465160400872
 30
0.0
 11
170.5
 21
174.64993135914955
 31
0.0
  0
LINE
  5
A0C
330
17
100
AcDbEntity
  8
GEOMETRY
100
AcDbLine
 10
170.5
 20
174.64993135914955
 30
0.0
 11
170.5
 21
174.6652111142904
 31
0.0
  0
LINE
  5
A0D
330
17
100
AcDbEntity
  8
GEOMETRY
100
AcDbLine
 10
170.5
 20
174.6652111142904
 30
0.0
 11
170.5
 21
174.68049086943125
 31
0.0
  0
LINE
  5
A0E
330
17
100
AcDbEntity
  8
GEOMETRY
100
AcDbLine
 10
170.5
 20
174.68049086943125
 30
0.0
 11
170.5
 21
174.69490857334193
 31
0.0
  0
LINE
  5
A0F
330
17
100
AcDbEntity
  8
GEOMETRY
100
AcDbLine
 10
170.5
 20
174.69490857334193
 30
0.0
 11
170.5
 21
174.70415396987178
 31
0.0
  0
LINE
  5
A10
330
17
100
AcDbEntity
  8
GEOMETRY
100
AcDbLine
 10
170.5
 20
174.70415396987178
 30
0.0
 11
170.5
 21
174.7133993664016
 31
0.0
  0
LINE
  5
A11
330
17
100
AcDbEntity
  8
GEOMETRY
100
AcDbLine
 10
170.5
 20
174.7133993664016
 30
0.0
 11
170.5
 21
174.72264476293145
 31
0.0
  0
LINE
  5
A12
330
17
100
AcDbEntity
  8
GEOMETRY
100
AcDbLine
 10
170.5
 20
174.72264476293145
 30
0.0
 11
170.5
 21
174.7318901594613
 31
0.0
  0
LINE
  5
A13
330
17
100
AcDbEntity
  8
GEOMETRY
100
AcDbLine
 10
170.5
 20
174.7318901594613
 30
0.0
 11
170.5
 21
174.73762091322732
 31
0.0
  0
LINE
  5
A14
330
17
100
AcDbEntity
  8
GEOMETRY
100
AcDbLine
 10
170.5
 20
174.73762091322732
 30
0.0
 11
170.5
 21
174.7407156849205
 31
0.0
  0
LINE
  5
A15
330
17
100
AcDbEntity
  8
GEOMETRY
100
AcDbLine
 10
170.5
 20
174.7407156849205
 30
0.0
 11
170.5
 21
174.74381045661366
 31
0.0
  0
LINE
  5
A16
330
17
100
AcDbEntity
  8
GEOMETRY
100
AcDbLine
 10
170.5
 20
174.74381045661366
 30
0.0
 11
170.5
 21
174.74690522830684
 31
0.0
  0
LINE
  5
A17
330
17
100
AcDbEntity
  8
GEOMETRY
100
AcDbLine
 10
170.5
 20
174.74690522830684
 30
0.0
 11
170.5
 21
174.75
 31
0.0
  0
LINE
  5
A18
330
17
100
AcDbEntity
  8
GEOMETRY
100
AcDbLine
 10
170.5
 20
174.75
 30
0.0
 11
170.5
 21
174.737659831777
 31
0.0
  0
LINE
  5
A19
330
17
100
AcDbEntity
  8
GEOMETRY
100
AcDbLine
 10
170.5
 20
174.737659831777
 30
0.0
 11
170.5
 21
174.725319663554
 31
0.0
  0
LINE
  5
A1A
330
17
100
AcDbEntity
  8
GEOMETRY
100
AcDbLine
 10
170.5
 20
174.725319663554
 30
0.0
 11
170.5
 21
174.71297949533098
 31
0.0
  0
LINE
  5
A1B
330
17
100
AcDbEntity
  8
GEOMETRY
100
AcDbLine
 10
170.5
 20
174.71297949533098
 30
0.0
 11
170.5
 21
174.70063932710798
 31
0.0
  0
LINE
  5
A1C
330
17
100
AcDbEntity
  8
GEOMETRY
100
AcDbLine
 10
170.5
 20
174.70063932710798
 30
0.0
 11
170.5
 21
174.6779870665064
 31
0.0
  0
LINE
  5
A1D
330
17
100
AcDbEntity
  8
GEOMETRY
100
AcDbLine
 10
170.5
 20
174.6779870665064
 30
0.0
 11
170.5
 21
174.64158534940015
 31
0.0
  0
LINE
  5
A1E
330
17
100
AcDbEntity
  8
GEOMETRY
100
AcDbLine
 10
170.5
 20
174.64158534940015
 30
0.0
 11
170.5
 21
174.6051836322939
 31
0.0
  0
LINE
  5
A1F
330
17
100
AcDbEntity
  8
GEOMETRY
100
AcDbLine
 10
170.5
 20
174.6051836322939
 30
0.0
 11
170.5
 21
174.5687819151876
 31
0.0
  0
LINE
  5
A20
330
17
100
AcDbEntity
  8
GEOMETRY
100
AcDbLine
 10
170.5
 20
174.5687819151876
 30
0.0
 11
170.5
 21
174.53238019808134
 31
0.0
  0
LINE
  5
A21
330
17
100
AcDbEntity
  8
GEOMETRY
100
AcDbLine
 10
170.5
 20
174.53238019808134
 30
0.0
 11
170.5
 21
174.47691886830032
 31
0.0
  0
LINE
  5
A22
330
17
100
AcDbEntity
  8
GEOMETRY
100
AcDbLine
 10
170.5
 20
174.47691886830032
 30
0.0
 11
170.5
 21
174.41828093640683
 31
0.0
  0
LINE
  5
A23
330
17
100
AcDbEntity
  8
GEOMETRY
100
AcDbLine
 10
170.5
 20
174.41828093640683
 30
0.0
 11
170.5
 21
174.35964300451334
 31
0.0
  0
LINE
  5
A24
330
17
100
AcDbEntity
  8
GEOMETRY
100
AcDbLine
 10
170.5
 20
174.35964300451334
 30
0.0
 11
170.5
 21
174.30100507261983
 31
0.0
  0
LINE
  5
A25
330
17
100
AcDbEntity
  8
GEOMETRY
100
AcDbLine
 10
170.5
 20
174.30100507261983
 30
0.0
 11
170.5
 21
174.23685403671738
 31
0.0
  0
LINE
  5
A26
330
17
100
AcDbEntity
  8
GEOMETRY
100
AcDbLine
 10
170.5
 20
174.23685403671738
 30
0.0
 11
170.5
 21
174.1589202407925
 31
0.0
  0
LINE
  5
A27
330
17
100
AcDbEntity
  8
GEOMETRY
100
AcDbLine
 10
170.5
 20
174.1589202407925
 30
0.0
 11
170.5
 21
174.08098644486762
 31
0.0
  0
LINE
  5
A28
330
17
100
AcDbEntity
  8
GEOMETRY
100
AcDbLine
 10
170.5
 20
174.08098644486762
 30
0.0
 11
170.5
 21
174.0030526489427
 31
0.0
  0
LINE
  5
A29
330
17
100
AcDbEntity
  8
GEOMETRY
100
AcDbLine
 10
170.5
 20
174.0030526489427
 30
0.0
 11
170.5
 21
173.92511885301784
 31
0.0
  0
LINE
  5
A2A
330
17
100
AcDbEntity
  8
GEOMETRY
100
AcDbLine
 10
170.5
 20
173.92511885301784
 30
0.0
 11
170.5
 21
173.83619367274972
 31
0.0
  0
LINE
  5
A2B
330
17
100
AcDbEntity
  8
GEOMETRY
100
AcDbLine
 10
170.5
 20
173.83619367274972
 30
0.0
 11
170.5
 21
173.7428719387443
 31
0.0
  0
LINE
  5
A2C
330
17
100
AcDbEntity
  8
GEOMETRY
100
AcDbLine
 10
170.5
 20
173.7428719387443
 30
0.0
 11
170.5
 21
173.64955020473886
 31
0.0
  0
LINE
  5
A2D
330
17
100
AcDbEntity
  8
GEOMETRY
100
AcDbLine
 10
170.5
 20
173.64955020473886
 30
0.0
 11
170.5
 21
173.55622847073343
 31
0.0
  0
LINE
  5
A2E
330
17
100
AcDbEntity
  8
GEOMETRY
100
AcDbLine
 10
170.5
 20
173.55622847073343
 30
0.0
 11
170.5
 21
173.4613769657766
 31
0.0
  0
LINE
  5
A2F
330
17
100
AcDbEntity
  8
GEOMETRY
100
AcDbLine
 10
170.5
 20
173.4613769657766
 30
0.0
 11
170.5
 21
173.35734683511131
 31
0.0
  0
LINE
  5
A30
330
17
100
AcDbEntity
  8
GEOMETRY
100
AcDbLine
 10
170.5
 20
173.35734683511131
 30
0.0
 11
170.5
 21
173.253316704446
 31
0.0
  0
LINE
  5
A31
330
17
100
AcDbEntity
  8
GEOMETRY
100
AcDbLine
 10
170.5
 20
173.253316704446
 30
0.0
 11
170.5
 21
173.1492865737807
 31
0.0
  0
LINE
  5
A32
330
17
100
AcDbEntity
  8
GEOMETRY
100
AcDbLine
 10
170.5
 20
173.1492865737807
 30
0.0
 11
170.5
 21
173.04525644311542
 31
0.0
  0
LINE
  5
A33
330
17
100
AcDbEntity
  8
GEOMETRY
100
AcDbLine
 10
170.5
 20
173.04525644311542
 30
0.0
 11
170.5
 21
172.9380880887265
 31
0.0
  0
LINE
  5
A34
330
17
100
AcDbEntity
  8
GEOMETRY
100
AcDbLine
 10
170.5
 20
172.9380880887265
 30
0.0
 11
170.5
 21
172.82856606654488
 31
0.0
  0
LINE
  5
A35
330
17
100
AcDbEntity
  8
GEOMETRY
100
AcDbLine
 10
170.5
 20
172.82856606654488
 30
0.0
 11
170.5
 21
172.71904404436324
 31
0.0
  0
LINE
  5
A36
330
17
100
AcDbEntity
  8
GEOMETRY
100
AcDbLine
 10
170.5
 20
172.71904404436324
 30
0.0
 11
170.5
 21
172.60952202218164
 31
0.0
  0
LINE
  5
A37
330
17
100
AcDbEntity
  8
GEOMETRY
100
AcDbLine
 10
170.5
 20
172.60952202218164
 30
0.0
 11
170.5
 21
172.5
 31
0.0
  0
LINE
  5
A38
330
17
100
AcDbEntity
  8
GEOMETRY
100
AcDbLine
 10
170.5
 20
172.5
 30
0.0
 11
170.5
 21
172.39047797781836
 31
0.0
  0
LINE
  5
A39
330
17
100
AcDbEntity
  8
GEOMETRY
100
AcDbLine
 10
170.5
 20
172.39047797781836
 30
0.0
 11
170.5
 21
172.28095595563676
 31
0.0
  0
LINE
  5
A3A
330
17
100
AcDbEntity
  8
GEOMETRY
100
AcDbLine
 10
170.5
 20
172.28095595563676
 30
0.0
 11
170.5
 21
172.17143393345512
 31
0.0
  0
LINE
  5
A3B
330
17
100
AcDbEntity
  8
GEOMETRY
100
AcDbLine
 10
170.5
 20
172.17143393345512
 30
0.0
 11
170.5
 21
172.0619119112735
 31
0.0
  0
LINE
  5
A3C
330
17
100
AcDbEntity
  8
GEOMETRY
100
AcDbLine
 10
170.5
 20
172.0619119112735
 30
0.0
 11
170.5
 21
171.95474355688458
 31
0.0
  0
LINE
  5
A3D
330
17
100
AcDbEntity
  8
GEOMETRY
100
AcDbLine
 10
170.5
 20
171.95474355688458
 30
0.0
 11
170.5
 21
171.8507134262193
 31
0.0
  0
LINE
  5
A3E
330
17
100
AcDbEntity
  8
GEOMETRY
100
AcDbLine
 10
170.5
 20
171.8507134262193
 30
0.0
 11
170.5
 21
171.746683295554
 31
0.0
  0
LINE
  5
A3F
330
17
100
AcDbEntity
  8
GEOMETRY
100
AcDbLine
 10
170.5
 20
171.746683295554
 30
0.0
 11
170.5
 21
171.64265316488869
 31
0.0
  0
LINE
  5
A40
330
17
100
AcDbEntity
  8
GEOMETRY
100
AcDbLine
 10
170.5
 20
171.64265316488869
 30
0.0
 11
170.5
 21
171.5386230342234
 31
0.0
  0
LINE
  5
A41
330
17
100
AcDbEntity
  8
GEOMETRY
100
AcDbLine
 10
170.5
 20
171.5386230342234
 30
0.0
 11
170.5
 21
171.44377152926657
 31
0.0
  0
LINE
  5
A42
330
17
100
AcDbEntity
  8
GEOMETRY
100
AcDbLine
 10
170.5
 20
171.44377152926657
 30
0.0
 11
170.5
 21
171.35044979526114
 31
0.0
  0
LINE
  5
A43
330
17
100
AcDbEntity
  8
GEOMETRY
100
AcDbLine
 10
170.5
 20
171.35044979526114
 30
0.0
 11
170.5
 21
171.2571280612557
 31
0.0
  0
LINE
  5
A44
330
17
100
AcDbEntity
  8
GEOMETRY
100
AcDbLine
 10
170.5
 20
171.2571280612557
 30
0.0
 11
170.5
 21
171.16380632725028
 31
0.0
  0
LINE
  5
A45
330
17
100
AcDbEntity
  8
GEOMETRY
100
AcDbLine
 10
170.5
 20
171.16380632725028
 30
0.0
 11
170.5
 21
171.07488114698216
 31
0.0
  0
LINE
  5
A46
330
17
100
AcDbEntity
  8
GEOMETRY
100
AcDbLine
 10
170.5
 20
171.07488114698216
 30
0.0
 11
170.5
 21
170.9969473510573
 31
0.0
  0
LINE
  5
A47
330
17
100
AcDbEntity
  8
GEOMETRY
100
AcDbLine
 10
170.5
 20
170.9969473510573
 30
0.0
 11
170.5
 21
170.91901355513238
 31
0.0
  0
LINE
  5
A48
330
17
100
AcDbEntity
  8
GEOMETRY
100
AcDbLine
 10
170.5
 20
170.91901355513238
 30
0.0
 11
170.5
 21
170.8410797592075
 31
0.0
  0
LINE
  5
A49
330
17
100
AcDbEntity
  8
GEOMETRY
100
AcDbLine
 10
170.5
 20
170.8410797592075
 30
0.0
 11
170.5
 21
170.76314596328262
 31
0.0
  0
LINE
  5
A4A
330
17
100
AcDbEntity
  8
GEOMETRY
100
AcDbLine
 10
170.5
 20
170.76314596328262
 30
0.0
 11
170.5
 21
170.69899492738017
 31
0.0
  0
LINE
  5
A4B
330
17
100
AcDbEntity
  8
GEOMETRY
100
AcDbLine
 10
170.5
 20
170.69899492738017
 30
0.0
 11
170.5
 21
170.64035699548666
 31
0.0
  0
LINE
  5
A4C
330
17
100
AcDbEntity
  8
GEOMETRY
100
AcDbLine
 10
170.5
 20
170.64035699548666
 30
0.0
 11
170.5
 21
170.58171906359317
 31
0.0
  0
LINE
  5
A4D
330
17
100
AcDbEntity
  8
GEOMETRY
100
AcDbLine
 10
170.5
 20
170.58171906359317
 30
0.0
 11
170.5
 21
170.52308113169968
 31
0.0
  0
LINE
  5
A4E
330
17
100
AcDbEntity
  8
GEOMETRY
100
AcDbLine
 10
170.5
 20
170.52308113169968
 30
0.0
 11
170.5
 21
170.46761980191866
 31
0.0
  0
LINE
  5
A4F
330
17
100
AcDbEntity
  8
GEOMETRY
100
AcDbLine
 10
170.5
 20
170.46761980191866
 30
0.0
 11
170.5
 21
170.4312180848124
 31
0.0
  0
LINE
  5
A50
330
17
100
AcDbEntity
  8
GEOMETRY
100
AcDbLine
 10
170.5
 20
170.4312180848124
 30
0.0
 11
170.5
 21
170.3948163677061
 31
0.0
  0
LINE
  5
A51
330
17
100
AcDbEntity
  8
GEOMETRY
100
AcDbLine
 10
170.5
 20
170.3948163677061
 30
0.0
 11
170.5
 21
170.35841465059985
 31
0.0
  0
LINE
  5
A52
330
17
100
AcDbEntity
  8
GEOMETRY
100
AcDbLine
 10
170.5
 20
170.35841465059985
 30
0.0
 11
170.5
 21
170.3220129334936
 31
0.0
  0
LINE
  5
A53
330
17
100
AcDbEntity
  8
GEOMETRY
100
AcDbLine
 10
170.5
 20
170.3220129334936
 30
0.0
 11
170.5
 21
170.29936067289202
 31
0.0
  0
LINE
  5
A54
330
17
100
AcDbEntity
  8
GEOMETRY
100
AcDbLine
 10
170.5
 20
170.29936067289202
 30
0.0
 11
170.5
 21
170.28702050466902
 31
0.0
  0
LINE
  5
A55
330
17
100
AcDbEntity
  8
GEOMETRY
100
AcDbLine
 10
170.5
 20
170.28702050466902
 30
0.0
 11
170.5
 21
170.274680336446
 31
0.0
  0
LINE
  5
A56
330
17
100
AcDbEntity
  8
GEOMETRY
100
AcDbLine
 10
170.5
 20
170.274680336446
 30
0.0
 11
170.5
 21
170.262340168223
 31
0.0
  0
LINE
  5
A57
330
17
100
AcDbEntity
  8
GEOMETRY
100
AcDbLine
 10
170.5
 20
170.262340168223
 30
0.0
 11
170.5
 21
170.25
 31
0.0
  0
LINE
  5
A58
330
17
100
AcDbEntity
  8
GEOMETRY
100
AcDbLine
 10
170.5
 20
170.25
 30
0.0
 11
170.5
 21
170.25309477169316
 31
0.0
  0
LINE
  5
A59
330
17
100
AcDbEntity
  8
GEOMETRY
100
AcDbLine
 10
170.5
 20
170.25309477169316
 30
0.0
 11
170.5
 21
170.25618954338634
 31
0.0
  0
LINE
  5
A5A
330
17
100
AcDbEntity
  8
GEOMETRY
100
AcDbLine
 10
170.5
 20
170.25618954338634
 30
0.0
 11
170.5
 21
170.2592843150795
 31
0.0
  0
LINE
  5
A5B
330
17
100
AcDbEntity
  8
GEOMETRY
100
AcDbLine
 10
170.5
 20
170.2592843150795
 30
0.0
 11
170.5
 21
170.26237908677268
 31
0.0
  0
LINE
  5
A5C
330
17
100
AcDbEntity
  8
GEOMETRY
100
AcDbLine
 10
170.5
 20
170.26237908677268
 30
0.0
 11
170.5
 21
170.2681098405387
 31
0.0
  0
LINE
  5
A5D
330
17
100
AcDbEntity
  8
GEOMETRY
100
AcDbLine
 10
170.5
 20
170.2681098405387
 30
0.0
 11
170.5
 21
170.27735523706855
 31
0.0
  0
LINE
  5
A5E
330
17
100
AcDbEntity
  8
GEOMETRY
100
AcDbLine
 10
170.5
 20
170.27735523706855
 30
0.0
 11
170.5
 21
170.2866006335984
 31
0.0
  0
LINE
  5
A5F
330
17
100
AcDbEntity
  8
GEOMETRY
100
AcDbLine
 10
170.5
 20
170.2866006335984
 30
0.0
 11
170.5
 21
170.29584603012822
 31
0.0
  0
LINE
  5
A60
330
17
100
AcDbEntity
  8
GEOMETRY
100
AcDbLine
 10
170.5
 20
170.29584603012822
 30
0.0
 11
170.5
 21
170.30509142665807
 31
0.0
  0
LINE
  5
A61
330
17
100
AcDbEntity
  8
GEOMETRY
100
AcDbLine
 10
170.5
 20
170.30509142665807
 30
0.0
 11
170.5
 21
170.31950913056875
 31
0.0
  0
LINE
  5
A62
330
17
100
AcDbEntity
  8
GEOMETRY
100
AcDbLine
 10
170.5
 20
170.31950913056875
 30
0.0
 11
170.5
 21
170.3347888857096
 31
0.0
  0
LINE
  5
A63
330
17
100
AcDbEntity
  8
GEOMETRY
100
AcDbLine
 10
170.5
 20
170.3347888857096
 30
0.0
 11
170.5
 21
170.35006864085045
 31
0.0
  0
LINE
  5
A64
330
17
100
AcDbEntity
  8
GEOMETRY
100
AcDbLine
 10
170.5
 20
170.35006864085045
 30
0.0
 11
170.5
 21
170.36534839599128
 31
0.0
  0
LINE
  5
A65
330
17
100
AcDbEntity
  8
GEOMETRY
100
AcDbLine
 10
170.5
 20
170.36534839599128
 30
0.0
 11
170.5
 21
170.382297353082
 31
0.0
  0
LINE
  5
A66
330
17
100
AcDbEntity
  8
GEOMETRY
100
AcDbLine
 10
170.5
 20
170.382297353082
 30
0.0
 11
170.5
 21
170.40341931504744
 31
0.0
  0
LINE
  5
A67
330
17
100
AcDbEntity
  8
GEOMETRY
100
AcDbLine
 10
170.5
 20
170.40341931504744
 30
0.0
 11
170.5
 21
170.42454127701288
 31
0.0
  0
LINE
  5
A68
330
17
100
AcDbEntity
  8
GEOMETRY
100
AcDbLine
 10
170.5
 20
170.42454127701288
 30
0.0
 11
170.5
 21
170.44566323897828
 31
0.0
  0
LINE
  5
A69
330
17
100
AcDbEntity
  8
GEOMETRY
100
AcDbLine
 10
170.5
 20
170.44566323897828
 30
0.0
 11
170.5
 21
170.46678520094372
 31
0.0
  0
LINE
  5
A6A
330
17
100
AcDbEntity
  8
GEOMETRY
100
AcDbLine
 10
170.5
 20
170.46678520094372
 30
0.0
 11
170.5
 21
170.4918904385503
 31
0.0
  0
LINE
  5
A6B
330
17
100
AcDbEntity
  8
GEOMETRY
100
AcDbLine
 10
170.5
 20
170.4918904385503
 30
0.0
 11
170.5
 21
170.51858898641336
 31
0.0
  0
LINE
  5
A6C
330
17
100
AcDbEntity
  8
GEOMETRY
100
AcDbLine
 10
170.5
 20
170.51858898641336
 30
0.0
 11
170.5
 21
170.5452875342764
 31
0.0
  0
LINE
  5
A6D
330
17
100
AcDbEntity
  8
GEOMETRY
100
AcDbLine
 10
170.5
 20
170.5452875342764
 30
0.0
 11
170.5
 21
170.57198608213946
 31
0.0
  0
LINE
  5
A6E
330
17
100
AcDbEntity
  8
GEOMETRY
100
AcDbLine
 10
170.5
 20
170.57198608213946
 30
0.0
 11
170.5
 21
170.59943332088358
 31
0.0
  0
LINE
  5
A6F
330
17
100
AcDbEntity
  8
GEOMETRY
100
AcDbLine
 10
170.5
 20
170.59943332088358
 30
0.0
 11
170.5
 21
170.631372704914
 31
0.0
  0
LINE
  5
A70
330
17
100
AcDbEntity
  8
GEOMETRY
100
AcDbLine
 10
170.5
 20
170.631372704914
 30
0.0
 11
170.5
 21
170.66331208894445
 31
0.0
  0
LINE
  5
A71
330
17
100
AcDbEntity
  8
GEOMETRY
100
AcDbLine
 10
170.5
 20
170.66331208894445
 30
0.0
 11
170.5
 21
170.6952514729749
 31
0.0
  0
LINE
  5
A72
330
17
100
AcDbEntity
  8
GEOMETRY
100
AcDbLine
 10
170.5
 20
170.6952514729749
 30
0.0
 11
170.5
 21
170.72719085700533
 31
0.0
  0
LINE
  5
A73
330
17
100
AcDbEntity
  8
GEOMETRY
100
AcDbLine
 10
170.5
 20
170.72719085700533
 30
0.0
 11
170.5
 21
170.76189548668236
 31
0.0
  0
LINE
  5
A74
330
17
100
AcDbEntity
  8
GEOMETRY
100
AcDbLine
 10
170.5
 20
170.76189548668236
 30
0.0
 11
170.5
 21
170.79867405059434
 31
0.0
  0
LINE
  5
A75
330
17
100
AcDbEntity
  8
GEOMETRY
100
AcDbLine
 10
170.5
 20
170.79867405059434
 30
0.0
 11
170.5
 21
170.83545261450632
 31
0.0
  0
LINE
  5
A76
330
17
100
AcDbEntity
  8
GEOMETRY
100
AcDbLine
 10
170.5
 20
170.83545261450632
 30
0.0
 11
170.5
 21
170.87223117841828
 31
0.0
  0
LINE
  5
A77
330
17
100
AcDbEntity
  8
GEOMETRY
100
AcDbLine
 10
170.5
 20
170.87223117841828
 30
0.0
 11
170.5
 21
170.90900974233026
 31
0.0
  0
LINE
  5
A78
330
17
100
AcDbEntity
  8
GEOMETRY
100
AcDbLine
 10
170.5
 20
170.90900974233026
 30
0.0
 11
170.5
 21
170.95016497434318
 31
0.0
  0
LINE
  5
A79
330
17
100
AcDbEntity
  8
GEOMETRY
100
AcDbLine
 10
170.5
 20
170.95016497434318
 30
0.0
 11
170.5
 21
170.99132020635608
 31
0.0
  0
LINE
  5
A7A
330
17
100
AcDbEntity
  8
GEOMETRY
100
AcDbLine
 10
170.5
 20
170.99132020635608
 30
0.0
 11
170.5
 21
171.032475438369
 31
0.0
  0
LINE
  5
A7B
330
17
100
AcDbEntity
  8
GEOMETRY
100
AcDbLine
 10
170.5
 20
171.032475438369
 30
0.0
 11
170.5
 21
171.0736306703819
 31
0.0
  0
LINE
  5
A7C
330
17
100
AcDbEntity
  8
GEOMETRY
100
AcDbLine
 10
170.5
 20
171.0736306703819
 30
0.0
 11
170.5
 21
171.11643980975748
 31
0.0
  0
LINE
  5
A7D
330
17
100
AcDbEntity
  8
GEOMETRY
100
AcDbLine
 10
170.5
 20
171.11643980975748
 30
0.0
 11
170.5
 21
171.16145415894994
 31
0.0
  0
LINE
  5
A7E
330
17
100
AcDbEntity
  8
GEOMETRY
100
AcDbLine
 10
170.5
 20
171.16145415894994
 30
0.0
 11
170.5
 21
171.2064685081424
 31
0.0
  0
LINE
  5
A7F
330
17
100
AcDbEntity
  8
GEOMETRY
100
AcDbLine
 10
170.5
 20
171.2064685081424
 30
0.0
 11
170.5
 21
171.25148285733482
 31
0.0
  0
LINE
  5
A80
330
17
100
AcDbEntity
  8
GEOMETRY
100
AcDbLine
 10
170.5
 20
171.25148285733482
 30
0.0
 11
170.5
 21
171.29649720652728
 31
0.0
  0
LINE
  5
A81
330
17
100
AcDbEntity
  8
GEOMETRY
100
AcDbLine
 10
170.5
 20
171.29649720652728
 30
0.0
 11
170.5
 21
171.34433415768018
 31
0.0
  0
LINE
  5
A82
330
17
100
AcDbEntity
  8
GEOMETRY
100
AcDbLine
 10
170.5
 20
171.34433415768018
 30
0.0
 11
170.5
 21
171.39264154249315
 31
0.0
  0
LINE
  5
A83
330
17
100
AcDbEntity
  8
GEOMETRY
100
AcDbLine
 10
170.5
 20
171.39264154249315
 30
0.0
 11
170.5
 21
171.44094892730612
 31
0.0
  0
LINE
  5
A84
330
17
100
AcDbEntity
  8
GEOMETRY
100
AcDbLine
 10
170.5
 20
171.44094892730612
 30
0.0
 11
170.5
 21
171.4892563121191
 31
0.0
  0
LINE
  5
A85
330
17
100
AcDbEntity
  8
GEOMETRY
100
AcDbLine
 10
170.5
 20
171.4892563121191
 30
0.0
 11
170.5
 21
171.53833099471146
 31
0.0
  0
LINE
  5
A86
330
17
100
AcDbEntity
  8
GEOMETRY
100
AcDbLine
 10
170.5
 20
171.53833099471146
 30
0.0
 11
170.5
 21
171.5893239217523
 31
0.0
  0
LINE
  5
A87
330
17
100
AcDbEntity
  8
GEOMETRY
100
AcDbLine
 10
170.5
 20
171.5893239217523
 30
0.0
 11
170.5
 21
171.6403168487932
 31
0.0
  0
LINE
  5
A88
330
17
100
AcDbEntity
  8
GEOMETRY
100
AcDbLine
 10
170.5
 20
171.6403168487932
 30
0.0
 11
170.5
 21
171.69130977583404
 31
0.0
  0
LINE
  5
A89
330
17
100
AcDbEntity
  8
GEOMETRY
100
AcDbLine
 10
170.5
 20
171.69130977583404
 30
0.0
 11
170.5
 21
171.74230270287492
 31
0.0
  0
LINE
  5
A8A
330
17
100
AcDbEntity
  8
GEOMETRY
100
AcDbLine
 10
170.5
 20
171.74230270287492
 30
0.0
 11
170.5
 21
171.79475582747548
 31
0.0
  0
LINE
  5
A8B
330
17
100
AcDbEntity
  8
GEOMETRY
100
AcDbLine
 10
170.5
 20
171.79475582747548
 30
0.0
 11
170.5
 21
171.8477930310999
 31
0.0
  0
LINE
  5
A8C
330
17
100
AcDbEntity
  8
GEOMETRY
100
AcDbLine
 10
170.5
 20
171.8477930310999
 30
0.0
 11
170.5
 21
171.90083023472434
 31
0.0
  0
LINE
  5
A8D
330
17
100
AcDbEntity
  8
GEOMETRY
100
AcDbLine
 10
170.5
 20
171.90083023472434
 30
0.0
 11
170.5
 21
171.95386743834877
 31
0.0
  0
LINE
  5
A8E
330
17
100
AcDbEntity
  8
GEOMETRY
100
AcDbLine
 10
170.5
 20
171.95386743834877
 30
0.0
 11
170.5
 21
172.00710139954109
 31
0.0
  0
LINE
  5
A8F
330
17
100
AcDbEntity
  8
GEOMETRY
100
AcDbLine
 10
170.5
 20
172.00710139954109
 30
0.0
 11
170.5
 21
172.0615159061406
 31
0.0
  0
LINE
  5
A90
330
17
100
AcDbEntity
  8
GEOMETRY
100
AcDbLine
 10
170.5
 20
172.0615159061406
 30
0.0
 11
170.5
 21
172.11593041274014
 31
0.0
  0
LINE
  5
A91
330
17
100
AcDbEntity
  8
GEOMETRY
100
AcDbLine
 10
170.5
 20
172.11593041274014
 30
0.0
 11
170.5
 21
172.17034491933967
 31
0.0
  0
LINE
  5
A92
330
17
100
AcDbEntity
  8
GEOMETRY
100
AcDbLine
 10
170.5
 20
172.17034491933967
 30
0.0
 11
170.5
 21
172.2247594259392
 31
0.0
  0
LINE
  5
A93
330
17
100
AcDbEntity
  8
GEOMETRY
100
AcDbLine
 10
170.5
 20
172.2247594259392
 30
0.0
 11
170.5
 21
172.27956993767162
 31
0.0
  0
LINE
  5
A94
330
17
100
AcDbEntity
  8
GEOMETRY
100
AcDbLine
 10
170.5
 20
172.27956993767162
 30
0.0
 11
170.5
 21
172.3346774532537
 31
0.0
  0
LINE
  5
A95
330
17
100
AcDbEntity
  8
GEOMETRY
100
AcDbLine
 10
170.5
 20
172.3346774532537
 30
0.0
 11
170.5
 21
172.3897849688358
 31
0.0
  0
LINE
  5
A96
330
17
100
AcDbEntity
  8
GEOMETRY
100
AcDbLine
 10
170.5
 20
172.3897849688358
 30
0.0
 11
170.5
 21
172.4448924844179
 31
0.0
  0
LINE
  5
A97
330
17
100
AcDbEntity
  8
GEOMETRY
100
AcDbLine
 10
170.5
 20
172.4448924844179
 30
0.0
 11
170.5
 21
172.5
 31
0.0
  0
LINE
  5
A98
330
17
100
AcDbEntity
  8
GEOMETRY
100
AcDbLine
 10
173.5
 20
142.5
 30
0.0
 11
173.5
 21
142.5551075155821
 31
0.0
  0
LINE
  5
A99
330
17
100
AcDbEntity
  8
GEOMETRY
100
AcDbLine
 10
173.5
 20
142.5551075155821
 30
0.0
 11
173.5
 21
142.6102150311642
 31
0.0
  0
LINE
  5
A9A
330
17
100
AcDbEntity
  8
GEOMETRY
100
AcDbLine
 10
173.5
 20
142.6102150311642
 30
0.0
 11
173.5
 21
142.6653225467463
 31
0.0
  0
LINE
  5
A9B
330
17
100
AcDbEntity
  8
GEOMETRY
100
AcDbLine
 10
173.5
 20
142.6653225467463
 30
0.0
 11
173.5
 21
142.72043006232838
 31
0.0
  0
LINE
  5
A9C
330
17
100
AcDbEntity
  8
GEOMETRY
100
AcDbLine
 10
173.5
 20
142.72043006232838
 30
0.0
 11
173.5
 21
142.7752405740608
 31
0.0
  0
LINE
  5
A9D
330
17
100
AcDbEntity
  8
GEOMETRY
100
AcDbLine
 10
173.5
 20
142.7752405740608
 30
0.0
 11
173.5
 21
142.82965508066033
 31
0.0
  0
LINE
  5
A9E
330
17
100
AcDbEntity
  8
GEOMETRY
100
AcDbLine
 10
173.5
 20
142.82965508066033
 30
0.0
 11
173.5
 21
142.88406958725986
 31
0.0
  0
LINE
  5
A9F
330
17
100
AcDbEntity
  8
GEOMETRY
100
AcDbLine
 10
173.5
 20
142.88406958725986
 30
0.0
 11
173.5
 21
142.9384840938594
 31
0.0
  0
LINE
  5
AA0
330
17
100
AcDbEntity
  8
GEOMETRY
100
AcDbLine
 10
173.5
 20
142.9384840938594
 30
0.0
 11
173.5
 21
142.99289860045891
 31
0.0
  0
LINE
  5
AA1
330
17
100
AcDbEntity
  8
GEOMETRY
100
AcDbLine
 10
173.5
 20
142.99289860045891
 30
0.0
 11
173.5
 21
143.04613256165123
 31
0.0
  0
LINE
  5
AA2
330
17
100
AcDbEntity
  8
GEOMETRY
100
AcDbLine
 10
173.5
 20
143.04613256165123
 30
0.0
 11
173.5
 21
143.09916976527566
 31
0.0
  0
LINE
  5
AA3
330
17
100
AcDbEntity
  8
GEOMETRY
100
AcDbLine
 10
173.5
 20
143.09916976527566
 30
0.0
 11
173.5
 21
143.1522069689001
 31
0.0
  0
LINE
  5
AA4
330
17
100
AcDbEntity
  8
GEOMETRY
100
AcDbLine
 10
173.5
 20
143.1522069689001
 30
0.0
 11
173.5
 21
143.20524417252454
 31
0.0
  0
LINE
  5
AA5
330
17
100
AcDbEntity
  8
GEOMETRY
100
AcDbLine
 10
173.5
 20
143.20524417252454
 30
0.0
 11
173.5
 21
143.2576972971251
 31
0.0
  0
LINE
  5
AA6
330
17
100
AcDbEntity
  8
GEOMETRY
100
AcDbLine
 10
173.5
 20
143.2576972971251
 30
0.0
 11
173.5
 21
143.30869022416596
 31
0.0
  0
LINE
  5
AA7
330
17
100
AcDbEntity
  8
GEOMETRY
100
AcDbLine
 10
173.5
 20
143.30869022416596
 30
0.0
 11
173.5
 21
143.3596831512068
 31
0.0
  0
LINE
  5
AA8
330
17
100
AcDbEntity
  8
GEOMETRY
100
AcDbLine
 10
173.5
 20
143.3596831512068
 30
0.0
 11
173.5
 21
143.4106760782477
 31
0.0
  0
LINE
  5
AA9
330
17
100
AcDbEntity
  8
GEOMETRY
100
AcDbLine
 10
173.5
 20
143.4106760782477
 30
0.0
 11
173.5
 21
143.46166900528854
 31
0.0
  0
LINE
  5
AAA
330
17
100
AcDbEntity
  8
GEOMETRY
100
AcDbLine
 10
173.5
 20
143.46166900528854
 30
0.0
 11
173.5
 21
143.5107436878809
 31
0.0
  0
LINE
  5
AAB
330
17
100
AcDbEntity
  8
GEOMETRY
100
AcDbLine
 10
173.5
 20
143.5107436878809
 30
0.0
 11
173.5
 21
143.55905107269388
 31
0.0
  0
LINE
  5
AAC
330
17
100
AcDbEntity
  8
GEOMETRY
100
AcDbLine
 10
173.5
 20
143.55905107269388
 30
0.0
 11
173.5
 21
143.60735845750685
 31
0.0
  0
LINE
  5
AAD
330
17
100
AcDbEntity
  8
GEOMETRY
100
AcDbLine
 10
173.5
 20
143.60735845750685
 30
0.0
 11
173.5
 21
143.65566584231982
 31
0.0
  0
LINE
  5
AAE
330
17
100
AcDbEntity
  8
GEOMETRY
100
AcDbLine
 10
173.5
 20
143.65566584231982
 30
0.0
 11
173.5
 21
143.70350279347272
 31
0.0
  0
LINE
  5
AAF
330
17
100
AcDbEntity
  8
GEOMETRY
100
AcDbLine
 10
173.5
 20
143.70350279347272
 30
0.0
 11
173.5
 21
143.74851714266515
 31
0.0
  0
LINE
  5
AB0
330
17
100
AcDbEntity
  8
GEOMETRY
100
AcDbLine
 10
173.5
 20
143.74851714266515
 30
0.0
 11
173.5
 21
143.7935314918576
 31
0.0
  0
LINE
  5
AB1
330
17
100
AcDbEntity
  8
GEOMETRY
100
AcDbLine
 10
173.5
 20
143.7935314918576
 30
0.0
 11
173.5
 21
143.83854584105006
 31
0.0
  0
LINE
  5
AB2
330
17
100
AcDbEntity
  8
GEOMETRY
100
AcDbLine
 10
173.5
 20
143.83854584105006
 30
0.0
 11
173.5
 21
143.88356019024252
 31
0.0
  0
LINE
  5
AB3
330
17
100
AcDbEntity
  8
GEOMETRY
100
AcDbLine
 10
173.5
 20
143.88356019024252
 30
0.0
 11
173.5
 21
143.9263693296181
 31
0.0
  0
LINE
  5
AB4
330
17
100
AcDbEntity
  8
GEOMETRY
100
AcDbLine
 10
173.5
 20
143.9263693296181
 30
0.0
 11
173.5
 21
143.96752456163102
 31
0.0
  0
LINE
  5
AB5
330
17
100
AcDbEntity
  8
GEOMETRY
100
AcDbLine
 10
173.5
 20
143.96752456163102
 30
0.0
 11
173.5
 21
144.00867979364392
 31
0.0
  0
LINE
  5
AB6
330
17
100
AcDbEntity
  8
GEOMETRY
100
AcDbLine
 10
173.5
 20
144.00867979364392
 30
0.0
 11
173.5
 21
144.04983502565682
 31
0.0
  0
LINE
  5
AB7
330
17
100
AcDbEntity
  8
GEOMETRY
100
AcDbLine
 10
173.5
 20
144.04983502565682
 30
0.0
 11
173.5
 21
144.09099025766972
 31
0.0
  0
LINE
  5
AB8
330
17
100
AcDbEntity
  8
GEOMETRY
100
AcDbLine
 10
173.5
 20
144.09099025766972
 30
0.0
 11
173.5
 21
144.1277688215817
 31
0.0
  0
LINE
  5
AB9
330
17
100
AcDbEntity
  8
GEOMETRY
100
AcDbLine
 10
173.5
 20
144.1277688215817
 30
0.0
 11
173.5
 21
144.16454738549368
 31
0.0
  0
LINE
  5
ABA
330
17
100
AcDbEntity
  8
GEOMETRY
100
AcDbLine
 10
173.5
 20
144.16454738549368
 30
0.0
 11
173.5
 21
144.20132594940566
 31
0.0
  0
LINE
  5
ABB
330
17
100
AcDbEntity
  8
GEOMETRY
100
AcDbLine
 10
173.5
 20
144.20132594940566
 30
0.0
 11
173.5
 21
144.23810451331764
 31
0.0
  0
LINE
  5
ABC
330
17
100
AcDbEntity
  8
GEOMETRY
100
AcDbLine
 10
173.5
 20
144.23810451331764
 30
0.0
 11
173.5
 21
144.27280914299467
 31
0.0
  0
LINE
  5
ABD
330
17
100
AcDbEntity
  8
GEOMETRY
100
AcDbLine
 10
173.5
 20
144.27280914299467
 30
0.0
 11
173.5
 21
144.3047485270251
 31
0.0
  0
LINE
  5
ABE
330
17
100
AcDbEntity
  8
GEOMETRY
100
AcDbLine
 10
173.5
 20
144.3047485270251
 30
0.0
 11
173.5
 21
144.33668791105555
 31
0.0
  0
LINE
  5
ABF
330
17
100
AcDbEntity
  8
GEOMETRY
100
AcDbLine
 10
173.5
 20
144.33668791105555
 30
0.0
 11
173.5
 21
144.36862729508601
 31
0.0
  0
LINE
  5
AC0
330
17
100
AcDbEntity
  8
GEOMETRY
100
AcDbLine
 10
173.5
 20
144.36862729508601
 30
0.0
 11
173.5
 21
144.40056667911642
 31
0.0
  0
LINE
  5
AC1
330
17
100
AcDbEntity
  8
GEOMETRY
100
AcDbLine
 10
173.5
 20
144.40056667911642
 30
0.0
 11
173.5
 21
144.42801391786054
 31
0.0
  0
LINE
  5
AC2
330
17
100
AcDbEntity
  8
GEOMETRY
100
AcDbLine
 10
173.5
 20
144.42801391786054
 30
0.0
 11
173.5
 21
144.4547124657236
 31
0.0
  0
LINE
  5
AC3
330
17
100
AcDbEntity
  8
GEOMETRY
100
AcDbLine
 10
173.5
 20
144.4547124657236
 30
0.0
 11
173.5
 21
144.48141101358664
 31
0.0
  0
LINE
  5
AC4
330
17
100
AcDbEntity
  8
GEOMETRY
100
AcDbLine
 10
173.5
 20
144.48141101358664
 30
0.0
 11
173.5
 21
144.5081095614497
 31
0.0
  0
LINE
  5
AC5
330
17
100
AcDbEntity
  8
GEOMETRY
100
AcDbLine
 10
173.5
 20
144.5081095614497
 30
0.0
 11
173.5
 21
144.53321479905628
 31
0.0
  0
LINE
  5
AC6
330
17
100
AcDbEntity
  8
GEOMETRY
100
AcDbLine
 10
173.5
 20
144.53321479905628
 30
0.0
 11
173.5
 21
144.55433676102172
 31
0.0
  0
LINE
  5
AC7
330
17
100
AcDbEntity
  8
GEOMETRY
100
AcDbLine
 10
173.5
 20
144.55433676102172
 30
0.0
 11
173.5
 21
144.57545872298715
 31
0.0
  0
LINE
  5
AC8
330
17
100
AcDbEntity
  8
GEOMETRY
100
AcDbLine
 10
173.5
 20
144.57545872298715
 30
0.0
 11
173.5
 21
144.59658068495256
 31
0.0
  0
LINE
  5
AC9
330
17
100
AcDbEntity
  8
GEOMETRY
100
AcDbLine
 10
173.5
 20
144.59658068495256
 30
0.0
 11
173.5
 21
144.617702646918
 31
0.0
  0
LINE
  5
ACA
330
17
100
AcDbEntity
  8
GEOMETRY
100
AcDbLine
 10
173.5
 20
144.617702646918
 30
0.0
 11
173.5
 21
144.63465160400872
 31
0.0
  0
LINE
  5
ACB
330
17
100
AcDbEntity
  8
GEOMETRY
100
AcDbLine
 10
173.5
 20
144.63465160400872
 30
0.0
 11
173.5
 21
144.64993135914955
 31
0.0
  0
LINE
  5
ACC
330
17
100
AcDbEntity
  8
GEOMETRY
100
AcDbLine
 10
173.5
 20
144.64993135914955
 30
0.0
 11
173.5
 21
144.6652111142904
 31
0.0
  0
LINE
  5
ACD
330
17
100
AcDbEntity
  8
GEOMETRY
100
AcDbLine
 10
173.5
 20
144.6652111142904
 30
0.0
 11
173.5
 21
144.68049086943125
 31
0.0
  0
LINE
  5
ACE
330
17
100
AcDbEntity
  8
GEOMETRY
100
AcDbLine
 10
173.5
 20
144.68049086943125
 30
0.0
 11
173.5
 21
144.69490857334193
 31
0.0
  0
LINE
  5
ACF
330
17
100
AcDbEntity
  8
GEOMETRY
100
AcDbLine
 10
173.5
 20
144.69490857334193
 30
0.0
 11
173.5
 21
144.70415396987178
 31
0.0
  0
LINE
  5
AD0
330
17
100
AcDbEntity
  8
GEOMETRY
100
AcDbLine
 10
173.5
 20
144.70415396987178
 30
0.0
 11
173.5
 21
144.71339936640163
 31
0.0
  0
LINE
  5
AD1
330
17
100
AcDbEntity
  8
GEOMETRY
100
AcDbLine
 10
173.5
 20
144.71339936640163
 30
0.0
 11
173.5
 21
144.72264476293145
 31
0.0
  0
LINE
  5
AD2
330
17
100
AcDbEntity
  8
GEOMETRY
100
AcDbLine
 10
173.5
 20
144.72264476293145
 30
0.0
 11
173.5
 21
144.7318901594613
 31
0.0
  0
LINE
  5
AD3
330
17
100
AcDbEntity
  8
GEOMETRY
100
AcDbLine
 10
173.5
 20
144.7318901594613
 30
0.0
 11
173.5
 21
144.73762091322732
 31
0.0
  0
LINE
  5
AD4
330
17
100
AcDbEntity
  8
GEOMETRY
100
AcDbLine
 10
173.5
 20
144.73762091322732
 30
0.0
 11
173.5
 21
144.74071568492047
 31
0.0
  0
LINE
  5
AD5
330
17
100
AcDbEntity
  8
GEOMETRY
100
AcDbLine
 10
173.5
 20
144.74071568492047
 30
0.0
 11
173.5
 21
144.74381045661366
 31
0.0
  0
LINE
  5
AD6
330
17
100
AcDbEntity
  8
GEOMETRY
100
AcDbLine
 10
173.5
 20
144.74381045661366
 30
0.0
 11
173.5
 21
144.74690522830684
 31
0.0
  0
LINE
  5
AD7
330
17
100
AcDbEntity
  8
GEOMETRY
100
AcDbLine
 10
173.5
 20
144.74690522830684
 30
0.0
 11
173.5
 21
144.75
 31
0.0
  0
LINE
  5
AD8
330
17
100
AcDbEntity
  8
GEOMETRY
100
AcDbLine
 10
173.5
 20
144.75
 30
0.0
 11
173.5
 21
144.737659831777
 31
0.0
  0
LINE
  5
AD9
330
17
100
AcDbEntity
  8
GEOMETRY
100
AcDbLine
 10
173.5
 20
144.737659831777
 30
0.0
 11
173.5
 21
144.725319663554
 31
0.0
  0
LINE
  5
ADA
330
17
100
AcDbEntity
  8
GEOMETRY
100
AcDbLine
 10
173.5
 20
144.725319663554
 30
0.0
 11
173.5
 21
144.71297949533096
 31
0.0
  0
LINE
  5
ADB
330
17
100
AcDbEntity
  8
GEOMETRY
100
AcDbLine
 10
173.5
 20
144.71297949533096
 30
0.0
 11
173.5
 21
144.70063932710798
 31
0.0
  0
LINE
  5
ADC
330
17
100
AcDbEntity
  8
GEOMETRY
100
AcDbLine
 10
173.5
 20
144.70063932710798
 30
0.0
 11
173.5
 21
144.67798706650643
 31
0.0
  0
LINE
  5
ADD
330
17
100
AcDbEntity
  8
GEOMETRY
100
AcDbLine
 10
173.5
 20
144.67798706650643
 30
0.0
 11
173.5
 21
144.64158534940015
 31
0.0
  0
LINE
  5
ADE
330
17
100
AcDbEntity
  8
GEOMETRY
100
AcDbLine
 10
173.5
 20
144.64158534940015
 30
0.0
 11
173.5
 21
144.6051836322939
 31
0.0
  0
LINE
  5
ADF
330
17
100
AcDbEntity
  8
GEOMETRY
100
AcDbLine
 10
173.5
 20
144.6051836322939
 30
0.0
 11
173.5
 21
144.5687819151876
 31
0.0
  0
LINE
  5
AE0
330
17
100
AcDbEntity
  8
GEOMETRY
100
AcDbLine
 10
173.5
 20
144.5687819151876
 30
0.0
 11
173.5
 21
144.53238019808134
 31
0.0
  0
LINE
  5
AE1
330
17
100
AcDbEntity
  8
GEOMETRY
100
AcDbLine
 10
173.5
 20
144.53238019808134
 30
0.0
 11
173.5
 21
144.47691886830032
 31
0.0
  0
LINE
  5
AE2
330
17
100
AcDbEntity
  8
GEOMETRY
100
AcDbLine
 10
173.5
 20
144.47691886830032
 30
0.0
 11
173.5
 21
144.41828093640683
 31
0.0
  0
LINE
  5
AE3
330
17
100
AcDbEntity
  8
GEOMETRY
100
AcDbLine
 10
173.5
 20
144.41828093640683
 30
0.0
 11
173.5
 21
144.35964300451332
 31
0.0
  0
LINE
  5
AE4
330
17
100
AcDbEntity
  8
GEOMETRY
100
AcDbLine
 10
173.5
 20
144.35964300451332
 30
0.0
 11
173.5
 21
144.30100507261983
 31
0.0
  0
LINE
  5
AE5
330
17
100
AcDbEntity
  8
GEOMETRY
100
AcDbLine
 10
173.5
 20
144.30100507261983
 30
0.0
 11
173.5
 21
144.23685403671738
 31
0.0
  0
LINE
  5
AE6
330
17
100
AcDbEntity
  8
GEOMETRY
100
AcDbLine
 10
173.5
 20
144.23685403671738
 30
0.0
 11
173.5
 21
144.1589202407925
 31
0.0
  0
LINE
  5
AE7
330
17
100
AcDbEntity
  8
GEOMETRY
100
AcDbLine
 10
173.5
 20
144.1589202407925
 30
0.0
 11
173.5
 21
144.08098644486762
 31
0.0
  0
LINE
  5
AE8
330
17
100
AcDbEntity
  8
GEOMETRY
100
AcDbLine
 10
173.5
 20
144.08098644486762
 30
0.0
 11
173.5
 21
144.0030526489427
 31
0.0
  0
LINE
  5
AE9
330
17
100
AcDbEntity
  8
GEOMETRY
100
AcDbLine
 10
173.5
 20
144.0030526489427
 30
0.0
 11
173.5
 21
143.92511885301784
 31
0.0
  0
LINE
  5
AEA
330
17
100
AcDbEntity
  8
GEOMETRY
100
AcDbLine
 10
173.5
 20
143.92511885301784
 30
0.0
 11
173.5
 21
143.83619367274972
 31
0.0
  0
LINE
  5
AEB
330
17
100
AcDbEntity
  8
GEOMETRY
100
AcDbLine
 10
173.5
 20
143.83619367274972
 30
0.0
 11
173.5
 21
143.7428719387443
 31
0.0
  0
LINE
  5
AEC
330
17
100
AcDbEntity
  8
GEOMETRY
100
AcDbLine
 10
173.5
 20
143.7428719387443
 30
0.0
 11
173.5
 21
143.64955020473886
 31
0.0
  0
LINE
  5
AED
330
17
100
AcDbEntity
  8
GEOMETRY
100
AcDbLine
 10
173.5
 20
143.64955020473886
 30
0.0
 11
173.5
 21
143.55622847073346
 31
0.0
  0
LINE
  5
AEE
330
17
100
AcDbEntity
  8
GEOMETRY
100
AcDbLine
 10
173.5
 20
143.55622847073346
 30
0.0
 11
173.5
 21
143.4613769657766
 31
0.0
  0
LINE
  5
AEF
330
17
100
AcDbEntity
  8
GEOMETRY
100
AcDbLine
 10
173.5
 20
143.4613769657766
 30
0.0
 11
173.5
 21
143.35734683511131
 31
0.0
  0
LINE
  5
AF0
330
17
100
AcDbEntity
  8
GEOMETRY
100
AcDbLine
 10
173.5
 20
143.35734683511131
 30
0.0
 11
173.5
 21
143.253316704446
 31
0.0
  0
LINE
  5
AF1
330
17
100
AcDbEntity
  8
GEOMETRY
100
AcDbLine
 10
173.5
 20
143.253316704446
 30
0.0
 11
173.5
 21
143.1492865737807
 31
0.0
  0
LINE
  5
AF2
330
17
100
AcDbEntity
  8
GEOMETRY
100
AcDbLine
 10
173.5
 20
143.1492865737807
 30
0.0
 11
173.5
 21
143.04525644311542
 31
0.0
  0
LINE
  5
AF3
330
17
100
AcDbEntity
  8
GEOMETRY
100
AcDbLine
 10
173.5
 20
143.04525644311542
 30
0.0
 11
173.5
 21
142.9380880887265
 31
0.0
  0
LINE
  5
AF4
330
17
100
AcDbEntity
  8
GEOMETRY
100
AcDbLine
 10
173.5
 20
142.9380880887265
 30
0.0
 11
173.5
 21
142.82856606654488
 31
0.0
  0
LINE
  5
AF5
330
17
100
AcDbEntity
  8
GEOMETRY
100
AcDbLine
 10
173.5
 20
142.82856606654488
 30
0.0
 11
173.5
 21
142.71904404436324
 31
0.0
  0
LINE
  5
AF6
330
17
100
AcDbEntity
  8
GEOMETRY
100
AcDbLine
 10
173.5
 20
142.71904404436324
 30
0.0
 11
173.5
 21
142.60952202218164
 31
0.0
  0
LINE
  5
AF7
330
17
100
AcDbEntity
  8
GEOMETRY
100
AcDbLine
 10
173.5
 20
142.60952202218164
 30
0.0
 11
173.5
 21
142.5
 31
0.0
  0
LINE
  5
AF8
330
17
100
AcDbEntity
  8
GEOMETRY
100
AcDbLine
 10
173.5
 20
142.5
 30
0.0
 11
173.5
 21
142.39047797781836
 31
0.0
  0
LINE
  5
AF9
330
17
100
AcDbEntity
  8
GEOMETRY
100
AcDbLine
 10
173.5
 20
142.39047797781836
 30
0.0
 11
173.5
 21
142.28095595563676
 31
0.0
  0
LINE
  5
AFA
330
17
100
AcDbEntity
  8
GEOMETRY
100
AcDbLine
 10
173.5
 20
142.28095595563676
 30
0.0
 11
173.5
 21
142.17143393345515
 31
0.0
  0
LINE
  5
AFB
330
17
100
AcDbEntity
  8
GEOMETRY
100
AcDbLine
 10
173.5
 20
142.17143393345515
 30
0.0
 11
173.5
 21
142.0619119112735
 31
0.0
  0
LINE
  5
AFC
330
17
100
AcDbEntity
  8
GEOMETRY
100
AcDbLine
 10
173.5
 20
142.0619119112735
 30
0.0
 11
173.5
 21
141.95474355688458
 31
0.0
  0
LINE
  5
AFD
330
17
100
AcDbEntity
  8
GEOMETRY
100
AcDbLine
 10
173.5
 20
141.95474355688458
 30
0.0
 11
173.5
 21
141.8507134262193
 31
0.0
  0
LINE
  5
AFE
330
17
100
AcDbEntity
  8
GEOMETRY
100
AcDbLine
 10
173.5
 20
141.8507134262193
 30
0.0
 11
173.5
 21
141.746683295554
 31
0.0
  0
LINE
  5
AFF
330
17
100
AcDbEntity
  8
GEOMETRY
100
AcDbLine
 10
173.5
 20
141.746683295554
 30
0.0
 11
173.5
 21
141.64265316488869
 31
0.0
  0
LINE
  5
B00
330
17
100
AcDbEntity
  8
GEOMETRY
100
AcDbLine
 10
173.5
 20
141.64265316488869
 30
0.0
 11
173.5
 21
141.5386230342234
 31
0.0
  0
LINE
  5
B01
330
17
100
AcDbEntity
  8
GEOMETRY
100
AcDbLine
 10
173.5
 20
141.5386230342234
 30
0.0
 11
173.5
 21
141.44377152926657
 31
0.0
  0
LINE
  5
B02
330
17
100
AcDbEntity
  8
GEOMETRY
100
AcDbLine
 10
173.5
 20
141.44377152926657
 30
0.0
 11
173.5
 21
141.35044979526114
 31
0.0
  0
LINE
  5
B03
330
17
100
AcDbEntity
  8
GEOMETRY
100
AcDbLine
 10
173.5
 20
141.35044979526114
 30
0.0
 11
173.5
 21
141.2571280612557
 31
0.0
  0
LINE
  5
B04
330
17
100
AcDbEntity
  8
GEOMETRY
100
AcDbLine
 10
173.5
 20
141.2571280612557
 30
0.0
 11
173.5
 21
141.16380632725028
 31
0.0
  0
LINE
  5
B05
330
17
100
AcDbEntity
  8
GEOMETRY
100
AcDbLine
 10
173.5
 20
141.16380632725028
 30
0.0
 11
173.5
 21
141.07488114698216
 31
0.0
  0
LINE
  5
B06
330
17
100
AcDbEntity
  8
GEOMETRY
100
AcDbLine
 10
173.5
 20
141.07488114698216
 30
0.0
 11
173.5
 21
140.9969473510573
 31
0.0
  0
LINE
  5
B07
330
17
100
AcDbEntity
  8
GEOMETRY
100
AcDbLine
 10
173.5
 20
140.9969473510573
 30
0.0
 11
173.5
 21
140.91901355513238
 31
0.0
  0
LINE
  5
B08
330
17
100
AcDbEntity
  8
GEOMETRY
100
AcDbLine
 10
173.5
 20
140.91901355513238
 30
0.0
 11
173.5
 21
140.8410797592075
 31
0.0
  0
LINE
  5
B09
330
17
100
AcDbEntity
  8
GEOMETRY
100
AcDbLine
 10
173.5
 20
140.8410797592075
 30
0.0
 11
173.5
 21
140.76314596328262
 31
0.0
  0
LINE
  5
B0A
330
17
100
AcDbEntity
  8
GEOMETRY
100
AcDbLine
 10
173.5
 20
140.76314596328262
 30
0.0
 11
173.5
 21
140.69899492738017
 31
0.0
  0
LINE
  5
B0B
330
17
100
AcDbEntity
  8
GEOMETRY
100
AcDbLine
 10
173.5
 20
140.69899492738017
 30
0.0
 11
173.5
 21
140.64035699548668
 31
0.0
  0
LINE
  5
B0C
330
17
100
AcDbEntity
  8
GEOMETRY
100
AcDbLine
 10
173.5
 20
140.64035699548668
 30
0.0
 11
173.5
 21
140.5817190635932
 31
0.0
  0
LINE
  5
B0D
330
17
100
AcDbEntity
  8
GEOMETRY
100
AcDbLine
 10
173.5
 20
140.5817190635932
 30
0.0
 11
173.5
 21
140.52308113169968
 31
0.0
  0
LINE
  5
B0E
330
17
100
AcDbEntity
  8
GEOMETRY
100
AcDbLine
 10
173.5
 20
140.52308113169968
 30
0.0
 11
173.5
 21
140.46761980191866
 31
0.0
  0
LINE
  5
B0F
330
17
100
AcDbEntity
  8
GEOMETRY
100
AcDbLine
 10
173.5
 20
140.46761980191866
 30
0.0
 11
173.5
 21
140.4312180848124
 31
0.0
  0
LINE
  5
B10
330
17
100
AcDbEntity
  8
GEOMETRY
100
AcDbLine
 10
173.5
 20
140.4312180848124
 30
0.0
 11
173.5
 21
140.39481636770614
 31
0.0
  0
LINE
  5
B11
330
17
100
AcDbEntity
  8
GEOMETRY
100
AcDbLine
 10
173.5
 20
140.39481636770614
 30
0.0
 11
173.5
 21
140.35841465059985
 31
0.0
  0
LINE
  5
B12
330
17
100
AcDbEntity
  8
GEOMETRY
100
AcDbLine
 10
173.5
 20
140.35841465059985
 30
0.0
 11
173.5
 21
140.32201293349357
 31
0.0
  0
LINE
  5
B13
330
17
100
AcDbEntity
  8
GEOMETRY
100
AcDbLine
 10
173.5
 20
140.32201293349357
 30
0.0
 11
173.5
 21
140.29936067289202
 31
0.0
  0
LINE
  5
B14
330
17
100
AcDbEntity
  8
GEOMETRY
100
AcDbLine
 10
173.5
 20
140.29936067289202
 30
0.0
 11
173.5
 21
140.28702050466904
 31
0.0
  0
LINE
  5
B15
330
17
100
AcDbEntity
  8
GEOMETRY
100
AcDbLine
 10
173.5
 20
140.28702050466904
 30
0.0
 11
173.5
 21
140.274680336446
 31
0.0
  0
LINE
  5
B16
330
17
100
AcDbEntity
  8
GEOMETRY
100
AcDbLine
 10
173.5
 20
140.274680336446
 30
0.0
 11
173.5
 21
140.262340168223
 31
0.0
  0
LINE
  5
B17
330
17
100
AcDbEntity
  8
GEOMETRY
100
AcDbLine
 10
173.5
 20
140.262340168223
 30
0.0
 11
173.5
 21
140.25
 31
0.0
  0
LINE
  5
B18
330
17
100
AcDbEntity
  8
GEOMETRY
100
AcDbLine
 10
173.5
 20
140.25
 30
0.0
 11
173.5
 21
140.25309477169316
 31
0.0
  0
LINE
  5
B19
330
17
100
AcDbEntity
  8
GEOMETRY
100
AcDbLine
 10
173.5
 20
140.25309477169316
 30
0.0
 11
173.5
 21
140.25618954338634
 31
0.0
  0
LINE
  5
B1A
330
17
100
AcDbEntity
  8
GEOMETRY
100
AcDbLine
 10
173.5
 20
140.25618954338634
 30
0.0
 11
173.5
 21
140.25928431507953
 31
0.0
  0
LINE
  5
B1B
330
17
100
AcDbEntity
  8
GEOMETRY
100
AcDbLine
 10
173.5
 20
140.25928431507953
 30
0.0
 11
173.5
 21
140.26237908677268
 31
0.0
  0
LINE
  5
B1C
330
17
100
AcDbEntity
  8
GEOMETRY
100
AcDbLine
 10
173.5
 20
140.26237908677268
 30
0.0
 11
173.5
 21
140.2681098405387
 31
0.0
  0
LINE
  5
B1D
330
17
100
AcDbEntity
  8
GEOMETRY
100
AcDbLine
 10
173.5
 20
140.2681098405387
 30
0.0
 11
173.5
 21
140.27735523706855
 31
0.0
  0
LINE
  5
B1E
330
17
100
AcDbEntity
  8
GEOMETRY
100
AcDbLine
 10
173.5
 20
140.27735523706855
 30
0.0
 11
173.5
 21
140.28660063359837
 31
0.0
  0
LINE
  5
B1F
330
17
100
AcDbEntity
  8
GEOMETRY
100
AcDbLine
 10
173.5
 20
140.28660063359837
 30
0.0
 11
173.5
 21
140.29584603012822
 31
0.0
  0
LINE
  5
B20
330
17
100
AcDbEntity
  8
GEOMETRY
100
AcDbLine
 10
173.5
 20
140.29584603012822
 30
0.0
 11
173.5
 21
140.30509142665807
 31
0.0
  0
LINE
  5
B21
330
17
100
AcDbEntity
  8
GEOMETRY
100
AcDbLine
 10
173.5
 20
140.30509142665807
 30
0.0
 11
173.5
 21
140.31950913056875
 31
0.0
  0
LINE
  5
B22
330
17
100
AcDbEntity
  8
GEOMETRY
100
AcDbLine
 10
173.5
 20
140.31950913056875
 30
0.0
 11
173.5
 21
140.3347888857096
 31
0.0
  0
LINE
  5
B23
330
17
100
AcDbEntity
  8
GEOMETRY
100
AcDbLine
 10
173.5
 20
140.3347888857096
 30
0.0
 11
173.5
 21
140.35006864085045
 31
0.0
  0
LINE
  5
B24
330
17
100
AcDbEntity
  8
GEOMETRY
100
AcDbLine
 10
173.5
 20
140.35006864085045
 30
0.0
 11
173.5
 21
140.3653483959913
 31
0.0
  0
LINE
  5
B25
330
17
100
AcDbEntity
  8
GEOMETRY
100
AcDbLine
 10
173.5
 20
140.3653483959913
 30
0.0
 11
173.5
 21
140.382297353082
 31
0.0
  0
LINE
  5
B26
330
17
100
AcDbEntity
  8
GEOMETRY
100
AcDbLine
 10
173.5
 20
140.382297353082
 30
0.0
 11
173.5
 21
140.40341931504744
 31
0.0
  0
LINE
  5
B27
330
17
100
AcDbEntity
  8
GEOMETRY
100
AcDbLine
 10
173.5
 20
140.40341931504744
 30
0.0
 11
173.5
 21
140.42454127701285
 31
0.0
  0
LINE
  5
B28
330
17
100
AcDbEntity
  8
GEOMETRY
100
AcDbLine
 10
173.5
 20
140.42454127701285
 30
0.0
 11
173.5
 21
140.44566323897828
 31
0.0
  0
LINE
  5
B29
330
17
100
AcDbEntity
  8
GEOMETRY
100
AcDbLine
 10
173.5
 20
140.44566323897828
 30
0.0
 11
173.5
 21
140.46678520094372
 31
0.0
  0
LINE
  5
B2A
330
17
100
AcDbEntity
  8
GEOMETRY
100
AcDbLine
 10
173.5
 20
140.46678520094372
 30
0.0
 11
173.5
 21
140.4918904385503
 31
0.0
  0
LINE
  5
B2B
330
17
100
AcDbEntity
  8
GEOMETRY
100
AcDbLine
 10
173.5
 20
140.4918904385503
 30
0.0
 11
173.5
 21
140.51858898641336
 31
0.0
  0
LINE
  5
B2C
330
17
100
AcDbEntity
  8
GEOMETRY
100
AcDbLine
 10
173.5
 20
140.51858898641336
 30
0.0
 11
173.5
 21
140.5452875342764
 31
0.0
  0
LINE
  5
B2D
330
17
100
AcDbEntity
  8
GEOMETRY
100
AcDbLine
 10
173.5
 20
140.5452875342764
 30
0.0
 11
173.5
 21
140.57198608213946
 31
0.0
  0
LINE
  5
B2E
330
17
100
AcDbEntity
  8
GEOMETRY
100
AcDbLine
 10
173.5
 20
140.57198608213946
 30
0.0
 11
173.5
 21
140.59943332088358
 31
0.0
  0
LINE
  5
B2F
330
17
100
AcDbEntity
  8
GEOMETRY
100
AcDbLine
 10
173.5
 20
140.59943332088358
 30
0.0
 11
173.5
 21
140.63137270491399
 31
0.0
  0
LINE
  5
B30
330
17
100
AcDbEntity
  8
GEOMETRY
100
AcDbLine
 10
173.5
 20
140.63137270491399
 30
0.0
 11
173.5
 21
140.66331208894445
 31
0.0
  0
LINE
  5
B31
330
17
100
AcDbEntity
  8
GEOMETRY
100
AcDbLine
 10
173.5
 20
140.66331208894445
 30
0.0
 11
173.5
 21
140.69525147297486
 31
0.0
  0
LINE
  5
B32
330
17
100
AcDbEntity
  8
GEOMETRY
100
AcDbLine
 10
173.5
 20
140.69525147297486
 30
0.0
 11
173.5
 21
140.72719085700533
 31
0.0
  0
LINE
  5
B33
330
17
100
AcDbEntity
  8
GEOMETRY
100
AcDbLine
 10
173.5
 20
140.72719085700533
 30
0.0
 11
173.5
 21
140.76189548668236
 31
0.0
  0
LINE
  5
B34
330
17
100
AcDbEntity
  8
GEOMETRY
100
AcDbLine
 10
173.5
 20
140.76189548668236
 30
0.0
 11
173.5
 21
140.79867405059434
 31
0.0
  0
LINE
  5
B35
330
17
100
AcDbEntity
  8
GEOMETRY
100
AcDbLine
 10
173.5
 20
140.79867405059434
 30
0.0
 11
173.5
 21
140.83545261450632
 31
0.0
  0
LINE
  5
B36
330
17
100
AcDbEntity
  8
GEOMETRY
100
AcDbLine
 10
173.5
 20
140.83545261450632
 30
0.0
 11
173.5
 21
140.8722311784183
 31
0.0
  0
LINE
  5
B37
330
17
100
AcDbEntity
  8
GEOMETRY
100
AcDbLine
 10
173.5
 20
140.8722311784183
 30
0.0
 11
173.5
 21
140.90900974233028
 31
0.0
  0
LINE
  5
B38
330
17
100
AcDbEntity
  8
GEOMETRY
100
AcDbLine
 10
173.5
 20
140.90900974233028
 30
0.0
 11
173.5
 21
140.95016497434318
 31
0.0
  0
LINE
  5
B39
330
17
100
AcDbEntity
  8
GEOMETRY
100
AcDbLine
 10
173.5
 20
140.95016497434318
 30
0.0
 11
173.5
 21
140.99132020635608
 31
0.0
  0
LINE
  5
B3A
330
17
100
AcDbEntity
  8
GEOMETRY
100
AcDbLine
 10
173.5
 20
140.99132020635608
 30
0.0
 11
173.5
 21
141.03247543836898
 31
0.0
  0
LINE
  5
B3B
330
17
100
AcDbEntity
  8
GEOMETRY
100
AcDbLine
 10
173.5
 20
141.03247543836898
 30
0.0
 11
173.5
 21
141.0736306703819
 31
0.0
  0
LINE
  5
B3C
330
17
100
AcDbEntity
  8
GEOMETRY
100
AcDbLine
 10
173.5
 20
141.0736306703819
 30
0.0
 11
173.5
 21
141.11643980975748
 31
0.0
  0
LINE
  5
B3D
330
17
100
AcDbEntity
  8
GEOMETRY
100
AcDbLine
 10
173.5
 20
141.11643980975748
 30
0.0
 11
173.5
 21
141.16145415894994
 31
0.0
  0
LINE
  5
B3E
330
17
100
AcDbEntity
  8
GEOMETRY
100
AcDbLine
 10
173.5
 20
141.16145415894994
 30
0.0
 11
173.5
 21
141.2064685081424
 31
0.0
  0
LINE
  5
B3F
330
17
100
AcDbEntity
  8
GEOMETRY
100
AcDbLine
 10
173.5
 20
141.2064685081424
 30
0.0
 11
173.5
 21
141.25148285733485
 31
0.0
  0
LINE
  5
B40
330
17
100
AcDbEntity
  8
GEOMETRY
100
AcDbLine
 10
173.5
 20
141.25148285733485
 30
0.0
 11
173.5
 21
141.29649720652728
 31
0.0
  0
LINE
  5
B41
330
17
100
AcDbEntity
  8
GEOMETRY
100
AcDbLine
 10
173.5
 20
141.29649720652728
 30
0.0
 11
173.5
 21
141.34433415768018
 31
0.0
  0
LINE
  5
B42
330
17
100
AcDbEntity
  8
GEOMETRY
100
AcDbLine
 10
173.5
 20
141.34433415768018
 30
0.0
 11
173.5
 21
141.39264154249315
 31
0.0
  0
LINE
  5
B43
330
17
100
AcDbEntity
  8
GEOMETRY
100
AcDbLine
 10
173.5
 20
141.39264154249315
 30
0.0
 11
173.5
 21
141.44094892730612
 31
0.0
  0
LINE
  5
B44
330
17
100
AcDbEntity
  8
GEOMETRY
100
AcDbLine
 10
173.5
 20
141.44094892730612
 30
0.0
 11
173.5
 21
141.4892563121191
 31
0.0
  0
LINE
  5
B45
330
17
100
AcDbEntity
  8
GEOMETRY
100
AcDbLine
 10
173.5
 20
141.4892563121191
 30
0.0
 11
173.5
 21
141.53833099471146
 31
0.0
  0
LINE
  5
B46
330
17
100
AcDbEntity
  8
GEOMETRY
100
AcDbLine
 10
173.5
 20
141.53833099471146
 30
0.0
 11
173.5
 21
141.58932392175234
 31
0.0
  0
LINE
  5
B47
330
17
100
AcDbEntity
  8
GEOMETRY
100
AcDbLine
 10
173.5
 20
141.58932392175234
 30
0.0
 11
173.5
 21
141.6403168487932
 31
0.0
  0
LINE
  5
B48
330
17
100
AcDbEntity
  8
GEOMETRY
100
AcDbLine
 10
173.5
 20
141.6403168487932
 30
0.0
 11
173.5
 21
141.69130977583404
 31
0.0
  0
LINE
  5
B49
330
17
100
AcDbEntity
  8
GEOMETRY
100
AcDbLine
 10
173.5
 20
141.69130977583404
 30
0.0
 11
173.5
 21
141.7423027028749
 31
0.0
  0
LINE
  5
B4A
330
17
100
AcDbEntity
  8
GEOMETRY
100
AcDbLine
 10
173.5
 20
141.7423027028749
 30
0.0
 11
173.5
 21
141.79475582747546
 31
0.0
  0
LINE
  5
B4B
330
17
100
AcDbEntity
  8
GEOMETRY
100
AcDbLine
 10
173.5
 20
141.79475582747546
 30
0.0
 11
173.5
 21
141.8477930310999
 31
0.0
  0
LINE
  5
B4C
330
17
100
AcDbEntity
  8
GEOMETRY
100
AcDbLine
 10
173.5
 20
141.8477930310999
 30
0.0
 11
173.5
 21
141.90083023472434
 31
0.0
  0
LINE
  5
B4D
330
17
100
AcDbEntity
  8
GEOMETRY
100
AcDbLine
 10
173.5
 20
141.90083023472434
 30
0.0
 11
173.5
 21
141.95386743834877
 31
0.0
  0
LINE
  5
B4E
330
17
100
AcDbEntity
  8
GEOMETRY
100
AcDbLine
 10
173.5
 20
141.95386743834877
 30
0.0
 11
173.5
 21
142.00710139954109
 31
0.0
  0
LINE
  5
B4F
330
17
100
AcDbEntity
  8
GEOMETRY
100
AcDbLine
 10
173.5
 20
142.00710139954109
 30
0.0
 11
173.5
 21
142.0615159061406
 31
0.0
  0
LINE
  5
B50
330
17
100
AcDbEntity
  8
GEOMETRY
100
AcDbLine
 10
173.5
 20
142.0615159061406
 30
0.0
 11
173.5
 21
142.11593041274014
 31
0.0
  0
LINE
  5
B51
330
17
100
AcDbEntity
  8
GEOMETRY
100
AcDbLine
 10
173.5
 20
142.11593041274014
 30
0.0
 11
173.5
 21
142.17034491933967
 31
0.0
  0
LINE
  5
B52
330
17
100
AcDbEntity
  8
GEOMETRY
100
AcDbLine
 10
173.5
 20
142.17034491933967
 30
0.0
 11
173.5
 21
142.22475942593917
 31
0.0
  0
LINE
  5
B53
330
17
100
AcDbEntity
  8
GEOMETRY
100
AcDbLine
 10
173.5
 20
142.22475942593917
 30
0.0
 11
173.5
 21
142.27956993767162
 31
0.0
  0
LINE
  5
B54
330
17
100
AcDbEntity
  8
GEOMETRY
100
AcDbLine
 10
173.5
 20
142.27956993767162
 30
0.0
 11
173.5
 21
142.3346774532537
 31
0.0
  0
LINE
  5
B55
330
17
100
AcDbEntity
  8
GEOMETRY
100
AcDbLine
 10
173.5
 20
142.3346774532537
 30
0.0
 11
173.5
 21
142.3897849688358
 31
0.0
  0
LINE
  5
B56
330
17
100
AcDbEntity
  8
GEOMETRY
100
AcDbLine
 10
173.5
 20
142.3897849688358
 30
0.0
 11
173.5
 21
142.4448924844179
 31
0.0
  0
LINE
  5
B57
330
17
100
AcDbEntity
  8
GEOMETRY
100
AcDbLine
 10
173.5
 20
142.4448924844179
 30
0.0
 11
173.5
 21
142.5
 31
0.0
  0
LINE
  5
B58
330
17
100
AcDbEntity
  8
GEOMETRY
100
AcDbLine
 10
170.5
 20
142.5
 30
0.0
 11
170.5
 21
142.5551075155821
 31
0.0
  0
LINE
  5
B59
330
17
100
AcDbEntity
  8
GEOMETRY
100
AcDbLine
 10
170.5
 20
142.5551075155821
 30
0.0
 11
170.5
 21
142.6102150311642
 31
0.0
  0
LINE
  5
B5A
330
17
100
AcDbEntity
  8
GEOMETRY
100
AcDbLine
 10
170.5
 20
142.6102150311642
 30
0.0
 11
170.5
 21
142.6653225467463
 31
0.0
  0
LINE
  5
B5B
330
17
100
AcDbEntity
  8
GEOMETRY
100
AcDbLine
 10
170.5
 20
142.6653225467463
 30
0.0
 11
170.5
 21
142.72043006232838
 31
0.0
  0
LINE
  5
B5C
330
17
100
AcDbEntity
  8
GEOMETRY
100
AcDbLine
 10
170.5
 20
142.72043006232838
 30
0.0
 11
170.5
 21
142.7752405740608
 31
0.0
  0
LINE
  5
B5D
330
17
100
AcDbEntity
  8
GEOMETRY
100
AcDbLine
 10
170.5
 20
142.7752405740608
 30
0.0
 11
170.5
 21
142.82965508066033
 31
0.0
  0
LINE
  5
B5E
330
17
100
AcDbEntity
  8
GEOMETRY
100
AcDbLine
 10
170.5
 20
142.82965508066033
 30
0.0
 11
170.5
 21
142.88406958725986
 31
0.0
  0
LINE
  5
B5F
330
17
100
AcDbEntity
  8
GEOMETRY
100
AcDbLine
 10
170.5
 20
142.88406958725986
 30
0.0
 11
170.5
 21
142.9384840938594
 31
0.0
  0
LINE
  5
B60
330
17
100
AcDbEntity
  8
GEOMETRY
100
AcDbLine
 10
170.5
 20
142.9384840938594
 30
0.0
 11
170.5
 21
142.99289860045891
 31
0.0
  0
LINE
  5
B61
330
17
100
AcDbEntity
  8
GEOMETRY
100
AcDbLine
 10
170.5
 20
142.99289860045891
 30
0.0
 11
170.5
 21
143.04613256165123
 31
0.0
  0
LINE
  5
B62
330
17
100
AcDbEntity
  8
GEOMETRY
100
AcDbLine
 10
170.5
 20
143.04613256165123
 30
0.0
 11
170.5
 21
143.09916976527566
 31
0.0
  0
LINE
  5
B63
330
17
100
AcDbEntity
  8
GEOMETRY
100
AcDbLine
 10
170.5
 20
143.09916976527566
 30
0.0
 11
170.5
 21
143.1522069689001
 31
0.0
  0
LINE
  5
B64
330
17
100
AcDbEntity
  8
GEOMETRY
100
AcDbLine
 10
170.5
 20
143.1522069689001
 30
0.0
 11
170.5
 21
143.20524417252454
 31
0.0
  0
LINE
  5
B65
330
17
100
AcDbEntity
  8
GEOMETRY
100
AcDbLine
 10
170.5
 20
143.20524417252454
 30
0.0
 11
170.5
 21
143.2576972971251
 31
0.0
  0
LINE
  5
B66
330
17
100
AcDbEntity
  8
GEOMETRY
100
AcDbLine
 10
170.5
 20
143.2576972971251
 30
0.0
 11
170.5
 21
143.30869022416596
 31
0.0
  0
LINE
  5
B67
330
17
100
AcDbEntity
  8
GEOMETRY
100
AcDbLine
 10
170.5
 20
143.30869022416596
 30
0.0
 11
170.5
 21
143.3596831512068
 31
0.0
  0
LINE
  5
B68
330
17
100
AcDbEntity
  8
GEOMETRY
100
AcDbLine
 10
170.5
 20
143.3596831512068
 30
0.0
 11
170.5
 21
143.4106760782477
 31
0.0
  0
LINE
  5
B69
330
17
100
AcDbEntity
  8
GEOMETRY
100
AcDbLine
 10
170.5
 20
143.4106760782477
 30
0.0
 11
170.5
 21
143.46166900528854
 31
0.0
  0
LINE
  5
B6A
330
17
100
AcDbEntity
  8
GEOMETRY
100
AcDbLine
 10
170.5
 20
143.46166900528854
 30
0.0
 11
170.5
 21
143.5107436878809
 31
0.0
  0
LINE
  5
B6B
330
17
100
AcDbEntity
  8
GEOMETRY
100
AcDbLine
 10
170.5
 20
143.5107436878809
 30
0.0
 11
170.5
 21
143.55905107269388
 31
0.0
  0
LINE
  5
B6C
330
17
100
AcDbEntity
  8
GEOMETRY
100
AcDbLine
 10
170.5
 20
143.55905107269388
 30
0.0
 11
170.5
 21
143.60735845750685
 31
0.0
  0
LINE
  5
B6D
330
17
100
AcDbEntity
  8
GEOMETRY
100
AcDbLine
 10
170.5
 20
143.60735845750685
 30
0.0
 11
170.5
 21
143.65566584231982
 31
0.0
  0
LINE
  5
B6E
330
17
100
AcDbEntity
  8
GEOMETRY
100
AcDbLine
 10
170.5
 20
143.65566584231982
 30
0.0
 11
170.5
 21
143.70350279347272
 31
0.0
  0
LINE
  5
B6F
330
17
100
AcDbEntity
  8
GEOMETRY
100
AcDbLine
 10
170.5
 20
143.70350279347272
 30
0.0
 11
170.5
 21
143.74851714266515
 31
0.0
  0
LINE
  5
B70
330
17
100
AcDbEntity
  8
GEOMETRY
100
AcDbLine
 10
170.5
 20
143.74851714266515
 30
0.0
 11
170.5
 21
143.7935314918576
 31
0.0
  0
LINE
  5
B71
330
17
100
AcDbEntity
  8
GEOMETRY
100
AcDbLine
 10
170.5
 20
143.7935314918576
 30
0.0
 11
170.5
 21
143.83854584105006
 31
0.0
  0
LINE
  5
B72
330
17
100
AcDbEntity
  8
GEOMETRY
100
AcDbLine
 10
170.5
 20
143.83854584105006
 30
0.0
 11
170.5
 21
143.88356019024252
 31
0.0
  0
LINE
  5
B73
330
17
100
AcDbEntity
  8
GEOMETRY
100
AcDbLine
 10
170.5
 20
143.88356019024252
 30
0.0
 11
170.5
 21
143.9263693296181
 31
0.0
  0
LINE
  5
B74
330
17
100
AcDbEntity
  8
GEOMETRY
100
AcDbLine
 10
170.5
 20
143.9263693296181
 30
0.0
 11
170.5
 21
143.96752456163102
 31
0.0
  0
LINE
  5
B75
330
17
100
AcDbEntity
  8
GEOMETRY
100
AcDbLine
 10
170.5
 20
143.96752456163102
 30
0.0
 11
170.5
 21
144.00867979364392
 31
0.0
  0
LINE
  5
B76
330
17
100
AcDbEntity
  8
GEOMETRY
100
AcDbLine
 10
170.5
 20
144.00867979364392
 30
0.0
 11
170.5
 21
144.04983502565682
 31
0.0
  0
LINE
  5
B77
330
17
100
AcDbEntity
  8
GEOMETRY
100
AcDbLine
 10
170.5
 20
144.04983502565682
 30
0.0
 11
170.5
 21
144.09099025766972
 31
0.0
  0
LINE
  5
B78
330
17
100
AcDbEntity
  8
GEOMETRY
100
AcDbLine
 10
170.5
 20
144.09099025766972
 30
0.0
 11
170.5
 21
144.1277688215817
 31
0.0
  0
LINE
  5
B79
330
17
100
AcDbEntity
  8
GEOMETRY
100
AcDbLine
 10
170.5
 20
144.1277688215817
 30
0.0
 11
170.5
 21
144.16454738549368
 31
0.0
  0
LINE
  5
B7A
330
17
100
AcDbEntity
  8
GEOMETRY
100
AcDbLine
 10
170.5
 20
144.16454738549368
 30
0.0
 11
170.5
 21
144.20132594940566
 31
0.0
  0
LINE
  5
B7B
330
17
100
AcDbEntity
  8
GEOMETRY
100
AcDbLine
 10
170.5
 20
144.20132594940566
 30
0.0
 11
170.5
 21
144.23810451331764
 31
0.0
  0
LINE
  5
B7C
330
17
100
AcDbEntity
  8
GEOMETRY
100
AcDbLine
 10
170.5
 20
144.23810451331764
 30
0.0
 11
170.5
 21
144.27280914299467
 31
0.0
  0
LINE
  5
B7D
330
17
100
AcDbEntity
  8
GEOMETRY
100
AcDbLine
 10
170.5
 20
144.27280914299467
 30
0.0
 11
170.5
 21
144.3047485270251
 31
0.0
  0
LINE
  5
B7E
330
17
100
AcDbEntity
  8
GEOMETRY
100
AcDbLine
 10
170.5
 20
144.3047485270251
 30
0.0
 11
170.5
 21
144.33668791105555
 31
0.0
  0
LINE
  5
B7F
330
17
100
AcDbEntity
  8
GEOMETRY
100
AcDbLine
 10
170.5
 20
144.33668791105555
 30
0.0
 11
170.5
 21
144.36862729508601
 31
0.0
  0
LINE
  5
B80
330
17
100
AcDbEntity
  8
GEOMETRY
100
AcDbLine
 10
170.5
 20
144.36862729508601
 30
0.0
 11
170.5
 21
144.40056667911642
 31
0.0
  0
LINE
  5
B81
330
17
100
AcDbEntity
  8
GEOMETRY
100
AcDbLine
 10
170.5
 20
144.40056667911642
 30
0.0
 11
170.5
 21
144.42801391786054
 31
0.0
  0
LINE
  5
B82
330
17
100
AcDbEntity
  8
GEOMETRY
100
AcDbLine
 10
170.5
 20
144.42801391786054
 30
0.0
 11
170.5
 21
144.4547124657236
 31
0.0
  0
LINE
  5
B83
330
17
100
AcDbEntity
  8
GEOMETRY
100
AcDbLine
 10
170.5
 20
144.4547124657236
 30
0.0
 11
170.5
 21
144.48141101358664
 31
0.0
  0
LINE
  5
B84
330
17
100
AcDbEntity
  8
GEOMETRY
100
AcDbLine
 10
170.5
 20
144.48141101358664
 30
0.0
 11
170.5
 21
144.5081095614497
 31
0.0
  0
LINE
  5
B85
330
17
100
AcDbEntity
  8
GEOMETRY
100
AcDbLine
 10
170.5
 20
144.5081095614497
 30
0.0
 11
170.5
 21
144.53321479905628
 31
0.0
  0
LINE
  5
B86
330
17
100
AcDbEntity
  8
GEOMETRY
100
AcDbLine
 10
170.5
 20
144.53321479905628
 30
0.0
 11
170.5
 21
144.55433676102172
 31
0.0
  0
LINE
  5
B87
330
17
100
AcDbEntity
  8
GEOMETRY
100
AcDbLine
 10
170.5
 20
144.55433676102172
 30
0.0
 11
170.5
 21
144.57545872298715
 31
0.0
  0
LINE
  5
B88
330
17
100
AcDbEntity
  8
GEOMETRY
100
AcDbLine
 10
170.5
 20
144.57545872298715
 30
0.0
 11
170.5
 21
144.59658068495256
 31
0.0
  0
LINE
  5
B89
330
17
100
AcDbEntity
  8
GEOMETRY
100
AcDbLine
 10
170.5
 20
144.59658068495256
 30
0.0
 11
170.5
 21
144.617702646918
 31
0.0
  0
LINE
  5
B8A
330
17
100
AcDbEntity
  8
GEOMETRY
100
AcDbLine
 10
170.5
 20
144.617702646918
 30
0.0
 11
170.5
 21
144.63465160400872
 31
0.0
  0
LINE
  5
B8B
330
17
100
AcDbEntity
  8
GEOMETRY
100
AcDbLine
 10
170.5
 20
144.63465160400872
 30
0.0
 11
170.5
 21
144.64993135914955
 31
0.0
  0
LINE
  5
B8C
330
17
100
AcDbEntity
  8
GEOMETRY
100
AcDbLine
 10
170.5
 20
144.64993135914955
 30
0.0
 11
170.5
 21
144.6652111142904
 31
0.0
  0
LINE
  5
B8D
330
17
100
AcDbEntity
  8
GEOMETRY
100
AcDbLine
 10
170.5
 20
144.6652111142904
 30
0.0
 11
170.5
 21
144.68049086943125
 31
0.0
  0
LINE
  5
B8E
330
17
100
AcDbEntity
  8
GEOMETRY
100
AcDbLine
 10
170.5
 20
144.68049086943125
 30
0.0
 11
170.5
 21
144.69490857334193
 31
0.0
  0
LINE
  5
B8F
330
17
100
AcDbEntity
  8
GEOMETRY
100
AcDbLine
 10
170.5
 20
144.69490857334193
 30
0.0
 11
170.5
 21
144.70415396987178
 31
0.0
  0
LINE
  5
B90
330
17
100
AcDbEntity
  8
GEOMETRY
100
AcDbLine
 10
170.5
 20
144.70415396987178
 30
0.0
 11
170.5
 21
144.71339936640163
 31
0.0
  0
LINE
  5
B91
330
17
100
AcDbEntity
  8
GEOMETRY
100
AcDbLine
 10
170.5
 20
144.71339936640163
 30
0.0
 11
170.5
 21
144.72264476293145
 31
0.0
  0
LINE
  5
B92
330
17
100
AcDbEntity
  8
GEOMETRY
100
AcDbLine
 10
170.5
 20
144.72264476293145
 30
0.0
 11
170.5
 21
144.7318901594613
 31
0.0
  0
LINE
  5
B93
330
17
100
AcDbEntity
  8
GEOMETRY
100
AcDbLine
 10
170.5
 20
144.7318901594613
 30
0.0
 11
170.5
 21
144.73762091322732
 31
0.0
  0
LINE
  5
B94
330
17
100
AcDbEntity
  8
GEOMETRY
100
AcDbLine
 10
170.5
 20
144.73762091322732
 30
0.0
 11
170.5
 21
144.74071568492047
 31
0.0
  0
LINE
  5
B95
330
17
100
AcDbEntity
  8
GEOMETRY
100
AcDbLine
 10
170.5
 20
144.74071568492047
 30
0.0
 11
170.5
 21
144.74381045661366
 31
0.0
  0
LINE
  5
B96
330
17
100
AcDbEntity
  8
GEOMETRY
100
AcDbLine
 10
170.5
 20
144.74381045661366
 30
0.0
 11
170.5
 21
144.74690522830684
 31
0.0
  0
LINE
  5
B97
330
17
100
AcDbEntity
  8
GEOMETRY
100
AcDbLine
 10
170.5
 20
144.74690522830684
 30
0.0
 11
170.5
 21
144.75
 31
0.0
  0
LINE
  5
B98
330
17
100
AcDbEntity
  8
GEOMETRY
100
AcDbLine
 10
170.5
 20
144.75
 30
0.0
 11
170.5
 21
144.737659831777
 31
0.0
  0
LINE
  5
B99
330
17
100
AcDbEntity
  8
GEOMETRY
100
AcDbLine
 10
170.5
 20
144.737659831777
 30
0.0
 11
170.5
 21
144.725319663554
 31
0.0
  0
LINE
  5
B9A
330
17
100
AcDbEntity
  8
GEOMETRY
100
AcDbLine
 10
170.5
 20
144.725319663554
 30
0.0
 11
170.5
 21
144.71297949533096
 31
0.0
  0
LINE
  5
B9B
330
17
100
AcDbEntity
  8
GEOMETRY
100
AcDbLine
 10
170.5
 20
144.71297949533096
 30
0.0
 11
170.5
 21
144.70063932710798
 31
0.0
  0
LINE
  5
B9C
330
17
100
AcDbEntity
  8
GEOMETRY
100
AcDbLine
 10
170.5
 20
144.70063932710798
 30
0.0
 11
170.5
 21
144.67798706650643
 31
0.0
  0
LINE
  5
B9D
330
17
100
AcDbEntity
  8
GEOMETRY
100
AcDbLine
 10
170.5
 20
144.67798706650643
 30
0.0
 11
170.5
 21
144.64158534940015
 31
0.0
  0
LINE
  5
B9E
330
17
100
AcDbEntity
  8
GEOMETRY
100
AcDbLine
 10
170.5
 20
144.64158534940015
 30
0.0
 11
170.5
 21
144.6051836322939
 31
0.0
  0
LINE
  5
B9F
330
17
100
AcDbEntity
  8
GEOMETRY
100
AcDbLine
 10
170.5
 20
144.6051836322939
 30
0.0
 11
170.5
 21
144.5687819151876
 31
0.0
  0
LINE
  5
BA0
330
17
100
AcDbEntity
  8
GEOMETRY
100
AcDbLine
 10
170.5
 20
144.5687819151876
 30
0.0
 11
170.5
 21
144.53238019808134
 31
0.0
  0
LINE
  5
BA1
330
17
100
AcDbEntity
  8
GEOMETRY
100
AcDbLine
 10
170.5
 20
144.53238019808134
 30
0.0
 11
170.5
 21
144.47691886830032
 31
0.0
  0
LINE
  5
BA2
330
17
100
AcDbEntity
  8
GEOMETRY
100
AcDbLine
 10
170.5
 20
144.47691886830032
 30
0.0
 11
170.5
 21
144.41828093640683
 31
0.0
  0
LINE
  5
BA3
330
17
100
AcDbEntity
  8
GEOMETRY
100
AcDbLine
 10
170.5
 20
144.41828093640683
 30
0.0
 11
170.5
 21
144.35964300451332
 31
0.0
  0
LINE
  5
BA4
330
17
100
AcDbEntity
  8
GEOMETRY
100
AcDbLine
 10
170.5
 20
144.35964300451332
 30
0.0
 11
170.5
 21
144.30100507261983
 31
0.0
  0
LINE
  5
BA5
330
17
100
AcDbEntity
  8
GEOMETRY
100
AcDbLine
 10
170.5
 20
144.30100507261983
 30
0.0
 11
170.5
 21
144.23685403671738
 31
0.0
  0
LINE
  5
BA6
330
17
100
AcDbEntity
  8
GEOMETRY
100
AcDbLine
 10
170.5
 20
144.23685403671738
 30
0.0
 11
170.5
 21
144.1589202407925
 31
0.0
  0
LINE
  5
BA7
330
17
100
AcDbEntity
  8
GEOMETRY
100
AcDbLine
 10
170.5
 20
144.1589202407925
 30
0.0
 11
170.5
 21
144.08098644486762
 31
0.0
  0
LINE
  5
BA8
330
17
100
AcDbEntity
  8
GEOMETRY
100
AcDbLine
 10
170.5
 20
144.08098644486762
 30
0.0
 11
170.5
 21
144.0030526489427
 31
0.0
  0
LINE
  5
BA9
330
17
100
AcDbEntity
  8
GEOMETRY
100
AcDbLine
 10
170.5
 20
144.0030526489427
 30
0.0
 11
170.5
 21
143.92511885301784
 31
0.0
  0
LINE
  5
BAA
330
17
100
AcDbEntity
  8
GEOMETRY
100
AcDbLine
 10
170.5
 20
143.92511885301784
 30
0.0
 11
170.5
 21
143.83619367274972
 31
0.0
  0
LINE
  5
BAB
330
17
100
AcDbEntity
  8
GEOMETRY
100
AcDbLine
 10
170.5
 20
143.83619367274972
 30
0.0
 11
170.5
 21
143.7428719387443
 31
0.0
  0
LINE
  5
BAC
330
17
100
AcDbEntity
  8
GEOMETRY
100
AcDbLine
 10
170.5
 20
143.7428719387443
 30
0.0
 11
170.5
 21
143.64955020473886
 31
0.0
  0
LINE
  5
BAD
330
17
100
AcDbEntity
  8
GEOMETRY
100
AcDbLine
 10
170.5
 20
143.64955020473886
 30
0.0
 11
170.5
 21
143.55622847073346
 31
0.0
  0
LINE
  5
BAE
330
17
100
AcDbEntity
  8
GEOMETRY
100
AcDbLine
 10
170.5
 20
143.55622847073346
 30
0.0
 11
170.5
 21
143.4613769657766
 31
0.0
  0
LINE
  5
BAF
330
17
100
AcDbEntity
  8
GEOMETRY
100
AcDbLine
 10
170.5
 20
143.4613769657766
 30
0.0
 11
170.5
 21
143.35734683511131
 31
0.0
  0
LINE
  5
BB0
330
17
100
AcDbEntity
  8
GEOMETRY
100
AcDbLine
 10
170.5
 20
143.35734683511131
 30
0.0
 11
170.5
 21
143.253316704446
 31
0.0
  0
LINE
  5
BB1
330
17
100
AcDbEntity
  8
GEOMETRY
100
AcDbLine
 10
170.5
 20
143.253316704446
 30
0.0
 11
170.5
 21
143.1492865737807
 31
0.0
  0
LINE
  5
BB2
330
17
100
AcDbEntity
  8
GEOMETRY
100
AcDbLine
 10
170.5
 20
143.1492865737807
 30
0.0
 11
170.5
 21
143.04525644311542
 31
0.0
  0
LINE
  5
BB3
330
17
100
AcDbEntity
  8
GEOMETRY
100
AcDbLine
 10
170.5
 20
143.04525644311542
 30
0.0
 11
170.5
 21
142.9380880887265
 31
0.0
  0
LINE
  5
BB4
330
17
100
AcDbEntity
  8
GEOMETRY
100
AcDbLine
 10
170.5
 20
142.9380880887265
 30
0.0
 11
170.5
 21
142.82856606654488
 31
0.0
  0
LINE
  5
BB5
330
17
100
AcDbEntity
  8
GEOMETRY
100
AcDbLine
 10
170.5
 20
142.82856606654488
 30
0.0
 11
170.5
 21
142.71904404436324
 31
0.0
  0
LINE
  5
BB6
330
17
100
AcDbEntity
  8
GEOMETRY
100
AcDbLine
 10
170.5
 20
142.71904404436324
 30
0.0
 11
170.5
 21
142.60952202218164
 31
0.0
  0
LINE
  5
BB7
330
17
100
AcDbEntity
  8
GEOMETRY
100
AcDbLine
 10
170.5
 20
142.60952202218164
 30
0.0
 11
170.5
 21
142.5
 31
0.0
  0
LINE
  5
BB8
330
17
100
AcDbEntity
  8
GEOMETRY
100
AcDbLine
 10
170.5
 20
142.5
 30
0.0
 11
170.5
 21
142.39047797781836
 31
0.0
  0
LINE
  5
BB9
330
17
100
AcDbEntity
  8
GEOMETRY
100
AcDbLine
 10
170.5
 20
142.39047797781836
 30
0.0
 11
170.5
 21
142.28095595563676
 31
0.0
  0
LINE
  5
BBA
330
17
100
AcDbEntity
  8
GEOMETRY
100
AcDbLine
 10
170.5
 20
142.28095595563676
 30
0.0
 11
170.5
 21
142.17143393345515
 31
0.0
  0
LINE
  5
BBB
330
17
100
AcDbEntity
  8
GEOMETRY
100
AcDbLine
 10
170.5
 20
142.17143393345515
 30
0.0
 11
170.5
 21
142.0619119112735
 31
0.0
  0
LINE
  5
BBC
330
17
100
AcDbEntity
  8
GEOMETRY
100
AcDbLine
 10
170.5
 20
142.0619119112735
 30
0.0
 11
170.5
 21
141.95474355688458
 31
0.0
  0
LINE
  5
BBD
330
17
100
AcDbEntity
  8
GEOMETRY
100
AcDbLine
 10
170.5
 20
141.95474355688458
 30
0.0
 11
170.5
 21
141.8507134262193
 31
0.0
  0
LINE
  5
BBE
330
17
100
AcDbEntity
  8
GEOMETRY
100
AcDbLine
 10
170.5
 20
141.8507134262193
 30
0.0
 11
170.5
 21
141.746683295554
 31
0.0
  0
LINE
  5
BBF
330
17
100
AcDbEntity
  8
GEOMETRY
100
AcDbLine
 10
170.5
 20
141.746683295554
 30
0.0
 11
170.5
 21
141.64265316488869
 31
0.0
  0
LINE
  5
BC0
330
17
100
AcDbEntity
  8
GEOMETRY
100
AcDbLine
 10
170.5
 20
141.64265316488869
 30
0.0
 11
170.5
 21
141.5386230342234
 31
0.0
  0
LINE
  5
BC1
330
17
100
AcDbEntity
  8
GEOMETRY
100
AcDbLine
 10
170.5
 20
141.5386230342234
 30
0.0
 11
170.5
 21
141.44377152926657
 31
0.0
  0
LINE
  5
BC2
330
17
100
AcDbEntity
  8
GEOMETRY
100
AcDbLine
 10
170.5
 20
141.44377152926657
 30
0.0
 11
170.5
 21
141.35044979526114
 31
0.0
  0
LINE
  5
BC3
330
17
100
AcDbEntity
  8
GEOMETRY
100
AcDbLine
 10
170.5
 20
141.35044979526114
 30
0.0
 11
170.5
 21
141.2571280612557
 31
0.0
  0
LINE
  5
BC4
330
17
100
AcDbEntity
  8
GEOMETRY
100
AcDbLine
 10
170.5
 20
141.2571280612557
 30
0.0
 11
170.5
 21
141.16380632725028
 31
0.0
  0
LINE
  5
BC5
330
17
100
AcDbEntity
  8
GEOMETRY
100
AcDbLine
 10
170.5
 20
141.16380632725028
 30
0.0
 11
170.5
 21
141.07488114698216
 31
0.0
  0
LINE
  5
BC6
330
17
100
AcDbEntity
  8
GEOMETRY
100
AcDbLine
 10
170.5
 20
141.07488114698216
 30
0.0
 11
170.5
 21
140.9969473510573
 31
0.0
  0
LINE
  5
BC7
330
17
100
AcDbEntity
  8
GEOMETRY
100
AcDbLine
 10
170.5
 20
140.9969473510573
 30
0.0
 11
170.5
 21
140.91901355513238
 31
0.0
  0
LINE
  5
BC8
330
17
100
AcDbEntity
  8
GEOMETRY
100
AcDbLine
 10
170.5
 20
140.91901355513238
 30
0.0
 11
170.5
 21
140.8410797592075
 31
0.0
  0
LINE
  5
BC9
330
17
100
AcDbEntity
  8
GEOMETRY
100
AcDbLine
 10
170.5
 20
140.8410797592075
 30
0.0
 11
170.5
 21
140.76314596328262
 31
0.0
  0
LINE
  5
BCA
330
17
100
AcDbEntity
  8
GEOMETRY
100
AcDbLine
 10
170.5
 20
140.76314596328262
 30
0.0
 11
170.5
 21
140.69899492738017
 31
0.0
  0
LINE
  5
BCB
330
17
100
AcDbEntity
  8
GEOMETRY
100
AcDbLine
 10
170.5
 20
140.69899492738017
 30
0.0
 11
170.5
 21
140.64035699548668
 31
0.0
  0
LINE
  5
BCC
330
17
100
AcDbEntity
  8
GEOMETRY
100
AcDbLine
 10
170.5
 20
140.64035699548668
 30
0.0
 11
170.5
 21
140.5817190635932
 31
0.0
  0
LINE
  5
BCD
330
17
100
AcDbEntity
  8
GEOMETRY
100
AcDbLine
 10
170.5
 20
140.5817190635932
 30
0.0
 11
170.5
 21
140.52308113169968
 31
0.0
  0
LINE
  5
BCE
330
17
100
AcDbEntity
  8
GEOMETRY
100
AcDbLine
 10
170.5
 20
140.52308113169968
 30
0.0
 11
170.5
 21
140.46761980191866
 31
0.0
  0
LINE
  5
BCF
330
17
100
AcDbEntity
  8
GEOMETRY
100
AcDbLine
 10
170.5
 20
140.46761980191866
 30
0.0
 11
170.5
 21
140.4312180848124
 31
0.0
  0
LINE
  5
BD0
330
17
100
AcDbEntity
  8
GEOMETRY
100
AcDbLine
 10
170.5
 20
140.4312180848124
 30
0.0
 11
170.5
 21
140.39481636770614
 31
0.0
  0
LINE
  5
BD1
330
17
100
AcDbEntity
  8
GEOMETRY
100
AcDbLine
 10
170.5
 20
140.39481636770614
 30
0.0
 11
170.5
 21
140.35841465059985
 31
0.0
  0
LINE
  5
BD2
330
17
100
AcDbEntity
  8
GEOMETRY
100
AcDbLine
 10
170.5
 20
140.35841465059985
 30
0.0
 11
170.5
 21
140.32201293349357
 31
0.0
  0
LINE
  5
BD3
330
17
100
AcDbEntity
  8
GEOMETRY
100
AcDbLine
 10
170.5
 20
140.32201293349357
 30
0.0
 11
170.5
 21
140.29936067289202
 31
0.0
  0
LINE
  5
BD4
330
17
100
AcDbEntity
  8
GEOMETRY
100
AcDbLine
 10
170.5
 20
140.29936067289202
 30
0.0
 11
170.5
 21
140.28702050466904
 31
0.0
  0
LINE
  5
BD5
330
17
100
AcDbEntity
  8
GEOMETRY
100
AcDbLine
 10
170.5
 20
140.28702050466904
 30
0.0
 11
170.5
 21
140.274680336446
 31
0.0
  0
LINE
  5
BD6
330
17
100
AcDbEntity
  8
GEOMETRY
100
AcDbLine
 10
170.5
 20
140.274680336446
 30
0.0
 11
170.5
 21
140.262340168223
 31
0.0
  0
LINE
  5
BD7
330
17
100
AcDbEntity
  8
GEOMETRY
100
AcDbLine
 10
170.5
 20
140.262340168223
 30
0.0
 11
170.5
 21
140.25
 31
0.0
  0
LINE
  5
BD8
330
17
100
AcDbEntity
  8
GEOMETRY
100
AcDbLine
 10
170.5
 20
140.25
 30
0.0
 11
170.5
 21
140.25309477169316
 31
0.0
  0
LINE
  5
BD9
330
17
100
AcDbEntity
  8
GEOMETRY
100
AcDbLine
 10
170.5
 20
140.25309477169316
 30
0.0
 11
170.5
 21
140.25618954338634
 31
0.0
  0
LINE
  5
BDA
330
17
100
AcDbEntity
  8
GEOMETRY
100
AcDbLine
 10
170.5
 20
140.25618954338634
 30
0.0
 11
170.5
 21
140.25928431507953
 31
0.0
  0
LINE
  5
BDB
330
17
100
AcDbEntity
  8
GEOMETRY
100
AcDbLine
 10
170.5
 20
140.25928431507953
 30
0.0
 11
170.5
 21
140.26237908677268
 31
0.0
  0
LINE
  5
BDC
330
17
100
AcDbEntity
  8
GEOMETRY
100
AcDbLine
 10
170.5
 20
140.26237908677268
 30
0.0
 11
170.5
 21
140.2681098405387
 31
0.0
  0
LINE
  5
BDD
330
17
100
AcDbEntity
  8
GEOMETRY
100
AcDbLine
 10
170.5
 20
140.2681098405387
 30
0.0
 11
170.5
 21
140.27735523706855
 31
0.0
  0
LINE
  5
BDE
330
17
100
AcDbEntity
  8
GEOMETRY
100
AcDbLine
 10
170.5
 20
140.27735523706855
 30
0.0
 11
170.5
 21
140.28660063359837
 31
0.0
  0
LINE
  5
BDF
330
17
100
AcDbEntity
  8
GEOMETRY
100
AcDbLine
 10
170.5
 20
140.28660063359837
 30
0.0
 11
170.5
 21
140.29584603012822
 31
0.0
  0
LINE
  5
BE0
330
17
100
AcDbEntity
  8
GEOMETRY
100
AcDbLine
 10
170.5
 20
140.29584603012822
 30
0.0
 11
170.5
 21
140.30509142665807
 31
0.0
  0
LINE
  5
BE1
330
17
100
AcDbEntity
  8
GEOMETRY
100
AcDbLine
 10
170.5
 20
140.30509142665807
 30
0.0
 11
170.5
 21
140.31950913056875
 31
0.0
  0
LINE
  5
BE2
330
17
100
AcDbEntity
  8
GEOMETRY
100
AcDbLine
 10
170.5
 20
140.31950913056875
 30
0.0
 11
170.5
 21
140.3347888857096
 31
0.0
  0
LINE
  5
BE3
330
17
100
AcDbEntity
  8
GEOMETRY
100
AcDbLine
 10
170.5
 20
140.3347888857096
 30
0.0
 11
170.5
 21
140.35006864085045
 31
0.0
  0
LINE
  5
BE4
330
17
100
AcDbEntity
  8
GEOMETRY
100
AcDbLine
 10
170.5
 20
140.35006864085045
 30
0.0
 11
170.5
 21
140.3653483959913
 31
0.0
  0
LINE
  5
BE5
330
17
100
AcDbEntity
  8
GEOMETRY
100
AcDbLine
 10
170.5
 20
140.3653483959913
 30
0.0
 11
170.5
 21
140.382297353082
 31
0.0
  0
LINE
  5
BE6
330
17
100
AcDbEntity
  8
GEOMETRY
100
AcDbLine
 10
170.5
 20
140.382297353082
 30
0.0
 11
170.5
 21
140.40341931504744
 31
0.0
  0
LINE
  5
BE7
330
17
100
AcDbEntity
  8
GEOMETRY
100
AcDbLine
 10
170.5
 20
140.40341931504744
 30
0.0
 11
170.5
 21
140.42454127701285
 31
0.0
  0
LINE
  5
BE8
330
17
100
AcDbEntity
  8
GEOMETRY
100
AcDbLine
 10
170.5
 20
140.42454127701285
 30
0.0
 11
170.5
 21
140.44566323897828
 31
0.0
  0
LINE
  5
BE9
330
17
100
AcDbEntity
  8
GEOMETRY
100
AcDbLine
 10
170.5
 20
140.44566323897828
 30
0.0
 11
170.5
 21
140.46678520094372
 31
0.0
  0
LINE
  5
BEA
330
17
100
AcDbEntity
  8
GEOMETRY
100
AcDbLine
 10
170.5
 20
140.46678520094372
 30
0.0
 11
170.5
 21
140.4918904385503
 31
0.0
  0
LINE
  5
BEB
330
17
100
AcDbEntity
  8
GEOMETRY
100
AcDbLine
 10
170.5
 20
140.4918904385503
 30
0.0
 11
170.5
 21
140.51858898641336
 31
0.0
  0
LINE
  5
BEC
330
17
100
AcDbEntity
  8
GEOMETRY
100
AcDbLine
 10
170.5
 20
140.51858898641336
 30
0.0
 11
170.5
 21
140.5452875342764
 31
0.0
  0
LINE
  5
BED
330
17
100
AcDbEntity
  8
GEOMETRY
100
AcDbLine
 10
170.5
 20
140.5452875342764
 30
0.0
 11
170.5
 21
140.57198608213946
 31
0.0
  0
LINE
  5
BEE
330
17
100
AcDbEntity
  8
GEOMETRY
100
AcDbLine
 10
170.5
 20
140.57198608213946
 30
0.0
 11
170.5
 21
140.59943332088358
 31
0.0
  0
LINE
  5
BEF
330
17
100
AcDbEntity
  8
GEOMETRY
100
AcDbLine
 10
170.5
 20
140.59943332088358
 30
0.0
 11
170.5
 21
140.63137270491399
 31
0.0
  0
LINE
  5
BF0
330
17
100
AcDbEntity
  8
GEOMETRY
100
AcDbLine
 10
170.5
 20
140.63137270491399
 30
0.0
 11
170.5
 21
140.66331208894445
 31
0.0
  0
LINE
  5
BF1
330
17
100
AcDbEntity
  8
GEOMETRY
100
AcDbLine
 10
170.5
 20
140.66331208894445
 30
0.0
 11
170.5
 21
140.69525147297486
 31
0.0
  0
LINE
  5
BF2
330
17
100
AcDbEntity
  8
GEOMETRY
100
AcDbLine
 10
170.5
 20
140.69525147297486
 30
0.0
 11
170.5
 21
140.72719085700533
 31
0.0
  0
LINE
  5
BF3
330
17
100
AcDbEntity
  8
GEOMETRY
100
AcDbLine
 10
170.5
 20
140.72719085700533
 30
0.0
 11
170.5
 21
140.76189548668236
 31
0.0
  0
LINE
  5
BF4
330
17
100
AcDbEntity
  8
GEOMETRY
100
AcDbLine
 10
170.5
 20
140.76189548668236
 30
0.0
 11
170.5
 21
140.79867405059434
 31
0.0
  0
LINE
  5
BF5
330
17
100
AcDbEntity
  8
GEOMETRY
100
AcDbLine
 10
170.5
 20
140.79867405059434
 30
0.0
 11
170.5
 21
140.83545261450632
 31
0.0
  0
LINE
  5
BF6
330
17
100
AcDbEntity
  8
GEOMETRY
100
AcDbLine
 10
170.5
 20
140.83545261450632
 30
0.0
 11
170.5
 21
140.8722311784183
 31
0.0
  0
LINE
  5
BF7
330
17
100
AcDbEntity
  8
GEOMETRY
100
AcDbLine
 10
170.5
 20
140.8722311784183
 30
0.0
 11
170.5
 21
140.90900974233028
 31
0.0
  0
LINE
  5
BF8
330
17
100
AcDbEntity
  8
GEOMETRY
100
AcDbLine
 10
170.5
 20
140.90900974233028
 30
0.0
 11
170.5
 21
140.95016497434318
 31
0.0
  0
LINE
  5
BF9
330
17
100
AcDbEntity
  8
GEOMETRY
100
AcDbLine
 10
170.5
 20
140.95016497434318
 30
0.0
 11
170.5
 21
140.99132020635608
 31
0.0
  0
LINE
  5
BFA
330
17
100
AcDbEntity
  8
GEOMETRY
100
AcDbLine
 10
170.5
 20
140.99132020635608
 30
0.0
 11
170.5
 21
141.03247543836898
 31
0.0
  0
LINE
  5
BFB
330
17
100
AcDbEntity
  8
GEOMETRY
100
AcDbLine
 10
170.5
 20
141.03247543836898
 30
0.0
 11
170.5
 21
141.0736306703819
 31
0.0
  0
LINE
  5
BFC
330
17
100
AcDbEntity
  8
GEOMETRY
100
AcDbLine
 10
170.5
 20
141.0736306703819
 30
0.0
 11
170.5
 21
141.11643980975748
 31
0.0
  0
LINE
  5
BFD
330
17
100
AcDbEntity
  8
GEOMETRY
100
AcDbLine
 10
170.5
 20
141.11643980975748
 30
0.0
 11
170.5
 21
141.16145415894994
 31
0.0
  0
LINE
  5
BFE
330
17
100
AcDbEntity
  8
GEOMETRY
100
AcDbLine
 10
170.5
 20
141.16145415894994
 30
0.0
 11
170.5
 21
141.2064685081424
 31
0.0
  0
LINE
  5
BFF
330
17
100
AcDbEntity
  8
GEOMETRY
100
AcDbLine
 10
170.5
 20
141.2064685081424
 30
0.0
 11
170.5
 21
141.25148285733485
 31
0.0
  0
LINE
  5
C00
330
17
100
AcDbEntity
  8
GEOMETRY
100
AcDbLine
 10
170.5
 20
141.25148285733485
 30
0.0
 11
170.5
 21
141.29649720652728
 31
0.0
  0
LINE
  5
C01
330
17
100
AcDbEntity
  8
GEOMETRY
100
AcDbLine
 10
170.5
 20
141.29649720652728
 30
0.0
 11
170.5
 21
141.34433415768018
 31
0.0
  0
LINE
  5
C02
330
17
100
AcDbEntity
  8
GEOMETRY
100
AcDbLine
 10
170.5
 20
141.34433415768018
 30
0.0
 11
170.5
 21
141.39264154249315
 31
0.0
  0
LINE
  5
C03
330
17
100
AcDbEntity
  8
GEOMETRY
100
AcDbLine
 10
170.5
 20
141.39264154249315
 30
0.0
 11
170.5
 21
141.44094892730612
 31
0.0
  0
LINE
  5
C04
330
17
100
AcDbEntity
  8
GEOMETRY
100
AcDbLine
 10
170.5
 20
141.44094892730612
 30
0.0
 11
170.5
 21
141.4892563121191
 31
0.0
  0
LINE
  5
C05
330
17
100
AcDbEntity
  8
GEOMETRY
100
AcDbLine
 10
170.5
 20
141.4892563121191
 30
0.0
 11
170.5
 21
141.53833099471146
 31
0.0
  0
LINE
  5
C06
330
17
100
AcDbEntity
  8
GEOMETRY
100
AcDbLine
 10
170.5
 20
141.53833099471146
 30
0.0
 11
170.5
 21
141.58932392175234
 31
0.0
  0
LINE
  5
C07
330
17
100
AcDbEntity
  8
GEOMETRY
100
AcDbLine
 10
170.5
 20
141.58932392175234
 30
0.0
 11
170.5
 21
141.6403168487932
 31
0.0
  0
LINE
  5
C08
330
17
100
AcDbEntity
  8
GEOMETRY
100
AcDbLine
 10
170.5
 20
141.6403168487932
 30
0.0
 11
170.5
 21
141.69130977583404
 31
0.0
  0
LINE
  5
C09
330
17
100
AcDbEntity
  8
GEOMETRY
100
AcDbLine
 10
170.5
 20
141.69130977583404
 30
0.0
 11
170.5
 21
141.7423027028749
 31
0.0
  0
LINE
  5
C0A
330
17
100
AcDbEntity
  8
GEOMETRY
100
AcDbLine
 10
170.5
 20
141.7423027028749
 30
0.0
 11
170.5
 21
141.79475582747546
 31
0.0
  0
LINE
  5
C0B
330
17
100
AcDbEntity
  8
GEOMETRY
100
AcDbLine
 10
170.5
 20
141.79475582747546
 30
0.0
 11
170.5
 21
141.8477930310999
 31
0.0
  0
LINE
  5
C0C
330
17
100
AcDbEntity
  8
GEOMETRY
100
AcDbLine
 10
170.5
 20
141.8477930310999
 30
0.0
 11
170.5
 21
141.90083023472434
 31
0.0
  0
LINE
  5
C0D
330
17
100
AcDbEntity
  8
GEOMETRY
100
AcDbLine
 10
170.5
 20
141.90083023472434
 30
0.0
 11
170.5
 21
141.95386743834877
 31
0.0
  0
LINE
  5
C0E
330
17
100
AcDbEntity
  8
GEOMETRY
100
AcDbLine
 10
170.5
 20
141.95386743834877
 30
0.0
 11
170.5
 21
142.00710139954109
 31
0.0
  0
LINE
  5
C0F
330
17
100
AcDbEntity
  8
GEOMETRY
100
AcDbLine
 10
170.5
 20
142.00710139954109
 30
0.0
 11
170.5
 21
142.0615159061406
 31
0.0
  0
LINE
  5
C10
330
17
100
AcDbEntity
  8
GEOMETRY
100
AcDbLine
 10
170.5
 20
142.0615159061406
 30
0.0
 11
170.5
 21
142.11593041274014
 31
0.0
  0
LINE
  5
C11
330
17
100
AcDbEntity
  8
GEOMETRY
100
AcDbLine
 10
170.5
 20
142.11593041274014
 30
0.0
 11
170.5
 21
142.17034491933967
 31
0.0
  0
LINE
  5
C12
330
17
100
AcDbEntity
  8
GEOMETRY
100
AcDbLine
 10
170.5
 20
142.17034491933967
 30
0.0
 11
170.5
 21
142.22475942593917
 31
0.0
  0
LINE
  5
C13
330
17
100
AcDbEntity
  8
GEOMETRY
100
AcDbLine
 10
170.5
 20
142.22475942593917
 30
0.0
 11
170.5
 21
142.27956993767162
 31
0.0
  0
LINE
  5
C14
330
17
100
AcDbEntity
  8
GEOMETRY
100
AcDbLine
 10
170.5
 20
142.27956993767162
 30
0.0
 11
170.5
 21
142.3346774532537
 31
0.0
  0
LINE
  5
C15
330
17
100
AcDbEntity
  8
GEOMETRY
100
AcDbLine
 10
170.5
 20
142.3346774532537
 30
0.0
 11
170.5
 21
142.3897849688358
 31
0.0
  0
LINE
  5
C16
330
17
100
AcDbEntity
  8
GEOMETRY
100
AcDbLine
 10
170.5
 20
142.3897849688358
 30
0.0
 11
170.5
 21
142.4448924844179
 31
0.0
  0
LINE
  5
C17
330
17
100
AcDbEntity
  8
GEOMETRY
100
AcDbLine
 10
170.5
 20
142.4448924844179
 30
0.0
 11
170.5
 21
142.5
 31
0.0
  0
LINE
  5
C18
330
17
100
AcDbEntity
  8
GEOMETRY
100
AcDbLine
 10
173.5
 20
157.5
 30
0.0
 11
173.5
 21
157.64695337488558
 31
0.0
  0
LINE
  5
C19
330
17
100
AcDbEntity
  8
GEOMETRY
100
AcDbLine
 10
173.5
 20
157.64695337488558
 30
0.0
 11
173.5
 21
157.79390674977117
 31
0.0
  0
LINE
  5
C1A
330
17
100
AcDbEntity
  8
GEOMETRY
100
AcDbLine
 10
173.5
 20
157.79390674977117
 30
0.0
 11
173.5
 21
157.94086012465678
 31
0.0
  0
LINE
  5
C1B
330
17
100
AcDbEntity
  8
GEOMETRY
100
AcDbLine
 10
173.5
 20
157.94086012465678
 30
0.0
 11
173.5
 21
158.08781349954236
 31
0.0
  0
LINE
  5
C1C
330
17
100
AcDbEntity
  8
GEOMETRY
100
AcDbLine
 10
173.5
 20
158.08781349954236
 30
0.0
 11
173.5
 21
158.23397486416218
 31
0.0
  0
LINE
  5
C1D
330
17
100
AcDbEntity
  8
GEOMETRY
100
AcDbLine
 10
173.5
 20
158.23397486416218
 30
0.0
 11
173.5
 21
158.37908021509423
 31
0.0
  0
LINE
  5
C1E
330
17
100
AcDbEntity
  8
GEOMETRY
100
AcDbLine
 10
173.5
 20
158.37908021509423
 30
0.0
 11
173.5
 21
158.5241855660263
 31
0.0
  0
LINE
  5
C1F
330
17
100
AcDbEntity
  8
GEOMETRY
100
AcDbLine
 10
173.5
 20
158.5241855660263
 30
0.0
 11
173.5
 21
158.66929091695837
 31
0.0
  0
LINE
  5
C20
330
17
100
AcDbEntity
  8
GEOMETRY
100
AcDbLine
 10
173.5
 20
158.66929091695837
 30
0.0
 11
173.5
 21
158.81439626789046
 31
0.0
  0
LINE
  5
C21
330
17
100
AcDbEntity
  8
GEOMETRY
100
AcDbLine
 10
173.5
 20
158.81439626789046
 30
0.0
 11
173.5
 21
158.9563534977366
 31
0.0
  0
LINE
  5
C22
330
17
100
AcDbEntity
  8
GEOMETRY
100
AcDbLine
 10
173.5
 20
158.9563534977366
 30
0.0
 11
173.5
 21
159.0977860407351
 31
0.0
  0
LINE
  5
C23
330
17
100
AcDbEntity
  8
GEOMETRY
100
AcDbLine
 10
173.5
 20
159.0977860407351
 30
0.0
 11
173.5
 21
159.2392185837336
 31
0.0
  0
LINE
  5
C24
330
17
100
AcDbEntity
  8
GEOMETRY
100
AcDbLine
 10
173.5
 20
159.2392185837336
 30
0.0
 11
173.5
 21
159.3806511267321
 31
0.0
  0
LINE
  5
C25
330
17
100
AcDbEntity
  8
GEOMETRY
100
AcDbLine
 10
173.5
 20
159.3806511267321
 30
0.0
 11
173.5
 21
159.5205261256669
 31
0.0
  0
LINE
  5
C26
330
17
100
AcDbEntity
  8
GEOMETRY
100
AcDbLine
 10
173.5
 20
159.5205261256669
 30
0.0
 11
173.5
 21
159.65650726444255
 31
0.0
  0
LINE
  5
C27
330
17
100
AcDbEntity
  8
GEOMETRY
100
AcDbLine
 10
173.5
 20
159.65650726444255
 30
0.0
 11
173.5
 21
159.7924884032182
 31
0.0
  0
LINE
  5
C28
330
17
100
AcDbEntity
  8
GEOMETRY
100
AcDbLine
 10
173.5
 20
159.7924884032182
 30
0.0
 11
173.5
 21
159.92846954199382
 31
0.0
  0
LINE
  5
C29
330
17
100
AcDbEntity
  8
GEOMETRY
100
AcDbLine
 10
173.5
 20
159.92846954199382
 30
0.0
 11
173.5
 21
160.06445068076945
 31
0.0
  0
LINE
  5
C2A
330
17
100
AcDbEntity
  8
GEOMETRY
100
AcDbLine
 10
173.5
 20
160.06445068076945
 30
0.0
 11
173.5
 21
160.19531650101578
 31
0.0
  0
LINE
  5
C2B
330
17
100
AcDbEntity
  8
GEOMETRY
100
AcDbLine
 10
173.5
 20
160.19531650101578
 30
0.0
 11
173.5
 21
160.32413619385034
 31
0.0
  0
LINE
  5
C2C
330
17
100
AcDbEntity
  8
GEOMETRY
100
AcDbLine
 10
173.5
 20
160.32413619385034
 30
0.0
 11
173.5
 21
160.45295588668495
 31
0.0
  0
LINE
  5
C2D
330
17
100
AcDbEntity
  8
GEOMETRY
100
AcDbLine
 10
173.5
 20
160.45295588668495
 30
0.0
 11
173.5
 21
160.58177557951953
 31
0.0
  0
LINE
  5
C2E
330
17
100
AcDbEntity
  8
GEOMETRY
100
AcDbLine
 10
173.5
 20
160.58177557951953
 30
0.0
 11
173.5
 21
160.7093407825939
 31
0.0
  0
LINE
  5
C2F
330
17
100
AcDbEntity
  8
GEOMETRY
100
AcDbLine
 10
173.5
 20
160.7093407825939
 30
0.0
 11
173.5
 21
160.82937904710712
 31
0.0
  0
LINE
  5
C30
330
17
100
AcDbEntity
  8
GEOMETRY
100
AcDbLine
 10
173.5
 20
160.82937904710712
 30
0.0
 11
173.5
 21
160.94941731162032
 31
0.0
  0
LINE
  5
C31
330
17
100
AcDbEntity
  8
GEOMETRY
100
AcDbLine
 10
173.5
 20
160.94941731162032
 30
0.0
 11
173.5
 21
161.06945557613352
 31
0.0
  0
LINE
  5
C32
330
17
100
AcDbEntity
  8
GEOMETRY
100
AcDbLine
 10
173.5
 20
161.06945557613352
 30
0.0
 11
173.5
 21
161.18949384064675
 31
0.0
  0
LINE
  5
C33
330
17
100
AcDbEntity
  8
GEOMETRY
100
AcDbLine
 10
173.5
 20
161.18949384064675
 30
0.0
 11
173.5
 21
161.30365154564825
 31
0.0
  0
LINE
  5
C34
330
17
100
AcDbEntity
  8
GEOMETRY
100
AcDbLine
 10
173.5
 20
161.30365154564825
 30
0.0
 11
173.5
 21
161.41339883101602
 31
0.0
  0
LINE
  5
C35
330
17
100
AcDbEntity
  8
GEOMETRY
100
AcDbLine
 10
173.5
 20
161.41339883101602
 30
0.0
 11
173.5
 21
161.52314611638377
 31
0.0
  0
LINE
  5
C36
330
17
100
AcDbEntity
  8
GEOMETRY
100
AcDbLine
 10
173.5
 20
161.52314611638377
 30
0.0
 11
173.5
 21
161.63289340175152
 31
0.0
  0
LINE
  5
C37
330
17
100
AcDbEntity
  8
GEOMETRY
100
AcDbLine
 10
173.5
 20
161.63289340175152
 30
0.0
 11
173.5
 21
161.7426406871193
 31
0.0
  0
LINE
  5
C38
330
17
100
AcDbEntity
  8
GEOMETRY
100
AcDbLine
 10
173.5
 20
161.7426406871193
 30
0.0
 11
173.5
 21
161.84071685755123
 31
0.0
  0
LINE
  5
C39
330
17
100
AcDbEntity
  8
GEOMETRY
100
AcDbLine
 10
173.5
 20
161.84071685755123
 30
0.0
 11
173.5
 21
161.93879302798317
 31
0.0
  0
LINE
  5
C3A
330
17
100
AcDbEntity
  8
GEOMETRY
100
AcDbLine
 10
173.5
 20
161.93879302798317
 30
0.0
 11
173.5
 21
162.03686919841513
 31
0.0
  0
LINE
  5
C3B
330
17
100
AcDbEntity
  8
GEOMETRY
100
AcDbLine
 10
173.5
 20
162.03686919841513
 30
0.0
 11
173.5
 21
162.13494536884707
 31
0.0
  0
LINE
  5
C3C
330
17
100
AcDbEntity
  8
GEOMETRY
100
AcDbLine
 10
173.5
 20
162.13494536884707
 30
0.0
 11
173.5
 21
162.22749104798584
 31
0.0
  0
LINE
  5
C3D
330
17
100
AcDbEntity
  8
GEOMETRY
100
AcDbLine
 10
173.5
 20
162.22749104798584
 30
0.0
 11
173.5
 21
162.31266273873365
 31
0.0
  0
LINE
  5
C3E
330
17
100
AcDbEntity
  8
GEOMETRY
100
AcDbLine
 10
173.5
 20
162.31266273873365
 30
0.0
 11
173.5
 21
162.3978344294815
 31
0.0
  0
LINE
  5
C3F
330
17
100
AcDbEntity
  8
GEOMETRY
100
AcDbLine
 10
173.5
 20
162.3978344294815
 30
0.0
 11
173.5
 21
162.48300612022933
 31
0.0
  0
LINE
  5
C40
330
17
100
AcDbEntity
  8
GEOMETRY
100
AcDbLine
 10
173.5
 20
162.48300612022933
 30
0.0
 11
173.5
 21
162.56817781097715
 31
0.0
  0
LINE
  5
C41
330
17
100
AcDbEntity
  8
GEOMETRY
100
AcDbLine
 10
173.5
 20
162.56817781097715
 30
0.0
 11
173.5
 21
162.6413704476281
 31
0.0
  0
LINE
  5
C42
330
17
100
AcDbEntity
  8
GEOMETRY
100
AcDbLine
 10
173.5
 20
162.6413704476281
 30
0.0
 11
173.5
 21
162.7125665752629
 31
0.0
  0
LINE
  5
C43
330
17
100
AcDbEntity
  8
GEOMETRY
100
AcDbLine
 10
173.5
 20
162.7125665752629
 30
0.0
 11
173.5
 21
162.78376270289772
 31
0.0
  0
LINE
  5
C44
330
17
100
AcDbEntity
  8
GEOMETRY
100
AcDbLine
 10
173.5
 20
162.78376270289772
 30
0.0
 11
173.5
 21
162.85495883053252
 31
0.0
  0
LINE
  5
C45
330
17
100
AcDbEntity
  8
GEOMETRY
100
AcDbLine
 10
173.5
 20
162.85495883053252
 30
0.0
 11
173.5
 21
162.92190613081675
 31
0.0
  0
LINE
  5
C46
330
17
100
AcDbEntity
  8
GEOMETRY
100
AcDbLine
 10
173.5
 20
162.92190613081675
 30
0.0
 11
173.5
 21
162.97823136272456
 31
0.0
  0
LINE
  5
C47
330
17
100
AcDbEntity
  8
GEOMETRY
100
AcDbLine
 10
173.5
 20
162.97823136272456
 30
0.0
 11
173.5
 21
163.03455659463236
 31
0.0
  0
LINE
  5
C48
330
17
100
AcDbEntity
  8
GEOMETRY
100
AcDbLine
 10
173.5
 20
163.03455659463236
 30
0.0
 11
173.5
 21
163.09088182654017
 31
0.0
  0
LINE
  5
C49
330
17
100
AcDbEntity
  8
GEOMETRY
100
AcDbLine
 10
173.5
 20
163.09088182654017
 30
0.0
 11
173.5
 21
163.14720705844798
 31
0.0
  0
LINE
  5
C4A
330
17
100
AcDbEntity
  8
GEOMETRY
100
AcDbLine
 10
173.5
 20
163.14720705844798
 30
0.0
 11
173.5
 21
163.19240427735656
 31
0.0
  0
LINE
  5
C4B
330
17
100
AcDbEntity
  8
GEOMETRY
100
AcDbLine
 10
173.5
 20
163.19240427735656
 30
0.0
 11
173.5
 21
163.23315029106547
 31
0.0
  0
LINE
  5
C4C
330
17
100
AcDbEntity
  8
GEOMETRY
100
AcDbLine
 10
173.5
 20
163.23315029106547
 30
0.0
 11
173.5
 21
163.27389630477438
 31
0.0
  0
LINE
  5
C4D
330
17
100
AcDbEntity
  8
GEOMETRY
100
AcDbLine
 10
173.5
 20
163.27389630477438
 30
0.0
 11
173.5
 21
163.3146423184833
 31
0.0
  0
LINE
  5
C4E
330
17
100
AcDbEntity
  8
GEOMETRY
100
AcDbLine
 10
173.5
 20
163.3146423184833
 30
0.0
 11
173.5
 21
163.35308952891182
 31
0.0
  0
LINE
  5
C4F
330
17
100
AcDbEntity
  8
GEOMETRY
100
AcDbLine
 10
173.5
 20
163.35308952891182
 30
0.0
 11
173.5
 21
163.37774391965806
 31
0.0
  0
LINE
  5
C50
330
17
100
AcDbEntity
  8
GEOMETRY
100
AcDbLine
 10
173.5
 20
163.37774391965806
 30
0.0
 11
173.5
 21
163.4023983104043
 31
0.0
  0
LINE
  5
C51
330
17
100
AcDbEntity
  8
GEOMETRY
100
AcDbLine
 10
173.5
 20
163.4023983104043
 30
0.0
 11
173.5
 21
163.42705270115056
 31
0.0
  0
LINE
  5
C52
330
17
100
AcDbEntity
  8
GEOMETRY
100
AcDbLine
 10
173.5
 20
163.42705270115056
 30
0.0
 11
173.5
 21
163.4517070918968
 31
0.0
  0
LINE
  5
C53
330
17
100
AcDbEntity
  8
GEOMETRY
100
AcDbLine
 10
173.5
 20
163.4517070918968
 30
0.0
 11
173.5
 21
163.46698910193953
 31
0.0
  0
LINE
  5
C54
330
17
100
AcDbEntity
  8
GEOMETRY
100
AcDbLine
 10
173.5
 20
163.46698910193953
 30
0.0
 11
173.5
 21
163.47524182645463
 31
0.0
  0
LINE
  5
C55
330
17
100
AcDbEntity
  8
GEOMETRY
100
AcDbLine
 10
173.5
 20
163.47524182645463
 30
0.0
 11
173.5
 21
163.48349455096977
 31
0.0
  0
LINE
  5
C56
330
17
100
AcDbEntity
  8
GEOMETRY
100
AcDbLine
 10
173.5
 20
163.48349455096977
 30
0.0
 11
173.5
 21
163.49174727548487
 31
0.0
  0
LINE
  5
C57
330
17
100
AcDbEntity
  8
GEOMETRY
100
AcDbLine
 10
173.5
 20
163.49174727548487
 30
0.0
 11
173.5
 21
163.5
 31
0.0
  0
LINE
  5
C58
330
17
100
AcDbEntity
  8
GEOMETRY
100
AcDbLine
 10
173.5
 20
163.5
 30
0.0
 11
173.5
 21
163.46709288473863
 31
0.0
  0
LINE
  5
C59
330
17
100
AcDbEntity
  8
GEOMETRY
100
AcDbLine
 10
173.5
 20
163.46709288473863
 30
0.0
 11
173.5
 21
163.4341857694773
 31
0.0
  0
LINE
  5
C5A
330
17
100
AcDbEntity
  8
GEOMETRY
100
AcDbLine
 10
173.5
 20
163.4341857694773
 30
0.0
 11
173.5
 21
163.40127865421593
 31
0.0
  0
LINE
  5
C5B
330
17
100
AcDbEntity
  8
GEOMETRY
100
AcDbLine
 10
173.5
 20
163.40127865421593
 30
0.0
 11
173.5
 21
163.36837153895456
 31
0.0
  0
LINE
  5
C5C
330
17
100
AcDbEntity
  8
GEOMETRY
100
AcDbLine
 10
173.5
 20
163.36837153895456
 30
0.0
 11
173.5
 21
163.30796551068377
 31
0.0
  0
LINE
  5
C5D
330
17
100
AcDbEntity
  8
GEOMETRY
100
AcDbLine
 10
173.5
 20
163.30796551068377
 30
0.0
 11
173.5
 21
163.21089426506705
 31
0.0
  0
LINE
  5
C5E
330
17
100
AcDbEntity
  8
GEOMETRY
100
AcDbLine
 10
173.5
 20
163.21089426506705
 30
0.0
 11
173.5
 21
163.11382301945034
 31
0.0
  0
LINE
  5
C5F
330
17
100
AcDbEntity
  8
GEOMETRY
100
AcDbLine
 10
173.5
 20
163.11382301945034
 30
0.0
 11
173.5
 21
163.01675177383362
 31
0.0
  0
LINE
  5
C60
330
17
100
AcDbEntity
  8
GEOMETRY
100
AcDbLine
 10
173.5
 20
163.01675177383362
 30
0.0
 11
173.5
 21
162.9196805282169
 31
0.0
  0
LINE
  5
C61
330
17
100
AcDbEntity
  8
GEOMETRY
100
AcDbLine
 10
173.5
 20
162.9196805282169
 30
0.0
 11
173.5
 21
162.77178364880083
 31
0.0
  0
LINE
  5
C62
330
17
100
AcDbEntity
  8
GEOMETRY
100
AcDbLine
 10
173.5
 20
162.77178364880083
 30
0.0
 11
173.5
 21
162.6154158304182
 31
0.0
  0
LINE
  5
C63
330
17
100
AcDbEntity
  8
GEOMETRY
100
AcDbLine
 10
173.5
 20
162.6154158304182
 30
0.0
 11
173.5
 21
162.45904801203557
 31
0.0
  0
LINE
  5
C64
330
17
100
AcDbEntity
  8
GEOMETRY
100
AcDbLine
 10
173.5
 20
162.45904801203557
 30
0.0
 11
173.5
 21
162.30268019365292
 31
0.0
  0
LINE
  5
C65
330
17
100
AcDbEntity
  8
GEOMETRY
100
AcDbLine
 10
173.5
 20
162.30268019365292
 30
0.0
 11
173.5
 21
162.1316107645797
 31
0.0
  0
LINE
  5
C66
330
17
100
AcDbEntity
  8
GEOMETRY
100
AcDbLine
 10
173.5
 20
162.1316107645797
 30
0.0
 11
173.5
 21
161.92378730878
 31
0.0
  0
LINE
  5
C67
330
17
100
AcDbEntity
  8
GEOMETRY
100
AcDbLine
 10
173.5
 20
161.92378730878
 30
0.0
 11
173.5
 21
161.71596385298028
 31
0.0
  0
LINE
  5
C68
330
17
100
AcDbEntity
  8
GEOMETRY
100
AcDbLine
 10
173.5
 20
161.71596385298028
 30
0.0
 11
173.5
 21
161.5081403971806
 31
0.0
  0
LINE
  5
C69
330
17
100
AcDbEntity
  8
GEOMETRY
100
AcDbLine
 10
173.5
 20
161.5081403971806
 30
0.0
 11
173.5
 21
161.30031694138088
 31
0.0
  0
LINE
  5
C6A
330
17
100
AcDbEntity
  8
GEOMETRY
100
AcDbLine
 10
173.5
 20
161.30031694138088
 30
0.0
 11
173.5
 21
161.06318312733254
 31
0.0
  0
LINE
  5
C6B
330
17
100
AcDbEntity
  8
GEOMETRY
100
AcDbLine
 10
173.5
 20
161.06318312733254
 30
0.0
 11
173.5
 21
160.81432516998476
 31
0.0
  0
LINE
  5
C6C
330
17
100
AcDbEntity
  8
GEOMETRY
100
AcDbLine
 10
173.5
 20
160.81432516998476
 30
0.0
 11
173.5
 21
160.56546721263697
 31
0.0
  0
LINE
  5
C6D
330
17
100
AcDbEntity
  8
GEOMETRY
100
AcDbLine
 10
173.5
 20
160.56546721263697
 30
0.0
 11
173.5
 21
160.31660925528917
 31
0.0
  0
LINE
  5
C6E
330
17
100
AcDbEntity
  8
GEOMETRY
100
AcDbLine
 10
173.5
 20
160.31660925528917
 30
0.0
 11
173.5
 21
160.0636719087376
 31
0.0
  0
LINE
  5
C6F
330
17
100
AcDbEntity
  8
GEOMETRY
100
AcDbLine
 10
173.5
 20
160.0636719087376
 30
0.0
 11
173.5
 21
159.78625822696347
 31
0.0
  0
LINE
  5
C70
330
17
100
AcDbEntity
  8
GEOMETRY
100
AcDbLine
 10
173.5
 20
159.78625822696347
 30
0.0
 11
173.5
 21
159.50884454518933
 31
0.0
  0
LINE
  5
C71
330
17
100
AcDbEntity
  8
GEOMETRY
100
AcDbLine
 10
173.5
 20
159.50884454518933
 30
0.0
 11
173.5
 21
159.23143086341523
 31
0.0
  0
LINE
  5
C72
330
17
100
AcDbEntity
  8
GEOMETRY
100
AcDbLine
 10
173.5
 20
159.23143086341523
 30
0.0
 11
173.5
 21
158.9540171816411
 31
0.0
  0
LINE
  5
C73
330
17
100
AcDbEntity
  8
GEOMETRY
100
AcDbLine
 10
173.5
 20
158.9540171816411
 30
0.0
 11
173.5
 21
158.66823490327064
 31
0.0
  0
LINE
  5
C74
330
17
100
AcDbEntity
  8
GEOMETRY
100
AcDbLine
 10
173.5
 20
158.66823490327064
 30
0.0
 11
173.5
 21
158.37617617745298
 31
0.0
  0
LINE
  5
C75
330
17
100
AcDbEntity
  8
GEOMETRY
100
AcDbLine
 10
173.5
 20
158.37617617745298
 30
0.0
 11
173.5
 21
158.08411745163534
 31
0.0
  0
LINE
  5
C76
330
17
100
AcDbEntity
  8
GEOMETRY
100
AcDbLine
 10
173.5
 20
158.08411745163534
 30
0.0
 11
173.5
 21
157.79205872581767
 31
0.0
  0
LINE
  5
C77
330
17
100
AcDbEntity
  8
GEOMETRY
100
AcDbLine
 10
173.5
 20
157.79205872581767
 30
0.0
 11
173.5
 21
157.5
 31
0.0
  0
LINE
  5
C78
330
17
100
AcDbEntity
  8
GEOMETRY
100
AcDbLine
 10
173.5
 20
157.5
 30
0.0
 11
173.5
 21
157.20794127418233
 31
0.0
  0
LINE
  5
C79
330
17
100
AcDbEntity
  8
GEOMETRY
100
AcDbLine
 10
173.5
 20
157.20794127418233
 30
0.0
 11
173.5
 21
156.91588254836466
 31
0.0
  0
LINE
  5
C7A
330
17
100
AcDbEntity
  8
GEOMETRY
100
AcDbLine
 10
173.5
 20
156.91588254836466
 30
0.0
 11
173.5
 21
156.62382382254702
 31
0.0
  0
LINE
  5
C7B
330
17
100
AcDbEntity
  8
GEOMETRY
100
AcDbLine
 10
173.5
 20
156.62382382254702
 30
0.0
 11
173.5
 21
156.33176509672936
 31
0.0
  0
LINE
  5
C7C
330
17
100
AcDbEntity
  8
GEOMETRY
100
AcDbLine
 10
173.5
 20
156.33176509672936
 30
0.0
 11
173.5
 21
156.0459828183589
 31
0.0
  0
LINE
  5
C7D
330
17
100
AcDbEntity
  8
GEOMETRY
100
AcDbLine
 10
173.5
 20
156.0459828183589
 30
0.0
 11
173.5
 21
155.76856913658477
 31
0.0
  0
LINE
  5
C7E
330
17
100
AcDbEntity
  8
GEOMETRY
100
AcDbLine
 10
173.5
 20
155.76856913658477
 30
0.0
 11
173.5
 21
155.49115545481067
 31
0.0
  0
LINE
  5
C7F
330
17
100
AcDbEntity
  8
GEOMETRY
100
AcDbLine
 10
173.5
 20
155.49115545481067
 30
0.0
 11
173.5
 21
155.21374177303653
 31
0.0
  0
LINE
  5
C80
330
17
100
AcDbEntity
  8
GEOMETRY
100
AcDbLine
 10
173.5
 20
155.21374177303653
 30
0.0
 11
173.5
 21
154.9363280912624
 31
0.0
  0
LINE
  5
C81
330
17
100
AcDbEntity
  8
GEOMETRY
100
AcDbLine
 10
173.5
 20
154.9363280912624
 30
0.0
 11
173.5
 21
154.68339074471083
 31
0.0
  0
LINE
  5
C82
330
17
100
AcDbEntity
  8
GEOMETRY
100
AcDbLine
 10
173.5
 20
154.68339074471083
 30
0.0
 11
173.5
 21
154.43453278736303
 31
0.0
  0
LINE
  5
C83
330
17
100
AcDbEntity
  8
GEOMETRY
100
AcDbLine
 10
173.5
 20
154.43453278736303
 30
0.0
 11
173.5
 21
154.18567483001524
 31
0.0
  0
LINE
  5
C84
330
17
100
AcDbEntity
  8
GEOMETRY
100
AcDbLine
 10
173.5
 20
154.18567483001524
 30
0.0
 11
173.5
 21
153.93681687266746
 31
0.0
  0
LINE
  5
C85
330
17
100
AcDbEntity
  8
GEOMETRY
100
AcDbLine
 10
173.5
 20
153.93681687266746
 30
0.0
 11
173.5
 21
153.69968305861912
 31
0.0
  0
LINE
  5
C86
330
17
100
AcDbEntity
  8
GEOMETRY
100
AcDbLine
 10
173.5
 20
153.69968305861912
 30
0.0
 11
173.5
 21
153.4918596028194
 31
0.0
  0
LINE
  5
C87
330
17
100
AcDbEntity
  8
GEOMETRY
100
AcDbLine
 10
173.5
 20
153.4918596028194
 30
0.0
 11
173.5
 21
153.28403614701972
 31
0.0
  0
LINE
  5
C88
330
17
100
AcDbEntity
  8
GEOMETRY
100
AcDbLine
 10
173.5
 20
153.28403614701972
 30
0.0
 11
173.5
 21
153.07621269122
 31
0.0
  0
LINE
  5
C89
330
17
100
AcDbEntity
  8
GEOMETRY
100
AcDbLine
 10
173.5
 20
153.07621269122
 30
0.0
 11
173.5
 21
152.8683892354203
 31
0.0
  0
LINE
  5
C8A
330
17
100
AcDbEntity
  8
GEOMETRY
100
AcDbLine
 10
173.5
 20
152.8683892354203
 30
0.0
 11
173.5
 21
152.69731980634708
 31
0.0
  0
LINE
  5
C8B
330
17
100
AcDbEntity
  8
GEOMETRY
100
AcDbLine
 10
173.5
 20
152.69731980634708
 30
0.0
 11
173.5
 21
152.54095198796443
 31
0.0
  0
LINE
  5
C8C
330
17
100
AcDbEntity
  8
GEOMETRY
100
AcDbLine
 10
173.5
 20
152.54095198796443
 30
0.0
 11
173.5
 21
152.3845841695818
 31
0.0
  0
LINE
  5
C8D
330
17
100
AcDbEntity
  8
GEOMETRY
100
AcDbLine
 10
173.5
 20
152.3845841695818
 30
0.0
 11
173.5
 21
152.22821635119917
 31
0.0
  0
LINE
  5
C8E
330
17
100
AcDbEntity
  8
GEOMETRY
100
AcDbLine
 10
173.5
 20
152.22821635119917
 30
0.0
 11
173.5
 21
152.0803194717831
 31
0.0
  0
LINE
  5
C8F
330
17
100
AcDbEntity
  8
GEOMETRY
100
AcDbLine
 10
173.5
 20
152.0803194717831
 30
0.0
 11
173.5
 21
151.98324822616638
 31
0.0
  0
LINE
  5
C90
330
17
100
AcDbEntity
  8
GEOMETRY
100
AcDbLine
 10
173.5
 20
151.98324822616638
 30
0.0
 11
173.5
 21
151.88617698054966
 31
0.0
  0
LINE
  5
C91
330
17
100
AcDbEntity
  8
GEOMETRY
100
AcDbLine
 10
173.5
 20
151.88617698054966
 30
0.0
 11
173.5
 21
151.78910573493295
 31
0.0
  0
LINE
  5
C92
330
17
100
AcDbEntity
  8
GEOMETRY
100
AcDbLine
 10
173.5
 20
151.78910573493295
 30
0.0
 11
173.5
 21
151.69203448931623
 31
0.0
  0
LINE
  5
C93
330
17
100
AcDbEntity
  8
GEOMETRY
100
AcDbLine
 10
173.5
 20
151.69203448931623
 30
0.0
 11
173.5
 21
151.63162846104544
 31
0.0
  0
LINE
  5
C94
330
17
100
AcDbEntity
  8
GEOMETRY
100
AcDbLine
 10
173.5
 20
151.63162846104544
 30
0.0
 11
173.5
 21
151.59872134578407
 31
0.0
  0
LINE
  5
C95
330
17
100
AcDbEntity
  8
GEOMETRY
100
AcDbLine
 10
173.5
 20
151.59872134578407
 30
0.0
 11
173.5
 21
151.5658142305227
 31
0.0
  0
LINE
  5
C96
330
17
100
AcDbEntity
  8
GEOMETRY
100
AcDbLine
 10
173.5
 20
151.5658142305227
 30
0.0
 11
173.5
 21
151.53290711526137
 31
0.0
  0
LINE
  5
C97
330
17
100
AcDbEntity
  8
GEOMETRY
100
AcDbLine
 10
173.5
 20
151.53290711526137
 30
0.0
 11
173.5
 21
151.5
 31
0.0
  0
LINE
  5
C98
330
17
100
AcDbEntity
  8
GEOMETRY
100
AcDbLine
 10
173.5
 20
151.5
 30
0.0
 11
173.5
 21
151.5082527245151
 31
0.0
  0
LINE
  5
C99
330
17
100
AcDbEntity
  8
GEOMETRY
100
AcDbLine
 10
173.5
 20
151.5082527245151
 30
0.0
 11
173.5
 21
151.51650544903023
 31
0.0
  0
LINE
  5
C9A
330
17
100
AcDbEntity
  8
GEOMETRY
100
AcDbLine
 10
173.5
 20
151.51650544903023
 30
0.0
 11
173.5
 21
151.52475817354537
 31
0.0
  0
LINE
  5
C9B
330
17
100
AcDbEntity
  8
GEOMETRY
100
AcDbLine
 10
173.5
 20
151.52475817354537
 30
0.0
 11
173.5
 21
151.53301089806047
 31
0.0
  0
LINE
  5
C9C
330
17
100
AcDbEntity
  8
GEOMETRY
100
AcDbLine
 10
173.5
 20
151.53301089806047
 30
0.0
 11
173.5
 21
151.5482929081032
 31
0.0
  0
LINE
  5
C9D
330
17
100
AcDbEntity
  8
GEOMETRY
100
AcDbLine
 10
173.5
 20
151.5482929081032
 30
0.0
 11
173.5
 21
151.57294729884944
 31
0.0
  0
LINE
  5
C9E
330
17
100
AcDbEntity
  8
GEOMETRY
100
AcDbLine
 10
173.5
 20
151.57294729884944
 30
0.0
 11
173.5
 21
151.5976016895957
 31
0.0
  0
LINE
  5
C9F
330
17
100
AcDbEntity
  8
GEOMETRY
100
AcDbLine
 10
173.5
 20
151.5976016895957
 30
0.0
 11
173.5
 21
151.62225608034194
 31
0.0
  0
LINE
  5
CA0
330
17
100
AcDbEntity
  8
GEOMETRY
100
AcDbLine
 10
173.5
 20
151.62225608034194
 30
0.0
 11
173.5
 21
151.64691047108818
 31
0.0
  0
LINE
  5
CA1
330
17
100
AcDbEntity
  8
GEOMETRY
100
AcDbLine
 10
173.5
 20
151.64691047108818
 30
0.0
 11
173.5
 21
151.6853576815167
 31
0.0
  0
LINE
  5
CA2
330
17
100
AcDbEntity
  8
GEOMETRY
100
AcDbLine
 10
173.5
 20
151.6853576815167
 30
0.0
 11
173.5
 21
151.72610369522562
 31
0.0
  0
LINE
  5
CA3
330
17
100
AcDbEntity
  8
GEOMETRY
100
AcDbLine
 10
173.5
 20
151.72610369522562
 30
0.0
 11
173.5
 21
151.76684970893453
 31
0.0
  0
LINE
  5
CA4
330
17
100
AcDbEntity
  8
GEOMETRY
100
AcDbLine
 10
173.5
 20
151.76684970893453
 30
0.0
 11
173.5
 21
151.80759572264344
 31
0.0
  0
LINE
  5
CA5
330
17
100
AcDbEntity
  8
GEOMETRY
100
AcDbLine
 10
173.5
 20
151.80759572264344
 30
0.0
 11
173.5
 21
151.85279294155202
 31
0.0
  0
LINE
  5
CA6
330
17
100
AcDbEntity
  8
GEOMETRY
100
AcDbLine
 10
173.5
 20
151.85279294155202
 30
0.0
 11
173.5
 21
151.90911817345983
 31
0.0
  0
LINE
  5
CA7
330
17
100
AcDbEntity
  8
GEOMETRY
100
AcDbLine
 10
173.5
 20
151.90911817345983
 30
0.0
 11
173.5
 21
151.96544340536764
 31
0.0
  0
LINE
  5
CA8
330
17
100
AcDbEntity
  8
GEOMETRY
100
AcDbLine
 10
173.5
 20
151.96544340536764
 30
0.0
 11
173.5
 21
152.02176863727544
 31
0.0
  0
LINE
  5
CA9
330
17
100
AcDbEntity
  8
GEOMETRY
100
AcDbLine
 10
173.5
 20
152.02176863727544
 30
0.0
 11
173.5
 21
152.07809386918325
 31
0.0
  0
LINE
  5
CAA
330
17
100
AcDbEntity
  8
GEOMETRY
100
AcDbLine
 10
173.5
 20
152.07809386918325
 30
0.0
 11
173.5
 21
152.14504116946748
 31
0.0
  0
LINE
  5
CAB
330
17
100
AcDbEntity
  8
GEOMETRY
100
AcDbLine
 10
173.5
 20
152.14504116946748
 30
0.0
 11
173.5
 21
152.21623729710228
 31
0.0
  0
LINE
  5
CAC
330
17
100
AcDbEntity
  8
GEOMETRY
100
AcDbLine
 10
173.5
 20
152.21623729710228
 30
0.0
 11
173.5
 21
152.2874334247371
 31
0.0
  0
LINE
  5
CAD
330
17
100
AcDbEntity
  8
GEOMETRY
100
AcDbLine
 10
173.5
 20
152.2874334247371
 30
0.0
 11
173.5
 21
152.3586295523719
 31
0.0
  0
LINE
  5
CAE
330
17
100
AcDbEntity
  8
GEOMETRY
100
AcDbLine
 10
173.5
 20
152.3586295523719
 30
0.0
 11
173.5
 21
152.43182218902285
 31
0.0
  0
LINE
  5
CAF
330
17
100
AcDbEntity
  8
GEOMETRY
100
AcDbLine
 10
173.5
 20
152.43182218902285
 30
0.0
 11
173.5
 21
152.51699387977067
 31
0.0
  0
LINE
  5
CB0
330
17
100
AcDbEntity
  8
GEOMETRY
100
AcDbLine
 10
173.5
 20
152.51699387977067
 30
0.0
 11
173.5
 21
152.6021655705185
 31
0.0
  0
LINE
  5
CB1
330
17
100
AcDbEntity
  8
GEOMETRY
100
AcDbLine
 10
173.5
 20
152.6021655705185
 30
0.0
 11
173.5
 21
152.68733726126635
 31
0.0
  0
LINE
  5
CB2
330
17
100
AcDbEntity
  8
GEOMETRY
100
AcDbLine
 10
173.5
 20
152.68733726126635
 30
0.0
 11
173.5
 21
152.77250895201416
 31
0.0
  0
LINE
  5
CB3
330
17
100
AcDbEntity
  8
GEOMETRY
100
AcDbLine
 10
173.5
 20
152.77250895201416
 30
0.0
 11
173.5
 21
152.86505463115293
 31
0.0
  0
LINE
  5
CB4
330
17
100
AcDbEntity
  8
GEOMETRY
100
AcDbLine
 10
173.5
 20
152.86505463115293
 30
0.0
 11
173.5
 21
152.96313080158487
 31
0.0
  0
LINE
  5
CB5
330
17
100
AcDbEntity
  8
GEOMETRY
100
AcDbLine
 10
173.5
 20
152.96313080158487
 30
0.0
 11
173.5
 21
153.06120697201683
 31
0.0
  0
LINE
  5
CB6
330
17
100
AcDbEntity
  8
GEOMETRY
100
AcDbLine
 10
173.5
 20
153.06120697201683
 30
0.0
 11
173.5
 21
153.15928314244877
 31
0.0
  0
LINE
  5
CB7
330
17
100
AcDbEntity
  8
GEOMETRY
100
AcDbLine
 10
173.5
 20
153.15928314244877
 30
0.0
 11
173.5
 21
153.2573593128807
 31
0.0
  0
LINE
  5
CB8
330
17
100
AcDbEntity
  8
GEOMETRY
100
AcDbLine
 10
173.5
 20
153.2573593128807
 30
0.0
 11
173.5
 21
153.36710659824848
 31
0.0
  0
LINE
  5
CB9
330
17
100
AcDbEntity
  8
GEOMETRY
100
AcDbLine
 10
173.5
 20
153.36710659824848
 30
0.0
 11
173.5
 21
153.47685388361623
 31
0.0
  0
LINE
  5
CBA
330
17
100
AcDbEntity
  8
GEOMETRY
100
AcDbLine
 10
173.5
 20
153.47685388361623
 30
0.0
 11
173.5
 21
153.58660116898398
 31
0.0
  0
LINE
  5
CBB
330
17
100
AcDbEntity
  8
GEOMETRY
100
AcDbLine
 10
173.5
 20
153.58660116898398
 30
0.0
 11
173.5
 21
153.69634845435172
 31
0.0
  0
LINE
  5
CBC
330
17
100
AcDbEntity
  8
GEOMETRY
100
AcDbLine
 10
173.5
 20
153.69634845435172
 30
0.0
 11
173.5
 21
153.81050615935325
 31
0.0
  0
LINE
  5
CBD
330
17
100
AcDbEntity
  8
GEOMETRY
100
AcDbLine
 10
173.5
 20
153.81050615935325
 30
0.0
 11
173.5
 21
153.93054442386648
 31
0.0
  0
LINE
  5
CBE
330
17
100
AcDbEntity
  8
GEOMETRY
100
AcDbLine
 10
173.5
 20
153.93054442386648
 30
0.0
 11
173.5
 21
154.05058268837968
 31
0.0
  0
LINE
  5
CBF
330
17
100
AcDbEntity
  8
GEOMETRY
100
AcDbLine
 10
173.5
 20
154.05058268837968
 30
0.0
 11
173.5
 21
154.17062095289288
 31
0.0
  0
LINE
  5
CC0
330
17
100
AcDbEntity
  8
GEOMETRY
100
AcDbLine
 10
173.5
 20
154.17062095289288
 30
0.0
 11
173.5
 21
154.2906592174061
 31
0.0
  0
LINE
  5
CC1
330
17
100
AcDbEntity
  8
GEOMETRY
100
AcDbLine
 10
173.5
 20
154.2906592174061
 30
0.0
 11
173.5
 21
154.41822442048047
 31
0.0
  0
LINE
  5
CC2
330
17
100
AcDbEntity
  8
GEOMETRY
100
AcDbLine
 10
173.5
 20
154.41822442048047
 30
0.0
 11
173.5
 21
154.54704411331505
 31
0.0
  0
LINE
  5
CC3
330
17
100
AcDbEntity
  8
GEOMETRY
100
AcDbLine
 10
173.5
 20
154.54704411331505
 30
0.0
 11
173.5
 21
154.67586380614966
 31
0.0
  0
LINE
  5
CC4
330
17
100
AcDbEntity
  8
GEOMETRY
100
AcDbLine
 10
173.5
 20
154.67586380614966
 30
0.0
 11
173.5
 21
154.80468349898422
 31
0.0
  0
LINE
  5
CC5
330
17
100
AcDbEntity
  8
GEOMETRY
100
AcDbLine
 10
173.5
 20
154.80468349898422
 30
0.0
 11
173.5
 21
154.93554931923055
 31
0.0
  0
LINE
  5
CC6
330
17
100
AcDbEntity
  8
GEOMETRY
100
AcDbLine
 10
173.5
 20
154.93554931923055
 30
0.0
 11
173.5
 21
155.07153045800618
 31
0.0
  0
LINE
  5
CC7
330
17
100
AcDbEntity
  8
GEOMETRY
100
AcDbLine
 10
173.5
 20
155.07153045800618
 30
0.0
 11
173.5
 21
155.2075115967818
 31
0.0
  0
LINE
  5
CC8
330
17
100
AcDbEntity
  8
GEOMETRY
100
AcDbLine
 10
173.5
 20
155.2075115967818
 30
0.0
 11
173.5
 21
155.34349273555745
 31
0.0
  0
LINE
  5
CC9
330
17
100
AcDbEntity
  8
GEOMETRY
100
AcDbLine
 10
173.5
 20
155.34349273555745
 30
0.0
 11
173.5
 21
155.4794738743331
 31
0.0
  0
LINE
  5
CCA
330
17
100
AcDbEntity
  8
GEOMETRY
100
AcDbLine
 10
173.5
 20
155.4794738743331
 30
0.0
 11
173.5
 21
155.6193488732679
 31
0.0
  0
LINE
  5
CCB
330
17
100
AcDbEntity
  8
GEOMETRY
100
AcDbLine
 10
173.5
 20
155.6193488732679
 30
0.0
 11
173.5
 21
155.7607814162664
 31
0.0
  0
LINE
  5
CCC
330
17
100
AcDbEntity
  8
GEOMETRY
100
AcDbLine
 10
173.5
 20
155.7607814162664
 30
0.0
 11
173.5
 21
155.9022139592649
 31
0.0
  0
LINE
  5
CCD
330
17
100
AcDbEntity
  8
GEOMETRY
100
AcDbLine
 10
173.5
 20
155.9022139592649
 30
0.0
 11
173.5
 21
156.0436465022634
 31
0.0
  0
LINE
  5
CCE
330
17
100
AcDbEntity
  8
GEOMETRY
100
AcDbLine
 10
173.5
 20
156.0436465022634
 30
0.0
 11
173.5
 21
156.18560373210954
 31
0.0
  0
LINE
  5
CCF
330
17
100
AcDbEntity
  8
GEOMETRY
100
AcDbLine
 10
173.5
 20
156.18560373210954
 30
0.0
 11
173.5
 21
156.33070908304163
 31
0.0
  0
LINE
  5
CD0
330
17
100
AcDbEntity
  8
GEOMETRY
100
AcDbLine
 10
173.5
 20
156.33070908304163
 30
0.0
 11
173.5
 21
156.47581443397368
 31
0.0
  0
LINE
  5
CD1
330
17
100
AcDbEntity
  8
GEOMETRY
100
AcDbLine
 10
173.5
 20
156.47581443397368
 30
0.0
 11
173.5
 21
156.62091978490577
 31
0.0
  0
LINE
  5
CD2
330
17
100
AcDbEntity
  8
GEOMETRY
100
AcDbLine
 10
173.5
 20
156.62091978490577
 30
0.0
 11
173.5
 21
156.76602513583782
 31
0.0
  0
LINE
  5
CD3
330
17
100
AcDbEntity
  8
GEOMETRY
100
AcDbLine
 10
173.5
 20
156.76602513583782
 30
0.0
 11
173.5
 21
156.91218650045764
 31
0.0
  0
LINE
  5
CD4
330
17
100
AcDbEntity
  8
GEOMETRY
100
AcDbLine
 10
173.5
 20
156.91218650045764
 30
0.0
 11
173.5
 21
157.05913987534322
 31
0.0
  0
LINE
  5
CD5
330
17
100
AcDbEntity
  8
GEOMETRY
100
AcDbLine
 10
173.5
 20
157.05913987534322
 30
0.0
 11
173.5
 21
157.20609325022883
 31
0.0
  0
LINE
  5
CD6
330
17
100
AcDbEntity
  8
GEOMETRY
100
AcDbLine
 10
173.5
 20
157.20609325022883
 30
0.0
 11
173.5
 21
157.35304662511442
 31
0.0
  0
LINE
  5
CD7
330
17
100
AcDbEntity
  8
GEOMETRY
100
AcDbLine
 10
173.5
 20
157.35304662511442
 30
0.0
 11
173.5
 21
157.5
 31
0.0
  0
LINE
  5
CD8
330
17
100
AcDbEntity
  8
GEOMETRY
100
AcDbLine
 10
170.5
 20
157.5
 30
0.0
 11
170.5
 21
157.64695337488558
 31
0.0
  0
LINE
  5
CD9
330
17
100
AcDbEntity
  8
GEOMETRY
100
AcDbLine
 10
170.5
 20
157.64695337488558
 30
0.0
 11
170.5
 21
157.79390674977117
 31
0.0
  0
LINE
  5
CDA
330
17
100
AcDbEntity
  8
GEOMETRY
100
AcDbLine
 10
170.5
 20
157.79390674977117
 30
0.0
 11
170.5
 21
157.94086012465678
 31
0.0
  0
LINE
  5
CDB
330
17
100
AcDbEntity
  8
GEOMETRY
100
AcDbLine
 10
170.5
 20
157.94086012465678
 30
0.0
 11
170.5
 21
158.08781349954236
 31
0.0
  0
LINE
  5
CDC
330
17
100
AcDbEntity
  8
GEOMETRY
100
AcDbLine
 10
170.5
 20
158.08781349954236
 30
0.0
 11
170.5
 21
158.23397486416218
 31
0.0
  0
LINE
  5
CDD
330
17
100
AcDbEntity
  8
GEOMETRY
100
AcDbLine
 10
170.5
 20
158.23397486416218
 30
0.0
 11
170.5
 21
158.37908021509423
 31
0.0
  0
LINE
  5
CDE
330
17
100
AcDbEntity
  8
GEOMETRY
100
AcDbLine
 10
170.5
 20
158.37908021509423
 30
0.0
 11
170.5
 21
158.5241855660263
 31
0.0
  0
LINE
  5
CDF
330
17
100
AcDbEntity
  8
GEOMETRY
100
AcDbLine
 10
170.5
 20
158.5241855660263
 30
0.0
 11
170.5
 21
158.66929091695837
 31
0.0
  0
LINE
  5
CE0
330
17
100
AcDbEntity
  8
GEOMETRY
100
AcDbLine
 10
170.5
 20
158.66929091695837
 30
0.0
 11
170.5
 21
158.81439626789046
 31
0.0
  0
LINE
  5
CE1
330
17
100
AcDbEntity
  8
GEOMETRY
100
AcDbLine
 10
170.5
 20
158.81439626789046
 30
0.0
 11
170.5
 21
158.9563534977366
 31
0.0
  0
LINE
  5
CE2
330
17
100
AcDbEntity
  8
GEOMETRY
100
AcDbLine
 10
170.5
 20
158.9563534977366
 30
0.0
 11
170.5
 21
159.0977860407351
 31
0.0
  0
LINE
  5
CE3
330
17
100
AcDbEntity
  8
GEOMETRY
100
AcDbLine
 10
170.5
 20
159.0977860407351
 30
0.0
 11
170.5
 21
159.2392185837336
 31
0.0
  0
LINE
  5
CE4
330
17
100
AcDbEntity
  8
GEOMETRY
100
AcDbLine
 10
170.5
 20
159.2392185837336
 30
0.0
 11
170.5
 21
159.3806511267321
 31
0.0
  0
LINE
  5
CE5
330
17
100
AcDbEntity
  8
GEOMETRY
100
AcDbLine
 10
170.5
 20
159.3806511267321
 30
0.0
 11
170.5
 21
159.5205261256669
 31
0.0
  0
LINE
  5
CE6
330
17
100
AcDbEntity
  8
GEOMETRY
100
AcDbLine
 10
170.5
 20
159.5205261256669
 30
0.0
 11
170.5
 21
159.65650726444255
 31
0.0
  0
LINE
  5
CE7
330
17
100
AcDbEntity
  8
GEOMETRY
100
AcDbLine
 10
170.5
 20
159.65650726444255
 30
0.0
 11
170.5
 21
159.7924884032182
 31
0.0
  0
LINE
  5
CE8
330
17
100
AcDbEntity
  8
GEOMETRY
100
AcDbLine
 10
170.5
 20
159.7924884032182
 30
0.0
 11
170.5
 21
159.92846954199382
 31
0.0
  0
LINE
  5
CE9
330
17
100
AcDbEntity
  8
GEOMETRY
100
AcDbLine
 10
170.5
 20
159.92846954199382
 30
0.0
 11
170.5
 21
160.06445068076945
 31
0.0
  0
LINE
  5
CEA
330
17
100
AcDbEntity
  8
GEOMETRY
100
AcDbLine
 10
170.5
 20
160.06445068076945
 30
0.0
 11
170.5
 21
160.19531650101578
 31
0.0
  0
LINE
  5
CEB
330
17
100
AcDbEntity
  8
GEOMETRY
100
AcDbLine
 10
170.5
 20
160.19531650101578
 30
0.0
 11
170.5
 21
160.32413619385034
 31
0.0
  0
LINE
  5
CEC
330
17
100
AcDbEntity
  8
GEOMETRY
100
AcDbLine
 10
170.5
 20
160.32413619385034
 30
0.0
 11
170.5
 21
160.45295588668495
 31
0.0
  0
LINE
  5
CED
330
17
100
AcDbEntity
  8
GEOMETRY
100
AcDbLine
 10
170.5
 20
160.45295588668495
 30
0.0
 11
170.5
 21
160.58177557951953
 31
0.0
  0
LINE
  5
CEE
330
17
100
AcDbEntity
  8
GEOMETRY
100
AcDbLine
 10
170.5
 20
160.58177557951953
 30
0.0
 11
170.5
 21
160.7093407825939
 31
0.0
  0
LINE
  5
CEF
330
17
100
AcDbEntity
  8
GEOMETRY
100
AcDbLine
 10
170.5
 20
160.7093407825939
 30
0.0
 11
170.5
 21
160.82937904710712
 31
0.0
  0
LINE
  5
CF0
330
17
100
AcDbEntity
  8
GEOMETRY
100
AcDbLine
 10
170.5
 20
160.82937904710712
 30
0.0
 11
170.5
 21
160.94941731162032
 31
0.0
  0
LINE
  5
CF1
330
17
100
AcDbEntity
  8
GEOMETRY
100
AcDbLine
 10
170.5
 20
160.94941731162032
 30
0.0
 11
170.5
 21
161.06945557613352
 31
0.0
  0
LINE
  5
CF2
330
17
100
AcDbEntity
  8
GEOMETRY
100
AcDbLine
 10
170.5
 20
161.06945557613352
 30
0.0
 11
170.5
 21
161.18949384064675
 31
0.0
  0
LINE
  5
CF3
330
17
100
AcDbEntity
  8
GEOMETRY
100
AcDbLine
 10
170.5
 20
161.18949384064675
 30
0.0
 11
170.5
 21
161.30365154564825
 31
0.0
  0
LINE
  5
CF4
330
17
100
AcDbEntity
  8
GEOMETRY
100
AcDbLine
 10
170.5
 20
161.30365154564825
 30
0.0
 11
170.5
 21
161.41339883101602
 31
0.0
  0
LINE
  5
CF5
330
17
100
AcDbEntity
  8
GEOMETRY
100
AcDbLine
 10
170.5
 20
161.41339883101602
 30
0.0
 11
170.5
 21
161.52314611638377
 31
0.0
  0
LINE
  5
CF6
330
17
100
AcDbEntity
  8
GEOMETRY
100
AcDbLine
 10
170.5
 20
161.52314611638377
 30
0.0
 11
170.5
 21
161.63289340175152
 31
0.0
  0
LINE
  5
CF7
330
17
100
AcDbEntity
  8
GEOMETRY
100
AcDbLine
 10
170.5
 20
161.63289340175152
 30
0.0
 11
170.5
 21
161.7426406871193
 31
0.0
  0
LINE
  5
CF8
330
17
100
AcDbEntity
  8
GEOMETRY
100
AcDbLine
 10
170.5
 20
161.7426406871193
 30
0.0
 11
170.5
 21
161.84071685755123
 31
0.0
  0
LINE
  5
CF9
330
17
100
AcDbEntity
  8
GEOMETRY
100
AcDbLine
 10
170.5
 20
161.84071685755123
 30
0.0
 11
170.5
 21
161.93879302798317
 31
0.0
  0
LINE
  5
CFA
330
17
100
AcDbEntity
  8
GEOMETRY
100
AcDbLine
 10
170.5
 20
161.93879302798317
 30
0.0
 11
170.5
 21
162.03686919841513
 31
0.0
  0
LINE
  5
CFB
330
17
100
AcDbEntity
  8
GEOMETRY
100
AcDbLine
 10
170.5
 20
162.03686919841513
 30
0.0
 11
170.5
 21
162.13494536884707
 31
0.0
  0
LINE
  5
CFC
330
17
100
AcDbEntity
  8
GEOMETRY
100
AcDbLine
 10
170.5
 20
162.13494536884707
 30
0.0
 11
170.5
 21
162.22749104798584
 31
0.0
  0
LINE
  5
CFD
330
17
100
AcDbEntity
  8
GEOMETRY
100
AcDbLine
 10
170.5
 20
162.22749104798584
 30
0.0
 11
170.5
 21
162.31266273873365
 31
0.0
  0
LINE
  5
CFE
330
17
100
AcDbEntity
  8
GEOMETRY
100
AcDbLine
 10
170.5
 20
162.31266273873365
 30
0.0
 11
170.5
 21
162.3978344294815
 31
0.0
  0
LINE
  5
CFF
330
17
100
AcDbEntity
  8
GEOMETRY
100
AcDbLine
 10
170.5
 20
162.3978344294815
 30
0.0
 11
170.5
 21
162.48300612022933
 31
0.0
  0
LINE
  5
D00
330
17
100
AcDbEntity
  8
GEOMETRY
100
AcDbLine
 10
170.5
 20
162.48300612022933
 30
0.0
 11
170.5
 21
162.56817781097715
 31
0.0
  0
LINE
  5
D01
330
17
100
AcDbEntity
  8
GEOMETRY
100
AcDbLine
 10
170.5
 20
162.56817781097715
 30
0.0
 11
170.5
 21
162.6413704476281
 31
0.0
  0
LINE
  5
D02
330
17
100
AcDbEntity
  8
GEOMETRY
100
AcDbLine
 10
170.5
 20
162.6413704476281
 30
0.0
 11
170.5
 21
162.7125665752629
 31
0.0
  0
LINE
  5
D03
330
17
100
AcDbEntity
  8
GEOMETRY
100
AcDbLine
 10
170.5
 20
162.7125665752629
 30
0.0
 11
170.5
 21
162.78376270289772
 31
0.0
  0
LINE
  5
D04
330
17
100
AcDbEntity
  8
GEOMETRY
100
AcDbLine
 10
170.5
 20
162.78376270289772
 30
0.0
 11
170.5
 21
162.85495883053252
 31
0.0
  0
LINE
  5
D05
330
17
100
AcDbEntity
  8
GEOMETRY
100
AcDbLine
 10
170.5
 20
162.85495883053252
 30
0.0
 11
170.5
 21
162.92190613081675
 31
0.0
  0
LINE
  5
D06
330
17
100
AcDbEntity
  8
GEOMETRY
100
AcDbLine
 10
170.5
 20
162.92190613081675
 30
0.0
 11
170.5
 21
162.97823136272456
 31
0.0
  0
LINE
  5
D07
330
17
100
AcDbEntity
  8
GEOMETRY
100
AcDbLine
 10
170.5
 20
162.97823136272456
 30
0.0
 11
170.5
 21
163.03455659463236
 31
0.0
  0
LINE
  5
D08
330
17
100
AcDbEntity
  8
GEOMETRY
100
AcDbLine
 10
170.5
 20
163.03455659463236
 30
0.0
 11
170.5
 21
163.09088182654017
 31
0.0
  0
LINE
  5
D09
330
17
100
AcDbEntity
  8
GEOMETRY
100
AcDbLine
 10
170.5
 20
163.09088182654017
 30
0.0
 11
170.5
 21
163.14720705844798
 31
0.0
  0
LINE
  5
D0A
330
17
100
AcDbEntity
  8
GEOMETRY
100
AcDbLine
 10
170.5
 20
163.14720705844798
 30
0.0
 11
170.5
 21
163.19240427735656
 31
0.0
  0
LINE
  5
D0B
330
17
100
AcDbEntity
  8
GEOMETRY
100
AcDbLine
 10
170.5
 20
163.19240427735656
 30
0.0
 11
170.5
 21
163.23315029106547
 31
0.0
  0
LINE
  5
D0C
330
17
100
AcDbEntity
  8
GEOMETRY
100
AcDbLine
 10
170.5
 20
163.23315029106547
 30
0.0
 11
170.5
 21
163.27389630477438
 31
0.0
  0
LINE
  5
D0D
330
17
100
AcDbEntity
  8
GEOMETRY
100
AcDbLine
 10
170.5
 20
163.27389630477438
 30
0.0
 11
170.5
 21
163.3146423184833
 31
0.0
  0
LINE
  5
D0E
330
17
100
AcDbEntity
  8
GEOMETRY
100
AcDbLine
 10
170.5
 20
163.3146423184833
 30
0.0
 11
170.5
 21
163.35308952891182
 31
0.0
  0
LINE
  5
D0F
330
17
100
AcDbEntity
  8
GEOMETRY
100
AcDbLine
 10
170.5
 20
163.35308952891182
 30
0.0
 11
170.5
 21
163.37774391965806
 31
0.0
  0
LINE
  5
D10
330
17
100
AcDbEntity
  8
GEOMETRY
100
AcDbLine
 10
170.5
 20
163.37774391965806
 30
0.0
 11
170.5
 21
163.4023983104043
 31
0.0
  0
LINE
  5
D11
330
17
100
AcDbEntity
  8
GEOMETRY
100
AcDbLine
 10
170.5
 20
163.4023983104043
 30
0.0
 11
170.5
 21
163.42705270115056
 31
0.0
  0
LINE
  5
D12
330
17
100
AcDbEntity
  8
GEOMETRY
100
AcDbLine
 10
170.5
 20
163.42705270115056
 30
0.0
 11
170.5
 21
163.4517070918968
 31
0.0
  0
LINE
  5
D13
330
17
100
AcDbEntity
  8
GEOMETRY
100
AcDbLine
 10
170.5
 20
163.4517070918968
 30
0.0
 11
170.5
 21
163.46698910193953
 31
0.0
  0
LINE
  5
D14
330
17
100
AcDbEntity
  8
GEOMETRY
100
AcDbLine
 10
170.5
 20
163.46698910193953
 30
0.0
 11
170.5
 21
163.47524182645463
 31
0.0
  0
LINE
  5
D15
330
17
100
AcDbEntity
  8
GEOMETRY
100
AcDbLine
 10
170.5
 20
163.47524182645463
 30
0.0
 11
170.5
 21
163.48349455096977
 31
0.0
  0
LINE
  5
D16
330
17
100
AcDbEntity
  8
GEOMETRY
100
AcDbLine
 10
170.5
 20
163.48349455096977
 30
0.0
 11
170.5
 21
163.49174727548487
 31
0.0
  0
LINE
  5
D17
330
17
100
AcDbEntity
  8
GEOMETRY
100
AcDbLine
 10
170.5
 20
163.49174727548487
 30
0.0
 11
170.5
 21
163.5
 31
0.0
  0
LINE
  5
D18
330
17
100
AcDbEntity
  8
GEOMETRY
100
AcDbLine
 10
170.5
 20
163.5
 30
0.0
 11
170.5
 21
163.46709288473863
 31
0.0
  0
LINE
  5
D19
330
17
100
AcDbEntity
  8
GEOMETRY
100
AcDbLine
 10
170.5
 20
163.46709288473863
 30
0.0
 11
170.5
 21
163.4341857694773
 31
0.0
  0
LINE
  5
D1A
330
17
100
AcDbEntity
  8
GEOMETRY
100
AcDbLine
 10
170.5
 20
163.4341857694773
 30
0.0
 11
170.5
 21
163.40127865421593
 31
0.0
  0
LINE
  5
D1B
330
17
100
AcDbEntity
  8
GEOMETRY
100
AcDbLine
 10
170.5
 20
163.40127865421593
 30
0.0
 11
170.5
 21
163.36837153895456
 31
0.0
  0
LINE
  5
D1C
330
17
100
AcDbEntity
  8
GEOMETRY
100
AcDbLine
 10
170.5
 20
163.36837153895456
 30
0.0
 11
170.5
 21
163.30796551068377
 31
0.0
  0
LINE
  5
D1D
330
17
100
AcDbEntity
  8
GEOMETRY
100
AcDbLine
 10
170.5
 20
163.30796551068377
 30
0.0
 11
170.5
 21
163.21089426506705
 31
0.0
  0
LINE
  5
D1E
330
17
100
AcDbEntity
  8
GEOMETRY
100
AcDbLine
 10
170.5
 20
163.21089426506705
 30
0.0
 11
170.5
 21
163.11382301945034
 31
0.0
  0
LINE
  5
D1F
330
17
100
AcDbEntity
  8
GEOMETRY
100
AcDbLine
 10
170.5
 20
163.11382301945034
 30
0.0
 11
170.5
 21
163.01675177383362
 31
0.0
  0
LINE
  5
D20
330
17
100
AcDbEntity
  8
GEOMETRY
100
AcDbLine
 10
170.5
 20
163.01675177383362
 30
0.0
 11
170.5
 21
162.9196805282169
 31
0.0
  0
LINE
  5
D21
330
17
100
AcDbEntity
  8
GEOMETRY
100
AcDbLine
 10
170.5
 20
162.9196805282169
 30
0.0
 11
170.5
 21
162.77178364880083
 31
0.0
  0
LINE
  5
D22
330
17
100
AcDbEntity
  8
GEOMETRY
100
AcDbLine
 10
170.5
 20
162.77178364880083
 30
0.0
 11
170.5
 21
162.6154158304182
 31
0.0
  0
LINE
  5
D23
330
17
100
AcDbEntity
  8
GEOMETRY
100
AcDbLine
 10
170.5
 20
162.6154158304182
 30
0.0
 11
170.5
 21
162.45904801203557
 31
0.0
  0
LINE
  5
D24
330
17
100
AcDbEntity
  8
GEOMETRY
100
AcDbLine
 10
170.5
 20
162.45904801203557
 30
0.0
 11
170.5
 21
162.30268019365292
 31
0.0
  0
LINE
  5
D25
330
17
100
AcDbEntity
  8
GEOMETRY
100
AcDbLine
 10
170.5
 20
162.30268019365292
 30
0.0
 11
170.5
 21
162.1316107645797
 31
0.0
  0
LINE
  5
D26
330
17
100
AcDbEntity
  8
GEOMETRY
100
AcDbLine
 10
170.5
 20
162.1316107645797
 30
0.0
 11
170.5
 21
161.92378730878
 31
0.0
  0
LINE
  5
D27
330
17
100
AcDbEntity
  8
GEOMETRY
100
AcDbLine
 10
170.5
 20
161.92378730878
 30
0.0
 11
170.5
 21
161.71596385298028
 31
0.0
  0
LINE
  5
D28
330
17
100
AcDbEntity
  8
GEOMETRY
100
AcDbLine
 10
170.5
 20
161.71596385298028
 30
0.0
 11
170.5
 21
161.5081403971806
 31
0.0
  0
LINE
  5
D29
330
17
100
AcDbEntity
  8
GEOMETRY
100
AcDbLine
 10
170.5
 20
161.5081403971806
 30
0.0
 11
170.5
 21
161.30031694138088
 31
0.0
  0
LINE
  5
D2A
330
17
100
AcDbEntity
  8
GEOMETRY
100
AcDbLine
 10
170.5
 20
161.30031694138088
 30
0.0
 11
170.5
 21
161.06318312733254
 31
0.0
  0
LINE
  5
D2B
330
17
100
AcDbEntity
  8
GEOMETRY
100
AcDbLine
 10
170.5
 20
161.06318312733254
 30
0.0
 11
170.5
 21
160.81432516998476
 31
0.0
  0
LINE
  5
D2C
330
17
100
AcDbEntity
  8
GEOMETRY
100
AcDbLine
 10
170.5
 20
160.81432516998476
 30
0.0
 11
170.5
 21
160.56546721263697
 31
0.0
  0
LINE
  5
D2D
330
17
100
AcDbEntity
  8
GEOMETRY
100
AcDbLine
 10
170.5
 20
160.56546721263697
 30
0.0
 11
170.5
 21
160.31660925528917
 31
0.0
  0
LINE
  5
D2E
330
17
100
AcDbEntity
  8
GEOMETRY
100
AcDbLine
 10
170.5
 20
160.31660925528917
 30
0.0
 11
170.5
 21
160.0636719087376
 31
0.0
  0
LINE
  5
D2F
330
17
100
AcDbEntity
  8
GEOMETRY
100
AcDbLine
 10
170.5
 20
160.0636719087376
 30
0.0
 11
170.5
 21
159.78625822696347
 31
0.0
  0
LINE
  5
D30
330
17
100
AcDbEntity
  8
GEOMETRY
100
AcDbLine
 10
170.5
 20
159.78625822696347
 30
0.0
 11
170.5
 21
159.50884454518933
 31
0.0
  0
LINE
  5
D31
330
17
100
AcDbEntity
  8
GEOMETRY
100
AcDbLine
 10
170.5
 20
159.50884454518933
 30
0.0
 11
170.5
 21
159.23143086341523
 31
0.0
  0
LINE
  5
D32
330
17
100
AcDbEntity
  8
GEOMETRY
100
AcDbLine
 10
170.5
 20
159.23143086341523
 30
0.0
 11
170.5
 21
158.9540171816411
 31
0.0
  0
LINE
  5
D33
330
17
100
AcDbEntity
  8
GEOMETRY
100
AcDbLine
 10
170.5
 20
158.9540171816411
 30
0.0
 11
170.5
 21
158.66823490327064
 31
0.0
  0
LINE
  5
D34
330
17
100
AcDbEntity
  8
GEOMETRY
100
AcDbLine
 10
170.5
 20
158.66823490327064
 30
0.0
 11
170.5
 21
158.37617617745298
 31
0.0
  0
LINE
  5
D35
330
17
100
AcDbEntity
  8
GEOMETRY
100
AcDbLine
 10
170.5
 20
158.37617617745298
 30
0.0
 11
170.5
 21
158.08411745163534
 31
0.0
  0
LINE
  5
D36
330
17
100
AcDbEntity
  8
GEOMETRY
100
AcDbLine
 10
170.5
 20
158.08411745163534
 30
0.0
 11
170.5
 21
157.79205872581767
 31
0.0
  0
LINE
  5
D37
330
17
100
AcDbEntity
  8
GEOMETRY
100
AcDbLine
 10
170.5
 20
157.79205872581767
 30
0.0
 11
170.5
 21
157.5
 31
0.0
  0
LINE
  5
D38
330
17
100
AcDbEntity
  8
GEOMETRY
100
AcDbLine
 10
170.5
 20
157.5
 30
0.0
 11
170.5
 21
157.20794127418233
 31
0.0
  0
LINE
  5
D39
330
17
100
AcDbEntity
  8
GEOMETRY
100
AcDbLine
 10
170.5
 20
157.20794127418233
 30
0.0
 11
170.5
 21
156.91588254836466
 31
0.0
  0
LINE
  5
D3A
330
17
100
AcDbEntity
  8
GEOMETRY
100
AcDbLine
 10
170.5
 20
156.91588254836466
 30
0.0
 11
170.5
 21
156.62382382254702
 31
0.0
  0
LINE
  5
D3B
330
17
100
AcDbEntity
  8
GEOMETRY
100
AcDbLine
 10
170.5
 20
156.62382382254702
 30
0.0
 11
170.5
 21
156.33176509672936
 31
0.0
  0
LINE
  5
D3C
330
17
100
AcDbEntity
  8
GEOMETRY
100
AcDbLine
 10
170.5
 20
156.33176509672936
 30
0.0
 11
170.5
 21
156.0459828183589
 31
0.0
  0
LINE
  5
D3D
330
17
100
AcDbEntity
  8
GEOMETRY
100
AcDbLine
 10
170.5
 20
156.0459828183589
 30
0.0
 11
170.5
 21
155.76856913658477
 31
0.0
  0
LINE
  5
D3E
330
17
100
AcDbEntity
  8
GEOMETRY
100
AcDbLine
 10
170.5
 20
155.76856913658477
 30
0.0
 11
170.5
 21
155.49115545481067
 31
0.0
  0
LINE
  5
D3F
330
17
100
AcDbEntity
  8
GEOMETRY
100
AcDbLine
 10
170.5
 20
155.49115545481067
 30
0.0
 11
170.5
 21
155.21374177303653
 31
0.0
  0
LINE
  5
D40
330
17
100
AcDbEntity
  8
GEOMETRY
100
AcDbLine
 10
170.5
 20
155.21374177303653
 30
0.0
 11
170.5
 21
154.9363280912624
 31
0.0
  0
LINE
  5
D41
330
17
100
AcDbEntity
  8
GEOMETRY
100
AcDbLine
 10
170.5
 20
154.9363280912624
 30
0.0
 11
170.5
 21
154.68339074471083
 31
0.0
  0
LINE
  5
D42
330
17
100
AcDbEntity
  8
GEOMETRY
100
AcDbLine
 10
170.5
 20
154.68339074471083
 30
0.0
 11
170.5
 21
154.43453278736303
 31
0.0
  0
LINE
  5
D43
330
17
100
AcDbEntity
  8
GEOMETRY
100
AcDbLine
 10
170.5
 20
154.43453278736303
 30
0.0
 11
170.5
 21
154.18567483001524
 31
0.0
  0
LINE
  5
D44
330
17
100
AcDbEntity
  8
GEOMETRY
100
AcDbLine
 10
170.5
 20
154.18567483001524
 30
0.0
 11
170.5
 21
153.93681687266746
 31
0.0
  0
LINE
  5
D45
330
17
100
AcDbEntity
  8
GEOMETRY
100
AcDbLine
 10
170.5
 20
153.93681687266746
 30
0.0
 11
170.5
 21
153.69968305861912
 31
0.0
  0
LINE
  5
D46
330
17
100
AcDbEntity
  8
GEOMETRY
100
AcDbLine
 10
170.5
 20
153.69968305861912
 30
0.0
 11
170.5
 21
153.4918596028194
 31
0.0
  0
LINE
  5
D47
330
17
100
AcDbEntity
  8
GEOMETRY
100
AcDbLine
 10
170.5
 20
153.4918596028194
 30
0.0
 11
170.5
 21
153.28403614701972
 31
0.0
  0
LINE
  5
D48
330
17
100
AcDbEntity
  8
GEOMETRY
100
AcDbLine
 10
170.5
 20
153.28403614701972
 30
0.0
 11
170.5
 21
153.07621269122
 31
0.0
  0
LINE
  5
D49
330
17
100
AcDbEntity
  8
GEOMETRY
100
AcDbLine
 10
170.5
 20
153.07621269122
 30
0.0
 11
170.5
 21
152.8683892354203
 31
0.0
  0
LINE
  5
D4A
330
17
100
AcDbEntity
  8
GEOMETRY
100
AcDbLine
 10
170.5
 20
152.8683892354203
 30
0.0
 11
170.5
 21
152.69731980634708
 31
0.0
  0
LINE
  5
D4B
330
17
100
AcDbEntity
  8
GEOMETRY
100
AcDbLine
 10
170.5
 20
152.69731980634708
 30
0.0
 11
170.5
 21
152.54095198796443
 31
0.0
  0
LINE
  5
D4C
330
17
100
AcDbEntity
  8
GEOMETRY
100
AcDbLine
 10
170.5
 20
152.54095198796443
 30
0.0
 11
170.5
 21
152.3845841695818
 31
0.0
  0
LINE
  5
D4D
330
17
100
AcDbEntity
  8
GEOMETRY
100
AcDbLine
 10
170.5
 20
152.3845841695818
 30
0.0
 11
170.5
 21
152.22821635119917
 31
0.0
  0
LINE
  5
D4E
330
17
100
AcDbEntity
  8
GEOMETRY
100
AcDbLine
 10
170.5
 20
152.22821635119917
 30
0.0
 11
170.5
 21
152.0803194717831
 31
0.0
  0
LINE
  5
D4F
330
17
100
AcDbEntity
  8
GEOMETRY
100
AcDbLine
 10
170.5
 20
152.0803194717831
 30
0.0
 11
170.5
 21
151.98324822616638
 31
0.0
  0
LINE
  5
D50
330
17
100
AcDbEntity
  8
GEOMETRY
100
AcDbLine
 10
170.5
 20
151.98324822616638
 30
0.0
 11
170.5
 21
151.88617698054966
 31
0.0
  0
LINE
  5
D51
330
17
100
AcDbEntity
  8
GEOMETRY
100
AcDbLine
 10
170.5
 20
151.88617698054966
 30
0.0
 11
170.5
 21
151.78910573493295
 31
0.0
  0
LINE
  5
D52
330
17
100
AcDbEntity
  8
GEOMETRY
100
AcDbLine
 10
170.5
 20
151.78910573493295
 30
0.0
 11
170.5
 21
151.69203448931623
 31
0.0
  0
LINE
  5
D53
330
17
100
AcDbEntity
  8
GEOMETRY
100
AcDbLine
 10
170.5
 20
151.69203448931623
 30
0.0
 11
170.5
 21
151.63162846104544
 31
0.0
  0
LINE
  5
D54
330
17
100
AcDbEntity
  8
GEOMETRY
100
AcDbLine
 10
170.5
 20
151.63162846104544
 30
0.0
 11
170.5
 21
151.59872134578407
 31
0.0
  0
LINE
  5
D55
330
17
100
AcDbEntity
  8
GEOMETRY
100
AcDbLine
 10
170.5
 20
151.59872134578407
 30
0.0
 11
170.5
 21
151.5658142305227
 31
0.0
  0
LINE
  5
D56
330
17
100
AcDbEntity
  8
GEOMETRY
100
AcDbLine
 10
170.5
 20
151.5658142305227
 30
0.0
 11
170.5
 21
151.53290711526137
 31
0.0
  0
LINE
  5
D57
330
17
100
AcDbEntity
  8
GEOMETRY
100
AcDbLine
 10
170.5
 20
151.53290711526137
 30
0.0
 11
170.5
 21
151.5
 31
0.0
  0
LINE
  5
D58
330
17
100
AcDbEntity
  8
GEOMETRY
100
AcDbLine
 10
170.5
 20
151.5
 30
0.0
 11
170.5
 21
151.5082527245151
 31
0.0
  0
LINE
  5
D59
330
17
100
AcDbEntity
  8
GEOMETRY
100
AcDbLine
 10
170.5
 20
151.5082527245151
 30
0.0
 11
170.5
 21
151.51650544903023
 31
0.0
  0
LINE
  5
D5A
330
17
100
AcDbEntity
  8
GEOMETRY
100
AcDbLine
 10
170.5
 20
151.51650544903023
 30
0.0
 11
170.5
 21
151.52475817354537
 31
0.0
  0
LINE
  5
D5B
330
17
100
AcDbEntity
  8
GEOMETRY
100
AcDbLine
 10
170.5
 20
151.52475817354537
 30
0.0
 11
170.5
 21
151.53301089806047
 31
0.0
  0
LINE
  5
D5C
330
17
100
AcDbEntity
  8
GEOMETRY
100
AcDbLine
 10
170.5
 20
151.53301089806047
 30
0.0
 11
170.5
 21
151.5482929081032
 31
0.0
  0
LINE
  5
D5D
330
17
100
AcDbEntity
  8
GEOMETRY
100
AcDbLine
 10
170.5
 20
151.5482929081032
 30
0.0
 11
170.5
 21
151.57294729884944
 31
0.0
  0
LINE
  5
D5E
330
17
100
AcDbEntity
  8
GEOMETRY
100
AcDbLine
 10
170.5
 20
151.57294729884944
 30
0.0
 11
170.5
 21
151.5976016895957
 31
0.0
  0
LINE
  5
D5F
330
17
100
AcDbEntity
  8
GEOMETRY
100
AcDbLine
 10
170.5
 20
151.5976016895957
 30
0.0
 11
170.5
 21
151.62225608034194
 31
0.0
  0
LINE
  5
D60
330
17
100
AcDbEntity
  8
GEOMETRY
100
AcDbLine
 10
170.5
 20
151.62225608034194
 30
0.0
 11
170.5
 21
151.64691047108818
 31
0.0
  0
LINE
  5
D61
330
17
100
AcDbEntity
  8
GEOMETRY
100
AcDbLine
 10
170.5
 20
151.64691047108818
 30
0.0
 11
170.5
 21
151.6853576815167
 31
0.0
  0
LINE
  5
D62
330
17
100
AcDbEntity
  8
GEOMETRY
100
AcDbLine
 10
170.5
 20
151.6853576815167
 30
0.0
 11
170.5
 21
151.72610369522562
 31
0.0
  0
LINE
  5
D63
330
17
100
AcDbEntity
  8
GEOMETRY
100
AcDbLine
 10
170.5
 20
151.72610369522562
 30
0.0
 11
170.5
 21
151.76684970893453
 31
0.0
  0
LINE
  5
D64
330
17
100
AcDbEntity
  8
GEOMETRY
100
AcDbLine
 10
170.5
 20
151.76684970893453
 30
0.0
 11
170.5
 21
151.80759572264344
 31
0.0
  0
LINE
  5
D65
330
17
100
AcDbEntity
  8
GEOMETRY
100
AcDbLine
 10
170.5
 20
151.80759572264344
 30
0.0
 11
170.5
 21
151.85279294155202
 31
0.0
  0
LINE
  5
D66
330
17
100
AcDbEntity
  8
GEOMETRY
100
AcDbLine
 10
170.5
 20
151.85279294155202
 30
0.0
 11
170.5
 21
151.90911817345983
 31
0.0
  0
LINE
  5
D67
330
17
100
AcDbEntity
  8
GEOMETRY
100
AcDbLine
 10
170.5
 20
151.90911817345983
 30
0.0
 11
170.5
 21
151.96544340536764
 31
0.0
  0
LINE
  5
D68
330
17
100
AcDbEntity
  8
GEOMETRY
100
AcDbLine
 10
170.5
 20
151.96544340536764
 30
0.0
 11
170.5
 21
152.02176863727544
 31
0.0
  0
LINE
  5
D69
330
17
100
AcDbEntity
  8
GEOMETRY
100
AcDbLine
 10
170.5
 20
152.02176863727544
 30
0.0
 11
170.5
 21
152.07809386918325
 31
0.0
  0
LINE
  5
D6A
330
17
100
AcDbEntity
  8
GEOMETRY
100
AcDbLine
 10
170.5
 20
152.07809386918325
 30
0.0
 11
170.5
 21
152.14504116946748
 31
0.0
  0
LINE
  5
D6B
330
17
100
AcDbEntity
  8
GEOMETRY
100
AcDbLine
 10
170.5
 20
152.14504116946748
 30
0.0
 11
170.5
 21
152.21623729710228
 31
0.0
  0
LINE
  5
D6C
330
17
100
AcDbEntity
  8
GEOMETRY
100
AcDbLine
 10
170.5
 20
152.21623729710228
 30
0.0
 11
170.5
 21
152.2874334247371
 31
0.0
  0
LINE
  5
D6D
330
17
100
AcDbEntity
  8
GEOMETRY
100
AcDbLine
 10
170.5
 20
152.2874334247371
 30
0.0
 11
170.5
 21
152.3586295523719
 31
0.0
  0
LINE
  5
D6E
330
17
100
AcDbEntity
  8
GEOMETRY
100
AcDbLine
 10
170.5
 20
152.3586295523719
 30
0.0
 11
170.5
 21
152.43182218902285
 31
0.0
  0
LINE
  5
D6F
330
17
100
AcDbEntity
  8
GEOMETRY
100
AcDbLine
 10
170.5
 20
152.43182218902285
 30
0.0
 11
170.5
 21
152.51699387977067
 31
0.0
  0
LINE
  5
D70
330
17
100
AcDbEntity
  8
GEOMETRY
100
AcDbLine
 10
170.5
 20
152.51699387977067
 30
0.0
 11
170.5
 21
152.6021655705185
 31
0.0
  0
LINE
  5
D71
330
17
100
AcDbEntity
  8
GEOMETRY
100
AcDbLine
 10
170.5
 20
152.6021655705185
 30
0.0
 11
170.5
 21
152.68733726126635
 31
0.0
  0
LINE
  5
D72
330
17
100
AcDbEntity
  8
GEOMETRY
100
AcDbLine
 10
170.5
 20
152.68733726126635
 30
0.0
 11
170.5
 21
152.77250895201416
 31
0.0
  0
LINE
  5
D73
330
17
100
AcDbEntity
  8
GEOMETRY
100
AcDbLine
 10
170.5
 20
152.77250895201416
 30
0.0
 11
170.5
 21
152.86505463115293
 31
0.0
  0
LINE
  5
D74
330
17
100
AcDbEntity
  8
GEOMETRY
100
AcDbLine
 10
170.5
 20
152.86505463115293
 30
0.0
 11
170.5
 21
152.96313080158487
 31
0.0
  0
LINE
  5
D75
330
17
100
AcDbEntity
  8
GEOMETRY
100
AcDbLine
 10
170.5
 20
152.96313080158487
 30
0.0
 11
170.5
 21
153.06120697201683
 31
0.0
  0
LINE
  5
D76
330
17
100
AcDbEntity
  8
GEOMETRY
100
AcDbLine
 10
170.5
 20
153.06120697201683
 30
0.0
 11
170.5
 21
153.15928314244877
 31
0.0
  0
LINE
  5
D77
330
17
100
AcDbEntity
  8
GEOMETRY
100
AcDbLine
 10
170.5
 20
153.15928314244877
 30
0.0
 11
170.5
 21
153.2573593128807
 31
0.0
  0
LINE
  5
D78
330
17
100
AcDbEntity
  8
GEOMETRY
100
AcDbLine
 10
170.5
 20
153.2573593128807
 30
0.0
 11
170.5
 21
153.36710659824848
 31
0.0
  0
LINE
  5
D79
330
17
100
AcDbEntity
  8
GEOMETRY
100
AcDbLine
 10
170.5
 20
153.36710659824848
 30
0.0
 11
170.5
 21
153.47685388361623
 31
0.0
  0
LINE
  5
D7A
330
17
100
AcDbEntity
  8
GEOMETRY
100
AcDbLine
 10
170.5
 20
153.47685388361623
 30
0.0
 11
170.5
 21
153.58660116898398
 31
0.0
  0
LINE
  5
D7B
330
17
100
AcDbEntity
  8
GEOMETRY
100
AcDbLine
 10
170.5
 20
153.58660116898398
 30
0.0
 11
170.5
 21
153.69634845435172
 31
0.0
  0
LINE
  5
D7C
330
17
100
AcDbEntity
  8
GEOMETRY
100
AcDbLine
 10
170.5
 20
153.69634845435172
 30
0.0
 11
170.5
 21
153.81050615935325
 31
0.0
  0
LINE
  5
D7D
330
17
100
AcDbEntity
  8
GEOMETRY
100
AcDbLine
 10
170.5
 20
153.81050615935325
 30
0.0
 11
170.5
 21
153.93054442386648
 31
0.0
  0
LINE
  5
D7E
330
17
100
AcDbEntity
  8
GEOMETRY
100
AcDbLine
 10
170.5
 20
153.93054442386648
 30
0.0
 11
170.5
 21
154.05058268837968
 31
0.0
  0
LINE
  5
D7F
330
17
100
AcDbEntity
  8
GEOMETRY
100
AcDbLine
 10
170.5
 20
154.05058268837968
 30
0.0
 11
170.5
 21
154.17062095289288
 31
0.0
  0
LINE
  5
D80
330
17
100
AcDbEntity
  8
GEOMETRY
100
AcDbLine
 10
170.5
 20
154.17062095289288
 30
0.0
 11
170.5
 21
154.2906592174061
 31
0.0
  0
LINE
  5
D81
330
17
100
AcDbEntity
  8
GEOMETRY
100
AcDbLine
 10
170.5
 20
154.2906592174061
 30
0.0
 11
170.5
 21
154.41822442048047
 31
0.0
  0
LINE
  5
D82
330
17
100
AcDbEntity
  8
GEOMETRY
100
AcDbLine
 10
170.5
 20
154.41822442048047
 30
0.0
 11
170.5
 21
154.54704411331505
 31
0.0
  0
LINE
  5
D83
330
17
100
AcDbEntity
  8
GEOMETRY
100
AcDbLine
 10
170.5
 20
154.54704411331505
 30
0.0
 11
170.5
 21
154.67586380614966
 31
0.0
  0
LINE
  5
D84
330
17
100
AcDbEntity
  8
GEOMETRY
100
AcDbLine
 10
170.5
 20
154.67586380614966
 30
0.0
 11
170.5
 21
154.80468349898422
 31
0.0
  0
LINE
  5
D85
330
17
100
AcDbEntity
  8
GEOMETRY
100
AcDbLine
 10
170.5
 20
154.80468349898422
 30
0.0
 11
170.5
 21
154.93554931923055
 31
0.0
  0
LINE
  5
D86
330
17
100
AcDbEntity
  8
GEOMETRY
100
AcDbLine
 10
170.5
 20
154.93554931923055
 30
0.0
 11
170.5
 21
155.07153045800618
 31
0.0
  0
LINE
  5
D87
330
17
100
AcDbEntity
  8
GEOMETRY
100
AcDbLine
 10
170.5
 20
155.07153045800618
 30
0.0
 11
170.5
 21
155.2075115967818
 31
0.0
  0
LINE
  5
D88
330
17
100
AcDbEntity
  8
GEOMETRY
100
AcDbLine
 10
170.5
 20
155.2075115967818
 30
0.0
 11
170.5
 21
155.34349273555745
 31
0.0
  0
LINE
  5
D89
330
17
100
AcDbEntity
  8
GEOMETRY
100
AcDbLine
 10
170.5
 20
155.34349273555745
 30
0.0
 11
170.5
 21
155.4794738743331
 31
0.0
  0
LINE
  5
D8A
330
17
100
AcDbEntity
  8
GEOMETRY
100
AcDbLine
 10
170.5
 20
155.4794738743331
 30
0.0
 11
170.5
 21
155.6193488732679
 31
0.0
  0
LINE
  5
D8B
330
17
100
AcDbEntity
  8
GEOMETRY
100
AcDbLine
 10
170.5
 20
155.6193488732679
 30
0.0
 11
170.5
 21
155.7607814162664
 31
0.0
  0
LINE
  5
D8C
330
17
100
AcDbEntity
  8
GEOMETRY
100
AcDbLine
 10
170.5
 20
155.7607814162664
 30
0.0
 11
170.5
 21
155.9022139592649
 31
0.0
  0
LINE
  5
D8D
330
17
100
AcDbEntity
  8
GEOMETRY
100
AcDbLine
 10
170.5
 20
155.9022139592649
 30
0.0
 11
170.5
 21
156.0436465022634
 31
0.0
  0
LINE
  5
D8E
330
17
100
AcDbEntity
  8
GEOMETRY
100
AcDbLine
 10
170.5
 20
156.0436465022634
 30
0.0
 11
170.5
 21
156.18560373210954
 31
0.0
  0
LINE
  5
D8F
330
17
100
AcDbEntity
  8
GEOMETRY
100
AcDbLine
 10
170.5
 20
156.18560373210954
 30
0.0
 11
170.5
 21
156.33070908304163
 31
0.0
  0
LINE
  5
D90
330
17
100
AcDbEntity
  8
GEOMETRY
100
AcDbLine
 10
170.5
 20
156.33070908304163
 30
0.0
 11
170.5
 21
156.47581443397368
 31
0.0
  0
LINE
  5
D91
330
17
100
AcDbEntity
  8
GEOMETRY
100
AcDbLine
 10
170.5
 20
156.47581443397368
 30
0.0
 11
170.5
 21
156.62091978490577
 31
0.0
  0
LINE
  5
D92
330
17
100
AcDbEntity
  8
GEOMETRY
100
AcDbLine
 10
170.5
 20
156.62091978490577
 30
0.0
 11
170.5
 21
156.76602513583782
 31
0.0
  0
LINE
  5
D93
330
17
100
AcDbEntity
  8
GEOMETRY
100
AcDbLine
 10
170.5
 20
156.76602513583782
 30
0.0
 11
170.5
 21
156.91218650045764
 31
0.0
  0
LINE
  5
D94
330
17
100
AcDbEntity
  8
GEOMETRY
100
AcDbLine
 10
170.5
 20
156.91218650045764
 30
0.0
 11
170.5
 21
157.05913987534322
 31
0.0
  0
LINE
  5
D95
330
17
100
AcDbEntity
  8
GEOMETRY
100
AcDbLine
 10
170.5
 20
157.05913987534322
 30
0.0
 11
170.5
 21
157.20609325022883
 31
0.0
  0
LINE
  5
D96
330
17
100
AcDbEntity
  8
GEOMETRY
100
AcDbLine
 10
170.5
 20
157.20609325022883
 30
0.0
 11
170.5
 21
157.35304662511442
 31
0.0
  0
LINE
  5
D97
330
17
100
AcDbEntity
  8
GEOMETRY
100
AcDbLine
 10
170.5
 20
157.35304662511442
 30
0.0
 11
170.5
 21
157.5
 31
0.0
  0
LINE
  5
D98
330
17
100
AcDbEntity
  8
GEOMETRY
100
AcDbLine
 10
170.5
 20
174.5
 30
0.0
 11
170.5
 21
174.58141370121936
 31
0.0
  0
LINE
  5
D99
330
17
100
AcDbEntity
  8
GEOMETRY
100
AcDbLine
 10
170.5
 20
174.58141370121936
 30
0.0
 11
170.5
 21
174.66282740243872
 31
0.0
  0
LINE
  5
D9A
330
17
100
AcDbEntity
  8
GEOMETRY
100
AcDbLine
 10
170.5
 20
174.66282740243872
 30
0.0
 11
170.5
 21
174.74424110365806
 31
0.0
  0
LINE
  5
D9B
330
17
100
AcDbEntity
  8
GEOMETRY
100
AcDbLine
 10
170.5
 20
174.74424110365806
 30
0.0
 11
170.5
 21
174.82565480487742
 31
0.0
  0
LINE
  5
D9C
330
17
100
AcDbEntity
  8
GEOMETRY
100
AcDbLine
 10
170.5
 20
174.82565480487742
 30
0.0
 11
170.5
 21
174.90554448699766
 31
0.0
  0
LINE
  5
D9D
330
17
100
AcDbEntity
  8
GEOMETRY
100
AcDbLine
 10
170.5
 20
174.90554448699766
 30
0.0
 11
170.5
 21
174.9834021436524
 31
0.0
  0
LINE
  5
D9E
330
17
100
AcDbEntity
  8
GEOMETRY
100
AcDbLine
 10
170.5
 20
174.9834021436524
 30
0.0
 11
170.5
 21
175.06125980030714
 31
0.0
  0
LINE
  5
D9F
330
17
100
AcDbEntity
  8
GEOMETRY
100
AcDbLine
 10
170.5
 20
175.06125980030714
 30
0.0
 11
170.5
 21
175.13911745696186
 31
0.0
  0
LINE
  5
DA0
330
17
100
AcDbEntity
  8
GEOMETRY
100
AcDbLine
 10
170.5
 20
175.13911745696186
 30
0.0
 11
170.5
 21
175.2169751136166
 31
0.0
  0
LINE
  5
DA1
330
17
100
AcDbEntity
  8
GEOMETRY
100
AcDbLine
 10
170.5
 20
175.2169751136166
 30
0.0
 11
170.5
 21
175.29132740533274
 31
0.0
  0
LINE
  5
DA2
330
17
100
AcDbEntity
  8
GEOMETRY
100
AcDbLine
 10
170.5
 20
175.29132740533274
 30
0.0
 11
170.5
 21
175.3650954695591
 31
0.0
  0
LINE
  5
DA3
330
17
100
AcDbEntity
  8
GEOMETRY
100
AcDbLine
 10
170.5
 20
175.3650954695591
 30
0.0
 11
170.5
 21
175.43886353378548
 31
0.0
  0
LINE
  5
DA4
330
17
100
AcDbEntity
  8
GEOMETRY
100
AcDbLine
 10
170.5
 20
175.43886353378548
 30
0.0
 11
170.5
 21
175.51263159801184
 31
0.0
  0
LINE
  5
DA5
330
17
100
AcDbEntity
  8
GEOMETRY
100
AcDbLine
 10
170.5
 20
175.51263159801184
 30
0.0
 11
170.5
 21
175.5850867722739
 31
0.0
  0
LINE
  5
DA6
330
17
100
AcDbEntity
  8
GEOMETRY
100
AcDbLine
 10
170.5
 20
175.5850867722739
 30
0.0
 11
170.5
 21
175.65425972162527
 31
0.0
  0
LINE
  5
DA7
330
17
100
AcDbEntity
  8
GEOMETRY
100
AcDbLine
 10
170.5
 20
175.65425972162527
 30
0.0
 11
170.5
 21
175.7234326709766
 31
0.0
  0
LINE
  5
DA8
330
17
100
AcDbEntity
  8
GEOMETRY
100
AcDbLine
 10
170.5
 20
175.7234326709766
 30
0.0
 11
170.5
 21
175.79260562032795
 31
0.0
  0
LINE
  5
DA9
330
17
100
AcDbEntity
  8
GEOMETRY
100
AcDbLine
 10
170.5
 20
175.79260562032795
 30
0.0
 11
170.5
 21
175.8617785696793
 31
0.0
  0
LINE
  5
DAA
330
17
100
AcDbEntity
  8
GEOMETRY
100
AcDbLine
 10
170.5
 20
175.8617785696793
 30
0.0
 11
170.5
 21
175.92733069929608
 31
0.0
  0
LINE
  5
DAB
330
17
100
AcDbEntity
  8
GEOMETRY
100
AcDbLine
 10
170.5
 20
175.92733069929608
 30
0.0
 11
170.5
 21
175.99143450101903
 31
0.0
  0
LINE
  5
DAC
330
17
100
AcDbEntity
  8
GEOMETRY
100
AcDbLine
 10
170.5
 20
175.99143450101903
 30
0.0
 11
170.5
 21
176.05553830274198
 31
0.0
  0
LINE
  5
DAD
330
17
100
AcDbEntity
  8
GEOMETRY
100
AcDbLine
 10
170.5
 20
176.05553830274198
 30
0.0
 11
170.5
 21
176.11964210446493
 31
0.0
  0
LINE
  5
DAE
330
17
100
AcDbEntity
  8
GEOMETRY
100
AcDbLine
 10
170.5
 20
176.11964210446493
 30
0.0
 11
170.5
 21
176.1829589858726
 31
0.0
  0
LINE
  5
DAF
330
17
100
AcDbEntity
  8
GEOMETRY
100
AcDbLine
 10
170.5
 20
176.1829589858726
 30
0.0
 11
170.5
 21
176.2415543453886
 31
0.0
  0
LINE
  5
DB0
330
17
100
AcDbEntity
  8
GEOMETRY
100
AcDbLine
 10
170.5
 20
176.2415543453886
 30
0.0
 11
170.5
 21
176.30014970490458
 31
0.0
  0
LINE
  5
DB1
330
17
100
AcDbEntity
  8
GEOMETRY
100
AcDbLine
 10
170.5
 20
176.30014970490458
 30
0.0
 11
170.5
 21
176.3587450644206
 31
0.0
  0
LINE
  5
DB2
330
17
100
AcDbEntity
  8
GEOMETRY
100
AcDbLine
 10
170.5
 20
176.3587450644206
 30
0.0
 11
170.5
 21
176.41734042393657
 31
0.0
  0
LINE
  5
DB3
330
17
100
AcDbEntity
  8
GEOMETRY
100
AcDbLine
 10
170.5
 20
176.41734042393657
 30
0.0
 11
170.5
 21
176.47255864734677
 31
0.0
  0
LINE
  5
DB4
330
17
100
AcDbEntity
  8
GEOMETRY
100
AcDbLine
 10
170.5
 20
176.47255864734677
 30
0.0
 11
170.5
 21
176.52524401867768
 31
0.0
  0
LINE
  5
DB5
330
17
100
AcDbEntity
  8
GEOMETRY
100
AcDbLine
 10
170.5
 20
176.52524401867768
 30
0.0
 11
170.5
 21
176.5779293900086
 31
0.0
  0
LINE
  5
DB6
330
17
100
AcDbEntity
  8
GEOMETRY
100
AcDbLine
 10
170.5
 20
176.5779293900086
 30
0.0
 11
170.5
 21
176.63061476133947
 31
0.0
  0
LINE
  5
DB7
330
17
100
AcDbEntity
  8
GEOMETRY
100
AcDbLine
 10
170.5
 20
176.63061476133947
 30
0.0
 11
170.5
 21
176.68330013267038
 31
0.0
  0
LINE
  5
DB8
330
17
100
AcDbEntity
  8
GEOMETRY
100
AcDbLine
 10
170.5
 20
176.68330013267038
 30
0.0
 11
170.5
 21
176.72971447017812
 31
0.0
  0
LINE
  5
DB9
330
17
100
AcDbEntity
  8
GEOMETRY
100
AcDbLine
 10
170.5
 20
176.72971447017812
 30
0.0
 11
170.5
 21
176.77612880768586
 31
0.0
  0
LINE
  5
DBA
330
17
100
AcDbEntity
  8
GEOMETRY
100
AcDbLine
 10
170.5
 20
176.77612880768586
 30
0.0
 11
170.5
 21
176.8225431451936
 31
0.0
  0
LINE
  5
DBB
330
17
100
AcDbEntity
  8
GEOMETRY
100
AcDbLine
 10
170.5
 20
176.8225431451936
 30
0.0
 11
170.5
 21
176.86895748270138
 31
0.0
  0
LINE
  5
DBC
330
17
100
AcDbEntity
  8
GEOMETRY
100
AcDbLine
 10
170.5
 20
176.86895748270138
 30
0.0
 11
170.5
 21
176.91254791809848
 31
0.0
  0
LINE
  5
DBD
330
17
100
AcDbEntity
  8
GEOMETRY
100
AcDbLine
 10
170.5
 20
176.91254791809848
 30
0.0
 11
170.5
 21
176.9523731506814
 31
0.0
  0
LINE
  5
DBE
330
17
100
AcDbEntity
  8
GEOMETRY
100
AcDbLine
 10
170.5
 20
176.9523731506814
 30
0.0
 11
170.5
 21
176.99219838326434
 31
0.0
  0
LINE
  5
DBF
330
17
100
AcDbEntity
  8
GEOMETRY
100
AcDbLine
 10
170.5
 20
176.99219838326434
 30
0.0
 11
170.5
 21
177.0320236158473
 31
0.0
  0
LINE
  5
DC0
330
17
100
AcDbEntity
  8
GEOMETRY
100
AcDbLine
 10
170.5
 20
177.0320236158473
 30
0.0
 11
170.5
 21
177.07184884843022
 31
0.0
  0
LINE
  5
DC1
330
17
100
AcDbEntity
  8
GEOMETRY
100
AcDbLine
 10
170.5
 20
177.07184884843022
 30
0.0
 11
170.5
 21
177.10579234804828
 31
0.0
  0
LINE
  5
DC2
330
17
100
AcDbEntity
  8
GEOMETRY
100
AcDbLine
 10
170.5
 20
177.10579234804828
 30
0.0
 11
170.5
 21
177.13875555883885
 31
0.0
  0
LINE
  5
DC3
330
17
100
AcDbEntity
  8
GEOMETRY
100
AcDbLine
 10
170.5
 20
177.13875555883885
 30
0.0
 11
170.5
 21
177.17171876962942
 31
0.0
  0
LINE
  5
DC4
330
17
100
AcDbEntity
  8
GEOMETRY
100
AcDbLine
 10
170.5
 20
177.17171876962942
 30
0.0
 11
170.5
 21
177.20468198042002
 31
0.0
  0
LINE
  5
DC5
330
17
100
AcDbEntity
  8
GEOMETRY
100
AcDbLine
 10
170.5
 20
177.20468198042002
 30
0.0
 11
170.5
 21
177.23562007287808
 31
0.0
  0
LINE
  5
DC6
330
17
100
AcDbEntity
  8
GEOMETRY
100
AcDbLine
 10
170.5
 20
177.23562007287808
 30
0.0
 11
170.5
 21
177.26149536950481
 31
0.0
  0
LINE
  5
DC7
330
17
100
AcDbEntity
  8
GEOMETRY
100
AcDbLine
 10
170.5
 20
177.26149536950481
 30
0.0
 11
170.5
 21
177.28737066613155
 31
0.0
  0
LINE
  5
DC8
330
17
100
AcDbEntity
  8
GEOMETRY
100
AcDbLine
 10
170.5
 20
177.28737066613155
 30
0.0
 11
170.5
 21
177.3132459627583
 31
0.0
  0
LINE
  5
DC9
330
17
100
AcDbEntity
  8
GEOMETRY
100
AcDbLine
 10
170.5
 20
177.3132459627583
 30
0.0
 11
170.5
 21
177.33912125938502
 31
0.0
  0
LINE
  5
DCA
330
17
100
AcDbEntity
  8
GEOMETRY
100
AcDbLine
 10
170.5
 20
177.33912125938502
 30
0.0
 11
170.5
 21
177.35980710313336
 31
0.0
  0
LINE
  5
DCB
330
17
100
AcDbEntity
  8
GEOMETRY
100
AcDbLine
 10
170.5
 20
177.35980710313336
 30
0.0
 11
170.5
 21
177.37841716573035
 31
0.0
  0
LINE
  5
DCC
330
17
100
AcDbEntity
  8
GEOMETRY
100
AcDbLine
 10
170.5
 20
177.37841716573035
 30
0.0
 11
170.5
 21
177.39702722832732
 31
0.0
  0
LINE
  5
DCD
330
17
100
AcDbEntity
  8
GEOMETRY
100
AcDbLine
 10
170.5
 20
177.39702722832732
 30
0.0
 11
170.5
 21
177.41563729092428
 31
0.0
  0
LINE
  5
DCE
330
17
100
AcDbEntity
  8
GEOMETRY
100
AcDbLine
 10
170.5
 20
177.41563729092428
 30
0.0
 11
170.5
 21
177.4331912440582
 31
0.0
  0
LINE
  5
DCF
330
17
100
AcDbEntity
  8
GEOMETRY
100
AcDbLine
 10
170.5
 20
177.4331912440582
 30
0.0
 11
170.5
 21
177.44440854041383
 31
0.0
  0
LINE
  5
DD0
330
17
100
AcDbEntity
  8
GEOMETRY
100
AcDbLine
 10
170.5
 20
177.44440854041383
 30
0.0
 11
170.5
 21
177.45562583676943
 31
0.0
  0
LINE
  5
DD1
330
17
100
AcDbEntity
  8
GEOMETRY
100
AcDbLine
 10
170.5
 20
177.45562583676943
 30
0.0
 11
170.5
 21
177.46684313312505
 31
0.0
  0
LINE
  5
DD2
330
17
100
AcDbEntity
  8
GEOMETRY
100
AcDbLine
 10
170.5
 20
177.46684313312505
 30
0.0
 11
170.5
 21
177.47806042948065
 31
0.0
  0
LINE
  5
DD3
330
17
100
AcDbEntity
  8
GEOMETRY
100
AcDbLine
 10
170.5
 20
177.47806042948065
 30
0.0
 11
170.5
 21
177.48500936192895
 31
0.0
  0
LINE
  5
DD4
330
17
100
AcDbEntity
  8
GEOMETRY
100
AcDbLine
 10
170.5
 20
177.48500936192895
 30
0.0
 11
170.5
 21
177.4887570214467
 31
0.0
  0
LINE
  5
DD5
330
17
100
AcDbEntity
  8
GEOMETRY
100
AcDbLine
 10
170.5
 20
177.4887570214467
 30
0.0
 11
170.5
 21
177.49250468096446
 31
0.0
  0
LINE
  5
DD6
330
17
100
AcDbEntity
  8
GEOMETRY
100
AcDbLine
 10
170.5
 20
177.49250468096446
 30
0.0
 11
170.5
 21
177.49625234048224
 31
0.0
  0
LINE
  5
DD7
330
17
100
AcDbEntity
  8
GEOMETRY
100
AcDbLine
 10
170.5
 20
177.49625234048224
 30
0.0
 11
170.5
 21
177.5
 31
0.0
  0
LINE
  5
DD8
330
17
100
AcDbEntity
  8
GEOMETRY
100
AcDbLine
 10
170.5
 20
177.5
 30
0.0
 11
170.5
 21
177.49625234048224
 31
0.0
  0
LINE
  5
DD9
330
17
100
AcDbEntity
  8
GEOMETRY
100
AcDbLine
 10
170.5
 20
177.49625234048224
 30
0.0
 11
170.5
 21
177.49250468096446
 31
0.0
  0
LINE
  5
DDA
330
17
100
AcDbEntity
  8
GEOMETRY
100
AcDbLine
 10
170.5
 20
177.49250468096446
 30
0.0
 11
170.5
 21
177.4887570214467
 31
0.0
  0
LINE
  5
DDB
330
17
100
AcDbEntity
  8
GEOMETRY
100
AcDbLine
 10
170.5
 20
177.4887570214467
 30
0.0
 11
170.5
 21
177.48500936192895
 31
0.0
  0
LINE
  5
DDC
330
17
100
AcDbEntity
  8
GEOMETRY
100
AcDbLine
 10
170.5
 20
177.48500936192895
 30
0.0
 11
170.5
 21
177.47806042948065
 31
0.0
  0
LINE
  5
DDD
330
17
100
AcDbEntity
  8
GEOMETRY
100
AcDbLine
 10
170.5
 20
177.47806042948065
 30
0.0
 11
170.5
 21
177.46684313312505
 31
0.0
  0
LINE
  5
DDE
330
17
100
AcDbEntity
  8
GEOMETRY
100
AcDbLine
 10
170.5
 20
177.46684313312505
 30
0.0
 11
170.5
 21
177.45562583676943
 31
0.0
  0
LINE
  5
DDF
330
17
100
AcDbEntity
  8
GEOMETRY
100
AcDbLine
 10
170.5
 20
177.45562583676943
 30
0.0
 11
170.5
 21
177.44440854041383
 31
0.0
  0
LINE
  5
DE0
330
17
100
AcDbEntity
  8
GEOMETRY
100
AcDbLine
 10
170.5
 20
177.44440854041383
 30
0.0
 11
170.5
 21
177.4331912440582
 31
0.0
  0
LINE
  5
DE1
330
17
100
AcDbEntity
  8
GEOMETRY
100
AcDbLine
 10
170.5
 20
177.4331912440582
 30
0.0
 11
170.5
 21
177.41563729092428
 31
0.0
  0
LINE
  5
DE2
330
17
100
AcDbEntity
  8
GEOMETRY
100
AcDbLine
 10
170.5
 20
177.41563729092428
 30
0.0
 11
170.5
 21
177.39702722832732
 31
0.0
  0
LINE
  5
DE3
330
17
100
AcDbEntity
  8
GEOMETRY
100
AcDbLine
 10
170.5
 20
177.39702722832732
 30
0.0
 11
170.5
 21
177.37841716573035
 31
0.0
  0
LINE
  5
DE4
330
17
100
AcDbEntity
  8
GEOMETRY
100
AcDbLine
 10
170.5
 20
177.37841716573035
 30
0.0
 11
170.5
 21
177.35980710313336
 31
0.0
  0
LINE
  5
DE5
330
17
100
AcDbEntity
  8
GEOMETRY
100
AcDbLine
 10
170.5
 20
177.35980710313336
 30
0.0
 11
170.5
 21
177.33912125938502
 31
0.0
  0
LINE
  5
DE6
330
17
100
AcDbEntity
  8
GEOMETRY
100
AcDbLine
 10
170.5
 20
177.33912125938502
 30
0.0
 11
170.5
 21
177.3132459627583
 31
0.0
  0
LINE
  5
DE7
330
17
100
AcDbEntity
  8
GEOMETRY
100
AcDbLine
 10
170.5
 20
177.3132459627583
 30
0.0
 11
170.5
 21
177.28737066613155
 31
0.0
  0
LINE
  5
DE8
330
17
100
AcDbEntity
  8
GEOMETRY
100
AcDbLine
 10
170.5
 20
177.28737066613155
 30
0.0
 11
170.5
 21
177.26149536950481
 31
0.0
  0
LINE
  5
DE9
330
17
100
AcDbEntity
  8
GEOMETRY
100
AcDbLine
 10
170.5
 20
177.26149536950481
 30
0.0
 11
170.5
 21
177.23562007287808
 31
0.0
  0
LINE
  5
DEA
330
17
100
AcDbEntity
  8
GEOMETRY
100
AcDbLine
 10
170.5
 20
177.23562007287808
 30
0.0
 11
170.5
 21
177.20468198042002
 31
0.0
  0
LINE
  5
DEB
330
17
100
AcDbEntity
  8
GEOMETRY
100
AcDbLine
 10
170.5
 20
177.20468198042002
 30
0.0
 11
170.5
 21
177.17171876962945
 31
0.0
  0
LINE
  5
DEC
330
17
100
AcDbEntity
  8
GEOMETRY
100
AcDbLine
 10
170.5
 20
177.17171876962945
 30
0.0
 11
170.5
 21
177.13875555883885
 31
0.0
  0
LINE
  5
DED
330
17
100
AcDbEntity
  8
GEOMETRY
100
AcDbLine
 10
170.5
 20
177.13875555883885
 30
0.0
 11
170.5
 21
177.10579234804828
 31
0.0
  0
LINE
  5
DEE
330
17
100
AcDbEntity
  8
GEOMETRY
100
AcDbLine
 10
170.5
 20
177.10579234804828
 30
0.0
 11
170.5
 21
177.07184884843022
 31
0.0
  0
LINE
  5
DEF
330
17
100
AcDbEntity
  8
GEOMETRY
100
AcDbLine
 10
170.5
 20
177.07184884843022
 30
0.0
 11
170.5
 21
177.0320236158473
 31
0.0
  0
LINE
  5
DF0
330
17
100
AcDbEntity
  8
GEOMETRY
100
AcDbLine
 10
170.5
 20
177.0320236158473
 30
0.0
 11
170.5
 21
176.99219838326434
 31
0.0
  0
LINE
  5
DF1
330
17
100
AcDbEntity
  8
GEOMETRY
100
AcDbLine
 10
170.5
 20
176.99219838326434
 30
0.0
 11
170.5
 21
176.9523731506814
 31
0.0
  0
LINE
  5
DF2
330
17
100
AcDbEntity
  8
GEOMETRY
100
AcDbLine
 10
170.5
 20
176.9523731506814
 30
0.0
 11
170.5
 21
176.91254791809848
 31
0.0
  0
LINE
  5
DF3
330
17
100
AcDbEntity
  8
GEOMETRY
100
AcDbLine
 10
170.5
 20
176.91254791809848
 30
0.0
 11
170.5
 21
176.86895748270138
 31
0.0
  0
LINE
  5
DF4
330
17
100
AcDbEntity
  8
GEOMETRY
100
AcDbLine
 10
170.5
 20
176.86895748270138
 30
0.0
 11
170.5
 21
176.8225431451936
 31
0.0
  0
LINE
  5
DF5
330
17
100
AcDbEntity
  8
GEOMETRY
100
AcDbLine
 10
170.5
 20
176.8225431451936
 30
0.0
 11
170.5
 21
176.77612880768586
 31
0.0
  0
LINE
  5
DF6
330
17
100
AcDbEntity
  8
GEOMETRY
100
AcDbLine
 10
170.5
 20
176.77612880768586
 30
0.0
 11
170.5
 21
176.72971447017812
 31
0.0
  0
LINE
  5
DF7
330
17
100
AcDbEntity
  8
GEOMETRY
100
AcDbLine
 10
170.5
 20
176.72971447017812
 30
0.0
 11
170.5
 21
176.68330013267038
 31
0.0
  0
LINE
  5
DF8
330
17
100
AcDbEntity
  8
GEOMETRY
100
AcDbLine
 10
170.5
 20
176.68330013267038
 30
0.0
 11
170.5
 21
176.63061476133947
 31
0.0
  0
LINE
  5
DF9
330
17
100
AcDbEntity
  8
GEOMETRY
100
AcDbLine
 10
170.5
 20
176.63061476133947
 30
0.0
 11
170.5
 21
176.5779293900086
 31
0.0
  0
LINE
  5
DFA
330
17
100
AcDbEntity
  8
GEOMETRY
100
AcDbLine
 10
170.5
 20
176.5779293900086
 30
0.0
 11
170.5
 21
176.52524401867768
 31
0.0
  0
LINE
  5
DFB
330
17
100
AcDbEntity
  8
GEOMETRY
100
AcDbLine
 10
170.5
 20
176.52524401867768
 30
0.0
 11
170.5
 21
176.47255864734677
 31
0.0
  0
LINE
  5
DFC
330
17
100
AcDbEntity
  8
GEOMETRY
100
AcDbLine
 10
170.5
 20
176.47255864734677
 30
0.0
 11
170.5
 21
176.41734042393657
 31
0.0
  0
LINE
  5
DFD
330
17
100
AcDbEntity
  8
GEOMETRY
100
AcDbLine
 10
170.5
 20
176.41734042393657
 30
0.0
 11
170.5
 21
176.35874506442056
 31
0.0
  0
LINE
  5
DFE
330
17
100
AcDbEntity
  8
GEOMETRY
100
AcDbLine
 10
170.5
 20
176.35874506442056
 30
0.0
 11
170.5
 21
176.30014970490458
 31
0.0
  0
LINE
  5
DFF
330
17
100
AcDbEntity
  8
GEOMETRY
100
AcDbLine
 10
170.5
 20
176.30014970490458
 30
0.0
 11
170.5
 21
176.2415543453886
 31
0.0
  0
LINE
  5
E00
330
17
100
AcDbEntity
  8
GEOMETRY
100
AcDbLine
 10
170.5
 20
176.2415543453886
 30
0.0
 11
170.5
 21
176.1829589858726
 31
0.0
  0
LINE
  5
E01
330
17
100
AcDbEntity
  8
GEOMETRY
100
AcDbLine
 10
170.5
 20
176.1829589858726
 30
0.0
 11
170.5
 21
176.11964210446493
 31
0.0
  0
LINE
  5
E02
330
17
100
AcDbEntity
  8
GEOMETRY
100
AcDbLine
 10
170.5
 20
176.11964210446493
 30
0.0
 11
170.5
 21
176.05553830274198
 31
0.0
  0
LINE
  5
E03
330
17
100
AcDbEntity
  8
GEOMETRY
100
AcDbLine
 10
170.5
 20
176.05553830274198
 30
0.0
 11
170.5
 21
175.99143450101903
 31
0.0
  0
LINE
  5
E04
330
17
100
AcDbEntity
  8
GEOMETRY
100
AcDbLine
 10
170.5
 20
175.99143450101903
 30
0.0
 11
170.5
 21
175.92733069929608
 31
0.0
  0
LINE
  5
E05
330
17
100
AcDbEntity
  8
GEOMETRY
100
AcDbLine
 10
170.5
 20
175.92733069929608
 30
0.0
 11
170.5
 21
175.8617785696793
 31
0.0
  0
LINE
  5
E06
330
17
100
AcDbEntity
  8
GEOMETRY
100
AcDbLine
 10
170.5
 20
175.8617785696793
 30
0.0
 11
170.5
 21
175.79260562032795
 31
0.0
  0
LINE
  5
E07
330
17
100
AcDbEntity
  8
GEOMETRY
100
AcDbLine
 10
170.5
 20
175.79260562032795
 30
0.0
 11
170.5
 21
175.7234326709766
 31
0.0
  0
LINE
  5
E08
330
17
100
AcDbEntity
  8
GEOMETRY
100
AcDbLine
 10
170.5
 20
175.7234326709766
 30
0.0
 11
170.5
 21
175.65425972162527
 31
0.0
  0
LINE
  5
E09
330
17
100
AcDbEntity
  8
GEOMETRY
100
AcDbLine
 10
170.5
 20
175.65425972162527
 30
0.0
 11
170.5
 21
175.5850867722739
 31
0.0
  0
LINE
  5
E0A
330
17
100
AcDbEntity
  8
GEOMETRY
100
AcDbLine
 10
170.5
 20
175.5850867722739
 30
0.0
 11
170.5
 21
175.51263159801184
 31
0.0
  0
LINE
  5
E0B
330
17
100
AcDbEntity
  8
GEOMETRY
100
AcDbLine
 10
170.5
 20
175.51263159801184
 30
0.0
 11
170.5
 21
175.43886353378548
 31
0.0
  0
LINE
  5
E0C
330
17
100
AcDbEntity
  8
GEOMETRY
100
AcDbLine
 10
170.5
 20
175.43886353378548
 30
0.0
 11
170.5
 21
175.3650954695591
 31
0.0
  0
LINE
  5
E0D
330
17
100
AcDbEntity
  8
GEOMETRY
100
AcDbLine
 10
170.5
 20
175.3650954695591
 30
0.0
 11
170.5
 21
175.29132740533274
 31
0.0
  0
LINE
  5
E0E
330
17
100
AcDbEntity
  8
GEOMETRY
100
AcDbLine
 10
170.5
 20
175.29132740533274
 30
0.0
 11
170.5
 21
175.2169751136166
 31
0.0
  0
LINE
  5
E0F
330
17
100
AcDbEntity
  8
GEOMETRY
100
AcDbLine
 10
170.5
 20
175.2169751136166
 30
0.0
 11
170.5
 21
175.13911745696186
 31
0.0
  0
LINE
  5
E10
330
17
100
AcDbEntity
  8
GEOMETRY
100
AcDbLine
 10
170.5
 20
175.13911745696186
 30
0.0
 11
170.5
 21
175.06125980030714
 31
0.0
  0
LINE
  5
E11
330
17
100
AcDbEntity
  8
GEOMETRY
100
AcDbLine
 10
170.5
 20
175.06125980030714
 30
0.0
 11
170.5
 21
174.9834021436524
 31
0.0
  0
LINE
  5
E12
330
17
100
AcDbEntity
  8
GEOMETRY
100
AcDbLine
 10
170.5
 20
174.9834021436524
 30
0.0
 11
170.5
 21
174.90554448699766
 31
0.0
  0
LINE
  5
E13
330
17
100
AcDbEntity
  8
GEOMETRY
100
AcDbLine
 10
170.5
 20
174.90554448699766
 30
0.0
 11
170.5
 21
174.82565480487742
 31
0.0
  0
LINE
  5
E14
330
17
100
AcDbEntity
  8
GEOMETRY
100
AcDbLine
 10
170.5
 20
174.82565480487742
 30
0.0
 11
170.5
 21
174.74424110365806
 31
0.0
  0
LINE
  5
E15
330
17
100
AcDbEntity
  8
GEOMETRY
100
AcDbLine
 10
170.5
 20
174.74424110365806
 30
0.0
 11
170.5
 21
174.66282740243872
 31
0.0
  0
LINE
  5
E16
330
17
100
AcDbEntity
  8
GEOMETRY
100
AcDbLine
 10
170.5
 20
174.66282740243872
 30
0.0
 11
170.5
 21
174.58141370121936
 31
0.0
  0
LINE
  5
E17
330
17
100
AcDbEntity
  8
GEOMETRY
100
AcDbLine
 10
170.5
 20
174.58141370121936
 30
0.0
 11
170.5
 21
174.5
 31
0.0
  0
LINE
  5
E18
330
17
100
AcDbEntity
  8
GEOMETRY
100
AcDbLine
 10
173.5
 20
174.5
 30
0.0
 11
173.5
 21
174.58141370121936
 31
0.0
  0
LINE
  5
E19
330
17
100
AcDbEntity
  8
GEOMETRY
100
AcDbLine
 10
173.5
 20
174.58141370121936
 30
0.0
 11
173.5
 21
174.66282740243872
 31
0.0
  0
LINE
  5
E1A
330
17
100
AcDbEntity
  8
GEOMETRY
100
AcDbLine
 10
173.5
 20
174.66282740243872
 30
0.0
 11
173.5
 21
174.74424110365806
 31
0.0
  0
LINE
  5
E1B
330
17
100
AcDbEntity
  8
GEOMETRY
100
AcDbLine
 10
173.5
 20
174.74424110365806
 30
0.0
 11
173.5
 21
174.82565480487742
 31
0.0
  0
LINE
  5
E1C
330
17
100
AcDbEntity
  8
GEOMETRY
100
AcDbLine
 10
173.5
 20
174.82565480487742
 30
0.0
 11
173.5
 21
174.90554448699766
 31
0.0
  0
LINE
  5
E1D
330
17
100
AcDbEntity
  8
GEOMETRY
100
AcDbLine
 10
173.5
 20
174.90554448699766
 30
0.0
 11
173.5
 21
174.9834021436524
 31
0.0
  0
LINE
  5
E1E
330
17
100
AcDbEntity
  8
GEOMETRY
100
AcDbLine
 10
173.5
 20
174.9834021436524
 30
0.0
 11
173.5
 21
175.06125980030714
 31
0.0
  0
LINE
  5
E1F
330
17
100
AcDbEntity
  8
GEOMETRY
100
AcDbLine
 10
173.5
 20
175.06125980030714
 30
0.0
 11
173.5
 21
175.13911745696186
 31
0.0
  0
LINE
  5
E20
330
17
100
AcDbEntity
  8
GEOMETRY
100
AcDbLine
 10
173.5
 20
175.13911745696186
 30
0.0
 11
173.5
 21
175.2169751136166
 31
0.0
  0
LINE
  5
E21
330
17
100
AcDbEntity
  8
GEOMETRY
100
AcDbLine
 10
173.5
 20
175.2169751136166
 30
0.0
 11
173.5
 21
175.29132740533274
 31
0.0
  0
LINE
  5
E22
330
17
100
AcDbEntity
  8
GEOMETRY
100
AcDbLine
 10
173.5
 20
175.29132740533274
 30
0.0
 11
173.5
 21
175.3650954695591
 31
0.0
  0
LINE
  5
E23
330
17
100
AcDbEntity
  8
GEOMETRY
100
AcDbLine
 10
173.5
 20
175.3650954695591
 30
0.0
 11
173.5
 21
175.43886353378548
 31
0.0
  0
LINE
  5
E24
330
17
100
AcDbEntity
  8
GEOMETRY
100
AcDbLine
 10
173.5
 20
175.43886353378548
 30
0.0
 11
173.5
 21
175.51263159801184
 31
0.0
  0
LINE
  5
E25
330
17
100
AcDbEntity
  8
GEOMETRY
100
AcDbLine
 10
173.5
 20
175.51263159801184
 30
0.0
 11
173.5
 21
175.5850867722739
 31
0.0
  0
LINE
  5
E26
330
17
100
AcDbEntity
  8
GEOMETRY
100
AcDbLine
 10
173.5
 20
175.5850867722739
 30
0.0
 11
173.5
 21
175.65425972162527
 31
0.0
  0
LINE
  5
E27
330
17
100
AcDbEntity
  8
GEOMETRY
100
AcDbLine
 10
173.5
 20
175.65425972162527
 30
0.0
 11
173.5
 21
175.7234326709766
 31
0.0
  0
LINE
  5
E28
330
17
100
AcDbEntity
  8
GEOMETRY
100
AcDbLine
 10
173.5
 20
175.7234326709766
 30
0.0
 11
173.5
 21
175.79260562032795
 31
0.0
  0
LINE
  5
E29
330
17
100
AcDbEntity
  8
GEOMETRY
100
AcDbLine
 10
173.5
 20
175.79260562032795
 30
0.0
 11
173.5
 21
175.8617785696793
 31
0.0
  0
LINE
  5
E2A
330
17
100
AcDbEntity
  8
GEOMETRY
100
AcDbLine
 10
173.5
 20
175.8617785696793
 30
0.0
 11
173.5
 21
175.92733069929608
 31
0.0
  0
LINE
  5
E2B
330
17
100
AcDbEntity
  8
GEOMETRY
100
AcDbLine
 10
173.5
 20
175.92733069929608
 30
0.0
 11
173.5
 21
175.99143450101903
 31
0.0
  0
LINE
  5
E2C
330
17
100
AcDbEntity
  8
GEOMETRY
100
AcDbLine
 10
173.5
 20
175.99143450101903
 30
0.0
 11
173.5
 21
176.05553830274198
 31
0.0
  0
LINE
  5
E2D
330
17
100
AcDbEntity
  8
GEOMETRY
100
AcDbLine
 10
173.5
 20
176.05553830274198
 30
0.0
 11
173.5
 21
176.11964210446493
 31
0.0
  0
LINE
  5
E2E
330
17
100
AcDbEntity
  8
GEOMETRY
100
AcDbLine
 10
173.5
 20
176.11964210446493
 30
0.0
 11
173.5
 21
176.1829589858726
 31
0.0
  0
LINE
  5
E2F
330
17
100
AcDbEntity
  8
GEOMETRY
100
AcDbLine
 10
173.5
 20
176.1829589858726
 30
0.0
 11
173.5
 21
176.2415543453886
 31
0.0
  0
LINE
  5
E30
330
17
100
AcDbEntity
  8
GEOMETRY
100
AcDbLine
 10
173.5
 20
176.2415543453886
 30
0.0
 11
173.5
 21
176.30014970490458
 31
0.0
  0
LINE
  5
E31
330
17
100
AcDbEntity
  8
GEOMETRY
100
AcDbLine
 10
173.5
 20
176.30014970490458
 30
0.0
 11
173.5
 21
176.3587450644206
 31
0.0
  0
LINE
  5
E32
330
17
100
AcDbEntity
  8
GEOMETRY
100
AcDbLine
 10
173.5
 20
176.3587450644206
 30
0.0
 11
173.5
 21
176.41734042393657
 31
0.0
  0
LINE
  5
E33
330
17
100
AcDbEntity
  8
GEOMETRY
100
AcDbLine
 10
173.5
 20
176.41734042393657
 30
0.0
 11
173.5
 21
176.47255864734677
 31
0.0
  0
LINE
  5
E34
330
17
100
AcDbEntity
  8
GEOMETRY
100
AcDbLine
 10
173.5
 20
176.47255864734677
 30
0.0
 11
173.5
 21
176.52524401867768
 31
0.0
  0
LINE
  5
E35
330
17
100
AcDbEntity
  8
GEOMETRY
100
AcDbLine
 10
173.5
 20
176.52524401867768
 30
0.0
 11
173.5
 21
176.5779293900086
 31
0.0
  0
LINE
  5
E36
330
17
100
AcDbEntity
  8
GEOMETRY
100
AcDbLine
 10
173.5
 20
176.5779293900086
 30
0.0
 11
173.5
 21
176.63061476133947
 31
0.0
  0
LINE
  5
E37
330
17
100
AcDbEntity
  8
GEOMETRY
100
AcDbLine
 10
173.5
 20
176.63061476133947
 30
0.0
 11
173.5
 21
176.68330013267038
 31
0.0
  0
LINE
  5
E38
330
17
100
AcDbEntity
  8
GEOMETRY
100
AcDbLine
 10
173.5
 20
176.68330013267038
 30
0.0
 11
173.5
 21
176.72971447017812
 31
0.0
  0
LINE
  5
E39
330
17
100
AcDbEntity
  8
GEOMETRY
100
AcDbLine
 10
173.5
 20
176.72971447017812
 30
0.0
 11
173.5
 21
176.77612880768586
 31
0.0
  0
LINE
  5
E3A
330
17
100
AcDbEntity
  8
GEOMETRY
100
AcDbLine
 10
173.5
 20
176.77612880768586
 30
0.0
 11
173.5
 21
176.8225431451936
 31
0.0
  0
LINE
  5
E3B
330
17
100
AcDbEntity
  8
GEOMETRY
100
AcDbLine
 10
173.5
 20
176.8225431451936
 30
0.0
 11
173.5
 21
176.86895748270138
 31
0.0
  0
LINE
  5
E3C
330
17
100
AcDbEntity
  8
GEOMETRY
100
AcDbLine
 10
173.5
 20
176.86895748270138
 30
0.0
 11
173.5
 21
176.91254791809848
 31
0.0
  0
LINE
  5
E3D
330
17
100
AcDbEntity
  8
GEOMETRY
100
AcDbLine
 10
173.5
 20
176.91254791809848
 30
0.0
 11
173.5
 21
176.9523731506814
 31
0.0
  0
LINE
  5
E3E
330
17
100
AcDbEntity
  8
GEOMETRY
100
AcDbLine
 10
173.5
 20
176.9523731506814
 30
0.0
 11
173.5
 21
176.99219838326434
 31
0.0
  0
LINE
  5
E3F
330
17
100
AcDbEntity
  8
GEOMETRY
100
AcDbLine
 10
173.5
 20
176.99219838326434
 30
0.0
 11
173.5
 21
177.0320236158473
 31
0.0
  0
LINE
  5
E40
330
17
100
AcDbEntity
  8
GEOMETRY
100
AcDbLine
 10
173.5
 20
177.0320236158473
 30
0.0
 11
173.5
 21
177.07184884843022
 31
0.0
  0
LINE
  5
E41
330
17
100
AcDbEntity
  8
GEOMETRY
100
AcDbLine
 10
173.5
 20
177.07184884843022
 30
0.0
 11
173.5
 21
177.10579234804828
 31
0.0
  0
LINE
  5
E42
330
17
100
AcDbEntity
  8
GEOMETRY
100
AcDbLine
 10
173.5
 20
177.10579234804828
 30
0.0
 11
173.5
 21
177.13875555883885
 31
0.0
  0
LINE
  5
E43
330
17
100
AcDbEntity
  8
GEOMETRY
100
AcDbLine
 10
173.5
 20
177.13875555883885
 30
0.0
 11
173.5
 21
177.17171876962942
 31
0.0
  0
LINE
  5
E44
330
17
100
AcDbEntity
  8
GEOMETRY
100
AcDbLine
 10
173.5
 20
177.17171876962942
 30
0.0
 11
173.5
 21
177.20468198042002
 31
0.0
  0
LINE
  5
E45
330
17
100
AcDbEntity
  8
GEOMETRY
100
AcDbLine
 10
173.5
 20
177.20468198042002
 30
0.0
 11
173.5
 21
177.23562007287808
 31
0.0
  0
LINE
  5
E46
330
17
100
AcDbEntity
  8
GEOMETRY
100
AcDbLine
 10
173.5
 20
177.23562007287808
 30
0.0
 11
173.5
 21
177.26149536950481
 31
0.0
  0
LINE
  5
E47
330
17
100
AcDbEntity
  8
GEOMETRY
100
AcDbLine
 10
173.5
 20
177.26149536950481
 30
0.0
 11
173.5
 21
177.28737066613155
 31
0.0
  0
LINE
  5
E48
330
17
100
AcDbEntity
  8
GEOMETRY
100
AcDbLine
 10
173.5
 20
177.28737066613155
 30
0.0
 11
173.5
 21
177.3132459627583
 31
0.0
  0
LINE
  5
E49
330
17
100
AcDbEntity
  8
GEOMETRY
100
AcDbLine
 10
173.5
 20
177.3132459627583
 30
0.0
 11
173.5
 21
177.33912125938502
 31
0.0
  0
LINE
  5
E4A
330
17
100
AcDbEntity
  8
GEOMETRY
100
AcDbLine
 10
173.5
 20
177.33912125938502
 30
0.0
 11
173.5
 21
177.35980710313336
 31
0.0
  0
LINE
  5
E4B
330
17
100
AcDbEntity
  8
GEOMETRY
100
AcDbLine
 10
173.5
 20
177.35980710313336
 30
0.0
 11
173.5
 21
177.37841716573035
 31
0.0
  0
LINE
  5
E4C
330
17
100
AcDbEntity
  8
GEOMETRY
100
AcDbLine
 10
173.5
 20
177.37841716573035
 30
0.0
 11
173.5
 21
177.39702722832732
 31
0.0
  0
LINE
  5
E4D
330
17
100
AcDbEntity
  8
GEOMETRY
100
AcDbLine
 10
173.5
 20
177.39702722832732
 30
0.0
 11
173.5
 21
177.41563729092428
 31
0.0
  0
LINE
  5
E4E
330
17
100
AcDbEntity
  8
GEOMETRY
100
AcDbLine
 10
173.5
 20
177.41563729092428
 30
0.0
 11
173.5
 21
177.4331912440582
 31
0.0
  0
LINE
  5
E4F
330
17
100
AcDbEntity
  8
GEOMETRY
100
AcDbLine
 10
173.5
 20
177.4331912440582
 30
0.0
 11
173.5
 21
177.44440854041383
 31
0.0
  0
LINE
  5
E50
330
17
100
AcDbEntity
  8
GEOMETRY
100
AcDbLine
 10
173.5
 20
177.44440854041383
 30
0.0
 11
173.5
 21
177.45562583676943
 31
0.0
  0
LINE
  5
E51
330
17
100
AcDbEntity
  8
GEOMETRY
100
AcDbLine
 10
173.5
 20
177.45562583676943
 30
0.0
 11
173.5
 21
177.46684313312505
 31
0.0
  0
LINE
  5
E52
330
17
100
AcDbEntity
  8
GEOMETRY
100
AcDbLine
 10
173.5
 20
177.46684313312505
 30
0.0
 11
173.5
 21
177.47806042948065
 31
0.0
  0
LINE
  5
E53
330
17
100
AcDbEntity
  8
GEOMETRY
100
AcDbLine
 10
173.5
 20
177.47806042948065
 30
0.0
 11
173.5
 21
177.48500936192895
 31
0.0
  0
LINE
  5
E54
330
17
100
AcDbEntity
  8
GEOMETRY
100
AcDbLine
 10
173.5
 20
177.48500936192895
 30
0.0
 11
173.5
 21
177.4887570214467
 31
0.0
  0
LINE
  5
E55
330
17
100
AcDbEntity
  8
GEOMETRY
100
AcDbLine
 10
173.5
 20
177.4887570214467
 30
0.0
 11
173.5
 21
177.49250468096446
 31
0.0
  0
LINE
  5
E56
330
17
100
AcDbEntity
  8
GEOMETRY
100
AcDbLine
 10
173.5
 20
177.49250468096446
 30
0.0
 11
173.5
 21
177.49625234048224
 31
0.0
  0
LINE
  5
E57
330
17
100
AcDbEntity
  8
GEOMETRY
100
AcDbLine
 10
173.5
 20
177.49625234048224
 30
0.0
 11
173.5
 21
177.5
 31
0.0
  0
LINE
  5
E58
330
17
100
AcDbEntity
  8
GEOMETRY
100
AcDbLine
 10
173.5
 20
177.5
 30
0.0
 11
173.5
 21
177.49625234048224
 31
0.0
  0
LINE
  5
E59
330
17
100
AcDbEntity
  8
GEOMETRY
100
AcDbLine
 10
173.5
 20
177.49625234048224
 30
0.0
 11
173.5
 21
177.49250468096446
 31
0.0
  0
LINE
  5
E5A
330
17
100
AcDbEntity
  8
GEOMETRY
100
AcDbLine
 10
173.5
 20
177.49250468096446
 30
0.0
 11
173.5
 21
177.4887570214467
 31
0.0
  0
LINE
  5
E5B
330
17
100
AcDbEntity
  8
GEOMETRY
100
AcDbLine
 10
173.5
 20
177.4887570214467
 30
0.0
 11
173.5
 21
177.48500936192895
 31
0.0
  0
LINE
  5
E5C
330
17
100
AcDbEntity
  8
GEOMETRY
100
AcDbLine
 10
173.5
 20
177.48500936192895
 30
0.0
 11
173.5
 21
177.47806042948065
 31
0.0
  0
LINE
  5
E5D
330
17
100
AcDbEntity
  8
GEOMETRY
100
AcDbLine
 10
173.5
 20
177.47806042948065
 30
0.0
 11
173.5
 21
177.46684313312505
 31
0.0
  0
LINE
  5
E5E
330
17
100
AcDbEntity
  8
GEOMETRY
100
AcDbLine
 10
173.5
 20
177.46684313312505
 30
0.0
 11
173.5
 21
177.45562583676943
 31
0.0
  0
LINE
  5
E5F
330
17
100
AcDbEntity
  8
GEOMETRY
100
AcDbLine
 10
173.5
 20
177.45562583676943
 30
0.0
 11
173.5
 21
177.44440854041383
 31
0.0
  0
LINE
  5
E60
330
17
100
AcDbEntity
  8
GEOMETRY
100
AcDbLine
 10
173.5
 20
177.44440854041383
 30
0.0
 11
173.5
 21
177.4331912440582
 31
0.0
  0
LINE
  5
E61
330
17
100
AcDbEntity
  8
GEOMETRY
100
AcDbLine
 10
173.5
 20
177.4331912440582
 30
0.0
 11
173.5
 21
177.41563729092428
 31
0.0
  0
LINE
  5
E62
330
17
100
AcDbEntity
  8
GEOMETRY
100
AcDbLine
 10
173.5
 20
177.41563729092428
 30
0.0
 11
173.5
 21
177.39702722832732
 31
0.0
  0
LINE
  5
E63
330
17
100
AcDbEntity
  8
GEOMETRY
100
AcDbLine
 10
173.5
 20
177.39702722832732
 30
0.0
 11
173.5
 21
177.37841716573035
 31
0.0
  0
LINE
  5
E64
330
17
100
AcDbEntity
  8
GEOMETRY
100
AcDbLine
 10
173.5
 20
177.37841716573035
 30
0.0
 11
173.5
 21
177.35980710313336
 31
0.0
  0
LINE
  5
E65
330
17
100
AcDbEntity
  8
GEOMETRY
100
AcDbLine
 10
173.5
 20
177.35980710313336
 30
0.0
 11
173.5
 21
177.33912125938502
 31
0.0
  0
LINE
  5
E66
330
17
100
AcDbEntity
  8
GEOMETRY
100
AcDbLine
 10
173.5
 20
177.33912125938502
 30
0.0
 11
173.5
 21
177.3132459627583
 31
0.0
  0
LINE
  5
E67
330
17
100
AcDbEntity
  8
GEOMETRY
100
AcDbLine
 10
173.5
 20
177.3132459627583
 30
0.0
 11
173.5
 21
177.28737066613155
 31
0.0
  0
LINE
  5
E68
330
17
100
AcDbEntity
  8
GEOMETRY
100
AcDbLine
 10
173.5
 20
177.28737066613155
 30
0.0
 11
173.5
 21
177.26149536950481
 31
0.0
  0
LINE
  5
E69
330
17
100
AcDbEntity
  8
GEOMETRY
100
AcDbLine
 10
173.5
 20
177.26149536950481
 30
0.0
 11
173.5
 21
177.23562007287808
 31
0.0
  0
LINE
  5
E6A
330
17
100
AcDbEntity
  8
GEOMETRY
100
AcDbLine
 10
173.5
 20
177.23562007287808
 30
0.0
 11
173.5
 21
177.20468198042002
 31
0.0
  0
LINE
  5
E6B
330
17
100
AcDbEntity
  8
GEOMETRY
100
AcDbLine
 10
173.5
 20
177.20468198042002
 30
0.0
 11
173.5
 21
177.17171876962945
 31
0.0
  0
LINE
  5
E6C
330
17
100
AcDbEntity
  8
GEOMETRY
100
AcDbLine
 10
173.5
 20
177.17171876962945
 30
0.0
 11
173.5
 21
177.13875555883885
 31
0.0
  0
LINE
  5
E6D
330
17
100
AcDbEntity
  8
GEOMETRY
100
AcDbLine
 10
173.5
 20
177.13875555883885
 30
0.0
 11
173.5
 21
177.10579234804828
 31
0.0
  0
LINE
  5
E6E
330
17
100
AcDbEntity
  8
GEOMETRY
100
AcDbLine
 10
173.5
 20
177.10579234804828
 30
0.0
 11
173.5
 21
177.07184884843022
 31
0.0
  0
LINE
  5
E6F
330
17
100
AcDbEntity
  8
GEOMETRY
100
AcDbLine
 10
173.5
 20
177.07184884843022
 30
0.0
 11
173.5
 21
177.0320236158473
 31
0.0
  0
LINE
  5
E70
330
17
100
AcDbEntity
  8
GEOMETRY
100
AcDbLine
 10
173.5
 20
177.0320236158473
 30
0.0
 11
173.5
 21
176.99219838326434
 31
0.0
  0
LINE
  5
E71
330
17
100
AcDbEntity
  8
GEOMETRY
100
AcDbLine
 10
173.5
 20
176.99219838326434
 30
0.0
 11
173.5
 21
176.9523731506814
 31
0.0
  0
LINE
  5
E72
330
17
100
AcDbEntity
  8
GEOMETRY
100
AcDbLine
 10
173.5
 20
176.9523731506814
 30
0.0
 11
173.5
 21
176.91254791809848
 31
0.0
  0
LINE
  5
E73
330
17
100
AcDbEntity
  8
GEOMETRY
100
AcDbLine
 10
173.5
 20
176.91254791809848
 30
0.0
 11
173.5
 21
176.86895748270138
 31
0.0
  0
LINE
  5
E74
330
17
100
AcDbEntity
  8
GEOMETRY
100
AcDbLine
 10
173.5
 20
176.86895748270138
 30
0.0
 11
173.5
 21
176.8225431451936
 31
0.0
  0
LINE
  5
E75
330
17
100
AcDbEntity
  8
GEOMETRY
100
AcDbLine
 10
173.5
 20
176.8225431451936
 30
0.0
 11
173.5
 21
176.77612880768586
 31
0.0
  0
LINE
  5
E76
330
17
100
AcDbEntity
  8
GEOMETRY
100
AcDbLine
 10
173.5
 20
176.77612880768586
 30
0.0
 11
173.5
 21
176.72971447017812
 31
0.0
  0
LINE
  5
E77
330
17
100
AcDbEntity
  8
GEOMETRY
100
AcDbLine
 10
173.5
 20
176.72971447017812
 30
0.0
 11
173.5
 21
176.68330013267038
 31
0.0
  0
LINE
  5
E78
330
17
100
AcDbEntity
  8
GEOMETRY
100
AcDbLine
 10
173.5
 20
176.68330013267038
 30
0.0
 11
173.5
 21
176.63061476133947
 31
0.0
  0
LINE
  5
E79
330
17
100
AcDbEntity
  8
GEOMETRY
100
AcDbLine
 10
173.5
 20
176.63061476133947
 30
0.0
 11
173.5
 21
176.5779293900086
 31
0.0
  0
LINE
  5
E7A
330
17
100
AcDbEntity
  8
GEOMETRY
100
AcDbLine
 10
173.5
 20
176.5779293900086
 30
0.0
 11
173.5
 21
176.52524401867768
 31
0.0
  0
LINE
  5
E7B
330
17
100
AcDbEntity
  8
GEOMETRY
100
AcDbLine
 10
173.5
 20
176.52524401867768
 30
0.0
 11
173.5
 21
176.47255864734677
 31
0.0
  0
LINE
  5
E7C
330
17
100
AcDbEntity
  8
GEOMETRY
100
AcDbLine
 10
173.5
 20
176.47255864734677
 30
0.0
 11
173.5
 21
176.41734042393657
 31
0.0
  0
LINE
  5
E7D
330
17
100
AcDbEntity
  8
GEOMETRY
100
AcDbLine
 10
173.5
 20
176.41734042393657
 30
0.0
 11
173.5
 21
176.35874506442056
 31
0.0
  0
LINE
  5
E7E
330
17
100
AcDbEntity
  8
GEOMETRY
100
AcDbLine
 10
173.5
 20
176.35874506442056
 30
0.0
 11
173.5
 21
176.30014970490458
 31
0.0
  0
LINE
  5
E7F
330
17
100
AcDbEntity
  8
GEOMETRY
100
AcDbLine
 10
173.5
 20
176.30014970490458
 30
0.0
 11
173.5
 21
176.2415543453886
 31
0.0
  0
LINE
  5
E80
330
17
100
AcDbEntity
  8
GEOMETRY
100
AcDbLine
 10
173.5
 20
176.2415543453886
 30
0.0
 11
173.5
 21
176.1829589858726
 31
0.0
  0
LINE
  5
E81
330
17
100
AcDbEntity
  8
GEOMETRY
100
AcDbLine
 10
173.5
 20
176.1829589858726
 30
0.0
 11
173.5
 21
176.11964210446493
 31
0.0
  0
LINE
  5
E82
330
17
100
AcDbEntity
  8
GEOMETRY
100
AcDbLine
 10
173.5
 20
176.11964210446493
 30
0.0
 11
173.5
 21
176.05553830274198
 31
0.0
  0
LINE
  5
E83
330
17
100
AcDbEntity
  8
GEOMETRY
100
AcDbLine
 10
173.5
 20
176.05553830274198
 30
0.0
 11
173.5
 21
175.99143450101903
 31
0.0
  0
LINE
  5
E84
330
17
100
AcDbEntity
  8
GEOMETRY
100
AcDbLine
 10
173.5
 20
175.99143450101903
 30
0.0
 11
173.5
 21
175.92733069929608
 31
0.0
  0
LINE
  5
E85
330
17
100
AcDbEntity
  8
GEOMETRY
100
AcDbLine
 10
173.5
 20
175.92733069929608
 30
0.0
 11
173.5
 21
175.8617785696793
 31
0.0
  0
LINE
  5
E86
330
17
100
AcDbEntity
  8
GEOMETRY
100
AcDbLine
 10
173.5
 20
175.8617785696793
 30
0.0
 11
173.5
 21
175.79260562032795
 31
0.0
  0
LINE
  5
E87
330
17
100
AcDbEntity
  8
GEOMETRY
100
AcDbLine
 10
173.5
 20
175.79260562032795
 30
0.0
 11
173.5
 21
175.7234326709766
 31
0.0
  0
LINE
  5
E88
330
17
100
AcDbEntity
  8
GEOMETRY
100
AcDbLine
 10
173.5
 20
175.7234326709766
 30
0.0
 11
173.5
 21
175.65425972162527
 31
0.0
  0
LINE
  5
E89
330
17
100
AcDbEntity
  8
GEOMETRY
100
AcDbLine
 10
173.5
 20
175.65425972162527
 30
0.0
 11
173.5
 21
175.5850867722739
 31
0.0
  0
LINE
  5
E8A
330
17
100
AcDbEntity
  8
GEOMETRY
100
AcDbLine
 10
173.5
 20
175.5850867722739
 30
0.0
 11
173.5
 21
175.51263159801184
 31
0.0
  0
LINE
  5
E8B
330
17
100
AcDbEntity
  8
GEOMETRY
100
AcDbLine
 10
173.5
 20
175.51263159801184
 30
0.0
 11
173.5
 21
175.43886353378548
 31
0.0
  0
LINE
  5
E8C
330
17
100
AcDbEntity
  8
GEOMETRY
100
AcDbLine
 10
173.5
 20
175.43886353378548
 30
0.0
 11
173.5
 21
175.3650954695591
 31
0.0
  0
LINE
  5
E8D
330
17
100
AcDbEntity
  8
GEOMETRY
100
AcDbLine
 10
173.5
 20
175.3650954695591
 30
0.0
 11
173.5
 21
175.29132740533274
 31
0.0
  0
LINE
  5
E8E
330
17
100
AcDbEntity
  8
GEOMETRY
100
AcDbLine
 10
173.5
 20
175.29132740533274
 30
0.0
 11
173.5
 21
175.2169751136166
 31
0.0
  0
LINE
  5
E8F
330
17
100
AcDbEntity
  8
GEOMETRY
100
AcDbLine
 10
173.5
 20
175.2169751136166
 30
0.0
 11
173.5
 21
175.13911745696186
 31
0.0
  0
LINE
  5
E90
330
17
100
AcDbEntity
  8
GEOMETRY
100
AcDbLine
 10
173.5
 20
175.13911745696186
 30
0.0
 11
173.5
 21
175.06125980030714
 31
0.0
  0
LINE
  5
E91
330
17
100
AcDbEntity
  8
GEOMETRY
100
AcDbLine
 10
173.5
 20
175.06125980030714
 30
0.0
 11
173.5
 21
174.9834021436524
 31
0.0
  0
LINE
  5
E92
330
17
100
AcDbEntity
  8
GEOMETRY
100
AcDbLine
 10
173.5
 20
174.9834021436524
 30
0.0
 11
173.5
 21
174.90554448699766
 31
0.0
  0
LINE
  5
E93
330
17
100
AcDbEntity
  8
GEOMETRY
100
AcDbLine
 10
173.5
 20
174.90554448699766
 30
0.0
 11
173.5
 21
174.82565480487742
 31
0.0
  0
LINE
  5
E94
330
17
100
AcDbEntity
  8
GEOMETRY
100
AcDbLine
 10
173.5
 20
174.82565480487742
 30
0.0
 11
173.5
 21
174.74424110365806
 31
0.0
  0
LINE
  5
E95
330
17
100
AcDbEntity
  8
GEOMETRY
100
AcDbLine
 10
173.5
 20
174.74424110365806
 30
0.0
 11
173.5
 21
174.66282740243872
 31
0.0
  0
LINE
  5
E96
330
17
100
AcDbEntity
  8
GEOMETRY
100
AcDbLine
 10
173.5
 20
174.66282740243872
 30
0.0
 11
173.5
 21
174.58141370121936
 31
0.0
  0
LINE
  5
E97
330
17
100
AcDbEntity
  8
GEOMETRY
100
AcDbLine
 10
173.5
 20
174.58141370121936
 30
0.0
 11
173.5
 21
174.5
 31
0.0
  0
LINE
  5
E98
330
17
100
AcDbEntity
  8
GEOMETRY
100
AcDbLine
 10
173.5
 20
161.9
 30
0.0
 11
170.5
 21
161.9
 31
0.0
  0
LINE
  5
E99
330
17
100
AcDbEntity
  8
GEOMETRY
100
AcDbLine
 10
173.5
 20
174.5
 30
0.0
 11
170.5
 21
174.5
 31
0.0
  0
LINE
  5
E9A
330
17
100
AcDbEntity
  8
GEOMETRY
100
AcDbLine
 10
173.5
 20
153.1
 30
0.0
 11
170.5
 21
153.1
 31
0.0
  0
LINE
  5
E9B
330
17
100
AcDbEntity
  8
GEOMETRY
100
AcDbLine
 10
173.5
 20
140.5
 30
0.0
 11
170.5
 21
140.5
 31
0.0
  0
LINE
  5
E9C
330
17
100
AcDbEntity
  8
GEOMETRY
100
AcDbLine
 10
173.5
 20
140.5
 30
0.0
 11
170.5
 21
140.5
 31
0.0
  0
LINE
  5
E9D
330
17
100
AcDbEntity
  8
GEOMETRY
100
AcDbLine
 10
173.5
 20
153.09999999999997
 30
0.0
 11
170.5
 21
153.09999999999997
 31
0.0
  0
LINE
  5
E9E
330
17
100
AcDbEntity
  8
GEOMETRY
100
AcDbLine
 10
173.5
 20
161.89999999999998
 30
0.0
 11
170.5
 21
161.89999999999998
 31
0.0
  0
LINE
  5
E9F
330
17
100
AcDbEntity
  8
GEOMETRY
100
AcDbLine
 10
173.5
 20
174.5
 30
0.0
 11
170.5
 21
174.5
 31
0.0
  0
LINE
  5
EA0
330
17
100
AcDbEntity
  8
GEOMETRY
100
AcDbLine
 10
173.5
 20
172.5
 30
0.0
 11
173.453125
 21
172.5
 31
0.0
  0
LINE
  5
EA1
330
17
100
AcDbEntity
  8
GEOMETRY
100
AcDbLine
 10
173.453125
 20
172.5
 30
0.0
 11
173.40625
 21
172.5
 31
0.0
  0
LINE
  5
EA2
330
17
100
AcDbEntity
  8
GEOMETRY
100
AcDbLine
 10
173.40625
 20
172.5
 30
0.0
 11
173.359375
 21
172.5
 31
0.0
  0
LINE
  5
EA3
330
17
100
AcDbEntity
  8
GEOMETRY
100
AcDbLine
 10
173.359375
 20
172.5
 30
0.0
 11
173.3125
 21
172.5
 31
0.0
  0
LINE
  5
EA4
330
17
100
AcDbEntity
  8
GEOMETRY
100
AcDbLine
 10
173.3125
 20
172.5
 30
0.0
 11
173.265625
 21
172.5
 31
0.0
  0
LINE
  5
EA5
330
17
100
AcDbEntity
  8
GEOMETRY
100
AcDbLine
 10
173.265625
 20
172.5
 30
0.0
 11
173.21875
 21
172.5
 31
0.0
  0
LINE
  5
EA6
330
17
100
AcDbEntity
  8
GEOMETRY
100
AcDbLine
 10
173.21875
 20
172.5
 30
0.0
 11
173.171875
 21
172.5
 31
0.0
  0
LINE
  5
EA7
330
17
100
AcDbEntity
  8
GEOMETRY
100
AcDbLine
 10
173.171875
 20
172.5
 30
0.0
 11
173.125
 21
172.5
 31
0.0
  0
LINE
  5
EA8
330
17
100
AcDbEntity
  8
GEOMETRY
100
AcDbLine
 10
173.125
 20
172.5
 30
0.0
 11
173.078125
 21
172.5
 31
0.0
  0
LINE
  5
EA9
330
17
100
AcDbEntity
  8
GEOMETRY
100
AcDbLine
 10
173.078125
 20
172.5
 30
0.0
 11
173.03125
 21
172.5
 31
0.0
  0
LINE
  5
EAA
330
17
100
AcDbEntity
  8
GEOMETRY
100
AcDbLine
 10
173.03125
 20
172.5
 30
0.0
 11
172.984375
 21
172.5
 31
0.0
  0
LINE
  5
EAB
330
17
100
AcDbEntity
  8
GEOMETRY
100
AcDbLine
 10
172.984375
 20
172.5
 30
0.0
 11
172.9375
 21
172.5
 31
0.0
  0
LINE
  5
EAC
330
17
100
AcDbEntity
  8
GEOMETRY
100
AcDbLine
 10
172.9375
 20
172.5
 30
0.0
 11
172.890625
 21
172.5
 31
0.0
  0
LINE
  5
EAD
330
17
100
AcDbEntity
  8
GEOMETRY
100
AcDbLine
 10
172.890625
 20
172.5
 30
0.0
 11
172.84375
 21
172.5
 31
0.0
  0
LINE
  5
EAE
330
17
100
AcDbEntity
  8
GEOMETRY
100
AcDbLine
 10
172.84375
 20
172.5
 30
0.0
 11
172.796875
 21
172.5
 31
0.0
  0
LINE
  5
EAF
330
17
100
AcDbEntity
  8
GEOMETRY
100
AcDbLine
 10
172.796875
 20
172.5
 30
0.0
 11
172.75
 21
172.5
 31
0.0
  0
LINE
  5
EB0
330
17
100
AcDbEntity
  8
GEOMETRY
100
AcDbLine
 10
172.75
 20
172.5
 30
0.0
 11
172.703125
 21
172.5
 31
0.0
  0
LINE
  5
EB1
330
17
100
AcDbEntity
  8
GEOMETRY
100
AcDbLine
 10
172.703125
 20
172.5
 30
0.0
 11
172.65625
 21
172.5
 31
0.0
  0
LINE
  5
EB2
330
17
100
AcDbEntity
  8
GEOMETRY
100
AcDbLine
 10
172.65625
 20
172.5
 30
0.0
 11
172.609375
 21
172.5
 31
0.0
  0
LINE
  5
EB3
330
17
100
AcDbEntity
  8
GEOMETRY
100
AcDbLine
 10
172.609375
 20
172.5
 30
0.0
 11
172.5625
 21
172.5
 31
0.0
  0
LINE
  5
EB4
330
17
100
AcDbEntity
  8
GEOMETRY
100
AcDbLine
 10
172.5625
 20
172.5
 30
0.0
 11
172.515625
 21
172.5
 31
0.0
  0
LINE
  5
EB5
330
17
100
AcDbEntity
  8
GEOMETRY
100
AcDbLine
 10
172.515625
 20
172.5
 30
0.0
 11
172.46875
 21
172.5
 31
0.0
  0
LINE
  5
EB6
330
17
100
AcDbEntity
  8
GEOMETRY
100
AcDbLine
 10
172.46875
 20
172.5
 30
0.0
 11
172.421875
 21
172.5
 31
0.0
  0
LINE
  5
EB7
330
17
100
AcDbEntity
  8
GEOMETRY
100
AcDbLine
 10
172.421875
 20
172.5
 30
0.0
 11
172.375
 21
172.5
 31
0.0
  0
LINE
  5
EB8
330
17
100
AcDbEntity
  8
GEOMETRY
100
AcDbLine
 10
172.375
 20
172.5
 30
0.0
 11
172.328125
 21
172.5
 31
0.0
  0
LINE
  5
EB9
330
17
100
AcDbEntity
  8
GEOMETRY
100
AcDbLine
 10
172.328125
 20
172.5
 30
0.0
 11
172.28125
 21
172.5
 31
0.0
  0
LINE
  5
EBA
330
17
100
AcDbEntity
  8
GEOMETRY
100
AcDbLine
 10
172.28125
 20
172.5
 30
0.0
 11
172.234375
 21
172.5
 31
0.0
  0
LINE
  5
EBB
330
17
100
AcDbEntity
  8
GEOMETRY
100
AcDbLine
 10
172.234375
 20
172.5
 30
0.0
 11
172.1875
 21
172.5
 31
0.0
  0
LINE
  5
EBC
330
17
100
AcDbEntity
  8
GEOMETRY
100
AcDbLine
 10
172.1875
 20
172.5
 30
0.0
 11
172.140625
 21
172.5
 31
0.0
  0
LINE
  5
EBD
330
17
100
AcDbEntity
  8
GEOMETRY
100
AcDbLine
 10
172.140625
 20
172.5
 30
0.0
 11
172.09375
 21
172.5
 31
0.0
  0
LINE
  5
EBE
330
17
100
AcDbEntity
  8
GEOMETRY
100
AcDbLine
 10
172.09375
 20
172.5
 30
0.0
 11
172.046875
 21
172.5
 31
0.0
  0
LINE
  5
EBF
330
17
100
AcDbEntity
  8
GEOMETRY
100
AcDbLine
 10
172.046875
 20
172.5
 30
0.0
 11
172.0
 21
172.5
 31
0.0
  0
LINE
  5
EC0
330
17
100
AcDbEntity
  8
GEOMETRY
100
AcDbLine
 10
172.0
 20
172.5
 30
0.0
 11
171.953125
 21
172.5
 31
0.0
  0
LINE
  5
EC1
330
17
100
AcDbEntity
  8
GEOMETRY
100
AcDbLine
 10
171.953125
 20
172.5
 30
0.0
 11
171.90625
 21
172.5
 31
0.0
  0
LINE
  5
EC2
330
17
100
AcDbEntity
  8
GEOMETRY
100
AcDbLine
 10
171.90625
 20
172.5
 30
0.0
 11
171.859375
 21
172.5
 31
0.0
  0
LINE
  5
EC3
330
17
100
AcDbEntity
  8
GEOMETRY
100
AcDbLine
 10
171.859375
 20
172.5
 30
0.0
 11
171.8125
 21
172.5
 31
0.0
  0
LINE
  5
EC4
330
17
100
AcDbEntity
  8
GEOMETRY
100
AcDbLine
 10
171.8125
 20
172.5
 30
0.0
 11
171.765625
 21
172.5
 31
0.0
  0
LINE
  5
EC5
330
17
100
AcDbEntity
  8
GEOMETRY
100
AcDbLine
 10
171.765625
 20
172.5
 30
0.0
 11
171.71875
 21
172.5
 31
0.0
  0
LINE
  5
EC6
330
17
100
AcDbEntity
  8
GEOMETRY
100
AcDbLine
 10
171.71875
 20
172.5
 30
0.0
 11
171.671875
 21
172.5
 31
0.0
  0
LINE
  5
EC7
330
17
100
AcDbEntity
  8
GEOMETRY
100
AcDbLine
 10
171.671875
 20
172.5
 30
0.0
 11
171.625
 21
172.5
 31
0.0
  0
LINE
  5
EC8
330
17
100
AcDbEntity
  8
GEOMETRY
100
AcDbLine
 10
171.625
 20
172.5
 30
0.0
 11
171.578125
 21
172.5
 31
0.0
  0
LINE
  5
EC9
330
17
100
AcDbEntity
  8
GEOMETRY
100
AcDbLine
 10
171.578125
 20
172.5
 30
0.0
 11
171.53125
 21
172.5
 31
0.0
  0
LINE
  5
ECA
330
17
100
AcDbEntity
  8
GEOMETRY
100
AcDbLine
 10
171.53125
 20
172.5
 30
0.0
 11
171.484375
 21
172.5
 31
0.0
  0
LINE
  5
ECB
330
17
100
AcDbEntity
  8
GEOMETRY
100
AcDbLine
 10
171.484375
 20
172.5
 30
0.0
 11
171.4375
 21
172.5
 31
0.0
  0
LINE
  5
ECC
330
17
100
AcDbEntity
  8
GEOMETRY
100
AcDbLine
 10
171.4375
 20
172.5
 30
0.0
 11
171.390625
 21
172.5
 31
0.0
  0
LINE
  5
ECD
330
17
100
AcDbEntity
  8
GEOMETRY
100
AcDbLine
 10
171.390625
 20
172.5
 30
0.0
 11
171.34375
 21
172.5
 31
0.0
  0
LINE
  5
ECE
330
17
100
AcDbEntity
  8
GEOMETRY
100
AcDbLine
 10
171.34375
 20
172.5
 30
0.0
 11
171.296875
 21
172.5
 31
0.0
  0
LINE
  5
ECF
330
17
100
AcDbEntity
  8
GEOMETRY
100
AcDbLine
 10
171.296875
 20
172.5
 30
0.0
 11
171.25
 21
172.5
 31
0.0
  0
LINE
  5
ED0
330
17
100
AcDbEntity
  8
GEOMETRY
100
AcDbLine
 10
171.25
 20
172.5
 30
0.0
 11
171.203125
 21
172.5
 31
0.0
  0
LINE
  5
ED1
330
17
100
AcDbEntity
  8
GEOMETRY
100
AcDbLine
 10
171.203125
 20
172.5
 30
0.0
 11
171.15625
 21
172.5
 31
0.0
  0
LINE
  5
ED2
330
17
100
AcDbEntity
  8
GEOMETRY
100
AcDbLine
 10
171.15625
 20
172.5
 30
0.0
 11
171.109375
 21
172.5
 31
0.0
  0
LINE
  5
ED3
330
17
100
AcDbEntity
  8
GEOMETRY
100
AcDbLine
 10
171.109375
 20
172.5
 30
0.0
 11
171.0625
 21
172.5
 31
0.0
  0
LINE
  5
ED4
330
17
100
AcDbEntity
  8
GEOMETRY
100
AcDbLine
 10
171.0625
 20
172.5
 30
0.0
 11
171.015625
 21
172.5
 31
0.0
  0
LINE
  5
ED5
330
17
100
AcDbEntity
  8
GEOMETRY
100
AcDbLine
 10
171.015625
 20
172.5
 30
0.0
 11
170.96875
 21
172.5
 31
0.0
  0
LINE
  5
ED6
330
17
100
AcDbEntity
  8
GEOMETRY
100
AcDbLine
 10
170.96875
 20
172.5
 30
0.0
 11
170.921875
 21
172.5
 31
0.0
  0
LINE
  5
ED7
330
17
100
AcDbEntity
  8
GEOMETRY
100
AcDbLine
 10
170.921875
 20
172.5
 30
0.0
 11
170.875
 21
172.5
 31
0.0
  0
LINE
  5
ED8
330
17
100
AcDbEntity
  8
GEOMETRY
100
AcDbLine
 10
170.875
 20
172.5
 30
0.0
 11
170.828125
 21
172.5
 31
0.0
  0
LINE
  5
ED9
330
17
100
AcDbEntity
  8
GEOMETRY
100
AcDbLine
 10
170.828125
 20
172.5
 30
0.0
 11
170.78125
 21
172.5
 31
0.0
  0
LINE
  5
EDA
330
17
100
AcDbEntity
  8
GEOMETRY
100
AcDbLine
 10
170.78125
 20
172.5
 30
0.0
 11
170.734375
 21
172.5
 31
0.0
  0
LINE
  5
EDB
330
17
100
AcDbEntity
  8
GEOMETRY
100
AcDbLine
 10
170.734375
 20
172.5
 30
0.0
 11
170.6875
 21
172.5
 31
0.0
  0
LINE
  5
EDC
330
17
100
AcDbEntity
  8
GEOMETRY
100
AcDbLine
 10
170.6875
 20
172.5
 30
0.0
 11
170.640625
 21
172.5
 31
0.0
  0
LINE
  5
EDD
330
17
100
AcDbEntity
  8
GEOMETRY
100
AcDbLine
 10
170.640625
 20
172.5
 30
0.0
 11
170.59375
 21
172.5
 31
0.0
  0
LINE
  5
EDE
330
17
100
AcDbEntity
  8
GEOMETRY
100
AcDbLine
 10
170.59375
 20
172.5
 30
0.0
 11
170.546875
 21
172.5
 31
0.0
  0
LINE
  5
EDF
330
17
100
AcDbEntity
  8
GEOMETRY
100
AcDbLine
 10
170.546875
 20
172.5
 30
0.0
 11
170.5
 21
172.5
 31
0.0
  0
LINE
  5
EE0
330
17
100
AcDbEntity
  8
GEOMETRY
100
AcDbLine
 10
173.5
 20
142.5
 30
0.0
 11
173.453125
 21
142.5
 31
0.0
  0
LINE
  5
EE1
330
17
100
AcDbEntity
  8
GEOMETRY
100
AcDbLine
 10
173.453125
 20
142.5
 30
0.0
 11
173.40625
 21
142.5
 31
0.0
  0
LINE
  5
EE2
330
17
100
AcDbEntity
  8
GEOMETRY
100
AcDbLine
 10
173.40625
 20
142.5
 30
0.0
 11
173.359375
 21
142.5
 31
0.0
  0
LINE
  5
EE3
330
17
100
AcDbEntity
  8
GEOMETRY
100
AcDbLine
 10
173.359375
 20
142.5
 30
0.0
 11
173.3125
 21
142.5
 31
0.0
  0
LINE
  5
EE4
330
17
100
AcDbEntity
  8
GEOMETRY
100
AcDbLine
 10
173.3125
 20
142.5
 30
0.0
 11
173.265625
 21
142.5
 31
0.0
  0
LINE
  5
EE5
330
17
100
AcDbEntity
  8
GEOMETRY
100
AcDbLine
 10
173.265625
 20
142.5
 30
0.0
 11
173.21875
 21
142.5
 31
0.0
  0
LINE
  5
EE6
330
17
100
AcDbEntity
  8
GEOMETRY
100
AcDbLine
 10
173.21875
 20
142.5
 30
0.0
 11
173.171875
 21
142.5
 31
0.0
  0
LINE
  5
EE7
330
17
100
AcDbEntity
  8
GEOMETRY
100
AcDbLine
 10
173.171875
 20
142.5
 30
0.0
 11
173.125
 21
142.5
 31
0.0
  0
LINE
  5
EE8
330
17
100
AcDbEntity
  8
GEOMETRY
100
AcDbLine
 10
173.125
 20
142.5
 30
0.0
 11
173.078125
 21
142.5
 31
0.0
  0
LINE
  5
EE9
330
17
100
AcDbEntity
  8
GEOMETRY
100
AcDbLine
 10
173.078125
 20
142.5
 30
0.0
 11
173.03125
 21
142.5
 31
0.0
  0
LINE
  5
EEA
330
17
100
AcDbEntity
  8
GEOMETRY
100
AcDbLine
 10
173.03125
 20
142.5
 30
0.0
 11
172.984375
 21
142.5
 31
0.0
  0
LINE
  5
EEB
330
17
100
AcDbEntity
  8
GEOMETRY
100
AcDbLine
 10
172.984375
 20
142.5
 30
0.0
 11
172.9375
 21
142.5
 31
0.0
  0
LINE
  5
EEC
330
17
100
AcDbEntity
  8
GEOMETRY
100
AcDbLine
 10
172.9375
 20
142.5
 30
0.0
 11
172.890625
 21
142.5
 31
0.0
  0
LINE
  5
EED
330
17
100
AcDbEntity
  8
GEOMETRY
100
AcDbLine
 10
172.890625
 20
142.5
 30
0.0
 11
172.84375
 21
142.5
 31
0.0
  0
LINE
  5
EEE
330
17
100
AcDbEntity
  8
GEOMETRY
100
AcDbLine
 10
172.84375
 20
142.5
 30
0.0
 11
172.796875
 21
142.5
 31
0.0
  0
LINE
  5
EEF
330
17
100
AcDbEntity
  8
GEOMETRY
100
AcDbLine
 10
172.796875
 20
142.5
 30
0.0
 11
172.75
 21
142.5
 31
0.0
  0
LINE
  5
EF0
330
17
100
AcDbEntity
  8
GEOMETRY
100
AcDbLine
 10
172.75
 20
142.5
 30
0.0
 11
172.703125
 21
142.5
 31
0.0
  0
LINE
  5
EF1
330
17
100
AcDbEntity
  8
GEOMETRY
100
AcDbLine
 10
172.703125
 20
142.5
 30
0.0
 11
172.65625
 21
142.5
 31
0.0
  0
LINE
  5
EF2
330
17
100
AcDbEntity
  8
GEOMETRY
100
AcDbLine
 10
172.65625
 20
142.5
 30
0.0
 11
172.609375
 21
142.5
 31
0.0
  0
LINE
  5
EF3
330
17
100
AcDbEntity
  8
GEOMETRY
100
AcDbLine
 10
172.609375
 20
142.5
 30
0.0
 11
172.5625
 21
142.5
 31
0.0
  0
LINE
  5
EF4
330
17
100
AcDbEntity
  8
GEOMETRY
100
AcDbLine
 10
172.5625
 20
142.5
 30
0.0
 11
172.515625
 21
142.5
 31
0.0
  0
LINE
  5
EF5
330
17
100
AcDbEntity
  8
GEOMETRY
100
AcDbLine
 10
172.515625
 20
142.5
 30
0.0
 11
172.46875
 21
142.5
 31
0.0
  0
LINE
  5
EF6
330
17
100
AcDbEntity
  8
GEOMETRY
100
AcDbLine
 10
172.46875
 20
142.5
 30
0.0
 11
172.421875
 21
142.5
 31
0.0
  0
LINE
  5
EF7
330
17
100
AcDbEntity
  8
GEOMETRY
100
AcDbLine
 10
172.421875
 20
142.5
 30
0.0
 11
172.375
 21
142.5
 31
0.0
  0
LINE
  5
EF8
330
17
100
AcDbEntity
  8
GEOMETRY
100
AcDbLine
 10
172.375
 20
142.5
 30
0.0
 11
172.328125
 21
142.5
 31
0.0
  0
LINE
  5
EF9
330
17
100
AcDbEntity
  8
GEOMETRY
100
AcDbLine
 10
172.328125
 20
142.5
 30
0.0
 11
172.28125
 21
142.5
 31
0.0
  0
LINE
  5
EFA
330
17
100
AcDbEntity
  8
GEOMETRY
100
AcDbLine
 10
172.28125
 20
142.5
 30
0.0
 11
172.234375
 21
142.5
 31
0.0
  0
LINE
  5
EFB
330
17
100
AcDbEntity
  8
GEOMETRY
100
AcDbLine
 10
172.234375
 20
142.5
 30
0.0
 11
172.1875
 21
142.5
 31
0.0
  0
LINE
  5
EFC
330
17
100
AcDbEntity
  8
GEOMETRY
100
AcDbLine
 10
172.1875
 20
142.5
 30
0.0
 11
172.140625
 21
142.5
 31
0.0
  0
LINE
  5
EFD
330
17
100
AcDbEntity
  8
GEOMETRY
100
AcDbLine
 10
172.140625
 20
142.5
 30
0.0
 11
172.09375
 21
142.5
 31
0.0
  0
LINE
  5
EFE
330
17
100
AcDbEntity
  8
GEOMETRY
100
AcDbLine
 10
172.09375
 20
142.5
 30
0.0
 11
172.046875
 21
142.5
 31
0.0
  0
LINE
  5
EFF
330
17
100
AcDbEntity
  8
GEOMETRY
100
AcDbLine
 10
172.046875
 20
142.5
 30
0.0
 11
172.0
 21
142.5
 31
0.0
  0
LINE
  5
F00
330
17
100
AcDbEntity
  8
GEOMETRY
100
AcDbLine
 10
172.0
 20
142.5
 30
0.0
 11
171.953125
 21
142.5
 31
0.0
  0
LINE
  5
F01
330
17
100
AcDbEntity
  8
GEOMETRY
100
AcDbLine
 10
171.953125
 20
142.5
 30
0.0
 11
171.90625
 21
142.5
 31
0.0
  0
LINE
  5
F02
330
17
100
AcDbEntity
  8
GEOMETRY
100
AcDbLine
 10
171.90625
 20
142.5
 30
0.0
 11
171.859375
 21
142.5
 31
0.0
  0
LINE
  5
F03
330
17
100
AcDbEntity
  8
GEOMETRY
100
AcDbLine
 10
171.859375
 20
142.5
 30
0.0
 11
171.8125
 21
142.5
 31
0.0
  0
LINE
  5
F04
330
17
100
AcDbEntity
  8
GEOMETRY
100
AcDbLine
 10
171.8125
 20
142.5
 30
0.0
 11
171.765625
 21
142.5
 31
0.0
  0
LINE
  5
F05
330
17
100
AcDbEntity
  8
GEOMETRY
100
AcDbLine
 10
171.765625
 20
142.5
 30
0.0
 11
171.71875
 21
142.5
 31
0.0
  0
LINE
  5
F06
330
17
100
AcDbEntity
  8
GEOMETRY
100
AcDbLine
 10
171.71875
 20
142.5
 30
0.0
 11
171.671875
 21
142.5
 31
0.0
  0
LINE
  5
F07
330
17
100
AcDbEntity
  8
GEOMETRY
100
AcDbLine
 10
171.671875
 20
142.5
 30
0.0
 11
171.625
 21
142.5
 31
0.0
  0
LINE
  5
F08
330
17
100
AcDbEntity
  8
GEOMETRY
100
AcDbLine
 10
171.625
 20
142.5
 30
0.0
 11
171.578125
 21
142.5
 31
0.0
  0
LINE
  5
F09
330
17
100
AcDbEntity
  8
GEOMETRY
100
AcDbLine
 10
171.578125
 20
142.5
 30
0.0
 11
171.53125
 21
142.5
 31
0.0
  0
LINE
  5
F0A
330
17
100
AcDbEntity
  8
GEOMETRY
100
AcDbLine
 10
171.53125
 20
142.5
 30
0.0
 11
171.484375
 21
142.5
 31
0.0
  0
LINE
  5
F0B
330
17
100
AcDbEntity
  8
GEOMETRY
100
AcDbLine
 10
171.484375
 20
142.5
 30
0.0
 11
171.4375
 21
142.5
 31
0.0
  0
LINE
  5
F0C
330
17
100
AcDbEntity
  8
GEOMETRY
100
AcDbLine
 10
171.4375
 20
142.5
 30
0.0
 11
171.390625
 21
142.5
 31
0.0
  0
LINE
  5
F0D
330
17
100
AcDbEntity
  8
GEOMETRY
100
AcDbLine
 10
171.390625
 20
142.5
 30
0.0
 11
171.34375
 21
142.5
 31
0.0
  0
LINE
  5
F0E
330
17
100
AcDbEntity
  8
GEOMETRY
100
AcDbLine
 10
171.34375
 20
142.5
 30
0.0
 11
171.296875
 21
142.5
 31
0.0
  0
LINE
  5
F0F
330
17
100
AcDbEntity
  8
GEOMETRY
100
AcDbLine
 10
171.296875
 20
142.5
 30
0.0
 11
171.25
 21
142.5
 31
0.0
  0
LINE
  5
F10
330
17
100
AcDbEntity
  8
GEOMETRY
100
AcDbLine
 10
171.25
 20
142.5
 30
0.0
 11
171.203125
 21
142.5
 31
0.0
  0
LINE
  5
F11
330
17
100
AcDbEntity
  8
GEOMETRY
100
AcDbLine
 10
171.203125
 20
142.5
 30
0.0
 11
171.15625
 21
142.5
 31
0.0
  0
LINE
  5
F12
330
17
100
AcDbEntity
  8
GEOMETRY
100
AcDbLine
 10
171.15625
 20
142.5
 30
0.0
 11
171.109375
 21
142.5
 31
0.0
  0
LINE
  5
F13
330
17
100
AcDbEntity
  8
GEOMETRY
100
AcDbLine
 10
171.109375
 20
142.5
 30
0.0
 11
171.0625
 21
142.5
 31
0.0
  0
LINE
  5
F14
330
17
100
AcDbEntity
  8
GEOMETRY
100
AcDbLine
 10
171.0625
 20
142.5
 30
0.0
 11
171.015625
 21
142.5
 31
0.0
  0
LINE
  5
F15
330
17
100
AcDbEntity
  8
GEOMETRY
100
AcDbLine
 10
171.015625
 20
142.5
 30
0.0
 11
170.96875
 21
142.5
 31
0.0
  0
LINE
  5
F16
330
17
100
AcDbEntity
  8
GEOMETRY
100
AcDbLine
 10
170.96875
 20
142.5
 30
0.0
 11
170.921875
 21
142.5
 31
0.0
  0
LINE
  5
F17
330
17
100
AcDbEntity
  8
GEOMETRY
100
AcDbLine
 10
170.921875
 20
142.5
 30
0.0
 11
170.875
 21
142.5
 31
0.0
  0
LINE
  5
F18
330
17
100
AcDbEntity
  8
GEOMETRY
100
AcDbLine
 10
170.875
 20
142.5
 30
0.0
 11
170.828125
 21
142.5
 31
0.0
  0
LINE
  5
F19
330
17
100
AcDbEntity
  8
GEOMETRY
100
AcDbLine
 10
170.828125
 20
142.5
 30
0.0
 11
170.78125
 21
142.5
 31
0.0
  0
LINE
  5
F1A
330
17
100
AcDbEntity
  8
GEOMETRY
100
AcDbLine
 10
170.78125
 20
142.5
 30
0.0
 11
170.734375
 21
142.5
 31
0.0
  0
LINE
  5
F1B
330
17
100
AcDbEntity
  8
GEOMETRY
100
AcDbLine
 10
170.734375
 20
142.5
 30
0.0
 11
170.6875
 21
142.5
 31
0.0
  0
LINE
  5
F1C
330
17
100
AcDbEntity
  8
GEOMETRY
100
AcDbLine
 10
170.6875
 20
142.5
 30
0.0
 11
170.640625
 21
142.5
 31
0.0
  0
LINE
  5
F1D
330
17
100
AcDbEntity
  8
GEOMETRY
100
AcDbLine
 10
170.640625
 20
142.5
 30
0.0
 11
170.59375
 21
142.5
 31
0.0
  0
LINE
  5
F1E
330
17
100
AcDbEntity
  8
GEOMETRY
100
AcDbLine
 10
170.59375
 20
142.5
 30
0.0
 11
170.546875
 21
142.5
 31
0.0
  0
LINE
  5
F1F
330
17
100
AcDbEntity
  8
GEOMETRY
100
AcDbLine
 10
170.546875
 20
142.5
 30
0.0
 11
170.5
 21
142.5
 31
0.0
  0
LINE
  5
F20
330
17
100
AcDbEntity
  8
GEOMETRY
100
AcDbLine
 10
173.5
 20
157.5
 30
0.0
 11
173.453125
 21
157.5
 31
0.0
  0
LINE
  5
F21
330
17
100
AcDbEntity
  8
GEOMETRY
100
AcDbLine
 10
173.453125
 20
157.5
 30
0.0
 11
173.40625
 21
157.5
 31
0.0
  0
LINE
  5
F22
330
17
100
AcDbEntity
  8
GEOMETRY
100
AcDbLine
 10
173.40625
 20
157.5
 30
0.0
 11
173.359375
 21
157.5
 31
0.0
  0
LINE
  5
F23
330
17
100
AcDbEntity
  8
GEOMETRY
100
AcDbLine
 10
173.359375
 20
157.5
 30
0.0
 11
173.3125
 21
157.5
 31
0.0
  0
LINE
  5
F24
330
17
100
AcDbEntity
  8
GEOMETRY
100
AcDbLine
 10
173.3125
 20
157.5
 30
0.0
 11
173.265625
 21
157.5
 31
0.0
  0
LINE
  5
F25
330
17
100
AcDbEntity
  8
GEOMETRY
100
AcDbLine
 10
173.265625
 20
157.5
 30
0.0
 11
173.21875
 21
157.5
 31
0.0
  0
LINE
  5
F26
330
17
100
AcDbEntity
  8
GEOMETRY
100
AcDbLine
 10
173.21875
 20
157.5
 30
0.0
 11
173.171875
 21
157.5
 31
0.0
  0
LINE
  5
F27
330
17
100
AcDbEntity
  8
GEOMETRY
100
AcDbLine
 10
173.171875
 20
157.5
 30
0.0
 11
173.125
 21
157.5
 31
0.0
  0
LINE
  5
F28
330
17
100
AcDbEntity
  8
GEOMETRY
100
AcDbLine
 10
173.125
 20
157.5
 30
0.0
 11
173.078125
 21
157.5
 31
0.0
  0
LINE
  5
F29
330
17
100
AcDbEntity
  8
GEOMETRY
100
AcDbLine
 10
173.078125
 20
157.5
 30
0.0
 11
173.03125
 21
157.5
 31
0.0
  0
LINE
  5
F2A
330
17
100
AcDbEntity
  8
GEOMETRY
100
AcDbLine
 10
173.03125
 20
157.5
 30
0.0
 11
172.984375
 21
157.5
 31
0.0
  0
LINE
  5
F2B
330
17
100
AcDbEntity
  8
GEOMETRY
100
AcDbLine
 10
172.984375
 20
157.5
 30
0.0
 11
172.9375
 21
157.5
 31
0.0
  0
LINE
  5
F2C
330
17
100
AcDbEntity
  8
GEOMETRY
100
AcDbLine
 10
172.9375
 20
157.5
 30
0.0
 11
172.890625
 21
157.5
 31
0.0
  0
LINE
  5
F2D
330
17
100
AcDbEntity
  8
GEOMETRY
100
AcDbLine
 10
172.890625
 20
157.5
 30
0.0
 11
172.84375
 21
157.5
 31
0.0
  0
LINE
  5
F2E
330
17
100
AcDbEntity
  8
GEOMETRY
100
AcDbLine
 10
172.84375
 20
157.5
 30
0.0
 11
172.796875
 21
157.5
 31
0.0
  0
LINE
  5
F2F
330
17
100
AcDbEntity
  8
GEOMETRY
100
AcDbLine
 10
172.796875
 20
157.5
 30
0.0
 11
172.75
 21
157.5
 31
0.0
  0
LINE
  5
F30
330
17
100
AcDbEntity
  8
GEOMETRY
100
AcDbLine
 10
172.75
 20
157.5
 30
0.0
 11
172.703125
 21
157.5
 31
0.0
  0
LINE
  5
F31
330
17
100
AcDbEntity
  8
GEOMETRY
100
AcDbLine
 10
172.703125
 20
157.5
 30
0.0
 11
172.65625
 21
157.5
 31
0.0
  0
LINE
  5
F32
330
17
100
AcDbEntity
  8
GEOMETRY
100
AcDbLine
 10
172.65625
 20
157.5
 30
0.0
 11
172.609375
 21
157.5
 31
0.0
  0
LINE
  5
F33
330
17
100
AcDbEntity
  8
GEOMETRY
100
AcDbLine
 10
172.609375
 20
157.5
 30
0.0
 11
172.5625
 21
157.5
 31
0.0
  0
LINE
  5
F34
330
17
100
AcDbEntity
  8
GEOMETRY
100
AcDbLine
 10
172.5625
 20
157.5
 30
0.0
 11
172.515625
 21
157.5
 31
0.0
  0
LINE
  5
F35
330
17
100
AcDbEntity
  8
GEOMETRY
100
AcDbLine
 10
172.515625
 20
157.5
 30
0.0
 11
172.46875
 21
157.5
 31
0.0
  0
LINE
  5
F36
330
17
100
AcDbEntity
  8
GEOMETRY
100
AcDbLine
 10
172.46875
 20
157.5
 30
0.0
 11
172.421875
 21
157.5
 31
0.0
  0
LINE
  5
F37
330
17
100
AcDbEntity
  8
GEOMETRY
100
AcDbLine
 10
172.421875
 20
157.5
 30
0.0
 11
172.375
 21
157.5
 31
0.0
  0
LINE
  5
F38
330
17
100
AcDbEntity
  8
GEOMETRY
100
AcDbLine
 10
172.375
 20
157.5
 30
0.0
 11
172.328125
 21
157.5
 31
0.0
  0
LINE
  5
F39
330
17
100
AcDbEntity
  8
GEOMETRY
100
AcDbLine
 10
172.328125
 20
157.5
 30
0.0
 11
172.28125
 21
157.5
 31
0.0
  0
LINE
  5
F3A
330
17
100
AcDbEntity
  8
GEOMETRY
100
AcDbLine
 10
172.28125
 20
157.5
 30
0.0
 11
172.234375
 21
157.5
 31
0.0
  0
LINE
  5
F3B
330
17
100
AcDbEntity
  8
GEOMETRY
100
AcDbLine
 10
172.234375
 20
157.5
 30
0.0
 11
172.1875
 21
157.5
 31
0.0
  0
LINE
  5
F3C
330
17
100
AcDbEntity
  8
GEOMETRY
100
AcDbLine
 10
172.1875
 20
157.5
 30
0.0
 11
172.140625
 21
157.5
 31
0.0
  0
LINE
  5
F3D
330
17
100
AcDbEntity
  8
GEOMETRY
100
AcDbLine
 10
172.140625
 20
157.5
 30
0.0
 11
172.09375
 21
157.5
 31
0.0
  0
LINE
  5
F3E
330
17
100
AcDbEntity
  8
GEOMETRY
100
AcDbLine
 10
172.09375
 20
157.5
 30
0.0
 11
172.046875
 21
157.5
 31
0.0
  0
LINE
  5
F3F
330
17
100
AcDbEntity
  8
GEOMETRY
100
AcDbLine
 10
172.046875
 20
157.5
 30
0.0
 11
172.0
 21
157.5
 31
0.0
  0
LINE
  5
F40
330
17
100
AcDbEntity
  8
GEOMETRY
100
AcDbLine
 10
172.0
 20
157.5
 30
0.0
 11
171.953125
 21
157.5
 31
0.0
  0
LINE
  5
F41
330
17
100
AcDbEntity
  8
GEOMETRY
100
AcDbLine
 10
171.953125
 20
157.5
 30
0.0
 11
171.90625
 21
157.5
 31
0.0
  0
LINE
  5
F42
330
17
100
AcDbEntity
  8
GEOMETRY
100
AcDbLine
 10
171.90625
 20
157.5
 30
0.0
 11
171.859375
 21
157.5
 31
0.0
  0
LINE
  5
F43
330
17
100
AcDbEntity
  8
GEOMETRY
100
AcDbLine
 10
171.859375
 20
157.5
 30
0.0
 11
171.8125
 21
157.5
 31
0.0
  0
LINE
  5
F44
330
17
100
AcDbEntity
  8
GEOMETRY
100
AcDbLine
 10
171.8125
 20
157.5
 30
0.0
 11
171.765625
 21
157.5
 31
0.0
  0
LINE
  5
F45
330
17
100
AcDbEntity
  8
GEOMETRY
100
AcDbLine
 10
171.765625
 20
157.5
 30
0.0
 11
171.71875
 21
157.5
 31
0.0
  0
LINE
  5
F46
330
17
100
AcDbEntity
  8
GEOMETRY
100
AcDbLine
 10
171.71875
 20
157.5
 30
0.0
 11
171.671875
 21
157.5
 31
0.0
  0
LINE
  5
F47
330
17
100
AcDbEntity
  8
GEOMETRY
100
AcDbLine
 10
171.671875
 20
157.5
 30
0.0
 11
171.625
 21
157.5
 31
0.0
  0
LINE
  5
F48
330
17
100
AcDbEntity
  8
GEOMETRY
100
AcDbLine
 10
171.625
 20
157.5
 30
0.0
 11
171.578125
 21
157.5
 31
0.0
  0
LINE
  5
F49
330
17
100
AcDbEntity
  8
GEOMETRY
100
AcDbLine
 10
171.578125
 20
157.5
 30
0.0
 11
171.53125
 21
157.5
 31
0.0
  0
LINE
  5
F4A
330
17
100
AcDbEntity
  8
GEOMETRY
100
AcDbLine
 10
171.53125
 20
157.5
 30
0.0
 11
171.484375
 21
157.5
 31
0.0
  0
LINE
  5
F4B
330
17
100
AcDbEntity
  8
GEOMETRY
100
AcDbLine
 10
171.484375
 20
157.5
 30
0.0
 11
171.4375
 21
157.5
 31
0.0
  0
LINE
  5
F4C
330
17
100
AcDbEntity
  8
GEOMETRY
100
AcDbLine
 10
171.4375
 20
157.5
 30
0.0
 11
171.390625
 21
157.5
 31
0.0
  0
LINE
  5
F4D
330
17
100
AcDbEntity
  8
GEOMETRY
100
AcDbLine
 10
171.390625
 20
157.5
 30
0.0
 11
171.34375
 21
157.5
 31
0.0
  0
LINE
  5
F4E
330
17
100
AcDbEntity
  8
GEOMETRY
100
AcDbLine
 10
171.34375
 20
157.5
 30
0.0
 11
171.296875
 21
157.5
 31
0.0
  0
LINE
  5
F4F
330
17
100
AcDbEntity
  8
GEOMETRY
100
AcDbLine
 10
171.296875
 20
157.5
 30
0.0
 11
171.25
 21
157.5
 31
0.0
  0
LINE
  5
F50
330
17
100
AcDbEntity
  8
GEOMETRY
100
AcDbLine
 10
171.25
 20
157.5
 30
0.0
 11
171.203125
 21
157.5
 31
0.0
  0
LINE
  5
F51
330
17
100
AcDbEntity
  8
GEOMETRY
100
AcDbLine
 10
171.203125
 20
157.5
 30
0.0
 11
171.15625
 21
157.5
 31
0.0
  0
LINE
  5
F52
330
17
100
AcDbEntity
  8
GEOMETRY
100
AcDbLine
 10
171.15625
 20
157.5
 30
0.0
 11
171.109375
 21
157.5
 31
0.0
  0
LINE
  5
F53
330
17
100
AcDbEntity
  8
GEOMETRY
100
AcDbLine
 10
171.109375
 20
157.5
 30
0.0
 11
171.0625
 21
157.5
 31
0.0
  0
LINE
  5
F54
330
17
100
AcDbEntity
  8
GEOMETRY
100
AcDbLine
 10
171.0625
 20
157.5
 30
0.0
 11
171.015625
 21
157.5
 31
0.0
  0
LINE
  5
F55
330
17
100
AcDbEntity
  8
GEOMETRY
100
AcDbLine
 10
171.015625
 20
157.5
 30
0.0
 11
170.96875
 21
157.5
 31
0.0
  0
LINE
  5
F56
330
17
100
AcDbEntity
  8
GEOMETRY
100
AcDbLine
 10
170.96875
 20
157.5
 30
0.0
 11
170.921875
 21
157.5
 31
0.0
  0
LINE
  5
F57
330
17
100
AcDbEntity
  8
GEOMETRY
100
AcDbLine
 10
170.921875
 20
157.5
 30
0.0
 11
170.875
 21
157.5
 31
0.0
  0
LINE
  5
F58
330
17
100
AcDbEntity
  8
GEOMETRY
100
AcDbLine
 10
170.875
 20
157.5
 30
0.0
 11
170.828125
 21
157.5
 31
0.0
  0
LINE
  5
F59
330
17
100
AcDbEntity
  8
GEOMETRY
100
AcDbLine
 10
170.828125
 20
157.5
 30
0.0
 11
170.78125
 21
157.5
 31
0.0
  0
LINE
  5
F5A
330
17
100
AcDbEntity
  8
GEOMETRY
100
AcDbLine
 10
170.78125
 20
157.5
 30
0.0
 11
170.734375
 21
157.5
 31
0.0
  0
LINE
  5
F5B
330
17
100
AcDbEntity
  8
GEOMETRY
100
AcDbLine
 10
170.734375
 20
157.5
 30
0.0
 11
170.6875
 21
157.5
 31
0.0
  0
LINE
  5
F5C
330
17
100
AcDbEntity
  8
GEOMETRY
100
AcDbLine
 10
170.6875
 20
157.5
 30
0.0
 11
170.640625
 21
157.5
 31
0.0
  0
LINE
  5
F5D
330
17
100
AcDbEntity
  8
GEOMETRY
100
AcDbLine
 10
170.640625
 20
157.5
 30
0.0
 11
170.59375
 21
157.5
 31
0.0
  0
LINE
  5
F5E
330
17
100
AcDbEntity
  8
GEOMETRY
100
AcDbLine
 10
170.59375
 20
157.5
 30
0.0
 11
170.546875
 21
157.5
 31
0.0
  0
LINE
  5
F5F
330
17
100
AcDbEntity
  8
GEOMETRY
100
AcDbLine
 10
170.546875
 20
157.5
 30
0.0
 11
170.5
 21
157.5
 31
0.0
  0
LINE
  5
F60
330
17
100
AcDbEntity
  8
GEOMETRY
100
AcDbLine
 10
173.5
 20
137.5
 30
0.0
 11
170.5
 21
137.5
 31
0.0
  0
LINE
  5
F61
330
17
100
AcDbEntity
  8
GEOMETRY
100
AcDbLine
 10
173.5
 20
174.75
 30
0.0
 11
170.5
 21
174.75
 31
0.0
  0
LINE
  5
F62
330
17
100
AcDbEntity
  8
GEOMETRY
100
AcDbLine
 10
173.5
 20
170.25
 30
0.0
 11
170.5
 21
170.25
 31
0.0
  0
LINE
  5
F63
330
17
100
AcDbEntity
  8
GEOMETRY
100
AcDbLine
 10
173.5
 20
144.75
 30
0.0
 11
170.5
 21
144.75
 31
0.0
  0
LINE
  5
F64
330
17
100
AcDbEntity
  8
GEOMETRY
100
AcDbLine
 10
173.5
 20
140.25
 30
0.0
 11
170.5
 21
140.25
 31
0.0
  0
LINE
  5
F65
330
17
100
AcDbEntity
  8
GEOMETRY
100
AcDbLine
 10
173.5
 20
163.5
 30
0.0
 11
170.5
 21
163.5
 31
0.0
  0
LINE
  5
F66
330
17
100
AcDbEntity
  8
GEOMETRY
100
AcDbLine
 10
173.5
 20
151.5
 30
0.0
 11
170.5
 21
151.5
 31
0.0
  0
LINE
  5
F67
330
17
100
AcDbEntity
  8
GEOMETRY
100
AcDbLine
 10
173.5
 20
177.5
 30
0.0
 11
170.5
 21
177.5
 31
0.0
  0
LINE
  5
F68
330
17
100
AcDbEntity
  8
GEOMETRY
100
AcDbLine
 10
268.5
 20
85.91742430504414
 30
0.0
 11
255.89999999999998
 21
80.41833347109713
 31
0.0
  0
LINE
  5
F69
330
17
100
AcDbEntity
  8
GEOMETRY
100
AcDbLine
 10
268.5
 20
85.91742430504414
 30
0.0
 11
255.89999999999998
 21
80.41833347109713
 31
0.0
  0
LINE
  5
F6A
330
17
100
AcDbEntity
  8
GEOMETRY
100
AcDbLine
 10
255.89999999999998
 20
80.41833347109713
 30
0.0
 11
255.72649602762345
 21
80.34437439994544
 31
0.0
  0
LINE
  5
F6B
330
17
100
AcDbEntity
  8
GEOMETRY
100
AcDbLine
 10
255.72649602762345
 20
80.34437439994544
 30
0.0
 11
255.55174948034247
 21
80.27340104685118
 31
0.0
  0
LINE
  5
F6C
330
17
100
AcDbEntity
  8
GEOMETRY
100
AcDbLine
 10
255.55174948034247
 20
80.27340104685118
 30
0.0
 11
255.37581173302482
 21
80.20543427772947
 31
0.0
  0
LINE
  5
F6D
330
17
100
AcDbEntity
  8
GEOMETRY
100
AcDbLine
 10
255.37581173302482
 20
80.20543427772947
 30
0.0
 11
255.19873451074673
 21
80.14049407457037
 31
0.0
  0
LINE
  5
F6E
330
17
100
AcDbEntity
  8
GEOMETRY
100
AcDbLine
 10
255.19873451074673
 20
80.14049407457037
 30
0.0
 11
255.02056987358617
 21
80.07859952956429
 31
0.0
  0
LINE
  5
F6F
330
17
100
AcDbEntity
  8
GEOMETRY
100
AcDbLine
 10
255.02056987358617
 20
80.07859952956429
 30
0.0
 11
254.8413702013172
 21
80.01976883948882
 31
0.0
  0
LINE
  5
F70
330
17
100
AcDbEntity
  8
GEOMETRY
100
AcDbLine
 10
254.8413702013172
 20
80.01976883948882
 30
0.0
 11
254.66118817801055
 21
79.96401930035904
 31
0.0
  0
LINE
  5
F71
330
17
100
AcDbEntity
  8
GEOMETRY
100
AcDbLine
 10
254.66118817801055
 20
79.96401930035904
 30
0.0
 11
254.48007677654465
 21
79.9113673023426
 31
0.0
  0
LINE
  5
F72
330
17
100
AcDbEntity
  8
GEOMETRY
100
AcDbLine
 10
254.48007677654465
 20
79.9113673023426
 30
0.0
 11
254.2980892430319
 21
79.86182832494092
 31
0.0
  0
LINE
  5
F73
330
17
100
AcDbEntity
  8
GEOMETRY
100
AcDbLine
 10
254.2980892430319
 20
79.86182832494092
 30
0.0
 11
254.11527908116437
 21
79.81541693243838
 31
0.0
  0
LINE
  5
F74
330
17
100
AcDbEntity
  8
GEOMETRY
100
AcDbLine
 10
254.11527908116437
 20
79.81541693243838
 30
0.0
 11
253.93170003648396
 21
79.77214676962049
 31
0.0
  0
LINE
  5
F75
330
17
100
AcDbEntity
  8
GEOMETRY
100
AcDbLine
 10
253.93170003648396
 20
79.77214676962049
 30
0.0
 11
253.7474060805814
 21
79.73203055776224
 31
0.0
  0
LINE
  5
F76
330
17
100
AcDbEntity
  8
GEOMETRY
100
AcDbLine
 10
253.7474060805814
 20
79.73203055776224
 30
0.0
 11
253.56245139522886
 21
79.69508009088828
 31
0.0
  0
LINE
  5
F77
330
17
100
AcDbEntity
  8
GEOMETRY
100
AcDbLine
 10
253.56245139522886
 20
79.69508009088828
 30
0.0
 11
253.3768903564506
 21
79.66130623230534
 31
0.0
  0
LINE
  5
F78
330
17
100
AcDbEntity
  8
GEOMETRY
100
AcDbLine
 10
253.3768903564506
 20
79.66130623230534
 30
0.0
 11
253.19077751853652
 21
79.63071891140855
 31
0.0
  0
LINE
  5
F79
330
17
100
AcDbEntity
  8
GEOMETRY
100
AcDbLine
 10
253.19077751853652
 20
79.63071891140855
 30
0.0
 11
253.00416759800376
 21
79.60332712076223
 31
0.0
  0
LINE
  5
F7A
330
17
100
AcDbEntity
  8
GEOMETRY
100
AcDbLine
 10
253.00416759800376
 20
79.60332712076223
 30
0.0
 11
252.81711545750977
 21
79.57913891345609
 31
0.0
  0
LINE
  5
F7B
330
17
100
AcDbEntity
  8
GEOMETRY
100
AcDbLine
 10
252.81711545750977
 20
79.57913891345609
 30
0.0
 11
252.62967608972326
 21
79.55816140073763
 31
0.0
  0
LINE
  5
F7C
330
17
100
AcDbEntity
  8
GEOMETRY
100
AcDbLine
 10
252.62967608972326
 20
79.55816140073763
 30
0.0
 11
252.4419046011563
 21
79.54040074992152
 31
0.0
  0
LINE
  5
F7D
330
17
100
AcDbEntity
  8
GEOMETRY
100
AcDbLine
 10
252.4419046011563
 20
79.54040074992152
 30
0.0
 11
252.25385619596335
 21
79.52586218257635
 31
0.0
  0
LINE
  5
F7E
330
17
100
AcDbEntity
  8
GEOMETRY
100
AcDbLine
 10
252.25385619596335
 20
79.52586218257635
 30
0.0
 11
252.06558615971136
 21
79.51454997298958
 31
0.0
  0
LINE
  5
F7F
330
17
100
AcDbEntity
  8
GEOMETRY
100
AcDbLine
 10
252.06558615971136
 20
79.51454997298958
 30
0.0
 11
251.87714984312603
 21
79.50646744691088
 31
0.0
  0
LINE
  5
F80
330
17
100
AcDbEntity
  8
GEOMETRY
100
AcDbLine
 10
251.87714984312603
 20
79.50646744691088
 30
0.0
 11
251.6886026458189
 21
79.50161698057435
 31
0.0
  0
LINE
  5
F81
330
17
100
AcDbEntity
  8
GEOMETRY
100
AcDbLine
 10
251.6886026458189
 20
79.50161698057435
 30
0.0
 11
251.5
 21
79.49999999999999
 31
0.0
  0
LINE
  5
F82
330
17
100
AcDbEntity
  8
GEOMETRY
100
AcDbLine
 10
251.5
 20
79.49999999999999
 30
0.0
 11
251.3113973541811
 21
79.50161698057435
 31
0.0
  0
LINE
  5
F83
330
17
100
AcDbEntity
  8
GEOMETRY
100
AcDbLine
 10
251.3113973541811
 20
79.50161698057435
 30
0.0
 11
251.12285015687397
 21
79.50646744691088
 31
0.0
  0
LINE
  5
F84
330
17
100
AcDbEntity
  8
GEOMETRY
100
AcDbLine
 10
251.12285015687397
 20
79.50646744691088
 30
0.0
 11
250.93441384028864
 21
79.51454997298958
 31
0.0
  0
LINE
  5
F85
330
17
100
AcDbEntity
  8
GEOMETRY
100
AcDbLine
 10
250.93441384028864
 20
79.51454997298958
 30
0.0
 11
250.74614380403665
 21
79.52586218257635
 31
0.0
  0
LINE
  5
F86
330
17
100
AcDbEntity
  8
GEOMETRY
100
AcDbLine
 10
250.74614380403665
 20
79.52586218257635
 30
0.0
 11
250.5580953988437
 21
79.54040074992152
 31
0.0
  0
LINE
  5
F87
330
17
100
AcDbEntity
  8
GEOMETRY
100
AcDbLine
 10
250.5580953988437
 20
79.54040074992152
 30
0.0
 11
250.37032391027674
 21
79.55816140073763
 31
0.0
  0
LINE
  5
F88
330
17
100
AcDbEntity
  8
GEOMETRY
100
AcDbLine
 10
250.37032391027674
 20
79.55816140073763
 30
0.0
 11
250.18288454249023
 21
79.57913891345609
 31
0.0
  0
LINE
  5
F89
330
17
100
AcDbEntity
  8
GEOMETRY
100
AcDbLine
 10
250.18288454249023
 20
79.57913891345609
 30
0.0
 11
249.99583240199624
 21
79.60332712076223
 31
0.0
  0
LINE
  5
F8A
330
17
100
AcDbEntity
  8
GEOMETRY
100
AcDbLine
 10
249.99583240199624
 20
79.60332712076223
 30
0.0
 11
249.80922248146348
 21
79.63071891140855
 31
0.0
  0
LINE
  5
F8B
330
17
100
AcDbEntity
  8
GEOMETRY
100
AcDbLine
 10
249.80922248146348
 20
79.63071891140855
 30
0.0
 11
249.6231096435494
 21
79.66130623230534
 31
0.0
  0
LINE
  5
F8C
330
17
100
AcDbEntity
  8
GEOMETRY
100
AcDbLine
 10
249.6231096435494
 20
79.66130623230534
 30
0.0
 11
249.43754860477114
 21
79.69508009088828
 31
0.0
  0
LINE
  5
F8D
330
17
100
AcDbEntity
  8
GEOMETRY
100
AcDbLine
 10
249.43754860477114
 20
79.69508009088828
 30
0.0
 11
249.2525939194186
 21
79.73203055776224
 31
0.0
  0
LINE
  5
F8E
330
17
100
AcDbEntity
  8
GEOMETRY
100
AcDbLine
 10
249.2525939194186
 20
79.73203055776224
 30
0.0
 11
249.06829996351604
 21
79.77214676962049
 31
0.0
  0
LINE
  5
F8F
330
17
100
AcDbEntity
  8
GEOMETRY
100
AcDbLine
 10
249.06829996351604
 20
79.77214676962049
 30
0.0
 11
248.88472091883563
 21
79.81541693243838
 31
0.0
  0
LINE
  5
F90
330
17
100
AcDbEntity
  8
GEOMETRY
100
AcDbLine
 10
248.88472091883563
 20
79.81541693243838
 30
0.0
 11
248.7019107569681
 21
79.86182832494092
 31
0.0
  0
LINE
  5
F91
330
17
100
AcDbEntity
  8
GEOMETRY
100
AcDbLine
 10
248.7019107569681
 20
79.86182832494092
 30
0.0
 11
248.51992322345532
 21
79.9113673023426
 31
0.0
  0
LINE
  5
F92
330
17
100
AcDbEntity
  8
GEOMETRY
100
AcDbLine
 10
248.51992322345532
 20
79.9113673023426
 30
0.0
 11
248.33881182198945
 21
79.96401930035904
 31
0.0
  0
LINE
  5
F93
330
17
100
AcDbEntity
  8
GEOMETRY
100
AcDbLine
 10
248.33881182198945
 20
79.96401930035904
 30
0.0
 11
248.1586297986828
 21
80.01976883948882
 31
0.0
  0
LINE
  5
F94
330
17
100
AcDbEntity
  8
GEOMETRY
100
AcDbLine
 10
248.1586297986828
 20
80.01976883948882
 30
0.0
 11
247.97943012641383
 21
80.07859952956429
 31
0.0
  0
LINE
  5
F95
330
17
100
AcDbEntity
  8
GEOMETRY
100
AcDbLine
 10
247.97943012641383
 20
80.07859952956429
 30
0.0
 11
247.80126548925327
 21
80.14049407457037
 31
0.0
  0
LINE
  5
F96
330
17
100
AcDbEntity
  8
GEOMETRY
100
AcDbLine
 10
247.80126548925327
 20
80.14049407457037
 30
0.0
 11
247.62418826697518
 21
80.20543427772947
 31
0.0
  0
LINE
  5
F97
330
17
100
AcDbEntity
  8
GEOMETRY
100
AcDbLine
 10
247.62418826697518
 20
80.20543427772947
 30
0.0
 11
247.4482505196575
 21
80.27340104685118
 31
0.0
  0
LINE
  5
F98
330
17
100
AcDbEntity
  8
GEOMETRY
100
AcDbLine
 10
247.4482505196575
 20
80.27340104685118
 30
0.0
 11
247.27350397237655
 21
80.34437439994544
 31
0.0
  0
LINE
  5
F99
330
17
100
AcDbEntity
  8
GEOMETRY
100
AcDbLine
 10
247.27350397237655
 20
80.34437439994544
 30
0.0
 11
247.10000000000002
 21
80.41833347109713
 31
0.0
  0
LINE
  5
F9A
330
17
100
AcDbEntity
  8
GEOMETRY
100
AcDbLine
 10
255.89999999999998
 20
80.41833347109713
 30
0.0
 11
255.72649602762345
 21
80.34437439994544
 31
0.0
  0
LINE
  5
F9B
330
17
100
AcDbEntity
  8
GEOMETRY
100
AcDbLine
 10
255.72649602762345
 20
80.34437439994544
 30
0.0
 11
255.55174948034247
 21
80.27340104685118
 31
0.0
  0
LINE
  5
F9C
330
17
100
AcDbEntity
  8
GEOMETRY
100
AcDbLine
 10
255.55174948034247
 20
80.27340104685118
 30
0.0
 11
255.37581173302482
 21
80.20543427772947
 31
0.0
  0
LINE
  5
F9D
330
17
100
AcDbEntity
  8
GEOMETRY
100
AcDbLine
 10
255.37581173302482
 20
80.20543427772947
 30
0.0
 11
255.19873451074673
 21
80.14049407457037
 31
0.0
  0
LINE
  5
F9E
330
17
100
AcDbEntity
  8
GEOMETRY
100
AcDbLine
 10
255.19873451074673
 20
80.14049407457037
 30
0.0
 11
255.02056987358617
 21
80.07859952956429
 31
0.0
  0
LINE
  5
F9F
330
17
100
AcDbEntity
  8
GEOMETRY
100
AcDbLine
 10
255.02056987358617
 20
80.07859952956429
 30
0.0
 11
254.8413702013172
 21
80.01976883948882
 31
0.0
  0
LINE
  5
FA0
330
17
100
AcDbEntity
  8
GEOMETRY
100
AcDbLine
 10
254.8413702013172
 20
80.01976883948882
 30
0.0
 11
254.66118817801055
 21
79.96401930035904
 31
0.0
  0
LINE
  5
FA1
330
17
100
AcDbEntity
  8
GEOMETRY
100
AcDbLine
 10
254.66118817801055
 20
79.96401930035904
 30
0.0
 11
254.48007677654465
 21
79.9113673023426
 31
0.0
  0
LINE
  5
FA2
330
17
100
AcDbEntity
  8
GEOMETRY
100
AcDbLine
 10
254.48007677654465
 20
79.9113673023426
 30
0.0
 11
254.2980892430319
 21
79.86182832494092
 31
0.0
  0
LINE
  5
FA3
330
17
100
AcDbEntity
  8
GEOMETRY
100
AcDbLine
 10
254.2980892430319
 20
79.86182832494092
 30
0.0
 11
254.11527908116437
 21
79.81541693243838
 31
0.0
  0
LINE
  5
FA4
330
17
100
AcDbEntity
  8
GEOMETRY
100
AcDbLine
 10
254.11527908116437
 20
79.81541693243838
 30
0.0
 11
253.93170003648396
 21
79.77214676962049
 31
0.0
  0
LINE
  5
FA5
330
17
100
AcDbEntity
  8
GEOMETRY
100
AcDbLine
 10
253.93170003648396
 20
79.77214676962049
 30
0.0
 11
253.7474060805814
 21
79.73203055776224
 31
0.0
  0
LINE
  5
FA6
330
17
100
AcDbEntity
  8
GEOMETRY
100
AcDbLine
 10
253.7474060805814
 20
79.73203055776224
 30
0.0
 11
253.56245139522886
 21
79.69508009088828
 31
0.0
  0
LINE
  5
FA7
330
17
100
AcDbEntity
  8
GEOMETRY
100
AcDbLine
 10
253.56245139522886
 20
79.69508009088828
 30
0.0
 11
253.3768903564506
 21
79.66130623230534
 31
0.0
  0
LINE
  5
FA8
330
17
100
AcDbEntity
  8
GEOMETRY
100
AcDbLine
 10
253.3768903564506
 20
79.66130623230534
 30
0.0
 11
253.19077751853652
 21
79.63071891140855
 31
0.0
  0
LINE
  5
FA9
330
17
100
AcDbEntity
  8
GEOMETRY
100
AcDbLine
 10
253.19077751853652
 20
79.63071891140855
 30
0.0
 11
253.00416759800376
 21
79.60332712076223
 31
0.0
  0
LINE
  5
FAA
330
17
100
AcDbEntity
  8
GEOMETRY
100
AcDbLine
 10
253.00416759800376
 20
79.60332712076223
 30
0.0
 11
252.81711545750977
 21
79.57913891345609
 31
0.0
  0
LINE
  5
FAB
330
17
100
AcDbEntity
  8
GEOMETRY
100
AcDbLine
 10
252.81711545750977
 20
79.57913891345609
 30
0.0
 11
252.62967608972326
 21
79.55816140073763
 31
0.0
  0
LINE
  5
FAC
330
17
100
AcDbEntity
  8
GEOMETRY
100
AcDbLine
 10
252.62967608972326
 20
79.55816140073763
 30
0.0
 11
252.4419046011563
 21
79.54040074992152
 31
0.0
  0
LINE
  5
FAD
330
17
100
AcDbEntity
  8
GEOMETRY
100
AcDbLine
 10
252.4419046011563
 20
79.54040074992152
 30
0.0
 11
252.25385619596335
 21
79.52586218257635
 31
0.0
  0
LINE
  5
FAE
330
17
100
AcDbEntity
  8
GEOMETRY
100
AcDbLine
 10
252.25385619596335
 20
79.52586218257635
 30
0.0
 11
252.06558615971136
 21
79.51454997298958
 31
0.0
  0
LINE
  5
FAF
330
17
100
AcDbEntity
  8
GEOMETRY
100
AcDbLine
 10
252.06558615971136
 20
79.51454997298958
 30
0.0
 11
251.87714984312603
 21
79.50646744691088
 31
0.0
  0
LINE
  5
FB0
330
17
100
AcDbEntity
  8
GEOMETRY
100
AcDbLine
 10
251.87714984312603
 20
79.50646744691088
 30
0.0
 11
251.6886026458189
 21
79.50161698057435
 31
0.0
  0
LINE
  5
FB1
330
17
100
AcDbEntity
  8
GEOMETRY
100
AcDbLine
 10
251.6886026458189
 20
79.50161698057435
 30
0.0
 11
251.5
 21
79.49999999999999
 31
0.0
  0
LINE
  5
FB2
330
17
100
AcDbEntity
  8
GEOMETRY
100
AcDbLine
 10
251.5
 20
79.49999999999999
 30
0.0
 11
251.3113973541811
 21
79.50161698057435
 31
0.0
  0
LINE
  5
FB3
330
17
100
AcDbEntity
  8
GEOMETRY
100
AcDbLine
 10
251.3113973541811
 20
79.50161698057435
 30
0.0
 11
251.12285015687397
 21
79.50646744691088
 31
0.0
  0
LINE
  5
FB4
330
17
100
AcDbEntity
  8
GEOMETRY
100
AcDbLine
 10
251.12285015687397
 20
79.50646744691088
 30
0.0
 11
250.93441384028864
 21
79.51454997298958
 31
0.0
  0
LINE
  5
FB5
330
17
100
AcDbEntity
  8
GEOMETRY
100
AcDbLine
 10
250.93441384028864
 20
79.51454997298958
 30
0.0
 11
250.74614380403665
 21
79.52586218257635
 31
0.0
  0
LINE
  5
FB6
330
17
100
AcDbEntity
  8
GEOMETRY
100
AcDbLine
 10
250.74614380403665
 20
79.52586218257635
 30
0.0
 11
250.5580953988437
 21
79.54040074992152
 31
0.0
  0
LINE
  5
FB7
330
17
100
AcDbEntity
  8
GEOMETRY
100
AcDbLine
 10
250.5580953988437
 20
79.54040074992152
 30
0.0
 11
250.37032391027674
 21
79.55816140073763
 31
0.0
  0
LINE
  5
FB8
330
17
100
AcDbEntity
  8
GEOMETRY
100
AcDbLine
 10
250.37032391027674
 20
79.55816140073763
 30
0.0
 11
250.18288454249023
 21
79.57913891345609
 31
0.0
  0
LINE
  5
FB9
330
17
100
AcDbEntity
  8
GEOMETRY
100
AcDbLine
 10
250.18288454249023
 20
79.57913891345609
 30
0.0
 11
249.99583240199624
 21
79.60332712076223
 31
0.0
  0
LINE
  5
FBA
330
17
100
AcDbEntity
  8
GEOMETRY
100
AcDbLine
 10
249.99583240199624
 20
79.60332712076223
 30
0.0
 11
249.80922248146348
 21
79.63071891140855
 31
0.0
  0
LINE
  5
FBB
330
17
100
AcDbEntity
  8
GEOMETRY
100
AcDbLine
 10
249.80922248146348
 20
79.63071891140855
 30
0.0
 11
249.6231096435494
 21
79.66130623230534
 31
0.0
  0
LINE
  5
FBC
330
17
100
AcDbEntity
  8
GEOMETRY
100
AcDbLine
 10
249.6231096435494
 20
79.66130623230534
 30
0.0
 11
249.43754860477114
 21
79.69508009088828
 31
0.0
  0
LINE
  5
FBD
330
17
100
AcDbEntity
  8
GEOMETRY
100
AcDbLine
 10
249.43754860477114
 20
79.69508009088828
 30
0.0
 11
249.2525939194186
 21
79.73203055776224
 31
0.0
  0
LINE
  5
FBE
330
17
100
AcDbEntity
  8
GEOMETRY
100
AcDbLine
 10
249.2525939194186
 20
79.73203055776224
 30
0.0
 11
249.06829996351604
 21
79.77214676962049
 31
0.0
  0
LINE
  5
FBF
330
17
100
AcDbEntity
  8
GEOMETRY
100
AcDbLine
 10
249.06829996351604
 20
79.77214676962049
 30
0.0
 11
248.88472091883563
 21
79.81541693243838
 31
0.0
  0
LINE
  5
FC0
330
17
100
AcDbEntity
  8
GEOMETRY
100
AcDbLine
 10
248.88472091883563
 20
79.81541693243838
 30
0.0
 11
248.7019107569681
 21
79.86182832494092
 31
0.0
  0
LINE
  5
FC1
330
17
100
AcDbEntity
  8
GEOMETRY
100
AcDbLine
 10
248.7019107569681
 20
79.86182832494092
 30
0.0
 11
248.51992322345532
 21
79.9113673023426
 31
0.0
  0
LINE
  5
FC2
330
17
100
AcDbEntity
  8
GEOMETRY
100
AcDbLine
 10
248.51992322345532
 20
79.9113673023426
 30
0.0
 11
248.33881182198945
 21
79.96401930035904
 31
0.0
  0
LINE
  5
FC3
330
17
100
AcDbEntity
  8
GEOMETRY
100
AcDbLine
 10
248.33881182198945
 20
79.96401930035904
 30
0.0
 11
248.1586297986828
 21
80.01976883948882
 31
0.0
  0
LINE
  5
FC4
330
17
100
AcDbEntity
  8
GEOMETRY
100
AcDbLine
 10
248.1586297986828
 20
80.01976883948882
 30
0.0
 11
247.97943012641383
 21
80.07859952956429
 31
0.0
  0
LINE
  5
FC5
330
17
100
AcDbEntity
  8
GEOMETRY
100
AcDbLine
 10
247.97943012641383
 20
80.07859952956429
 30
0.0
 11
247.80126548925327
 21
80.14049407457037
 31
0.0
  0
LINE
  5
FC6
330
17
100
AcDbEntity
  8
GEOMETRY
100
AcDbLine
 10
247.80126548925327
 20
80.14049407457037
 30
0.0
 11
247.62418826697518
 21
80.20543427772947
 31
0.0
  0
LINE
  5
FC7
330
17
100
AcDbEntity
  8
GEOMETRY
100
AcDbLine
 10
247.62418826697518
 20
80.20543427772947
 30
0.0
 11
247.4482505196575
 21
80.27340104685118
 31
0.0
  0
LINE
  5
FC8
330
17
100
AcDbEntity
  8
GEOMETRY
100
AcDbLine
 10
247.4482505196575
 20
80.27340104685118
 30
0.0
 11
247.27350397237655
 21
80.34437439994544
 31
0.0
  0
LINE
  5
FC9
330
17
100
AcDbEntity
  8
GEOMETRY
100
AcDbLine
 10
247.27350397237655
 20
80.34437439994544
 30
0.0
 11
247.10000000000002
 21
80.41833347109713
 31
0.0
  0
LINE
  5
FCA
330
17
100
AcDbEntity
  8
GEOMETRY
100
AcDbLine
 10
247.10000000000002
 20
80.41833347109717
 30
0.0
 11
234.5
 21
85.9174243050442
 31
0.0
  0
LINE
  5
FCB
330
17
100
AcDbEntity
  8
GEOMETRY
100
AcDbLine
 10
247.10000000000002
 20
80.41833347109717
 30
0.0
 11
234.5
 21
85.9174243050442
 31
0.0
  0
LINE
  5
FCC
330
17
100
AcDbEntity
  8
GEOMETRY
100
AcDbLine
 10
234.5
 20
85.91742430504414
 30
0.0
 11
234.2810652414864
 21
86.0193383817275
 31
0.0
  0
LINE
  5
FCD
330
17
100
AcDbEntity
  8
GEOMETRY
100
AcDbLine
 10
234.2810652414864
 20
86.0193383817275
 30
0.0
 11
234.06730671701106
 21
86.13170475003112
 31
0.0
  0
LINE
  5
FCE
330
17
100
AcDbEntity
  8
GEOMETRY
100
AcDbLine
 10
234.06730671701106
 20
86.13170475003112
 30
0.0
 11
233.8592230731187
 21
86.2542612866014
 31
0.0
  0
LINE
  5
FCF
330
17
100
AcDbEntity
  8
GEOMETRY
100
AcDbLine
 10
233.8592230731187
 20
86.2542612866014
 30
0.0
 11
233.65729971824067
 21
86.38672209690549
 31
0.0
  0
LINE
  5
FD0
330
17
100
AcDbEntity
  8
GEOMETRY
100
AcDbLine
 10
233.65729971824067
 20
86.38672209690549
 30
0.0
 11
233.46200769035522
 21
86.52877818215359
 31
0.0
  0
LINE
  5
FD1
330
17
100
AcDbEntity
  8
GEOMETRY
100
AcDbLine
 10
233.46200769035522
 20
86.52877818215359
 30
0.0
 11
233.27380255817087
 21
86.68009816011781
 31
0.0
  0
LINE
  5
FD2
330
17
100
AcDbEntity
  8
GEOMETRY
100
AcDbLine
 10
233.27380255817087
 20
86.68009816011781
 30
0.0
 11
233.09312335839547
 21
86.84032903816617
 31
0.0
  0
LINE
  5
FD3
330
17
100
AcDbEntity
  8
GEOMETRY
100
AcDbLine
 10
233.09312335839547
 20
86.84032903816617
 30
0.0
 11
232.92039157157072
 21
87.0090970367084
 31
0.0
  0
LINE
  5
FD4
330
17
100
AcDbEntity
  8
GEOMETRY
100
AcDbLine
 10
232.92039157157072
 20
87.0090970367084
 30
0.0
 11
232.75601013886055
 21
87.18600846113253
 31
0.0
  0
LINE
  5
FD5
330
17
100
AcDbEntity
  8
GEOMETRY
100
AcDbLine
 10
232.75601013886055
 20
87.18600846113253
 30
0.0
 11
232.60036252208783
 21
87.37065062019866
 31
0.0
  0
LINE
  5
FD6
330
17
100
AcDbEntity
  8
GEOMETRY
100
AcDbLine
 10
232.60036252208783
 20
87.37065062019866
 30
0.0
 11
232.4538118092113
 21
87.56259278874685
 31
0.0
  0
LINE
  5
FD7
330
17
100
AcDbEntity
  8
GEOMETRY
100
AcDbLine
 10
232.4538118092113
 20
87.56259278874685
 30
0.0
 11
232.31669986732962
 21
87.76138721247415
 31
0.0
  0
LINE
  5
FD8
330
17
100
AcDbEntity
  8
GEOMETRY
100
AcDbLine
 10
232.31669986732962
 20
87.76138721247415
 30
0.0
 11
232.1893465451892
 21
87.96657015243608
 31
0.0
  0
LINE
  5
FD9
330
17
100
AcDbEntity
  8
GEOMETRY
100
AcDbLine
 10
232.1893465451892
 20
87.96657015243608
 30
0.0
 11
232.0720489270546
 21
88.17766296683669
 31
0.0
  0
LINE
  5
FDA
330
17
100
AcDbEntity
  8
GEOMETRY
100
AcDbLine
 10
232.0720489270546
 20
88.17766296683669
 30
0.0
 11
231.96508063968355
 21
88.39417322758322
 31
0.0
  0
LINE
  5
FDB
330
17
100
AcDbEntity
  8
GEOMETRY
100
AcDbLine
 10
231.96508063968355
 20
88.39417322758322
 30
0.0
 11
231.86869121402242
 21
88.6155958690008
 31
0.0
  0
LINE
  5
FDC
330
17
100
AcDbEntity
  8
GEOMETRY
100
AcDbLine
 10
231.86869121402242
 20
88.6155958690008
 30
0.0
 11
231.78310550311113
 21
88.84141436602758
 31
0.0
  0
LINE
  5
FDD
330
17
100
AcDbEntity
  8
GEOMETRY
100
AcDbLine
 10
231.78310550311113
 20
88.84141436602758
 30
0.0
 11
231.70852315755613
 21
89.07110193914188
 31
0.0
  0
LINE
  5
FDE
330
17
100
AcDbEntity
  8
GEOMETRY
100
AcDbLine
 10
231.70852315755613
 20
89.07110193914188
 30
0.0
 11
231.64511815979384
 21
89.30412278321036
 31
0.0
  0
LINE
  5
FDF
330
17
100
AcDbEntity
  8
GEOMETRY
100
AcDbLine
 10
231.64511815979384
 20
89.30412278321036
 30
0.0
 11
231.5930384182323
 21
89.53993331739089
 31
0.0
  0
LINE
  5
FE0
330
17
100
AcDbEntity
  8
GEOMETRY
100
AcDbLine
 10
231.5930384182323
 20
89.53993331739089
 30
0.0
 11
231.5524054222168
 21
89.77798345317414
 31
0.0
  0
LINE
  5
FE1
330
17
100
AcDbEntity
  8
GEOMETRY
100
AcDbLine
 10
231.5524054222168
 20
89.77798345317414
 30
0.0
 11
231.52331395862475
 21
90.01771787760605
 31
0.0
  0
LINE
  5
FE2
330
17
100
AcDbEntity
  8
GEOMETRY
100
AcDbLine
 10
231.52331395862475
 20
90.01771787760605
 30
0.0
 11
231.50583189075115
 21
90.25857734869756
 31
0.0
  0
LINE
  5
FE3
330
17
100
AcDbEntity
  8
GEOMETRY
100
AcDbLine
 10
231.50583189075115
 20
90.25857734869756
 30
0.0
 11
231.5
 21
90.49999999999999
 31
0.0
  0
LINE
  5
FE4
330
17
100
AcDbEntity
  8
GEOMETRY
100
AcDbLine
 10
231.5
 20
90.49999999999999
 30
0.0
 11
231.50583189075115
 21
90.7414226513024
 31
0.0
  0
LINE
  5
FE5
330
17
100
AcDbEntity
  8
GEOMETRY
100
AcDbLine
 10
231.50583189075115
 20
90.7414226513024
 30
0.0
 11
231.52331395862475
 21
90.98228212239393
 31
0.0
  0
LINE
  5
FE6
330
17
100
AcDbEntity
  8
GEOMETRY
100
AcDbLine
 10
231.52331395862475
 20
90.98228212239393
 30
0.0
 11
231.5524054222168
 21
91.22201654682581
 31
0.0
  0
LINE
  5
FE7
330
17
100
AcDbEntity
  8
GEOMETRY
100
AcDbLine
 10
231.5524054222168
 20
91.22201654682581
 30
0.0
 11
231.5930384182323
 21
91.46006668260907
 31
0.0
  0
LINE
  5
FE8
330
17
100
AcDbEntity
  8
GEOMETRY
100
AcDbLine
 10
231.5930384182323
 20
91.46006668260907
 30
0.0
 11
231.64511815979384
 21
91.69587721678961
 31
0.0
  0
LINE
  5
FE9
330
17
100
AcDbEntity
  8
GEOMETRY
100
AcDbLine
 10
231.64511815979384
 20
91.69587721678961
 30
0.0
 11
231.70852315755613
 21
91.92889806085809
 31
0.0
  0
LINE
  5
FEA
330
17
100
AcDbEntity
  8
GEOMETRY
100
AcDbLine
 10
231.70852315755613
 20
91.92889806085809
 30
0.0
 11
231.78310550311113
 21
92.15858563397238
 31
0.0
  0
LINE
  5
FEB
330
17
100
AcDbEntity
  8
GEOMETRY
100
AcDbLine
 10
231.78310550311113
 20
92.15858563397238
 30
0.0
 11
231.86869121402242
 21
92.38440413099917
 31
0.0
  0
LINE
  5
FEC
330
17
100
AcDbEntity
  8
GEOMETRY
100
AcDbLine
 10
231.86869121402242
 20
92.38440413099917
 30
0.0
 11
231.96508063968355
 21
92.60582677241673
 31
0.0
  0
LINE
  5
FED
330
17
100
AcDbEntity
  8
GEOMETRY
100
AcDbLine
 10
231.96508063968355
 20
92.60582677241673
 30
0.0
 11
232.0720489270546
 21
92.82233703316327
 31
0.0
  0
LINE
  5
FEE
330
17
100
AcDbEntity
  8
GEOMETRY
100
AcDbLine
 10
232.0720489270546
 20
92.82233703316327
 30
0.0
 11
232.18934654518918
 21
93.03342984756388
 31
0.0
  0
LINE
  5
FEF
330
17
100
AcDbEntity
  8
GEOMETRY
100
AcDbLine
 10
232.18934654518918
 20
93.03342984756388
 30
0.0
 11
232.31669986732962
 21
93.23861278752581
 31
0.0
  0
LINE
  5
FF0
330
17
100
AcDbEntity
  8
GEOMETRY
100
AcDbLine
 10
232.31669986732962
 20
93.23861278752581
 30
0.0
 11
232.45381180921126
 21
93.4374072112531
 31
0.0
  0
LINE
  5
FF1
330
17
100
AcDbEntity
  8
GEOMETRY
100
AcDbLine
 10
232.45381180921126
 20
93.4374072112531
 30
0.0
 11
232.60036252208783
 21
93.62934937980131
 31
0.0
  0
LINE
  5
FF2
330
17
100
AcDbEntity
  8
GEOMETRY
100
AcDbLine
 10
232.60036252208783
 20
93.62934937980131
 30
0.0
 11
232.75601013886055
 21
93.81399153886743
 31
0.0
  0
LINE
  5
FF3
330
17
100
AcDbEntity
  8
GEOMETRY
100
AcDbLine
 10
232.75601013886055
 20
93.81399153886743
 30
0.0
 11
232.92039157157072
 21
93.99090296329157
 31
0.0
  0
LINE
  5
FF4
330
17
100
AcDbEntity
  8
GEOMETRY
100
AcDbLine
 10
232.92039157157072
 20
93.99090296329157
 30
0.0
 11
233.09312335839547
 21
94.15967096183378
 31
0.0
  0
LINE
  5
FF5
330
17
100
AcDbEntity
  8
GEOMETRY
100
AcDbLine
 10
233.09312335839547
 20
94.15967096183378
 30
0.0
 11
233.27380255817087
 21
94.31990183988215
 31
0.0
  0
LINE
  5
FF6
330
17
100
AcDbEntity
  8
GEOMETRY
100
AcDbLine
 10
233.27380255817087
 20
94.31990183988215
 30
0.0
 11
233.46200769035522
 21
94.47122181784637
 31
0.0
  0
LINE
  5
FF7
330
17
100
AcDbEntity
  8
GEOMETRY
100
AcDbLine
 10
233.46200769035522
 20
94.47122181784637
 30
0.0
 11
233.65729971824067
 21
94.61327790309447
 31
0.0
  0
LINE
  5
FF8
330
17
100
AcDbEntity
  8
GEOMETRY
100
AcDbLine
 10
233.65729971824067
 20
94.61327790309447
 30
0.0
 11
233.8592230731187
 21
94.74573871339857
 31
0.0
  0
LINE
  5
FF9
330
17
100
AcDbEntity
  8
GEOMETRY
100
AcDbLine
 10
233.8592230731187
 20
94.74573871339857
 30
0.0
 11
234.06730671701106
 21
94.86829524996884
 31
0.0
  0
LINE
  5
FFA
330
17
100
AcDbEntity
  8
GEOMETRY
100
AcDbLine
 10
234.06730671701106
 20
94.86829524996884
 30
0.0
 11
234.2810652414864
 21
94.98066161827248
 31
0.0
  0
LINE
  5
FFB
330
17
100
AcDbEntity
  8
GEOMETRY
100
AcDbLine
 10
234.2810652414864
 20
94.98066161827248
 30
0.0
 11
234.5
 21
95.08257569495582
 31
0.0
  0
LINE
  5
FFC
330
17
100
AcDbEntity
  8
GEOMETRY
100
AcDbLine
 10
234.5
 20
85.91742430504414
 30
0.0
 11
234.2810652414864
 21
86.0193383817275
 31
0.0
  0
LINE
  5
FFD
330
17
100
AcDbEntity
  8
GEOMETRY
100
AcDbLine
 10
234.2810652414864
 20
86.0193383817275
 30
0.0
 11
234.06730671701106
 21
86.13170475003112
 31
0.0
  0
LINE
  5
FFE
330
17
100
AcDbEntity
  8
GEOMETRY
100
AcDbLine
 10
234.06730671701106
 20
86.13170475003112
 30
0.0
 11
233.8592230731187
 21
86.2542612866014
 31
0.0
  0
LINE
  5
FFF
330
17
100
AcDbEntity
  8
GEOMETRY
100
AcDbLine
 10
233.8592230731187
 20
86.2542612866014
 30
0.0
 11
233.65729971824067
 21
86.38672209690549
 31
0.0
  0
LINE
  5
1000
330
17
100
AcDbEntity
  8
GEOMETRY
100
AcDbLine
 10
233.65729971824067
 20
86.38672209690549
 30
0.0
 11
233.46200769035522
 21
86.52877818215359
 31
0.0
  0
LINE
  5
1001
330
17
100
AcDbEntity
  8
GEOMETRY
100
AcDbLine
 10
233.46200769035522
 20
86.52877818215359
 30
0.0
 11
233.27380255817087
 21
86.68009816011781
 31
0.0
  0
LINE
  5
1002
330
17
100
AcDbEntity
  8
GEOMETRY
100
AcDbLine
 10
233.27380255817087
 20
86.68009816011781
 30
0.0
 11
233.09312335839547
 21
86.84032903816617
 31
0.0
  0
LINE
  5
1003
330
17
100
AcDbEntity
  8
GEOMETRY
100
AcDbLine
 10
233.09312335839547
 20
86.84032903816617
 30
0.0
 11
232.92039157157072
 21
87.0090970367084
 31
0.0
  0
LINE
  5
1004
330
17
100
AcDbEntity
  8
GEOMETRY
100
AcDbLine
 10
232.92039157157072
 20
87.0090970367084
 30
0.0
 11
232.75601013886055
 21
87.18600846113253
 31
0.0
  0
LINE
  5
1005
330
17
100
AcDbEntity
  8
GEOMETRY
100
AcDbLine
 10
232.75601013886055
 20
87.18600846113253
 30
0.0
 11
232.60036252208783
 21
87.37065062019866
 31
0.0
  0
LINE
  5
1006
330
17
100
AcDbEntity
  8
GEOMETRY
100
AcDbLine
 10
232.60036252208783
 20
87.37065062019866
 30
0.0
 11
232.4538118092113
 21
87.56259278874685
 31
0.0
  0
LINE
  5
1007
330
17
100
AcDbEntity
  8
GEOMETRY
100
AcDbLine
 10
232.4538118092113
 20
87.56259278874685
 30
0.0
 11
232.31669986732962
 21
87.76138721247415
 31
0.0
  0
LINE
  5
1008
330
17
100
AcDbEntity
  8
GEOMETRY
100
AcDbLine
 10
232.31669986732962
 20
87.76138721247415
 30
0.0
 11
232.1893465451892
 21
87.96657015243608
 31
0.0
  0
LINE
  5
1009
330
17
100
AcDbEntity
  8
GEOMETRY
100
AcDbLine
 10
232.1893465451892
 20
87.96657015243608
 30
0.0
 11
232.0720489270546
 21
88.17766296683669
 31
0.0
  0
LINE
  5
100A
330
17
100
AcDbEntity
  8
GEOMETRY
100
AcDbLine
 10
232.0720489270546
 20
88.17766296683669
 30
0.0
 11
231.96508063968355
 21
88.39417322758322
 31
0.0
  0
LINE
  5
100B
330
17
100
AcDbEntity
  8
GEOMETRY
100
AcDbLine
 10
231.96508063968355
 20
88.39417322758322
 30
0.0
 11
231.86869121402242
 21
88.6155958690008
 31
0.0
  0
LINE
  5
100C
330
17
100
AcDbEntity
  8
GEOMETRY
100
AcDbLine
 10
231.86869121402242
 20
88.6155958690008
 30
0.0
 11
231.78310550311113
 21
88.84141436602758
 31
0.0
  0
LINE
  5
100D
330
17
100
AcDbEntity
  8
GEOMETRY
100
AcDbLine
 10
231.78310550311113
 20
88.84141436602758
 30
0.0
 11
231.70852315755613
 21
89.07110193914188
 31
0.0
  0
LINE
  5
100E
330
17
100
AcDbEntity
  8
GEOMETRY
100
AcDbLine
 10
231.70852315755613
 20
89.07110193914188
 30
0.0
 11
231.64511815979384
 21
89.30412278321036
 31
0.0
  0
LINE
  5
100F
330
17
100
AcDbEntity
  8
GEOMETRY
100
AcDbLine
 10
231.64511815979384
 20
89.30412278321036
 30
0.0
 11
231.5930384182323
 21
89.53993331739089
 31
0.0
  0
LINE
  5
1010
330
17
100
AcDbEntity
  8
GEOMETRY
100
AcDbLine
 10
231.5930384182323
 20
89.53993331739089
 30
0.0
 11
231.5524054222168
 21
89.77798345317414
 31
0.0
  0
LINE
  5
1011
330
17
100
AcDbEntity
  8
GEOMETRY
100
AcDbLine
 10
231.5524054222168
 20
89.77798345317414
 30
0.0
 11
231.52331395862475
 21
90.01771787760605
 31
0.0
  0
LINE
  5
1012
330
17
100
AcDbEntity
  8
GEOMETRY
100
AcDbLine
 10
231.52331395862475
 20
90.01771787760605
 30
0.0
 11
231.50583189075115
 21
90.25857734869756
 31
0.0
  0
LINE
  5
1013
330
17
100
AcDbEntity
  8
GEOMETRY
100
AcDbLine
 10
231.50583189075115
 20
90.25857734869756
 30
0.0
 11
231.5
 21
90.49999999999999
 31
0.0
  0
LINE
  5
1014
330
17
100
AcDbEntity
  8
GEOMETRY
100
AcDbLine
 10
231.5
 20
90.49999999999999
 30
0.0
 11
231.50583189075115
 21
90.7414226513024
 31
0.0
  0
LINE
  5
1015
330
17
100
AcDbEntity
  8
GEOMETRY
100
AcDbLine
 10
231.50583189075115
 20
90.7414226513024
 30
0.0
 11
231.52331395862475
 21
90.98228212239393
 31
0.0
  0
LINE
  5
1016
330
17
100
AcDbEntity
  8
GEOMETRY
100
AcDbLine
 10
231.52331395862475
 20
90.98228212239393
 30
0.0
 11
231.5524054222168
 21
91.22201654682581
 31
0.0
  0
LINE
  5
1017
330
17
100
AcDbEntity
  8
GEOMETRY
100
AcDbLine
 10
231.5524054222168
 20
91.22201654682581
 30
0.0
 11
231.5930384182323
 21
91.46006668260907
 31
0.0
  0
LINE
  5
1018
330
17
100
AcDbEntity
  8
GEOMETRY
100
AcDbLine
 10
231.5930384182323
 20
91.46006668260907
 30
0.0
 11
231.64511815979384
 21
91.69587721678961
 31
0.0
  0
LINE
  5
1019
330
17
100
AcDbEntity
  8
GEOMETRY
100
AcDbLine
 10
231.64511815979384
 20
91.69587721678961
 30
0.0
 11
231.70852315755613
 21
91.92889806085809
 31
0.0
  0
LINE
  5
101A
330
17
100
AcDbEntity
  8
GEOMETRY
100
AcDbLine
 10
231.70852315755613
 20
91.92889806085809
 30
0.0
 11
231.78310550311113
 21
92.15858563397238
 31
0.0
  0
LINE
  5
101B
330
17
100
AcDbEntity
  8
GEOMETRY
100
AcDbLine
 10
231.78310550311113
 20
92.15858563397238
 30
0.0
 11
231.86869121402242
 21
92.38440413099917
 31
0.0
  0
LINE
  5
101C
330
17
100
AcDbEntity
  8
GEOMETRY
100
AcDbLine
 10
231.86869121402242
 20
92.38440413099917
 30
0.0
 11
231.96508063968355
 21
92.60582677241673
 31
0.0
  0
LINE
  5
101D
330
17
100
AcDbEntity
  8
GEOMETRY
100
AcDbLine
 10
231.96508063968355
 20
92.60582677241673
 30
0.0
 11
232.0720489270546
 21
92.82233703316327
 31
0.0
  0
LINE
  5
101E
330
17
100
AcDbEntity
  8
GEOMETRY
100
AcDbLine
 10
232.0720489270546
 20
92.82233703316327
 30
0.0
 11
232.18934654518918
 21
93.03342984756388
 31
0.0
  0
LINE
  5
101F
330
17
100
AcDbEntity
  8
GEOMETRY
100
AcDbLine
 10
232.18934654518918
 20
93.03342984756388
 30
0.0
 11
232.31669986732962
 21
93.23861278752581
 31
0.0
  0
LINE
  5
1020
330
17
100
AcDbEntity
  8
GEOMETRY
100
AcDbLine
 10
232.31669986732962
 20
93.23861278752581
 30
0.0
 11
232.45381180921126
 21
93.4374072112531
 31
0.0
  0
LINE
  5
1021
330
17
100
AcDbEntity
  8
GEOMETRY
100
AcDbLine
 10
232.45381180921126
 20
93.4374072112531
 30
0.0
 11
232.60036252208783
 21
93.62934937980131
 31
0.0
  0
LINE
  5
1022
330
17
100
AcDbEntity
  8
GEOMETRY
100
AcDbLine
 10
232.60036252208783
 20
93.62934937980131
 30
0.0
 11
232.75601013886055
 21
93.81399153886743
 31
0.0
  0
LINE
  5
1023
330
17
100
AcDbEntity
  8
GEOMETRY
100
AcDbLine
 10
232.75601013886055
 20
93.81399153886743
 30
0.0
 11
232.92039157157072
 21
93.99090296329157
 31
0.0
  0
LINE
  5
1024
330
17
100
AcDbEntity
  8
GEOMETRY
100
AcDbLine
 10
232.92039157157072
 20
93.99090296329157
 30
0.0
 11
233.09312335839547
 21
94.15967096183378
 31
0.0
  0
LINE
  5
1025
330
17
100
AcDbEntity
  8
GEOMETRY
100
AcDbLine
 10
233.09312335839547
 20
94.15967096183378
 30
0.0
 11
233.27380255817087
 21
94.31990183988215
 31
0.0
  0
LINE
  5
1026
330
17
100
AcDbEntity
  8
GEOMETRY
100
AcDbLine
 10
233.27380255817087
 20
94.31990183988215
 30
0.0
 11
233.46200769035522
 21
94.47122181784637
 31
0.0
  0
LINE
  5
1027
330
17
100
AcDbEntity
  8
GEOMETRY
100
AcDbLine
 10
233.46200769035522
 20
94.47122181784637
 30
0.0
 11
233.65729971824067
 21
94.61327790309447
 31
0.0
  0
LINE
  5
1028
330
17
100
AcDbEntity
  8
GEOMETRY
100
AcDbLine
 10
233.65729971824067
 20
94.61327790309447
 30
0.0
 11
233.8592230731187
 21
94.74573871339857
 31
0.0
  0
LINE
  5
1029
330
17
100
AcDbEntity
  8
GEOMETRY
100
AcDbLine
 10
233.8592230731187
 20
94.74573871339857
 30
0.0
 11
234.06730671701106
 21
94.86829524996884
 31
0.0
  0
LINE
  5
102A
330
17
100
AcDbEntity
  8
GEOMETRY
100
AcDbLine
 10
234.06730671701106
 20
94.86829524996884
 30
0.0
 11
234.2810652414864
 21
94.98066161827248
 31
0.0
  0
LINE
  5
102B
330
17
100
AcDbEntity
  8
GEOMETRY
100
AcDbLine
 10
234.2810652414864
 20
94.98066161827248
 30
0.0
 11
234.5
 21
95.08257569495582
 31
0.0
  0
LINE
  5
102C
330
17
100
AcDbEntity
  8
GEOMETRY
100
AcDbLine
 10
234.5
 20
95.0825756949558
 30
0.0
 11
247.1
 21
100.58166652890284
 31
0.0
  0
LINE
  5
102D
330
17
100
AcDbEntity
  8
GEOMETRY
100
AcDbLine
 10
234.5
 20
95.0825756949558
 30
0.0
 11
247.1
 21
100.58166652890284
 31
0.0
  0
LINE
  5
102E
330
17
100
AcDbEntity
  8
GEOMETRY
100
AcDbLine
 10
247.1
 20
100.58166652890284
 30
0.0
 11
247.27350397237655
 21
100.65562560005455
 31
0.0
  0
LINE
  5
102F
330
17
100
AcDbEntity
  8
GEOMETRY
100
AcDbLine
 10
247.27350397237655
 20
100.65562560005455
 30
0.0
 11
247.4482505196575
 21
100.72659895314881
 31
0.0
  0
LINE
  5
1030
330
17
100
AcDbEntity
  8
GEOMETRY
100
AcDbLine
 10
247.4482505196575
 20
100.72659895314881
 30
0.0
 11
247.62418826697518
 21
100.79456572227052
 31
0.0
  0
LINE
  5
1031
330
17
100
AcDbEntity
  8
GEOMETRY
100
AcDbLine
 10
247.62418826697518
 20
100.79456572227052
 30
0.0
 11
247.80126548925324
 21
100.8595059254296
 31
0.0
  0
LINE
  5
1032
330
17
100
AcDbEntity
  8
GEOMETRY
100
AcDbLine
 10
247.80126548925324
 20
100.8595059254296
 30
0.0
 11
247.9794301264138
 21
100.9214004704357
 31
0.0
  0
LINE
  5
1033
330
17
100
AcDbEntity
  8
GEOMETRY
100
AcDbLine
 10
247.9794301264138
 20
100.9214004704357
 30
0.0
 11
248.15862979868277
 21
100.98023116051118
 31
0.0
  0
LINE
  5
1034
330
17
100
AcDbEntity
  8
GEOMETRY
100
AcDbLine
 10
248.15862979868277
 20
100.98023116051118
 30
0.0
 11
248.33881182198942
 21
101.03598069964093
 31
0.0
  0
LINE
  5
1035
330
17
100
AcDbEntity
  8
GEOMETRY
100
AcDbLine
 10
248.33881182198942
 20
101.03598069964093
 30
0.0
 11
248.5199232234553
 21
101.08863269765739
 31
0.0
  0
LINE
  5
1036
330
17
100
AcDbEntity
  8
GEOMETRY
100
AcDbLine
 10
248.5199232234553
 20
101.08863269765739
 30
0.0
 11
248.70191075696806
 21
101.13817167505907
 31
0.0
  0
LINE
  5
1037
330
17
100
AcDbEntity
  8
GEOMETRY
100
AcDbLine
 10
248.70191075696806
 20
101.13817167505907
 30
0.0
 11
248.88472091883563
 21
101.1845830675616
 31
0.0
  0
LINE
  5
1038
330
17
100
AcDbEntity
  8
GEOMETRY
100
AcDbLine
 10
248.88472091883563
 20
101.1845830675616
 30
0.0
 11
249.068299963516
 21
101.22785323037951
 31
0.0
  0
LINE
  5
1039
330
17
100
AcDbEntity
  8
GEOMETRY
100
AcDbLine
 10
249.068299963516
 20
101.22785323037951
 30
0.0
 11
249.25259391941856
 21
101.26796944223774
 31
0.0
  0
LINE
  5
103A
330
17
100
AcDbEntity
  8
GEOMETRY
100
AcDbLine
 10
249.25259391941856
 20
101.26796944223774
 30
0.0
 11
249.4375486047711
 21
101.3049199091117
 31
0.0
  0
LINE
  5
103B
330
17
100
AcDbEntity
  8
GEOMETRY
100
AcDbLine
 10
249.4375486047711
 20
101.3049199091117
 30
0.0
 11
249.6231096435494
 21
101.33869376769465
 31
0.0
  0
LINE
  5
103C
330
17
100
AcDbEntity
  8
GEOMETRY
100
AcDbLine
 10
249.6231096435494
 20
101.33869376769465
 30
0.0
 11
249.80922248146345
 21
101.36928108859144
 31
0.0
  0
LINE
  5
103D
330
17
100
AcDbEntity
  8
GEOMETRY
100
AcDbLine
 10
249.80922248146345
 20
101.36928108859144
 30
0.0
 11
249.9958324019962
 21
101.39667287923776
 31
0.0
  0
LINE
  5
103E
330
17
100
AcDbEntity
  8
GEOMETRY
100
AcDbLine
 10
249.9958324019962
 20
101.39667287923776
 30
0.0
 11
250.1828845424902
 21
101.4208610865439
 31
0.0
  0
LINE
  5
103F
330
17
100
AcDbEntity
  8
GEOMETRY
100
AcDbLine
 10
250.1828845424902
 20
101.4208610865439
 30
0.0
 11
250.3703239102767
 21
101.44183859926235
 31
0.0
  0
LINE
  5
1040
330
17
100
AcDbEntity
  8
GEOMETRY
100
AcDbLine
 10
250.3703239102767
 20
101.44183859926235
 30
0.0
 11
250.55809539884368
 21
101.45959925007847
 31
0.0
  0
LINE
  5
1041
330
17
100
AcDbEntity
  8
GEOMETRY
100
AcDbLine
 10
250.55809539884368
 20
101.45959925007847
 30
0.0
 11
250.74614380403662
 21
101.47413781742364
 31
0.0
  0
LINE
  5
1042
330
17
100
AcDbEntity
  8
GEOMETRY
100
AcDbLine
 10
250.74614380403662
 20
101.47413781742364
 30
0.0
 11
250.9344138402886
 21
101.4854500270104
 31
0.0
  0
LINE
  5
1043
330
17
100
AcDbEntity
  8
GEOMETRY
100
AcDbLine
 10
250.9344138402886
 20
101.4854500270104
 30
0.0
 11
251.12285015687394
 21
101.49353255308911
 31
0.0
  0
LINE
  5
1044
330
17
100
AcDbEntity
  8
GEOMETRY
100
AcDbLine
 10
251.12285015687394
 20
101.49353255308911
 30
0.0
 11
251.3113973541811
 21
101.49838301942563
 31
0.0
  0
LINE
  5
1045
330
17
100
AcDbEntity
  8
GEOMETRY
100
AcDbLine
 10
251.3113973541811
 20
101.49838301942563
 30
0.0
 11
251.49999999999997
 21
101.5
 31
0.0
  0
LINE
  5
1046
330
17
100
AcDbEntity
  8
GEOMETRY
100
AcDbLine
 10
251.49999999999997
 20
101.5
 30
0.0
 11
251.68860264581886
 21
101.49838301942563
 31
0.0
  0
LINE
  5
1047
330
17
100
AcDbEntity
  8
GEOMETRY
100
AcDbLine
 10
251.68860264581886
 20
101.49838301942563
 30
0.0
 11
251.877149843126
 21
101.49353255308911
 31
0.0
  0
LINE
  5
1048
330
17
100
AcDbEntity
  8
GEOMETRY
100
AcDbLine
 10
251.877149843126
 20
101.49353255308911
 30
0.0
 11
252.06558615971136
 21
101.4854500270104
 31
0.0
  0
LINE
  5
1049
330
17
100
AcDbEntity
  8
GEOMETRY
100
AcDbLine
 10
252.06558615971136
 20
101.4854500270104
 30
0.0
 11
252.25385619596335
 21
101.47413781742364
 31
0.0
  0
LINE
  5
104A
330
17
100
AcDbEntity
  8
GEOMETRY
100
AcDbLine
 10
252.25385619596335
 20
101.47413781742364
 30
0.0
 11
252.4419046011563
 21
101.45959925007847
 31
0.0
  0
LINE
  5
104B
330
17
100
AcDbEntity
  8
GEOMETRY
100
AcDbLine
 10
252.4419046011563
 20
101.45959925007847
 30
0.0
 11
252.62967608972323
 21
101.44183859926235
 31
0.0
  0
LINE
  5
104C
330
17
100
AcDbEntity
  8
GEOMETRY
100
AcDbLine
 10
252.62967608972323
 20
101.44183859926235
 30
0.0
 11
252.81711545750977
 21
101.4208610865439
 31
0.0
  0
LINE
  5
104D
330
17
100
AcDbEntity
  8
GEOMETRY
100
AcDbLine
 10
252.81711545750977
 20
101.4208610865439
 30
0.0
 11
253.00416759800373
 21
101.39667287923776
 31
0.0
  0
LINE
  5
104E
330
17
100
AcDbEntity
  8
GEOMETRY
100
AcDbLine
 10
253.00416759800373
 20
101.39667287923776
 30
0.0
 11
253.19077751853652
 21
101.36928108859144
 31
0.0
  0
LINE
  5
104F
330
17
100
AcDbEntity
  8
GEOMETRY
100
AcDbLine
 10
253.19077751853652
 20
101.36928108859144
 30
0.0
 11
253.37689035645056
 21
101.33869376769465
 31
0.0
  0
LINE
  5
1050
330
17
100
AcDbEntity
  8
GEOMETRY
100
AcDbLine
 10
253.37689035645056
 20
101.33869376769465
 30
0.0
 11
253.56245139522886
 21
101.3049199091117
 31
0.0
  0
LINE
  5
1051
330
17
100
AcDbEntity
  8
GEOMETRY
100
AcDbLine
 10
253.56245139522886
 20
101.3049199091117
 30
0.0
 11
253.7474060805814
 21
101.26796944223774
 31
0.0
  0
LINE
  5
1052
330
17
100
AcDbEntity
  8
GEOMETRY
100
AcDbLine
 10
253.7474060805814
 20
101.26796944223774
 30
0.0
 11
253.93170003648393
 21
101.22785323037951
 31
0.0
  0
LINE
  5
1053
330
17
100
AcDbEntity
  8
GEOMETRY
100
AcDbLine
 10
253.93170003648393
 20
101.22785323037951
 30
0.0
 11
254.11527908116435
 21
101.1845830675616
 31
0.0
  0
LINE
  5
1054
330
17
100
AcDbEntity
  8
GEOMETRY
100
AcDbLine
 10
254.11527908116435
 20
101.1845830675616
 30
0.0
 11
254.29808924303188
 21
101.13817167505907
 31
0.0
  0
LINE
  5
1055
330
17
100
AcDbEntity
  8
GEOMETRY
100
AcDbLine
 10
254.29808924303188
 20
101.13817167505907
 30
0.0
 11
254.48007677654465
 21
101.08863269765739
 31
0.0
  0
LINE
  5
1056
330
17
100
AcDbEntity
  8
GEOMETRY
100
AcDbLine
 10
254.48007677654465
 20
101.08863269765739
 30
0.0
 11
254.66118817801055
 21
101.03598069964093
 31
0.0
  0
LINE
  5
1057
330
17
100
AcDbEntity
  8
GEOMETRY
100
AcDbLine
 10
254.66118817801055
 20
101.03598069964093
 30
0.0
 11
254.8413702013172
 21
100.98023116051117
 31
0.0
  0
LINE
  5
1058
330
17
100
AcDbEntity
  8
GEOMETRY
100
AcDbLine
 10
254.8413702013172
 20
100.98023116051117
 30
0.0
 11
255.02056987358617
 21
100.9214004704357
 31
0.0
  0
LINE
  5
1059
330
17
100
AcDbEntity
  8
GEOMETRY
100
AcDbLine
 10
255.02056987358617
 20
100.9214004704357
 30
0.0
 11
255.1987345107467
 21
100.8595059254296
 31
0.0
  0
LINE
  5
105A
330
17
100
AcDbEntity
  8
GEOMETRY
100
AcDbLine
 10
255.1987345107467
 20
100.8595059254296
 30
0.0
 11
255.3758117330248
 21
100.79456572227052
 31
0.0
  0
LINE
  5
105B
330
17
100
AcDbEntity
  8
GEOMETRY
100
AcDbLine
 10
255.3758117330248
 20
100.79456572227052
 30
0.0
 11
255.55174948034247
 21
100.72659895314881
 31
0.0
  0
LINE
  5
105C
330
17
100
AcDbEntity
  8
GEOMETRY
100
AcDbLine
 10
255.55174948034247
 20
100.72659895314881
 30
0.0
 11
255.72649602762343
 21
100.65562560005455
 31
0.0
  0
LINE
  5
105D
330
17
100
AcDbEntity
  8
GEOMETRY
100
AcDbLine
 10
255.72649602762343
 20
100.65562560005455
 30
0.0
 11
255.89999999999998
 21
100.58166652890284
 31
0.0
  0
LINE
  5
105E
330
17
100
AcDbEntity
  8
GEOMETRY
100
AcDbLine
 10
247.1
 20
100.58166652890284
 30
0.0
 11
247.27350397237655
 21
100.65562560005455
 31
0.0
  0
LINE
  5
105F
330
17
100
AcDbEntity
  8
GEOMETRY
100
AcDbLine
 10
247.27350397237655
 20
100.65562560005455
 30
0.0
 11
247.4482505196575
 21
100.72659895314881
 31
0.0
  0
LINE
  5
1060
330
17
100
AcDbEntity
  8
GEOMETRY
100
AcDbLine
 10
247.4482505196575
 20
100.72659895314881
 30
0.0
 11
247.62418826697518
 21
100.79456572227052
 31
0.0
  0
LINE
  5
1061
330
17
100
AcDbEntity
  8
GEOMETRY
100
AcDbLine
 10
247.62418826697518
 20
100.79456572227052
 30
0.0
 11
247.80126548925324
 21
100.8595059254296
 31
0.0
  0
LINE
  5
1062
330
17
100
AcDbEntity
  8
GEOMETRY
100
AcDbLine
 10
247.80126548925324
 20
100.8595059254296
 30
0.0
 11
247.9794301264138
 21
100.9214004704357
 31
0.0
  0
LINE
  5
1063
330
17
100
AcDbEntity
  8
GEOMETRY
100
AcDbLine
 10
247.9794301264138
 20
100.9214004704357
 30
0.0
 11
248.15862979868277
 21
100.98023116051118
 31
0.0
  0
LINE
  5
1064
330
17
100
AcDbEntity
  8
GEOMETRY
100
AcDbLine
 10
248.15862979868277
 20
100.98023116051118
 30
0.0
 11
248.33881182198942
 21
101.03598069964093
 31
0.0
  0
LINE
  5
1065
330
17
100
AcDbEntity
  8
GEOMETRY
100
AcDbLine
 10
248.33881182198942
 20
101.03598069964093
 30
0.0
 11
248.5199232234553
 21
101.08863269765739
 31
0.0
  0
LINE
  5
1066
330
17
100
AcDbEntity
  8
GEOMETRY
100
AcDbLine
 10
248.5199232234553
 20
101.08863269765739
 30
0.0
 11
248.70191075696806
 21
101.13817167505907
 31
0.0
  0
LINE
  5
1067
330
17
100
AcDbEntity
  8
GEOMETRY
100
AcDbLine
 10
248.70191075696806
 20
101.13817167505907
 30
0.0
 11
248.88472091883563
 21
101.1845830675616
 31
0.0
  0
LINE
  5
1068
330
17
100
AcDbEntity
  8
GEOMETRY
100
AcDbLine
 10
248.88472091883563
 20
101.1845830675616
 30
0.0
 11
249.068299963516
 21
101.22785323037951
 31
0.0
  0
LINE
  5
1069
330
17
100
AcDbEntity
  8
GEOMETRY
100
AcDbLine
 10
249.068299963516
 20
101.22785323037951
 30
0.0
 11
249.25259391941856
 21
101.26796944223774
 31
0.0
  0
LINE
  5
106A
330
17
100
AcDbEntity
  8
GEOMETRY
100
AcDbLine
 10
249.25259391941856
 20
101.26796944223774
 30
0.0
 11
249.4375486047711
 21
101.3049199091117
 31
0.0
  0
LINE
  5
106B
330
17
100
AcDbEntity
  8
GEOMETRY
100
AcDbLine
 10
249.4375486047711
 20
101.3049199091117
 30
0.0
 11
249.6231096435494
 21
101.33869376769465
 31
0.0
  0
LINE
  5
106C
330
17
100
AcDbEntity
  8
GEOMETRY
100
AcDbLine
 10
249.6231096435494
 20
101.33869376769465
 30
0.0
 11
249.80922248146345
 21
101.36928108859144
 31
0.0
  0
LINE
  5
106D
330
17
100
AcDbEntity
  8
GEOMETRY
100
AcDbLine
 10
249.80922248146345
 20
101.36928108859144
 30
0.0
 11
249.9958324019962
 21
101.39667287923776
 31
0.0
  0
LINE
  5
106E
330
17
100
AcDbEntity
  8
GEOMETRY
100
AcDbLine
 10
249.9958324019962
 20
101.39667287923776
 30
0.0
 11
250.1828845424902
 21
101.4208610865439
 31
0.0
  0
LINE
  5
106F
330
17
100
AcDbEntity
  8
GEOMETRY
100
AcDbLine
 10
250.1828845424902
 20
101.4208610865439
 30
0.0
 11
250.3703239102767
 21
101.44183859926235
 31
0.0
  0
LINE
  5
1070
330
17
100
AcDbEntity
  8
GEOMETRY
100
AcDbLine
 10
250.3703239102767
 20
101.44183859926235
 30
0.0
 11
250.55809539884368
 21
101.45959925007847
 31
0.0
  0
LINE
  5
1071
330
17
100
AcDbEntity
  8
GEOMETRY
100
AcDbLine
 10
250.55809539884368
 20
101.45959925007847
 30
0.0
 11
250.74614380403662
 21
101.47413781742364
 31
0.0
  0
LINE
  5
1072
330
17
100
AcDbEntity
  8
GEOMETRY
100
AcDbLine
 10
250.74614380403662
 20
101.47413781742364
 30
0.0
 11
250.9344138402886
 21
101.4854500270104
 31
0.0
  0
LINE
  5
1073
330
17
100
AcDbEntity
  8
GEOMETRY
100
AcDbLine
 10
250.9344138402886
 20
101.4854500270104
 30
0.0
 11
251.12285015687394
 21
101.49353255308911
 31
0.0
  0
LINE
  5
1074
330
17
100
AcDbEntity
  8
GEOMETRY
100
AcDbLine
 10
251.12285015687394
 20
101.49353255308911
 30
0.0
 11
251.3113973541811
 21
101.49838301942563
 31
0.0
  0
LINE
  5
1075
330
17
100
AcDbEntity
  8
GEOMETRY
100
AcDbLine
 10
251.3113973541811
 20
101.49838301942563
 30
0.0
 11
251.49999999999997
 21
101.5
 31
0.0
  0
LINE
  5
1076
330
17
100
AcDbEntity
  8
GEOMETRY
100
AcDbLine
 10
251.49999999999997
 20
101.5
 30
0.0
 11
251.68860264581886
 21
101.49838301942563
 31
0.0
  0
LINE
  5
1077
330
17
100
AcDbEntity
  8
GEOMETRY
100
AcDbLine
 10
251.68860264581886
 20
101.49838301942563
 30
0.0
 11
251.877149843126
 21
101.49353255308911
 31
0.0
  0
LINE
  5
1078
330
17
100
AcDbEntity
  8
GEOMETRY
100
AcDbLine
 10
251.877149843126
 20
101.49353255308911
 30
0.0
 11
252.06558615971136
 21
101.4854500270104
 31
0.0
  0
LINE
  5
1079
330
17
100
AcDbEntity
  8
GEOMETRY
100
AcDbLine
 10
252.06558615971136
 20
101.4854500270104
 30
0.0
 11
252.25385619596335
 21
101.47413781742364
 31
0.0
  0
LINE
  5
107A
330
17
100
AcDbEntity
  8
GEOMETRY
100
AcDbLine
 10
252.25385619596335
 20
101.47413781742364
 30
0.0
 11
252.4419046011563
 21
101.45959925007847
 31
0.0
  0
LINE
  5
107B
330
17
100
AcDbEntity
  8
GEOMETRY
100
AcDbLine
 10
252.4419046011563
 20
101.45959925007847
 30
0.0
 11
252.62967608972323
 21
101.44183859926235
 31
0.0
  0
LINE
  5
107C
330
17
100
AcDbEntity
  8
GEOMETRY
100
AcDbLine
 10
252.62967608972323
 20
101.44183859926235
 30
0.0
 11
252.81711545750977
 21
101.4208610865439
 31
0.0
  0
LINE
  5
107D
330
17
100
AcDbEntity
  8
GEOMETRY
100
AcDbLine
 10
252.81711545750977
 20
101.4208610865439
 30
0.0
 11
253.00416759800373
 21
101.39667287923776
 31
0.0
  0
LINE
  5
107E
330
17
100
AcDbEntity
  8
GEOMETRY
100
AcDbLine
 10
253.00416759800373
 20
101.39667287923776
 30
0.0
 11
253.19077751853652
 21
101.36928108859144
 31
0.0
  0
LINE
  5
107F
330
17
100
AcDbEntity
  8
GEOMETRY
100
AcDbLine
 10
253.19077751853652
 20
101.36928108859144
 30
0.0
 11
253.37689035645056
 21
101.33869376769465
 31
0.0
  0
LINE
  5
1080
330
17
100
AcDbEntity
  8
GEOMETRY
100
AcDbLine
 10
253.37689035645056
 20
101.33869376769465
 30
0.0
 11
253.56245139522886
 21
101.3049199091117
 31
0.0
  0
LINE
  5
1081
330
17
100
AcDbEntity
  8
GEOMETRY
100
AcDbLine
 10
253.56245139522886
 20
101.3049199091117
 30
0.0
 11
253.7474060805814
 21
101.26796944223774
 31
0.0
  0
LINE
  5
1082
330
17
100
AcDbEntity
  8
GEOMETRY
100
AcDbLine
 10
253.7474060805814
 20
101.26796944223774
 30
0.0
 11
253.93170003648393
 21
101.22785323037951
 31
0.0
  0
LINE
  5
1083
330
17
100
AcDbEntity
  8
GEOMETRY
100
AcDbLine
 10
253.93170003648393
 20
101.22785323037951
 30
0.0
 11
254.11527908116435
 21
101.1845830675616
 31
0.0
  0
LINE
  5
1084
330
17
100
AcDbEntity
  8
GEOMETRY
100
AcDbLine
 10
254.11527908116435
 20
101.1845830675616
 30
0.0
 11
254.29808924303188
 21
101.13817167505907
 31
0.0
  0
LINE
  5
1085
330
17
100
AcDbEntity
  8
GEOMETRY
100
AcDbLine
 10
254.29808924303188
 20
101.13817167505907
 30
0.0
 11
254.48007677654465
 21
101.08863269765739
 31
0.0
  0
LINE
  5
1086
330
17
100
AcDbEntity
  8
GEOMETRY
100
AcDbLine
 10
254.48007677654465
 20
101.08863269765739
 30
0.0
 11
254.66118817801055
 21
101.03598069964093
 31
0.0
  0
LINE
  5
1087
330
17
100
AcDbEntity
  8
GEOMETRY
100
AcDbLine
 10
254.66118817801055
 20
101.03598069964093
 30
0.0
 11
254.8413702013172
 21
100.98023116051117
 31
0.0
  0
LINE
  5
1088
330
17
100
AcDbEntity
  8
GEOMETRY
100
AcDbLine
 10
254.8413702013172
 20
100.98023116051117
 30
0.0
 11
255.02056987358617
 21
100.9214004704357
 31
0.0
  0
LINE
  5
1089
330
17
100
AcDbEntity
  8
GEOMETRY
100
AcDbLine
 10
255.02056987358617
 20
100.9214004704357
 30
0.0
 11
255.1987345107467
 21
100.8595059254296
 31
0.0
  0
LINE
  5
108A
330
17
100
AcDbEntity
  8
GEOMETRY
100
AcDbLine
 10
255.1987345107467
 20
100.8595059254296
 30
0.0
 11
255.3758117330248
 21
100.79456572227052
 31
0.0
  0
LINE
  5
108B
330
17
100
AcDbEntity
  8
GEOMETRY
100
AcDbLine
 10
255.3758117330248
 20
100.79456572227052
 30
0.0
 11
255.55174948034247
 21
100.72659895314881
 31
0.0
  0
LINE
  5
108C
330
17
100
AcDbEntity
  8
GEOMETRY
100
AcDbLine
 10
255.55174948034247
 20
100.72659895314881
 30
0.0
 11
255.72649602762343
 21
100.65562560005455
 31
0.0
  0
LINE
  5
108D
330
17
100
AcDbEntity
  8
GEOMETRY
100
AcDbLine
 10
255.72649602762343
 20
100.65562560005455
 30
0.0
 11
255.89999999999998
 21
100.58166652890284
 31
0.0
  0
LINE
  5
108E
330
17
100
AcDbEntity
  8
GEOMETRY
100
AcDbLine
 10
255.89999999999998
 20
100.58166652890289
 30
0.0
 11
268.5
 21
95.08257569495586
 31
0.0
  0
LINE
  5
108F
330
17
100
AcDbEntity
  8
GEOMETRY
100
AcDbLine
 10
255.89999999999998
 20
100.58166652890289
 30
0.0
 11
268.5
 21
95.08257569495586
 31
0.0
  0
CIRCLE
  5
1090
330
17
100
AcDbEntity
  8
GEOMETRY
100
AcDbCircle
 10
266.5
 20
90.49999999999999
 30
0.0
 40
2.25
  0
LINE
  5
1091
330
17
100
AcDbEntity
  8
CENTER_LINES
 62
1
100
AcDbLine
 10
262.25
 20
90.49999999999999
 30
0.0
 11
270.75
 21
90.49999999999999
 31
0.0
  0
LINE
  5
1092
330
17
100
AcDbEntity
  8
CENTER_LINES
 62
1
100
AcDbLine
 10
266.5
 20
86.24999999999999
 30
0.0
 11
266.5
 21
94.74999999999999
 31
0.0
  0
CIRCLE
  5
1093
330
17
100
AcDbEntity
  8
GEOMETRY
100
AcDbCircle
 10
266.5
 20
90.49999999999999
 30
0.0
 40
2.25
  0
LINE
  5
1094
330
17
100
AcDbEntity
  8
CENTER_LINES
 62
1
100
AcDbLine
 10
262.25
 20
90.49999999999999
 30
0.0
 11
270.75
 21
90.49999999999999
 31
0.0
  0
LINE
  5
1095
330
17
100
AcDbEntity
  8
CENTER_LINES
 62
1
100
AcDbLine
 10
266.5
 20
86.24999999999999
 30
0.0
 11
266.5
 21
94.74999999999999
 31
0.0
  0
CIRCLE
  5
1096
330
17
100
AcDbEntity
  8
GEOMETRY
100
AcDbCircle
 10
236.5
 20
90.49999999999999
 30
0.0
 40
2.25
  0
LINE
  5
1097
330
17
100
AcDbEntity
  8
CENTER_LINES
 62
1
100
AcDbLine
 10
232.25
 20
90.49999999999999
 30
0.0
 11
240.75
 21
90.49999999999999
 31
0.0
  0
LINE
  5
1098
330
17
100
AcDbEntity
  8
CENTER_LINES
 62
1
100
AcDbLine
 10
236.5
 20
86.24999999999999
 30
0.0
 11
236.5
 21
94.74999999999999
 31
0.0
  0
CIRCLE
  5
1099
330
17
100
AcDbEntity
  8
GEOMETRY
100
AcDbCircle
 10
236.5
 20
90.49999999999999
 30
0.0
 40
2.25
  0
LINE
  5
109A
330
17
100
AcDbEntity
  8
CENTER_LINES
 62
1
100
AcDbLine
 10
232.25
 20
90.49999999999999
 30
0.0
 11
240.75
 21
90.49999999999999
 31
0.0
  0
LINE
  5
109B
330
17
100
AcDbEntity
  8
CENTER_LINES
 62
1
100
AcDbLine
 10
236.5
 20
86.24999999999999
 30
0.0
 11
236.5
 21
94.74999999999999
 31
0.0
  0
CIRCLE
  5
109C
330
17
100
AcDbEntity
  8
GEOMETRY
100
AcDbCircle
 10
251.5
 20
90.49999999999999
 30
0.0
 40
6.0
  0
LINE
  5
109D
330
17
100
AcDbEntity
  8
CENTER_LINES
 62
1
100
AcDbLine
 10
243.5
 20
90.49999999999999
 30
0.0
 11
259.5
 21
90.49999999999999
 31
0.0
  0
LINE
  5
109E
330
17
100
AcDbEntity
  8
CENTER_LINES
 62
1
100
AcDbLine
 10
251.5
 20
82.49999999999999
 30
0.0
 11
251.5
 21
98.49999999999999
 31
0.0
  0
CIRCLE
  5
109F
330
17
100
AcDbEntity
  8
GEOMETRY
100
AcDbCircle
 10
251.5
 20
90.49999999999999
 30
0.0
 40
6.0
  0
LINE
  5
10A0
330
17
100
AcDbEntity
  8
CENTER_LINES
 62
1
100
AcDbLine
 10
243.5
 20
90.49999999999999
 30
0.0
 11
259.5
 21
90.49999999999999
 31
0.0
  0
LINE
  5
10A1
330
17
100
AcDbEntity
  8
CENTER_LINES
 62
1
100
AcDbLine
 10
251.5
 20
82.49999999999999
 30
0.0
 11
251.5
 21
98.49999999999999
 31
0.0
  0
LINE
  5
10A2
330
17
100
AcDbEntity
  8
GEOMETRY
100
AcDbLine
 10
268.5
 20
95.08257569495582
 30
0.0
 11
268.71893475851357
 21
94.98066161827248
 31
0.0
  0
LINE
  5
10A3
330
17
100
AcDbEntity
  8
GEOMETRY
100
AcDbLine
 10
268.71893475851357
 20
94.98066161827248
 30
0.0
 11
268.9326932829889
 21
94.86829524996885
 31
0.0
  0
LINE
  5
10A4
330
17
100
AcDbEntity
  8
GEOMETRY
100
AcDbLine
 10
268.9326932829889
 20
94.86829524996885
 30
0.0
 11
269.1407769268813
 21
94.74573871339857
 31
0.0
  0
LINE
  5
10A5
330
17
100
AcDbEntity
  8
GEOMETRY
100
AcDbLine
 10
269.1407769268813
 20
94.74573871339857
 30
0.0
 11
269.34270028175933
 21
94.61327790309447
 31
0.0
  0
LINE
  5
10A6
330
17
100
AcDbEntity
  8
GEOMETRY
100
AcDbLine
 10
269.34270028175933
 20
94.61327790309447
 30
0.0
 11
269.5379923096448
 21
94.47122181784637
 31
0.0
  0
LINE
  5
10A7
330
17
100
AcDbEntity
  8
GEOMETRY
100
AcDbLine
 10
269.5379923096448
 20
94.47122181784637
 30
0.0
 11
269.72619744182913
 21
94.31990183988215
 31
0.0
  0
LINE
  5
10A8
330
17
100
AcDbEntity
  8
GEOMETRY
100
AcDbLine
 10
269.72619744182913
 20
94.31990183988215
 30
0.0
 11
269.9068766416045
 21
94.1596709618338
 31
0.0
  0
LINE
  5
10A9
330
17
100
AcDbEntity
  8
GEOMETRY
100
AcDbLine
 10
269.9068766416045
 20
94.1596709618338
 30
0.0
 11
270.0796084284293
 21
93.99090296329157
 31
0.0
  0
LINE
  5
10AA
330
17
100
AcDbEntity
  8
GEOMETRY
100
AcDbLine
 10
270.0796084284293
 20
93.99090296329157
 30
0.0
 11
270.2439898611394
 21
93.81399153886744
 31
0.0
  0
LINE
  5
10AB
330
17
100
AcDbEntity
  8
GEOMETRY
100
AcDbLine
 10
270.2439898611394
 20
93.81399153886744
 30
0.0
 11
270.39963747791217
 21
93.62934937980131
 31
0.0
  0
LINE
  5
10AC
330
17
100
AcDbEntity
  8
GEOMETRY
100
AcDbLine
 10
270.39963747791217
 20
93.62934937980131
 30
0.0
 11
270.5461881907887
 21
93.4374072112531
 31
0.0
  0
LINE
  5
10AD
330
17
100
AcDbEntity
  8
GEOMETRY
100
AcDbLine
 10
270.5461881907887
 20
93.4374072112531
 30
0.0
 11
270.6833001326704
 21
93.23861278752581
 31
0.0
  0
LINE
  5
10AE
330
17
100
AcDbEntity
  8
GEOMETRY
100
AcDbLine
 10
270.6833001326704
 20
93.23861278752581
 30
0.0
 11
270.8106534548108
 21
93.0334298475639
 31
0.0
  0
LINE
  5
10AF
330
17
100
AcDbEntity
  8
GEOMETRY
100
AcDbLine
 10
270.8106534548108
 20
93.0334298475639
 30
0.0
 11
270.9279510729454
 21
92.82233703316328
 31
0.0
  0
LINE
  5
10B0
330
17
100
AcDbEntity
  8
GEOMETRY
100
AcDbLine
 10
270.9279510729454
 20
92.82233703316328
 30
0.0
 11
271.03491936031645
 21
92.60582677241675
 31
0.0
  0
LINE
  5
10B1
330
17
100
AcDbEntity
  8
GEOMETRY
100
AcDbLine
 10
271.03491936031645
 20
92.60582677241675
 30
0.0
 11
271.1313087859776
 21
92.38440413099917
 31
0.0
  0
LINE
  5
10B2
330
17
100
AcDbEntity
  8
GEOMETRY
100
AcDbLine
 10
271.1313087859776
 20
92.38440413099917
 30
0.0
 11
271.21689449688887
 21
92.15858563397238
 31
0.0
  0
LINE
  5
10B3
330
17
100
AcDbEntity
  8
GEOMETRY
100
AcDbLine
 10
271.21689449688887
 20
92.15858563397238
 30
0.0
 11
271.2914768424439
 21
91.92889806085809
 31
0.0
  0
LINE
  5
10B4
330
17
100
AcDbEntity
  8
GEOMETRY
100
AcDbLine
 10
271.2914768424439
 20
91.92889806085809
 30
0.0
 11
271.35488184020613
 21
91.69587721678961
 31
0.0
  0
LINE
  5
10B5
330
17
100
AcDbEntity
  8
GEOMETRY
100
AcDbLine
 10
271.35488184020613
 20
91.69587721678961
 30
0.0
 11
271.4069615817677
 21
91.46006668260908
 31
0.0
  0
LINE
  5
10B6
330
17
100
AcDbEntity
  8
GEOMETRY
100
AcDbLine
 10
271.4069615817677
 20
91.46006668260908
 30
0.0
 11
271.4475945777832
 21
91.22201654682581
 31
0.0
  0
LINE
  5
10B7
330
17
100
AcDbEntity
  8
GEOMETRY
100
AcDbLine
 10
271.4475945777832
 20
91.22201654682581
 30
0.0
 11
271.4766860413753
 21
90.98228212239393
 31
0.0
  0
LINE
  5
10B8
330
17
100
AcDbEntity
  8
GEOMETRY
100
AcDbLine
 10
271.4766860413753
 20
90.98228212239393
 30
0.0
 11
271.49416810924885
 21
90.7414226513024
 31
0.0
  0
LINE
  5
10B9
330
17
100
AcDbEntity
  8
GEOMETRY
100
AcDbLine
 10
271.49416810924885
 20
90.7414226513024
 30
0.0
 11
271.5
 21
90.49999999999999
 31
0.0
  0
LINE
  5
10BA
330
17
100
AcDbEntity
  8
GEOMETRY
100
AcDbLine
 10
271.5
 20
90.49999999999999
 30
0.0
 11
271.49416810924885
 21
90.25857734869757
 31
0.0
  0
LINE
  5
10BB
330
17
100
AcDbEntity
  8
GEOMETRY
100
AcDbLine
 10
271.49416810924885
 20
90.25857734869757
 30
0.0
 11
271.4766860413753
 21
90.01771787760605
 31
0.0
  0
LINE
  5
10BC
330
17
100
AcDbEntity
  8
GEOMETRY
100
AcDbLine
 10
271.4766860413753
 20
90.01771787760605
 30
0.0
 11
271.4475945777832
 21
89.77798345317414
 31
0.0
  0
LINE
  5
10BD
330
17
100
AcDbEntity
  8
GEOMETRY
100
AcDbLine
 10
271.4475945777832
 20
89.77798345317414
 30
0.0
 11
271.4069615817677
 21
89.53993331739089
 31
0.0
  0
LINE
  5
10BE
330
17
100
AcDbEntity
  8
GEOMETRY
100
AcDbLine
 10
271.4069615817677
 20
89.53993331739089
 30
0.0
 11
271.35488184020613
 21
89.30412278321036
 31
0.0
  0
LINE
  5
10BF
330
17
100
AcDbEntity
  8
GEOMETRY
100
AcDbLine
 10
271.35488184020613
 20
89.30412278321036
 30
0.0
 11
271.2914768424439
 21
89.07110193914188
 31
0.0
  0
LINE
  5
10C0
330
17
100
AcDbEntity
  8
GEOMETRY
100
AcDbLine
 10
271.2914768424439
 20
89.07110193914188
 30
0.0
 11
271.21689449688887
 21
88.84141436602758
 31
0.0
  0
LINE
  5
10C1
330
17
100
AcDbEntity
  8
GEOMETRY
100
AcDbLine
 10
271.21689449688887
 20
88.84141436602758
 30
0.0
 11
271.1313087859776
 21
88.6155958690008
 31
0.0
  0
LINE
  5
10C2
330
17
100
AcDbEntity
  8
GEOMETRY
100
AcDbLine
 10
271.1313087859776
 20
88.6155958690008
 30
0.0
 11
271.03491936031645
 21
88.39417322758322
 31
0.0
  0
LINE
  5
10C3
330
17
100
AcDbEntity
  8
GEOMETRY
100
AcDbLine
 10
271.03491936031645
 20
88.39417322758322
 30
0.0
 11
270.9279510729454
 21
88.17766296683669
 31
0.0
  0
LINE
  5
10C4
330
17
100
AcDbEntity
  8
GEOMETRY
100
AcDbLine
 10
270.9279510729454
 20
88.17766296683669
 30
0.0
 11
270.8106534548108
 21
87.96657015243608
 31
0.0
  0
LINE
  5
10C5
330
17
100
AcDbEntity
  8
GEOMETRY
100
AcDbLine
 10
270.8106534548108
 20
87.96657015243608
 30
0.0
 11
270.68330013267035
 21
87.76138721247415
 31
0.0
  0
LINE
  5
10C6
330
17
100
AcDbEntity
  8
GEOMETRY
100
AcDbLine
 10
270.68330013267035
 20
87.76138721247415
 30
0.0
 11
270.5461881907887
 21
87.56259278874685
 31
0.0
  0
LINE
  5
10C7
330
17
100
AcDbEntity
  8
GEOMETRY
100
AcDbLine
 10
270.5461881907887
 20
87.56259278874685
 30
0.0
 11
270.39963747791217
 21
87.37065062019866
 31
0.0
  0
LINE
  5
10C8
330
17
100
AcDbEntity
  8
GEOMETRY
100
AcDbLine
 10
270.39963747791217
 20
87.37065062019866
 30
0.0
 11
270.2439898611394
 21
87.18600846113253
 31
0.0
  0
LINE
  5
10C9
330
17
100
AcDbEntity
  8
GEOMETRY
100
AcDbLine
 10
270.2439898611394
 20
87.18600846113253
 30
0.0
 11
270.0796084284293
 21
87.0090970367084
 31
0.0
  0
LINE
  5
10CA
330
17
100
AcDbEntity
  8
GEOMETRY
100
AcDbLine
 10
270.0796084284293
 20
87.0090970367084
 30
0.0
 11
269.9068766416045
 21
86.84032903816617
 31
0.0
  0
LINE
  5
10CB
330
17
100
AcDbEntity
  8
GEOMETRY
100
AcDbLine
 10
269.9068766416045
 20
86.84032903816617
 30
0.0
 11
269.72619744182913
 21
86.68009816011781
 31
0.0
  0
LINE
  5
10CC
330
17
100
AcDbEntity
  8
GEOMETRY
100
AcDbLine
 10
269.72619744182913
 20
86.68009816011781
 30
0.0
 11
269.5379923096448
 21
86.52877818215359
 31
0.0
  0
LINE
  5
10CD
330
17
100
AcDbEntity
  8
GEOMETRY
100
AcDbLine
 10
269.5379923096448
 20
86.52877818215359
 30
0.0
 11
269.34270028175933
 21
86.38672209690549
 31
0.0
  0
LINE
  5
10CE
330
17
100
AcDbEntity
  8
GEOMETRY
100
AcDbLine
 10
269.34270028175933
 20
86.38672209690549
 30
0.0
 11
269.1407769268813
 21
86.2542612866014
 31
0.0
  0
LINE
  5
10CF
330
17
100
AcDbEntity
  8
GEOMETRY
100
AcDbLine
 10
269.1407769268813
 20
86.2542612866014
 30
0.0
 11
268.9326932829889
 21
86.13170475003112
 31
0.0
  0
LINE
  5
10D0
330
17
100
AcDbEntity
  8
GEOMETRY
100
AcDbLine
 10
268.9326932829889
 20
86.13170475003112
 30
0.0
 11
268.71893475851357
 21
86.0193383817275
 31
0.0
  0
LINE
  5
10D1
330
17
100
AcDbEntity
  8
GEOMETRY
100
AcDbLine
 10
268.71893475851357
 20
86.0193383817275
 30
0.0
 11
268.5
 21
85.91742430504414
 31
0.0
  0
LINE
  5
10D2
330
17
100
AcDbEntity
  8
GEOMETRY
100
AcDbLine
 10
268.5
 20
95.08257569495582
 30
0.0
 11
268.71893475851357
 21
94.98066161827248
 31
0.0
  0
LINE
  5
10D3
330
17
100
AcDbEntity
  8
GEOMETRY
100
AcDbLine
 10
268.71893475851357
 20
94.98066161827248
 30
0.0
 11
268.9326932829889
 21
94.86829524996885
 31
0.0
  0
LINE
  5
10D4
330
17
100
AcDbEntity
  8
GEOMETRY
100
AcDbLine
 10
268.9326932829889
 20
94.86829524996885
 30
0.0
 11
269.1407769268813
 21
94.74573871339857
 31
0.0
  0
LINE
  5
10D5
330
17
100
AcDbEntity
  8
GEOMETRY
100
AcDbLine
 10
269.1407769268813
 20
94.74573871339857
 30
0.0
 11
269.34270028175933
 21
94.61327790309447
 31
0.0
  0
LINE
  5
10D6
330
17
100
AcDbEntity
  8
GEOMETRY
100
AcDbLine
 10
269.34270028175933
 20
94.61327790309447
 30
0.0
 11
269.5379923096448
 21
94.47122181784637
 31
0.0
  0
LINE
  5
10D7
330
17
100
AcDbEntity
  8
GEOMETRY
100
AcDbLine
 10
269.5379923096448
 20
94.47122181784637
 30
0.0
 11
269.72619744182913
 21
94.31990183988215
 31
0.0
  0
LINE
  5
10D8
330
17
100
AcDbEntity
  8
GEOMETRY
100
AcDbLine
 10
269.72619744182913
 20
94.31990183988215
 30
0.0
 11
269.9068766416045
 21
94.1596709618338
 31
0.0
  0
LINE
  5
10D9
330
17
100
AcDbEntity
  8
GEOMETRY
100
AcDbLine
 10
269.9068766416045
 20
94.1596709618338
 30
0.0
 11
270.0796084284293
 21
93.99090296329157
 31
0.0
  0
LINE
  5
10DA
330
17
100
AcDbEntity
  8
GEOMETRY
100
AcDbLine
 10
270.0796084284293
 20
93.99090296329157
 30
0.0
 11
270.2439898611394
 21
93.81399153886744
 31
0.0
  0
LINE
  5
10DB
330
17
100
AcDbEntity
  8
GEOMETRY
100
AcDbLine
 10
270.2439898611394
 20
93.81399153886744
 30
0.0
 11
270.39963747791217
 21
93.62934937980131
 31
0.0
  0
LINE
  5
10DC
330
17
100
AcDbEntity
  8
GEOMETRY
100
AcDbLine
 10
270.39963747791217
 20
93.62934937980131
 30
0.0
 11
270.5461881907887
 21
93.4374072112531
 31
0.0
  0
LINE
  5
10DD
330
17
100
AcDbEntity
  8
GEOMETRY
100
AcDbLine
 10
270.5461881907887
 20
93.4374072112531
 30
0.0
 11
270.6833001326704
 21
93.23861278752581
 31
0.0
  0
LINE
  5
10DE
330
17
100
AcDbEntity
  8
GEOMETRY
100
AcDbLine
 10
270.6833001326704
 20
93.23861278752581
 30
0.0
 11
270.8106534548108
 21
93.0334298475639
 31
0.0
  0
LINE
  5
10DF
330
17
100
AcDbEntity
  8
GEOMETRY
100
AcDbLine
 10
270.8106534548108
 20
93.0334298475639
 30
0.0
 11
270.9279510729454
 21
92.82233703316328
 31
0.0
  0
LINE
  5
10E0
330
17
100
AcDbEntity
  8
GEOMETRY
100
AcDbLine
 10
270.9279510729454
 20
92.82233703316328
 30
0.0
 11
271.03491936031645
 21
92.60582677241675
 31
0.0
  0
LINE
  5
10E1
330
17
100
AcDbEntity
  8
GEOMETRY
100
AcDbLine
 10
271.03491936031645
 20
92.60582677241675
 30
0.0
 11
271.1313087859776
 21
92.38440413099917
 31
0.0
  0
LINE
  5
10E2
330
17
100
AcDbEntity
  8
GEOMETRY
100
AcDbLine
 10
271.1313087859776
 20
92.38440413099917
 30
0.0
 11
271.21689449688887
 21
92.15858563397238
 31
0.0
  0
LINE
  5
10E3
330
17
100
AcDbEntity
  8
GEOMETRY
100
AcDbLine
 10
271.21689449688887
 20
92.15858563397238
 30
0.0
 11
271.2914768424439
 21
91.92889806085809
 31
0.0
  0
LINE
  5
10E4
330
17
100
AcDbEntity
  8
GEOMETRY
100
AcDbLine
 10
271.2914768424439
 20
91.92889806085809
 30
0.0
 11
271.35488184020613
 21
91.69587721678961
 31
0.0
  0
LINE
  5
10E5
330
17
100
AcDbEntity
  8
GEOMETRY
100
AcDbLine
 10
271.35488184020613
 20
91.69587721678961
 30
0.0
 11
271.4069615817677
 21
91.46006668260908
 31
0.0
  0
LINE
  5
10E6
330
17
100
AcDbEntity
  8
GEOMETRY
100
AcDbLine
 10
271.4069615817677
 20
91.46006668260908
 30
0.0
 11
271.4475945777832
 21
91.22201654682581
 31
0.0
  0
LINE
  5
10E7
330
17
100
AcDbEntity
  8
GEOMETRY
100
AcDbLine
 10
271.4475945777832
 20
91.22201654682581
 30
0.0
 11
271.4766860413753
 21
90.98228212239393
 31
0.0
  0
LINE
  5
10E8
330
17
100
AcDbEntity
  8
GEOMETRY
100
AcDbLine
 10
271.4766860413753
 20
90.98228212239393
 30
0.0
 11
271.49416810924885
 21
90.7414226513024
 31
0.0
  0
LINE
  5
10E9
330
17
100
AcDbEntity
  8
GEOMETRY
100
AcDbLine
 10
271.49416810924885
 20
90.7414226513024
 30
0.0
 11
271.5
 21
90.49999999999999
 31
0.0
  0
LINE
  5
10EA
330
17
100
AcDbEntity
  8
GEOMETRY
100
AcDbLine
 10
271.5
 20
90.49999999999999
 30
0.0
 11
271.49416810924885
 21
90.25857734869757
 31
0.0
  0
LINE
  5
10EB
330
17
100
AcDbEntity
  8
GEOMETRY
100
AcDbLine
 10
271.49416810924885
 20
90.25857734869757
 30
0.0
 11
271.4766860413753
 21
90.01771787760605
 31
0.0
  0
LINE
  5
10EC
330
17
100
AcDbEntity
  8
GEOMETRY
100
AcDbLine
 10
271.4766860413753
 20
90.01771787760605
 30
0.0
 11
271.4475945777832
 21
89.77798345317414
 31
0.0
  0
LINE
  5
10ED
330
17
100
AcDbEntity
  8
GEOMETRY
100
AcDbLine
 10
271.4475945777832
 20
89.77798345317414
 30
0.0
 11
271.4069615817677
 21
89.53993331739089
 31
0.0
  0
LINE
  5
10EE
330
17
100
AcDbEntity
  8
GEOMETRY
100
AcDbLine
 10
271.4069615817677
 20
89.53993331739089
 30
0.0
 11
271.35488184020613
 21
89.30412278321036
 31
0.0
  0
LINE
  5
10EF
330
17
100
AcDbEntity
  8
GEOMETRY
100
AcDbLine
 10
271.35488184020613
 20
89.30412278321036
 30
0.0
 11
271.2914768424439
 21
89.07110193914188
 31
0.0
  0
LINE
  5
10F0
330
17
100
AcDbEntity
  8
GEOMETRY
100
AcDbLine
 10
271.2914768424439
 20
89.07110193914188
 30
0.0
 11
271.21689449688887
 21
88.84141436602758
 31
0.0
  0
LINE
  5
10F1
330
17
100
AcDbEntity
  8
GEOMETRY
100
AcDbLine
 10
271.21689449688887
 20
88.84141436602758
 30
0.0
 11
271.1313087859776
 21
88.6155958690008
 31
0.0
  0
LINE
  5
10F2
330
17
100
AcDbEntity
  8
GEOMETRY
100
AcDbLine
 10
271.1313087859776
 20
88.6155958690008
 30
0.0
 11
271.03491936031645
 21
88.39417322758322
 31
0.0
  0
LINE
  5
10F3
330
17
100
AcDbEntity
  8
GEOMETRY
100
AcDbLine
 10
271.03491936031645
 20
88.39417322758322
 30
0.0
 11
270.9279510729454
 21
88.17766296683669
 31
0.0
  0
LINE
  5
10F4
330
17
100
AcDbEntity
  8
GEOMETRY
100
AcDbLine
 10
270.9279510729454
 20
88.17766296683669
 30
0.0
 11
270.8106534548108
 21
87.96657015243608
 31
0.0
  0
LINE
  5
10F5
330
17
100
AcDbEntity
  8
GEOMETRY
100
AcDbLine
 10
270.8106534548108
 20
87.96657015243608
 30
0.0
 11
270.68330013267035
 21
87.76138721247415
 31
0.0
  0
LINE
  5
10F6
330
17
100
AcDbEntity
  8
GEOMETRY
100
AcDbLine
 10
270.68330013267035
 20
87.76138721247415
 30
0.0
 11
270.5461881907887
 21
87.56259278874685
 31
0.0
  0
LINE
  5
10F7
330
17
100
AcDbEntity
  8
GEOMETRY
100
AcDbLine
 10
270.5461881907887
 20
87.56259278874685
 30
0.0
 11
270.39963747791217
 21
87.37065062019866
 31
0.0
  0
LINE
  5
10F8
330
17
100
AcDbEntity
  8
GEOMETRY
100
AcDbLine
 10
270.39963747791217
 20
87.37065062019866
 30
0.0
 11
270.2439898611394
 21
87.18600846113253
 31
0.0
  0
LINE
  5
10F9
330
17
100
AcDbEntity
  8
GEOMETRY
100
AcDbLine
 10
270.2439898611394
 20
87.18600846113253
 30
0.0
 11
270.0796084284293
 21
87.0090970367084
 31
0.0
  0
LINE
  5
10FA
330
17
100
AcDbEntity
  8
GEOMETRY
100
AcDbLine
 10
270.0796084284293
 20
87.0090970367084
 30
0.0
 11
269.9068766416045
 21
86.84032903816617
 31
0.0
  0
LINE
  5
10FB
330
17
100
AcDbEntity
  8
GEOMETRY
100
AcDbLine
 10
269.9068766416045
 20
86.84032903816617
 30
0.0
 11
269.72619744182913
 21
86.68009816011781
 31
0.0
  0
LINE
  5
10FC
330
17
100
AcDbEntity
  8
GEOMETRY
100
AcDbLine
 10
269.72619744182913
 20
86.68009816011781
 30
0.0
 11
269.5379923096448
 21
86.52877818215359
 31
0.0
  0
LINE
  5
10FD
330
17
100
AcDbEntity
  8
GEOMETRY
100
AcDbLine
 10
269.5379923096448
 20
86.52877818215359
 30
0.0
 11
269.34270028175933
 21
86.38672209690549
 31
0.0
  0
LINE
  5
10FE
330
17
100
AcDbEntity
  8
GEOMETRY
100
AcDbLine
 10
269.34270028175933
 20
86.38672209690549
 30
0.0
 11
269.1407769268813
 21
86.2542612866014
 31
0.0
  0
LINE
  5
10FF
330
17
100
AcDbEntity
  8
GEOMETRY
100
AcDbLine
 10
269.1407769268813
 20
86.2542612866014
 30
0.0
 11
268.9326932829889
 21
86.13170475003112
 31
0.0
  0
LINE
  5
1100
330
17
100
AcDbEntity
  8
GEOMETRY
100
AcDbLine
 10
268.9326932829889
 20
86.13170475003112
 30
0.0
 11
268.71893475851357
 21
86.0193383817275
 31
0.0
  0
LINE
  5
1101
330
17
100
AcDbEntity
  8
GEOMETRY
100
AcDbLine
 10
268.71893475851357
 20
86.0193383817275
 30
0.0
 11
268.5
 21
85.91742430504414
 31
0.0
  0
LINE
  5
1102
330
17
100
AcDbEntity
  8
DIMENSIONS
 62
2
100
AcDbLine
 10
170.5
 20
79.49999999999999
 30
0.0
 11
170.5
 21
75.43333333333331
 31
0.0
  0
LINE
  5
1103
330
17
100
AcDbEntity
  8
DIMENSIONS
 62
2
100
AcDbLine
 10
173.5
 20
79.49999999999999
 30
0.0
 11
173.5
 21
75.43333333333331
 31
0.0
  0
LINE
  5
1104
330
17
100
AcDbEntity
  8
DIMENSIONS
 62
2
100
AcDbLine
 10
170.5
 20
74.83333333333331
 30
0.0
 11
173.5
 21
74.83333333333331
 31
0.0
  0
TEXT
  5
1105
330
17
100
AcDbEntity
  8
DIMENSIONS
 62
7
100
AcDbText
 10
170.515
 20
72.53333333333332
 30
0.0
 40
1.8
  1
3.0
 11
170.515
 21
72.53333333333332
 31
0.0
100
AcDbText
  0
LINE
  5
1106
330
17
100
AcDbEntity
  8
DIMENSIONS
 62
2
100
AcDbLine
 10
170.5
 20
79.49999999999999
 30
0.0
 11
166.1
 21
79.49999999999999
 31
0.0
  0
LINE
  5
1107
330
17
100
AcDbEntity
  8
DIMENSIONS
 62
2
100
AcDbLine
 10
170.5
 20
101.5
 30
0.0
 11
166.1
 21
101.5
 31
0.0
  0
LINE
  5
1108
330
17
100
AcDbEntity
  8
DIMENSIONS
 62
2
100
AcDbLine
 10
165.5
 20
79.49999999999999
 30
0.0
 11
165.5
 21
101.5
 31
0.0
  0
TEXT
  5
1109
330
17
100
AcDbEntity
  8
DIMENSIONS
 62
7
100
AcDbText
 10
160.84
 20
89.6
 30
0.0
 40
1.8
  1
22.0
 11
160.84
 21
89.6
 31
0.0
100
AcDbText
  0
LINE
  5
110A
330
17
100
AcDbEntity
  8
DIMENSIONS
 62
2
100
AcDbLine
 10
170.5
 20
79.49999999999999
 30
0.0
 11
161.1
 21
79.49999999999999
 31
0.0
  0
LINE
  5
110B
330
17
100
AcDbEntity
  8
DIMENSIONS
 62
2
100
AcDbLine
 10
170.5
 20
84.5
 30
0.0
 11
161.1
 21
84.5
 31
0.0
  0
LINE
  5
110C
330
17
100
AcDbEntity
  8
DIMENSIONS
 62
2
100
AcDbLine
 10
160.5
 20
79.49999999999999
 30
0.0
 11
160.5
 21
84.5
 31
0.0
  0
TEXT
  5
110D
330
17
100
AcDbEntity
  8
DIMENSIONS
 62
7
100
AcDbText
 10
156.83
 20
81.1
 30
0.0
 40
1.8
  1
5.0
 11
156.83
 21
81.1
 31
0.0
100
AcDbText
  0
LINE
  5
110E
330
17
100
AcDbEntity
  8
DIMENSIONS
 62
2
100
AcDbLine
 10
170.5
 20
79.49999999999999
 30
0.0
 11
156.1
 21
79.49999999999999
 31
0.0
  0
LINE
  5
110F
330
17
100
AcDbEntity
  8
DIMENSIONS
 62
2
100
AcDbLine
 10
170.5
 20
88.2
 30
0.0
 11
156.1
 21
88.2
 31
0.0
  0
LINE
  5
1110
330
17
100
AcDbEntity
  8
DIMENSIONS
 62
2
100
AcDbLine
 10
155.5
 20
79.49999999999999
 30
0.0
 11
155.5
 21
88.2
 31
0.0
  0
TEXT
  5
1111
330
17
100
AcDbEntity
  8
DIMENSIONS
 62
7
100
AcDbText
 10
151.83
 20
82.94999999999999
 30
0.0
 40
1.8
  1
8.7
 11
151.83
 21
82.94999999999999
 31
0.0
100
AcDbText
  0
LINE
  5
1112
330
17
100
AcDbEntity
  8
DIMENSIONS
 62
2
100
AcDbLine
 10
170.5
 20
79.49999999999999
 30
0.0
 11
151.1
 21
79.49999999999999
 31
0.0
  0
LINE
  5
1113
330
17
100
AcDbEntity
  8
DIMENSIONS
 62
2
100
AcDbLine
 10
170.5
 20
95.1
 30
0.0
 11
151.1
 21
95.1
 31
0.0
  0
LINE
  5
1114
330
17
100
AcDbEntity
  8
DIMENSIONS
 62
2
100
AcDbLine
 10
150.5
 20
79.49999999999999
 30
0.0
 11
150.5
 21
95.1
 31
0.0
  0
TEXT
  5
1115
330
17
100
AcDbEntity
  8
DIMENSIONS
 62
7
100
AcDbText
 10
145.84
 20
86.39999999999998
 30
0.0
 40
1.8
  1
15.6
 11
145.84
 21
86.39999999999998
 31
0.0
100
AcDbText
  0
LINE
  5
1116
330
17
100
AcDbEntity
  8
DIMENSIONS
 62
2
100
AcDbLine
 10
170.5
 20
137.5
 30
0.0
 11
170.5
 21
133.43333333333334
 31
0.0
  0
LINE
  5
1117
330
17
100
AcDbEntity
  8
DIMENSIONS
 62
2
100
AcDbLine
 10
173.5
 20
137.5
 30
0.0
 11
173.5
 21
133.43333333333334
 31
0.0
  0
LINE
  5
1118
330
17
100
AcDbEntity
  8
DIMENSIONS
 62
2
100
AcDbLine
 10
170.5
 20
132.83333333333334
 30
0.0
 11
173.5
 21
132.83333333333334
 31
0.0
  0
TEXT
  5
1119
330
17
100
AcDbEntity
  8
DIMENSIONS
 62
7
100
AcDbText
 10
170.515
 20
130.53333333333333
 30
0.0
 40
1.8
  1
3.0
 11
170.515
 21
130.53333333333333
 31
0.0
100
AcDbText
  0
LINE
  5
111A
330
17
100
AcDbEntity
  8
DIMENSIONS
 62
2
100
AcDbLine
 10
170.5
 20
137.5
 30
0.0
 11
166.1
 21
137.5
 31
0.0
  0
LINE
  5
111B
330
17
100
AcDbEntity
  8
DIMENSIONS
 62
2
100
AcDbLine
 10
170.5
 20
177.5
 30
0.0
 11
166.1
 21
177.5
 31
0.0
  0
LINE
  5
111C
330
17
100
AcDbEntity
  8
DIMENSIONS
 62
2
100
AcDbLine
 10
165.5
 20
137.5
 30
0.0
 11
165.5
 21
177.5
 31
0.0
  0
TEXT
  5
111D
330
17
100
AcDbEntity
  8
DIMENSIONS
 62
7
100
AcDbText
 10
160.84
 20
156.6
 30
0.0
 40
1.8
  1
40.0
 11
160.84
 21
156.6
 31
0.0
100
AcDbText
  0
LINE
  5
111E
330
17
100
AcDbEntity
  8
DIMENSIONS
 62
2
100
AcDbLine
 10
231.5
 20
79.49999999999999
 30
0.0
 11
231.5
 21
75.43333333333331
 31
0.0
  0
LINE
  5
111F
330
17
100
AcDbEntity
  8
DIMENSIONS
 62
2
100
AcDbLine
 10
271.5
 20
79.49999999999999
 30
0.0
 11
271.5
 21
75.43333333333331
 31
0.0
  0
LINE
  5
1120
330
17
100
AcDbEntity
  8
DIMENSIONS
 62
2
100
AcDbLine
 10
231.5
 20
74.83333333333331
 30
0.0
 11
271.5
 21
74.83333333333331
 31
0.0
  0
TEXT
  5
1121
330
17
100
AcDbEntity
  8
DIMENSIONS
 62
7
100
AcDbText
 10
249.52
 20
72.53333333333332
 30
0.0
 40
1.8
  1
40.0
 11
249.52
 21
72.53333333333332
 31
0.0
100
AcDbText
  0
LINE
  5
1122
330
17
100
AcDbEntity
  8
DIMENSIONS
 62
2
100
AcDbLine
 10
231.5
 20
79.49999999999999
 30
0.0
 11
227.1
 21
79.49999999999999
 31
0.0
  0
LINE
  5
1123
330
17
100
AcDbEntity
  8
DIMENSIONS
 62
2
100
AcDbLine
 10
231.5
 20
101.5
 30
0.0
 11
227.1
 21
101.5
 31
0.0
  0
LINE
  5
1124
330
17
100
AcDbEntity
  8
DIMENSIONS
 62
2
100
AcDbLine
 10
226.5
 20
79.49999999999999
 30
0.0
 11
226.5
 21
101.5
 31
0.0
  0
TEXT
  5
1125
330
17
100
AcDbEntity
  8
DIMENSIONS
 62
7
100
AcDbText
 10
221.84
 20
89.6
 30
0.0
 40
1.8
  1
22.0
 11
221.84
 21
89.6
 31
0.0
100
AcDbText
  0
LINE
  5
1126
330
17
100
AcDbEntity
  8
DIMENSIONS
 62
2
100
AcDbLine
 10
231.5
 20
79.49999999999999
 30
0.0
 11
231.5
 21
70.76666666666665
 31
0.0
  0
LINE
  5
1127
330
17
100
AcDbEntity
  8
DIMENSIONS
 62
2
100
AcDbLine
 10
236.5
 20
79.49999999999999
 30
0.0
 11
236.5
 21
70.76666666666665
 31
0.0
  0
LINE
  5
1128
330
17
100
AcDbEntity
  8
DIMENSIONS
 62
2
100
AcDbLine
 10
231.5
 20
70.16666666666666
 30
0.0
 11
236.5
 21
70.16666666666666
 31
0.0
  0
TEXT
  5
1129
330
17
100
AcDbEntity
  8
DIMENSIONS
 62
7
100
AcDbText
 10
232.515
 20
67.86666666666666
 30
0.0
 40
1.8
  1
5.0
 11
232.515
 21
67.86666666666666
 31
0.0
100
AcDbText
  0
LINE
  5
112A
330
17
100
AcDbEntity
  8
DIMENSIONS
 62
2
100
AcDbLine
 10
231.5
 20
79.49999999999999
 30
0.0
 11
231.5
 21
66.09999999999998
 31
0.0
  0
LINE
  5
112B
330
17
100
AcDbEntity
  8
DIMENSIONS
 62
2
100
AcDbLine
 10
251.5
 20
79.49999999999999
 30
0.0
 11
251.5
 21
66.09999999999998
 31
0.0
  0
LINE
  5
112C
330
17
100
AcDbEntity
  8
DIMENSIONS
 62
2
100
AcDbLine
 10
231.5
 20
65.49999999999999
 30
0.0
 11
251.5
 21
65.49999999999999
 31
0.0
  0
TEXT
  5
112D
330
17
100
AcDbEntity
  8
DIMENSIONS
 62
7
100
AcDbText
 10
239.52
 20
63.19999999999999
 30
0.0
 40
1.8
  1
20.0
 11
239.52
 21
63.19999999999999
 31
0.0
100
AcDbText
  0
LINE
  5
112E
330
17
100
AcDbEntity
  8
DIMENSIONS
 62
2
100
AcDbLine
 10
231.5
 20
79.49999999999999
 30
0.0
 11
231.5
 21
61.433333333333316
 31
0.0
  0
LINE
  5
112F
330
17
100
AcDbEntity
  8
DIMENSIONS
 62
2
100
AcDbLine
 10
266.5
 20
79.49999999999999
 30
0.0
 11
266.5
 21
61.433333333333316
 31
0.0
  0
LINE
  5
1130
330
17
100
AcDbEntity
  8
DIMENSIONS
 62
2
100
AcDbLine
 10
231.5
 20
60.833333333333314
 30
0.0
 11
266.5
 21
60.833333333333314
 31
0.0
  0
TEXT
  5
1131
330
17
100
AcDbEntity
  8
DIMENSIONS
 62
7
100
AcDbText
 10
247.02
 20
58.53333333333332
 30
0.0
 40
1.8
  1
35.0
 11
247.02
 21
58.53333333333332
 31
0.0
100
AcDbText
  0
LINE
  5
1132
330
17
100
AcDbEntity
  8
DIMENSIONS
 62
2
100
AcDbLine
 10
231.5
 20
79.49999999999999
 30
0.0
 11
222.1
 21
79.49999999999999
 31
0.0
  0
LINE
  5
1133
330
17
100
AcDbEntity
  8
DIMENSIONS
 62
2
100
AcDbLine
 10
231.5
 20
90.5
 30
0.0
 11
222.1
 21
90.5
 31
0.0
  0
LINE
  5
1134
330
17
100
AcDbEntity
  8
DIMENSIONS
 62
2
100
AcDbLine
 10
221.5
 20
79.49999999999999
 30
0.0
 11
221.5
 21
90.5
 31
0.0
  0
TEXT
  5
1135
330
17
100
AcDbEntity
  8
DIMENSIONS
 62
7
100
AcDbText
 10
216.84
 20
84.1
 30
0.0
 40
1.8
  1
11.0
 11
216.84
 21
84.1
 31
0.0
100
AcDbText
  0
LINE
  5
1136
330
17
100
AcDbEntity
  8
DIMENSIONS
 62
2
100
AcDbLine
 10
268.0909902576697
 20
92.09099025766972
 30
0.0
 11
270.91941738241593
 21
94.9194173824159
 31
0.0
  0
LINE
  5
1137
330
17
100
AcDbEntity
  8
DIMENSIONS
 62
2
100
AcDbLine
 10
270.91941738241593
 20
94.9194173824159
 30
0.0
 11
275.41941738241593
 21
94.9194173824159
 31
0.0
  0
TEXT
  5
1138
330
17
100
AcDbEntity
  8
DIMENSIONS
 62
3
100
AcDbText
 10
275.8194173824159
 20
95.2194173824159
 30
0.0
 40
1.6
  1
%%c4.5
 11
275.8194173824159
 21
95.2194173824159
 31
0.0
100
AcDbText
  0
LINE
  5
1139
330
17
100
AcDbEntity
  8
DIMENSIONS
 62
2
100
AcDbLine
 10
268.0909902576697
 20
92.09099025766972
 30
0.0
 11
270.91941738241593
 21
94.9194173824159
 31
0.0
  0
LINE
  5
113A
330
17
100
AcDbEntity
  8
DIMENSIONS
 62
2
100
AcDbLine
 10
270.91941738241593
 20
94.9194173824159
 30
0.0
 11
275.41941738241593
 21
94.9194173824159
 31
0.0
  0
TEXT
  5
113B
330
17
100
AcDbEntity
  8
DIMENSIONS
 62
3
100
AcDbText
 10
275.8194173824159
 20
95.2194173824159
 30
0.0
 40
1.6
  1
%%c4.5
 11
275.8194173824159
 21
95.2194173824159
 31
0.0
100
AcDbText
  0
LINE
  5
113C
330
17
100
AcDbEntity
  8
DIMENSIONS
 62
2
100
AcDbLine
 10
238.09099025766974
 20
92.09099025766972
 30
0.0
 11
240.91941738241593
 21
94.9194173824159
 31
0.0
  0
LINE
  5
113D
330
17
100
AcDbEntity
  8
DIMENSIONS
 62
2
100
AcDbLine
 10
240.91941738241593
 20
94.9194173824159
 30
0.0
 11
245.41941738241593
 21
94.9194173824159
 31
0.0
  0
TEXT
  5
113E
330
17
100
AcDbEntity
  8
DIMENSIONS
 62
3
100
AcDbText
 10
245.81941738241593
 20
95.2194173824159
 30
0.0
 40
1.6
  1
%%c4.5
 11
245.81941738241593
 21
95.2194173824159
 31
0.0
100
AcDbText
  0
LINE
  5
113F
330
17
100
AcDbEntity
  8
DIMENSIONS
 62
2
100
AcDbLine
 10
238.09099025766974
 20
92.09099025766972
 30
0.0
 11
240.91941738241593
 21
94.9194173824159
 31
0.0
  0
LINE
  5
1140
330
17
100
AcDbEntity
  8
DIMENSIONS
 62
2
100
AcDbLine
 10
240.91941738241593
 20
94.9194173824159
 30
0.0
 11
245.41941738241593
 21
94.9194173824159
 31
0.0
  0
TEXT
  5
1141
330
17
100
AcDbEntity
  8
DIMENSIONS
 62
3
100
AcDbText
 10
245.81941738241593
 20
95.2194173824159
 30
0.0
 40
1.6
  1
%%c4.5
 11
245.81941738241593
 21
95.2194173824159
 31
0.0
100
AcDbText
  0
LINE
  5
1142
330
17
100
AcDbEntity
  8
DIMENSIONS
 62
2
100
AcDbLine
 10
255.7426406871193
 20
94.74264068711928
 30
0.0
 11
258.5710678118655
 21
97.57106781186546
 31
0.0
  0
LINE
  5
1143
330
17
100
AcDbEntity
  8
DIMENSIONS
 62
2
100
AcDbLine
 10
258.5710678118655
 20
97.57106781186546
 30
0.0
 11
263.0710678118655
 21
97.57106781186546
 31
0.0
  0
TEXT
  5
1144
330
17
100
AcDbEntity
  8
DIMENSIONS
 62
3
100
AcDbText
 10
263.47106781186545
 20
97.87106781186546
 30
0.0
 40
1.6
  1
%%c12.0
 11
263.47106781186545
 21
97.87106781186546
 31
0.0
100
AcDbText
  0
LINE
  5
1145
330
17
100
AcDbEntity
  8
DIMENSIONS
 62
2
100
AcDbLine
 10
255.7426406871193
 20
94.74264068711928
 30
0.0
 11
258.5710678118655
 21
97.57106781186546
 31
0.0
  0
LINE
  5
1146
330
17
100
AcDbEntity
  8
DIMENSIONS
 62
2
100
AcDbLine
 10
258.5710678118655
 20
97.57106781186546
 30
0.0
 11
263.0710678118655
 21
97.57106781186546
 31
0.0
  0
TEXT
  5
1147
330
17
100
AcDbEntity
  8
DIMENSIONS
 62
3
100
AcDbText
 10
263.47106781186545
 20
97.87106781186546
 30
0.0
 40
1.6
  1
%%c12.0
 11
263.47106781186545
 21
97.87106781186546
 31
0.0
100
AcDbText
  0
TEXT
  5
1148
330
17
100
AcDbEntity
  8
NOTES
 62
3
100
AcDbText
 10
13.0
 20
281.0
 30
0.0
 40
2.5
  1
MANUFACTURING NOTES:
 11
13.0
 21
281.0
 31
0.0
100
AcDbText
  0
TEXT
  5
1149
330
17
100
AcDbEntity
  8
NOTES
 62
7
100
AcDbText
 10
13.0
 20
276.0
 30
0.0
 40
1.8
  1
1. ALL HOLES ARE ORIENTED ALONG A SINGLE AXIS, SIMPLIFYING MACHINING S
 11
13.0
 21
276.0
 31
0.0
100
AcDbText
  0
TEXT
  5
114A
330
17
100
AcDbEntity
  8
NOTES
 62
7
100
AcDbText
 10
13.0
 20
272.0
 30
0.0
 40
1.8
  1
   ETUP AND REDUCING THE NEED FOR MULTIPLE PART RE-ORIENTATIONS.
 11
13.0
 21
272.0
 31
0.0
100
AcDbText
  0
TEXT
  5
114B
330
17
100
AcDbEntity
  8
NOTES
 62
7
100
AcDbText
 10
13.0
 20
267.5
 30
0.0
 40
1.8
  1
2. MULTIPLE HOLE DIAMETERS (4.5MM, 10MM, 12MM, 22MM) REQUIRE CAREFUL T
 11
13.0
 21
267.5
 31
0.0
100
AcDbText
  0
TEXT
  5
114C
330
17
100
AcDbEntity
  8
NOTES
 62
7
100
AcDbText
 10
13.0
 20
263.5
 30
0.0
 40
1.8
  1
   OOL MANAGEMENT AND SEQUENCING TO OPTIMIZE CYCLE TIME AND PREVENT ERRORS.
 11
13.0
 21
263.5
 31
0.0
100
AcDbText
  0
TEXT
  5
114D
330
17
100
AcDbEntity
  8
NOTES
 62
7
100
AcDbText
 10
13.0
 20
259.0
 30
0.0
 40
1.8
  1
3. THE 4.5MM HOLES SHOULD BE PILOT DRILLED PRIOR TO FINAL DRILLING TO 
 11
13.0
 21
259.0
 31
0.0
100
AcDbText
  0
TEXT
  5
114E
330
17
100
AcDbEntity
  8
NOTES
 62
7
100
AcDbText
 10
13.0
 20
255.0
 30
0.0
 40
1.8
  1
   MAINTAIN POSITIONAL ACCURACY AND IMPROVE HOLE QUALITY.
 11
13.0
 21
255.0
 31
0.0
100
AcDbText
  0
TEXT
  5
114F
330
17
100
AcDbEntity
  8
NOTES
 62
7
100
AcDbText
 10
13.0
 20
250.5
 30
0.0
 40
1.8
  1
4. ENSURE ADEQUATE CHIP EVACUATION, ESPECIALLY WHEN DRILLING THE LARGE
 11
13.0
 21
250.5
 31
0.0
100
AcDbText
  0
TEXT
  5
1150
330
17
100
AcDbEntity
  8
NOTES
 62
7
100
AcDbText
 10
13.0
 20
246.5
 30
0.0
 40
1.8
  1
   R 22MM DIAMETER HOLES, TO PREVENT TOOL WEAR AND IMPROVE SURFACE FINISH.
 11
13.0
 21
246.5
 31
0.0
100
AcDbText
  0
TEXT
  5
1151
330
17
100
AcDbEntity
  8
NOTES
 62
7
100
AcDbText
 10
13.0
 20
242.0
 30
0.0
 40
1.8
  1
5. THE 2.25MM BLEND RADII REQUIRE PRECISE CONTOURING WITH APPROPRIATEL
 11
13.0
 21
242.0
 31
0.0
100
AcDbText
  0
TEXT
  5
1152
330
17
100
AcDbEntity
  8
NOTES
 62
7
100
AcDbText
 10
13.0
 20
238.0
 30
0.0
 40
1.8
  1
   Y SIZED END MILLS TO ENSURE SMOOTH TRANSITIONS AND AVOID STRESS CONCENTRATIONS.
 11
13.0
 21
238.0
 31
0.0
100
AcDbText
  0
TEXT
  5
1153
330
17
100
AcDbEntity
  8
NOTES
 62
7
100
AcDbText
 10
13.0
 20
233.5
 30
0.0
 40
1.8
  1
6. LEVERAGE PART SYMMETRY FOR EFFICIENT FIXTURING AND CNC PROGRAMMING,
 11
13.0
 21
233.5
 31
0.0
100
AcDbText
  0
TEXT
  5
1154
330
17
100
AcDbEntity
  8
NOTES
 62
7
100
AcDbText
 10
13.0
 20
229.5
 30
0.0
 40
1.8
  1
    POTENTIALLY ALLOWING FOR MIRRORED MACHINING OPERATIONS.
 11
13.0
 21
229.5
 31
0.0
100
AcDbText
  0
TEXT
  5
1155
330
17
100
AcDbEntity
  8
DIMENSIONS
 62
3
100
AcDbText
 10
264.0
 20
39.0
 30
0.0
 40
3.0
  1
PART: AXIAL BORE MOUNTING FLANGE
 11
264.0
 21
39.0
 31
0.0
100
AcDbText
  0
TEXT
  5
1156
330
17
100
AcDbEntity
  8
DIMENSIONS
 62
7
100
AcDbText
 10
264.0
 20
25.0
 30
0.0
 40
2.0
  1
UNITS: MM
 11
264.0
 21
25.0
 31
0.0
100
AcDbText
  0
TEXT
  5
1157
330
17
100
AcDbEntity
  8
DIMENSIONS
 62
7
100
AcDbText
 10
264.0
 20
14.0
 30
0.0
 40
2.0
  1
SCALE  1 : 1
 11
264.0
 21
14.0
 31
0.0
100
AcDbText
  0
TEXT
  5
1158
330
17
100
AcDbEntity
  8
DIMENSIONS
 62
7
100
AcDbText
 10
344.0
 20
14.0
 30
0.0
 40
2.0
  1
DATE: 2026-05-25
 11
344.0
 21
14.0
 31
0.0
100
AcDbText
  0
ENDSEC
  0
SECTION
  2
OBJECTS
  0
DICTIONARY
  5
A
330
0
100
AcDbDictionary
281
1
  3
ACAD_COLOR
350
B
  3
ACAD_GROUP
350
C
  3
ACAD_LAYOUT
350
D
  3
ACAD_MATERIAL
350
E
  3
ACAD_MLEADERSTYLE
350
F
  3
ACAD_MLINESTYLE
350
10
  3
ACAD_PLOTSETTINGS
350
11
  3
ACAD_PLOTSTYLENAME
350
12
  3
ACAD_SCALELIST
350
14
  3
ACAD_TABLESTYLE
350
15
  3
ACAD_VISUALSTYLE
350
16
  3
EZDXF_META
350
2D
  0
DICTIONARY
  5
B
330
A
100
AcDbDictionary
281
1
  0
DICTIONARY
  5
C
330
A
100
AcDbDictionary
281
1
  0
DICTIONARY
  5
D
330
A
100
AcDbDictionary
281
1
  3
Model
350
1A
  3
Layout1
350
1E
  0
DICTIONARY
  5
E
330
A
100
AcDbDictionary
281
1
  3
ByBlock
350
1F
  3
ByLayer
350
20
  3
Global
350
21
  0
DICTIONARY
  5
F
330
A
100
AcDbDictionary
281
1
  3
Standard
350
2C
  0
DICTIONARY
  5
10
330
A
100
AcDbDictionary
281
1
  3
Standard
350
22
  0
DICTIONARY
  5
11
330
A
100
AcDbDictionary
281
1
  0
ACDBDICTIONARYWDFLT
  5
12
330
A
100
AcDbDictionary
281
1
  3
Normal
350
13
100
AcDbDictionaryWithDefault
340
13
  0
ACDBPLACEHOLDER
  5
13
330
12
  0
DICTIONARY
  5
14
330
A
100
AcDbDictionary
281
1
  0
DICTIONARY
  5
15
330
A
100
AcDbDictionary
281
1
  0
DICTIONARY
  5
16
330
A
100
AcDbDictionary
281
1
  0
LAYOUT
  5
1A
330
D
100
AcDbPlotSettings
  1

  4
A3
  6

 40
7.5
 41
20.0
 42
7.5
 43
20.0
 44
420.0
 45
297.0
 46
0.0
 47
0.0
 48
0.0
 49
0.0
140
0.0
141
0.0
142
1.0
143
1.0
 70
1024
 72
1
 73
0
 74
5
  7

 75
16
 76
0
 77
2
 78
300
147
1.0
148
0.0
149
0.0
100
AcDbLayout
  1
Model
 70
1
 71
0
 10
0.0
 20
0.0
 11
420.0
 21
297.0
 12
0.0
 22
0.0
 32
0.0
 14
1e+20
 24
1e+20
 34
1e+20
 15
-1e+20
 25
-1e+20
 35
-1e+20
146
0.0
 13
0.0
 23
0.0
 33
0.0
 16
1.0
 26
0.0
 36
0.0
 17
0.0
 27
1.0
 37
0.0
 76
1
330
17
  0
LAYOUT
  5
1E
330
D
100
AcDbPlotSettings
  1

  4
A3
  6

 40
7.5
 41
20.0
 42
7.5
 43
20.0
 44
420.0
 45
297.0
 46
0.0
 47
0.0
 48
0.0
 49
0.0
140
0.0
141
0.0
142
1.0
143
1.0
 70
0
 72
1
 73
0
 74
5
  7

 75
16
 76
0
 77
2
 78
300
147
1.0
148
0.0
149
0.0
100
AcDbLayout
  1
Layout1
 70
1
 71
1
 10
0.0
 20
0.0
 11
420.0
 21
297.0
 12
0.0
 22
0.0
 32
0.0
 14
1e+20
 24
1e+20
 34
1e+20
 15
-1e+20
 25
-1e+20
 35
-1e+20
146
0.0
 13
0.0
 23
0.0
 33
0.0
 16
1.0
 26
0.0
 36
0.0
 17
0.0
 27
1.0
 37
0.0
 76
1
330
1B
  0
MATERIAL
  5
1F
102
{ACAD_REACTORS
330
E
102
}
330
E
100
AcDbMaterial
  1
ByBlock
  2

 70
0
 40
1.0
 71
1
 41
1.0
 91
-1023410177
 42
1.0
 72
1
  3

 73
1
 74
1
 75
1
 44
0.5
 73
0
 45
1.0
 46
1.0
 77
1
  4

 78
1
 79
1
170
1
 48
1.0
171
1
  6

172
1
173
1
174
1
140
1.0
141
1.0
175
1
  7

176
1
177
1
178
1
143
1.0
179
1
  8

270
1
271
1
272
1
145
1.0
146
1.0
273
1
  9

274
1
275
1
276
1
 42
1.0
 72
1
  3

 73
1
 74
1
 75
1
 94
63
  0
MATERIAL
  5
20
102
{ACAD_REACTORS
330
E
102
}
330
E
100
AcDbMaterial
  1
ByLayer
  2

 70
0
 40
1.0
 71
1
 41
1.0
 91
-1023410177
 42
1.0
 72
1
  3

 73
1
 74
1
 75
1
 44
0.5
 73
0
 45
1.0
 46
1.0
 77
1
  4

 78
1
 79
1
170
1
 48
1.0
171
1
  6

172
1
173
1
174
1
140
1.0
141
1.0
175
1
  7

176
1
177
1
178
1
143
1.0
179
1
  8

270
1
271
1
272
1
145
1.0
146
1.0
273
1
  9

274
1
275
1
276
1
 42
1.0
 72
1
  3

 73
1
 74
1
 75
1
 94
63
  0
MATERIAL
  5
21
102
{ACAD_REACTORS
330
E
102
}
330
E
100
AcDbMaterial
  1
Global
  2

 70
0
 40
1.0
 71
1
 41
1.0
 91
-1023410177
 42
1.0
 72
1
  3

 73
1
 74
1
 75
1
 44
0.5
 73
0
 45
1.0
 46
1.0
 77
1
  4

 78
1
 79
1
170
1
 48
1.0
171
1
  6

172
1
173
1
174
1
140
1.0
141
1.0
175
1
  7

176
1
177
1
178
1
143
1.0
179
1
  8

270
1
271
1
272
1
145
1.0
146
1.0
273
1
  9

274
1
275
1
276
1
 42
1.0
 72
1
  3

 73
1
 74
1
 75
1
 94
63
  0
MLINESTYLE
  5
22
102
{ACAD_REACTORS
330
10
102
}
330
10
100
AcDbMlineStyle
  2
Standard
 70
0
  3

 62
256
 51
90.0
 52
90.0
 71
2
 49
0.5
 62
256
  6
BYLAYER
 49
-0.5
 62
256
  6
BYLAYER
  0
MLEADERSTYLE
  5
2C
102
{ACAD_REACTORS
330
F
102
}
330
F
100
AcDbMLeaderStyle
179
2
170
2
171
1
172
0
 90
2
 40
0.0
 41
0.0
173
1
 91
-1056964608
 92
-2
290
1
 42
2.0
291
1
 43
8.0
  3
Standard
 44
4.0
300

342
29
174
1
175
1
176
0
178
1
 93
-1056964608
 45
4.0
292
0
297
0
 46
4.0
 94
-1056964608
 47
1.0
 49
1.0
140
1.0
294
1
141
0.0
177
0
142
1.0
295
0
296
0
143
3.75
271
0
272
9
273
9
  0
DICTIONARY
  5
2D
330
A
100
AcDbDictionary
280
1
281
1
  3
CREATED_BY_EZDXF
350
2E
  3
WRITTEN_BY_EZDXF
350
115B
  0
DICTIONARYVAR
  5
2E
330
2D
100
DictionaryVariables
280
0
  1
1.4.4 @ 2026-05-25T05:31:48.264322+00:00
  0
DICTIONARYVAR
  5
115B
330
2D
100
DictionaryVariables
280
0
  1
1.4.4 @ 2026-05-25T05:31:48.339080+00:00
  0
ENDSEC
  0
EOF
